structure,connectivity,metal,subset,topology,linker_no,linker_label,linker_id,status,score,threshold,score_minus_threshold,coverage,n_observations,n_supported,error,result_source,source_relative_path,package_structure_path
ceq-Cr3F-1-10,3-c,Cr3F,3-c,ceq,1,N1,10,in_distribution,2.691388,3.012569,-0.321181,0.941379,10440,9828,,reused_existing,Cr3F/3-c/ceq-Cr3F-1-10.cif,structures/Cr3F/3-c/ceq-Cr3F-1-10.cif
cml-Cr3F-1-10,3-c,Cr3F,3-c,cml,1,N1,10,in_distribution,2.672296,3.012569,-0.340273,0.941379,13920,13104,,reused_existing,Cr3F/3-c/cml-Cr3F-1-10.cif,structures/Cr3F/3-c/cml-Cr3F-1-10.cif
dag-Cr3F-1-10,3-c,Cr3F,3-c,dag,1,N1,10,geometric_outlier,4.246510,3.012569,1.233941,0.931579,9120,8496,,reused_existing,Cr3F/3-c/dag-Cr3F-1-10.cif,structures/Cr3F/3-c/dag-Cr3F-1-10.cif
fmz-Cr3F-1-10,3-c,Cr3F,3-c,fmz,1,N1,10,in_distribution,2.830149,3.012569,-0.182420,0.941379,20880,19656,,reused_existing,Cr3F/3-c/fmz-Cr3F-1-10.cif,structures/Cr3F/3-c/fmz-Cr3F-1-10.cif
hwx-Cr3F-1-10,3-c,Cr3F,3-c,hwx,1,N1,10,in_distribution,2.691388,3.012569,-0.321181,0.941379,13920,13104,,reused_existing,Cr3F/3-c/hwx-Cr3F-1-10.cif,structures/Cr3F/3-c/hwx-Cr3F-1-10.cif
sab-Cr3F-1-10,3-c,Cr3F,3-c,sab,1,N1,10,geometric_outlier,3.714234,3.012569,0.701665,0.944154,18336,17312,,reused_existing,Cr3F/3-c/sab-Cr3F-1-10.cif,structures/Cr3F/3-c/sab-Cr3F-1-10.cif
sit-Cr3F-1-10,3-c,Cr3F,3-c,sit,1,N1,10,in_distribution,2.691388,3.012569,-0.321181,0.951175,6636,6312,,reused_existing,Cr3F/3-c/sit-Cr3F-1-10.cif,structures/Cr3F/3-c/sit-Cr3F-1-10.cif
ydq-Cr3F-1-10,3-c,Cr3F,3-c,ydq,1,N1,10,in_distribution,2.526831,3.012569,-0.485738,0.941379,13920,13104,,reused_existing,Cr3F/3-c/ydq-Cr3F-1-10.cif,structures/Cr3F/3-c/ydq-Cr3F-1-10.cif
ceq-Cr3F-2-19,3-c,Cr3F,3-c,ceq,2,N2,19,in_distribution,2.660263,3.012569,-0.352306,0.931452,8928,8316,,reused_existing,Cr3F/3-c/ceq-Cr3F-2-19.cif,structures/Cr3F/3-c/ceq-Cr3F-2-19.cif
cml-Cr3F-2-19,3-c,Cr3F,3-c,cml,2,N2,19,in_distribution,2.660263,3.012569,-0.352306,0.944444,11232,10608,,reused_existing,Cr3F/3-c/cml-Cr3F-2-19.cif,structures/Cr3F/3-c/cml-Cr3F-2-19.cif
dag-Cr3F-2-19,3-c,Cr3F,3-c,dag,2,N2,19,geometric_outlier,3.167634,3.012569,0.155065,0.935818,7728,7232,,reused_existing,Cr3F/3-c/dag-Cr3F-2-19.cif,structures/Cr3F/3-c/dag-Cr3F-2-19.cif
fmz-Cr3F-2-19,3-c,Cr3F,3-c,fmz,2,N2,19,in_distribution,2.660263,3.012569,-0.352306,0.931452,17856,16632,,reused_existing,Cr3F/3-c/fmz-Cr3F-2-19.cif,structures/Cr3F/3-c/fmz-Cr3F-2-19.cif
hwx-Cr3F-2-19,3-c,Cr3F,3-c,hwx,2,N2,19,in_distribution,2.660263,3.012569,-0.352306,0.931452,11904,11088,,reused_existing,Cr3F/3-c/hwx-Cr3F-2-19.cif,structures/Cr3F/3-c/hwx-Cr3F-2-19.cif
sab-Cr3F-2-19,3-c,Cr3F,3-c,sab,2,N2,19,in_distribution,2.660263,3.012569,-0.352306,0.944444,14976,14144,,reused_existing,Cr3F/3-c/sab-Cr3F-2-19.cif,structures/Cr3F/3-c/sab-Cr3F-2-19.cif
sit-Cr3F-2-19,3-c,Cr3F,3-c,sit,2,N2,19,in_distribution,2.660263,3.012569,-0.352306,0.931452,5952,5544,,reused_existing,Cr3F/3-c/sit-Cr3F-2-19.cif,structures/Cr3F/3-c/sit-Cr3F-2-19.cif
ydq-Cr3F-2-19,3-c,Cr3F,3-c,ydq,2,N2,19,in_distribution,2.660263,3.012569,-0.352306,0.931452,11904,11088,,reused_existing,Cr3F/3-c/ydq-Cr3F-2-19.cif,structures/Cr3F/3-c/ydq-Cr3F-2-19.cif
ceq-Cr3F-3-20,3-c,Cr3F,3-c,ceq,3,N3,20,in_distribution,2.691388,3.012569,-0.321181,0.960280,10272,9864,,reused_existing,Cr3F/3-c/ceq-Cr3F-3-20.cif,structures/Cr3F/3-c/ceq-Cr3F-3-20.cif
cml-Cr3F-3-20,3-c,Cr3F,3-c,cml,3,N3,20,geometric_outlier,3.661651,3.012569,0.649082,0.960280,13696,13152,,reused_existing,Cr3F/3-c/cml-Cr3F-3-20.cif,structures/Cr3F/3-c/cml-Cr3F-3-20.cif
dag-Cr3F-3-20,3-c,Cr3F,3-c,dag,3,N3,20,geometric_outlier,3.060148,3.012569,0.047579,0.961742,13592,13072,,reused_existing,Cr3F/3-c/dag-Cr3F-3-20.cif,structures/Cr3F/3-c/dag-Cr3F-3-20.cif
fmz-Cr3F-3-20,3-c,Cr3F,3-c,fmz,3,N3,20,geometric_outlier,3.677925,3.012569,0.665356,0.960280,30816,29592,,reused_existing,Cr3F/3-c/fmz-Cr3F-3-20.cif,structures/Cr3F/3-c/fmz-Cr3F-3-20.cif
hwx-Cr3F-3-20,3-c,Cr3F,3-c,hwx,3,N3,20,in_distribution,2.576680,3.012569,-0.435889,0.960280,20544,19728,,reused_existing,Cr3F/3-c/hwx-Cr3F-3-20.cif,structures/Cr3F/3-c/hwx-Cr3F-3-20.cif
sab-Cr3F-3-20,3-c,Cr3F,3-c,sab,3,N3,20,in_distribution,2.701617,3.012569,-0.310952,0.960280,27392,26304,,reused_existing,Cr3F/3-c/sab-Cr3F-3-20.cif,structures/Cr3F/3-c/sab-Cr3F-3-20.cif
sit-Cr3F-3-20,3-c,Cr3F,3-c,sit,3,N3,20,in_distribution,2.576680,3.012569,-0.435889,0.960280,10272,9864,,reused_existing,Cr3F/3-c/sit-Cr3F-3-20.cif,structures/Cr3F/3-c/sit-Cr3F-3-20.cif
ydq-Cr3F-3-20,3-c,Cr3F,3-c,ydq,3,N3,20,in_distribution,2.526831,3.012569,-0.485738,0.960280,20544,19728,,reused_existing,Cr3F/3-c/ydq-Cr3F-3-20.cif,structures/Cr3F/3-c/ydq-Cr3F-3-20.cif
ceq-Cr3F-4-410,3-c,Cr3F,3-c,ceq,4,N4,410,in_distribution,2.757434,3.012569,-0.255135,0.968284,12864,12456,,reused_existing,Cr3F/3-c/ceq-Cr3F-4-410.cif,structures/Cr3F/3-c/ceq-Cr3F-4-410.cif
cml-Cr3F-4-410,3-c,Cr3F,3-c,cml,4,N4,410,geometric_outlier,3.075643,3.012569,0.063074,0.968284,17152,16608,,reused_existing,Cr3F/3-c/cml-Cr3F-4-410.cif,structures/Cr3F/3-c/cml-Cr3F-4-410.cif
dag-Cr3F-4-410,3-c,Cr3F,3-c,dag,4,N4,410,in_distribution,2.757434,3.012569,-0.255135,0.968284,17152,16608,,reused_existing,Cr3F/3-c/dag-Cr3F-4-410.cif,structures/Cr3F/3-c/dag-Cr3F-4-410.cif
fmz-Cr3F-4-410,3-c,Cr3F,3-c,fmz,4,N4,410,in_distribution,2.738104,3.012569,-0.274465,0.968284,38592,37368,,reused_existing,Cr3F/3-c/fmz-Cr3F-4-410.cif,structures/Cr3F/3-c/fmz-Cr3F-4-410.cif
hwx-Cr3F-4-410,3-c,Cr3F,3-c,hwx,4,N4,410,in_distribution,2.594000,3.012569,-0.418569,0.968284,4288,4152,,reused_existing,Cr3F/3-c/hwx-Cr3F-4-410.cif,structures/Cr3F/3-c/hwx-Cr3F-4-410.cif
sab-Cr3F-4-410,3-c,Cr3F,3-c,sab,4,N4,410,in_distribution,2.738104,3.012569,-0.274465,0.968284,8576,8304,,reused_existing,Cr3F/3-c/sab-Cr3F-4-410.cif,structures/Cr3F/3-c/sab-Cr3F-4-410.cif
sit-Cr3F-4-410,3-c,Cr3F,3-c,sit,4,N4,410,in_distribution,2.761177,3.012569,-0.251392,0.968284,8576,8304,,reused_existing,Cr3F/3-c/sit-Cr3F-4-410.cif,structures/Cr3F/3-c/sit-Cr3F-4-410.cif
ydq-Cr3F-4-410,3-c,Cr3F,3-c,ydq,4,N4,410,in_distribution,2.587604,3.012569,-0.424965,0.968284,25728,24912,,reused_existing,Cr3F/3-c/ydq-Cr3F-4-410.cif,structures/Cr3F/3-c/ydq-Cr3F-4-410.cif
ceq-Cr3F-5-386,3-c,Cr3F,3-c,ceq,5,N5,386,in_distribution,2.437533,3.012569,-0.575036,0.982795,1918,1885,,reused_existing,Cr3F/3-c/ceq-Cr3F-5-386.cif,structures/Cr3F/3-c/ceq-Cr3F-5-386.cif
cml-Cr3F-5-386,3-c,Cr3F,3-c,cml,5,N5,386,in_distribution,2.399490,3.012569,-0.613079,0.977099,2620,2560,,reused_existing,Cr3F/3-c/cml-Cr3F-5-386.cif,structures/Cr3F/3-c/cml-Cr3F-5-386.cif
dag-Cr3F-5-386,3-c,Cr3F,3-c,dag,5,N5,386,in_distribution,2.880298,3.012569,-0.132271,0.976726,2621,2560,,reused_existing,Cr3F/3-c/dag-Cr3F-5-386.cif,structures/Cr3F/3-c/dag-Cr3F-5-386.cif
fmz-Cr3F-5-386,3-c,Cr3F,3-c,fmz,5,N5,386,in_distribution,2.397294,3.012569,-0.615275,0.975384,11862,11570,,reused_existing,Cr3F/3-c/fmz-Cr3F-5-386.cif,structures/Cr3F/3-c/fmz-Cr3F-5-386.cif
hwx-Cr3F-5-386,3-c,Cr3F,3-c,hwx,5,N5,386,in_distribution,2.658102,3.012569,-0.354467,0.983157,5106,5020,,reused_existing,Cr3F/3-c/hwx-Cr3F-5-386.cif,structures/Cr3F/3-c/hwx-Cr3F-5-386.cif
sab-Cr3F-5-386,3-c,Cr3F,3-c,sab,5,N5,386,in_distribution,2.897175,3.012569,-0.115394,0.980468,5171,5070,,reused_existing,Cr3F/3-c/sab-Cr3F-5-386.cif,structures/Cr3F/3-c/sab-Cr3F-5-386.cif
sit-Cr3F-5-386,3-c,Cr3F,3-c,sit,5,N5,386,in_distribution,2.609895,3.012569,-0.402674,0.982073,2566,2520,,reused_existing,Cr3F/3-c/sit-Cr3F-5-386.cif,structures/Cr3F/3-c/sit-Cr3F-5-386.cif
ydq-Cr3F-5-386,3-c,Cr3F,3-c,ydq,5,N5,386,in_distribution,2.658102,3.012569,-0.354467,0.974320,31776,30960,,reused_existing,Cr3F/3-c/ydq-Cr3F-5-386.cif,structures/Cr3F/3-c/ydq-Cr3F-5-386.cif
ceq-Cr3F-6-225,3-c,Cr3F,3-c,ceq,6,N6,225,in_distribution,2.934616,3.012569,-0.077953,0.955263,13680,13068,,reused_existing,Cr3F/3-c/ceq-Cr3F-6-225.cif,structures/Cr3F/3-c/ceq-Cr3F-6-225.cif
cml-Cr3F-6-225,3-c,Cr3F,3-c,cml,6,N6,225,geometric_outlier,3.111653,3.012569,0.099084,0.955263,18240,17424,,reused_existing,Cr3F/3-c/cml-Cr3F-6-225.cif,structures/Cr3F/3-c/cml-Cr3F-6-225.cif
dag-Cr3F-6-225,3-c,Cr3F,3-c,dag,6,N6,225,geometric_outlier,3.766124,3.012569,0.753555,0.946194,18288,17304,,reused_existing,Cr3F/3-c/dag-Cr3F-6-225.cif,structures/Cr3F/3-c/dag-Cr3F-6-225.cif
fmz-Cr3F-6-225,3-c,Cr3F,3-c,fmz,6,N6,225,geometric_outlier,3.111653,3.012569,0.099084,0.955263,27360,26136,,reused_existing,Cr3F/3-c/fmz-Cr3F-6-225.cif,structures/Cr3F/3-c/fmz-Cr3F-6-225.cif
hwx-Cr3F-6-225,3-c,Cr3F,3-c,hwx,6,N6,225,geometric_outlier,3.211996,3.012569,0.199427,0.955263,18240,17424,,reused_existing,Cr3F/3-c/hwx-Cr3F-6-225.cif,structures/Cr3F/3-c/hwx-Cr3F-6-225.cif
sab-Cr3F-6-225,3-c,Cr3F,3-c,sab,6,N6,225,geometric_outlier,3.211996,3.012569,0.199427,0.955263,24320,23232,,reused_existing,Cr3F/3-c/sab-Cr3F-6-225.cif,structures/Cr3F/3-c/sab-Cr3F-6-225.cif
sit-Cr3F-6-225,3-c,Cr3F,3-c,sit,6,N6,225,geometric_outlier,3.211996,3.012569,0.199427,0.955263,9120,8712,,reused_existing,Cr3F/3-c/sit-Cr3F-6-225.cif,structures/Cr3F/3-c/sit-Cr3F-6-225.cif
ydq-Cr3F-6-225,3-c,Cr3F,3-c,ydq,6,N6,225,geometric_outlier,3.215628,3.012569,0.203059,0.955263,18240,17424,,reused_existing,Cr3F/3-c/ydq-Cr3F-6-225.cif,structures/Cr3F/3-c/ydq-Cr3F-6-225.cif
ceq-Cr3F-7-592,3-c,Cr3F,3-c,ceq,7,N7,592,in_distribution,2.952171,3.012569,-0.060398,0.986716,28304,27928,,reused_existing,Cr3F/3-c/ceq-Cr3F-7-592.cif,structures/Cr3F/3-c/ceq-Cr3F-7-592.cif
cml-Cr3F-7-592,3-c,Cr3F,3-c,cml,7,N7,592,geometric_outlier,4.160490,3.012569,1.147921,0.985642,9472,9336,,reused_existing,Cr3F/3-c/cml-Cr3F-7-592.cif,structures/Cr3F/3-c/cml-Cr3F-7-592.cif
dag-Cr3F-7-592,3-c,Cr3F,3-c,dag,7,N7,592,geometric_outlier,3.108370,3.012569,0.095801,0.985642,37888,37344,,reused_existing,Cr3F/3-c/dag-Cr3F-7-592.cif,structures/Cr3F/3-c/dag-Cr3F-7-592.cif
fmz-Cr3F-7-592,3-c,Cr3F,3-c,fmz,7,N7,592,in_distribution,2.827045,3.012569,-0.185524,0.985642,21312,21006,,reused_existing,Cr3F/3-c/fmz-Cr3F-7-592.cif,structures/Cr3F/3-c/fmz-Cr3F-7-592.cif
hwx-Cr3F-7-592,3-c,Cr3F,3-c,hwx,7,N7,592,geometric_outlier,3.119408,3.012569,0.106839,0.985642,9472,9336,,reused_existing,Cr3F/3-c/hwx-Cr3F-7-592.cif,structures/Cr3F/3-c/hwx-Cr3F-7-592.cif
sab-Cr3F-7-592,3-c,Cr3F,3-c,sab,7,N7,592,in_distribution,2.969609,3.012569,-0.042960,0.985642,9472,9336,,reused_existing,Cr3F/3-c/sab-Cr3F-7-592.cif,structures/Cr3F/3-c/sab-Cr3F-7-592.cif
sit-Cr3F-7-592,3-c,Cr3F,3-c,sit,7,N7,592,geometric_outlier,4.198066,3.012569,1.185497,0.985642,9472,9336,,reused_existing,Cr3F/3-c/sit-Cr3F-7-592.cif,structures/Cr3F/3-c/sit-Cr3F-7-592.cif
ydq-Cr3F-7-592,3-c,Cr3F,3-c,ydq,7,N7,592,in_distribution,2.681780,3.012569,-0.330789,0.985642,56832,56016,,reused_existing,Cr3F/3-c/ydq-Cr3F-7-592.cif,structures/Cr3F/3-c/ydq-Cr3F-7-592.cif
ceq-Cr3F-TATB,3-c,Cr3F,3-c,ceq,8,N8,TATB,in_distribution,2.400392,3.012569,-0.612177,0.971186,14160,13752,,newly_scored,Cr3F/TATB/ceq-Cr3F-TATB.cif,structures/Cr3F/TATB/ceq-Cr3F-TATB.cif
cml-Cr3F-TATB,3-c,Cr3F,3-c,cml,8,N8,TATB,in_distribution,2.400392,3.012569,-0.612177,0.971186,4720,4584,,newly_scored,Cr3F/TATB/cml-Cr3F-TATB.cif,structures/Cr3F/TATB/cml-Cr3F-TATB.cif
dag-Cr3F-TATB,3-c,Cr3F,3-c,dag,8,N8,TATB,geometric_outlier,3.056952,3.012569,0.044383,0.971186,4720,4584,,newly_scored,Cr3F/TATB/dag-Cr3F-TATB.cif,structures/Cr3F/TATB/dag-Cr3F-TATB.cif
fmz-Cr3F-TATB,3-c,Cr3F,3-c,fmz,8,N8,TATB,in_distribution,2.480188,3.012569,-0.532381,0.971186,10620,10314,,newly_scored,Cr3F/TATB/fmz-Cr3F-TATB.cif,structures/Cr3F/TATB/fmz-Cr3F-TATB.cif
hwx-Cr3F-TATB,3-c,Cr3F,3-c,hwx,8,N8,TATB,in_distribution,2.389378,3.012569,-0.623191,0.971186,4720,4584,,newly_scored,Cr3F/TATB/hwx-Cr3F-TATB.cif,structures/Cr3F/TATB/hwx-Cr3F-TATB.cif
sab-Cr3F-TATB,3-c,Cr3F,3-c,sab,8,N8,TATB,geometric_outlier,3.471816,3.012569,0.459247,0.971186,4720,4584,,newly_scored,Cr3F/TATB/sab-Cr3F-TATB.cif,structures/Cr3F/TATB/sab-Cr3F-TATB.cif
sit-Cr3F-TATB,3-c,Cr3F,3-c,sit,8,N8,TATB,in_distribution,2.389378,3.012569,-0.623191,0.971186,9440,9168,,newly_scored,Cr3F/TATB/sit-Cr3F-TATB.cif,structures/Cr3F/TATB/sit-Cr3F-TATB.cif
ydq-Cr3F-TATB,3-c,Cr3F,3-c,ydq,8,N8,TATB,in_distribution,2.389378,3.012569,-0.623191,0.971186,28320,27504,,newly_scored,Cr3F/TATB/ydq-Cr3F-TATB.cif,structures/Cr3F/TATB/ydq-Cr3F-TATB.cif
ceq-Cr3F-9-130,3-c,Cr3F,3-c,ceq,9,N9,130,geometric_outlier,3.116403,3.012569,0.103834,0.973971,13216,12872,,reused_existing,Cr3F/3-c/ceq-Cr3F-9-130.cif,structures/Cr3F/3-c/ceq-Cr3F-9-130.cif
cml-Cr3F-9-130,3-c,Cr3F,3-c,cml,9,N9,130,geometric_outlier,3.390203,3.012569,0.377634,0.969643,17920,17376,,reused_existing,Cr3F/3-c/cml-Cr3F-9-130.cif,structures/Cr3F/3-c/cml-Cr3F-9-130.cif
dag-Cr3F-9-130,3-c,Cr3F,3-c,dag,9,N9,130,geometric_outlier,3.837677,3.012569,0.825108,0.974406,17504,17056,,reused_existing,Cr3F/3-c/dag-Cr3F-9-130.cif,structures/Cr3F/3-c/dag-Cr3F-9-130.cif
fmz-Cr3F-9-130,3-c,Cr3F,3-c,fmz,9,N9,130,geometric_outlier,3.349393,3.012569,0.336824,0.971789,39984,38856,,reused_existing,Cr3F/3-c/fmz-Cr3F-9-130.cif,structures/Cr3F/3-c/fmz-Cr3F-9-130.cif
hwx-Cr3F-9-130,3-c,Cr3F,3-c,hwx,9,N9,130,geometric_outlier,3.021919,3.012569,0.009350,0.969643,26880,26064,,reused_existing,Cr3F/3-c/hwx-Cr3F-9-130.cif,structures/Cr3F/3-c/hwx-Cr3F-9-130.cif
sab-Cr3F-9-130,3-c,Cr3F,3-c,sab,9,N9,130,geometric_outlier,3.330306,3.012569,0.317737,0.972875,35392,34432,,reused_existing,Cr3F/3-c/sab-Cr3F-9-130.cif,structures/Cr3F/3-c/sab-Cr3F-9-130.cif
sit-Cr3F-9-130,3-c,Cr3F,3-c,sit,9,N9,130,in_distribution,2.389378,3.012569,-0.623191,0.969643,13440,13032,,reused_existing,Cr3F/3-c/sit-Cr3F-9-130.cif,structures/Cr3F/3-c/sit-Cr3F-9-130.cif
ydq-Cr3F-9-130,3-c,Cr3F,3-c,ydq,9,N9,130,geometric_outlier,3.330306,3.012569,0.317737,0.972582,26552,25824,,reused_existing,Cr3F/3-c/ydq-Cr3F-9-130.cif,structures/Cr3F/3-c/ydq-Cr3F-9-130.cif
ceq-Cr3F-10-333,3-c,Cr3F,3-c,ceq,10,N10,333,in_distribution,2.553795,3.012569,-0.458774,0.969424,13344,12936,,reused_existing,Cr3F/3-c/ceq-Cr3F-10-333.cif,structures/Cr3F/3-c/ceq-Cr3F-10-333.cif
cml-Cr3F-10-333,3-c,Cr3F,3-c,cml,10,N10,333,in_distribution,2.553795,3.012569,-0.458774,0.969424,17792,17248,,reused_existing,Cr3F/3-c/cml-Cr3F-10-333.cif,structures/Cr3F/3-c/cml-Cr3F-10-333.cif
dag-Cr3F-10-333,3-c,Cr3F,3-c,dag,10,N10,333,in_distribution,2.764522,3.012569,-0.248047,0.969424,17792,17248,,reused_existing,Cr3F/3-c/dag-Cr3F-10-333.cif,structures/Cr3F/3-c/dag-Cr3F-10-333.cif
fmz-Cr3F-10-333,3-c,Cr3F,3-c,fmz,10,N10,333,in_distribution,2.553795,3.012569,-0.458774,0.969424,40032,38808,,reused_existing,Cr3F/3-c/fmz-Cr3F-10-333.cif,structures/Cr3F/3-c/fmz-Cr3F-10-333.cif
hwx-Cr3F-10-333,3-c,Cr3F,3-c,hwx,10,N10,333,in_distribution,2.708757,3.012569,-0.303812,0.969424,4448,4312,,reused_existing,Cr3F/3-c/hwx-Cr3F-10-333.cif,structures/Cr3F/3-c/hwx-Cr3F-10-333.cif
sab-Cr3F-10-333,3-c,Cr3F,3-c,sab,10,N10,333,in_distribution,2.811168,3.012569,-0.201401,0.969424,8896,8624,,reused_existing,Cr3F/3-c/sab-Cr3F-10-333.cif,structures/Cr3F/3-c/sab-Cr3F-10-333.cif
sit-Cr3F-10-333,3-c,Cr3F,3-c,sit,10,N10,333,in_distribution,2.389378,3.012569,-0.623191,0.969424,13344,12936,,reused_existing,Cr3F/3-c/sit-Cr3F-10-333.cif,structures/Cr3F/3-c/sit-Cr3F-10-333.cif
ydq-Cr3F-10-333,3-c,Cr3F,3-c,ydq,10,N10,333,in_distribution,2.553795,3.012569,-0.458774,0.969424,26688,25872,,reused_existing,Cr3F/3-c/ydq-Cr3F-10-333.cif,structures/Cr3F/3-c/ydq-Cr3F-10-333.cif
ceq-Cr3F-11-516,3-c,Cr3F,3-c,ceq,11,N11,516,in_distribution,2.708757,3.012569,-0.303812,0.969965,13584,13176,,reused_existing,Cr3F/3-c/ceq-Cr3F-11-516.cif,structures/Cr3F/3-c/ceq-Cr3F-11-516.cif
cml-Cr3F-11-516,3-c,Cr3F,3-c,cml,11,N11,516,in_distribution,2.553795,3.012569,-0.458774,0.969965,18112,17568,,reused_existing,Cr3F/3-c/cml-Cr3F-11-516.cif,structures/Cr3F/3-c/cml-Cr3F-11-516.cif
dag-Cr3F-11-516,3-c,Cr3F,3-c,dag,11,N11,516,in_distribution,2.708757,3.012569,-0.303812,0.969965,18112,17568,,reused_existing,Cr3F/3-c/dag-Cr3F-11-516.cif,structures/Cr3F/3-c/dag-Cr3F-11-516.cif
fmz-Cr3F-11-516,3-c,Cr3F,3-c,fmz,11,N11,516,in_distribution,2.765312,3.012569,-0.247257,0.969965,40752,39528,,reused_existing,Cr3F/3-c/fmz-Cr3F-11-516.cif,structures/Cr3F/3-c/fmz-Cr3F-11-516.cif
hwx-Cr3F-11-516,3-c,Cr3F,3-c,hwx,11,N11,516,in_distribution,2.764522,3.012569,-0.248047,0.969965,4528,4392,,reused_existing,Cr3F/3-c/hwx-Cr3F-11-516.cif,structures/Cr3F/3-c/hwx-Cr3F-11-516.cif
sab-Cr3F-11-516,3-c,Cr3F,3-c,sab,11,N11,516,in_distribution,2.638805,3.012569,-0.373764,0.969965,9056,8784,,reused_existing,Cr3F/3-c/sab-Cr3F-11-516.cif,structures/Cr3F/3-c/sab-Cr3F-11-516.cif
sit-Cr3F-11-516,3-c,Cr3F,3-c,sit,11,N11,516,in_distribution,2.400392,3.012569,-0.612177,0.969965,13584,13176,,reused_existing,Cr3F/3-c/sit-Cr3F-11-516.cif,structures/Cr3F/3-c/sit-Cr3F-11-516.cif
ydq-Cr3F-11-516,3-c,Cr3F,3-c,ydq,11,N11,516,in_distribution,2.592292,3.012569,-0.420277,0.969965,27168,26352,,reused_existing,Cr3F/3-c/ydq-Cr3F-11-516.cif,structures/Cr3F/3-c/ydq-Cr3F-11-516.cif
ceq-Cr3F-12-639,3-c,Cr3F,3-c,ceq,12,N12,639,in_distribution,2.811168,3.012569,-0.201401,0.967557,12576,12168,,reused_existing,Cr3F/3-c/ceq-Cr3F-12-639.cif,structures/Cr3F/3-c/ceq-Cr3F-12-639.cif
cml-Cr3F-12-639,3-c,Cr3F,3-c,cml,12,N12,639,in_distribution,2.749042,3.012569,-0.263527,0.967557,16768,16224,,reused_existing,Cr3F/3-c/cml-Cr3F-12-639.cif,structures/Cr3F/3-c/cml-Cr3F-12-639.cif
dag-Cr3F-12-639,3-c,Cr3F,3-c,dag,12,N12,639,in_distribution,2.950594,3.012569,-0.061975,0.967557,16768,16224,,reused_existing,Cr3F/3-c/dag-Cr3F-12-639.cif,structures/Cr3F/3-c/dag-Cr3F-12-639.cif
fmz-Cr3F-12-639,3-c,Cr3F,3-c,fmz,12,N12,639,in_distribution,2.811168,3.012569,-0.201401,0.967557,37728,36504,,reused_existing,Cr3F/3-c/fmz-Cr3F-12-639.cif,structures/Cr3F/3-c/fmz-Cr3F-12-639.cif
hwx-Cr3F-12-639,3-c,Cr3F,3-c,hwx,12,N12,639,in_distribution,2.699193,3.012569,-0.313376,0.967557,8384,8112,,reused_existing,Cr3F/3-c/hwx-Cr3F-12-639.cif,structures/Cr3F/3-c/hwx-Cr3F-12-639.cif
sab-Cr3F-12-639,3-c,Cr3F,3-c,sab,12,N12,639,in_distribution,2.749042,3.012569,-0.263527,0.967557,8384,8112,,reused_existing,Cr3F/3-c/sab-Cr3F-12-639.cif,structures/Cr3F/3-c/sab-Cr3F-12-639.cif
sit-Cr3F-12-639,3-c,Cr3F,3-c,sit,12,N12,639,in_distribution,2.699193,3.012569,-0.313376,0.967557,8384,8112,,reused_existing,Cr3F/3-c/sit-Cr3F-12-639.cif,structures/Cr3F/3-c/sit-Cr3F-12-639.cif
ydq-Cr3F-12-639,3-c,Cr3F,3-c,ydq,12,N12,639,in_distribution,2.672771,3.012569,-0.339798,0.967557,25152,24336,,reused_existing,Cr3F/3-c/ydq-Cr3F-12-639.cif,structures/Cr3F/3-c/ydq-Cr3F-12-639.cif
ceq-Cr3F-13-126,3-c,Cr3F,3-c,ceq,13,N13,126,in_distribution,2.389378,3.012569,-0.623191,0.977027,2220,2169,,reused_existing,Cr3F/3-c/ceq-Cr3F-13-126.cif,structures/Cr3F/3-c/ceq-Cr3F-13-126.cif
cml-Cr3F-13-126,3-c,Cr3F,3-c,cml,13,N13,126,in_distribution,2.455018,3.012569,-0.557551,0.977027,2960,2892,,reused_existing,Cr3F/3-c/cml-Cr3F-13-126.cif,structures/Cr3F/3-c/cml-Cr3F-13-126.cif
dag-Cr3F-13-126,3-c,Cr3F,3-c,dag,13,N13,126,in_distribution,2.587604,3.012569,-0.424965,0.977027,2960,2892,,reused_existing,Cr3F/3-c/dag-Cr3F-13-126.cif,structures/Cr3F/3-c/dag-Cr3F-13-126.cif
fmz-Cr3F-13-126,3-c,Cr3F,3-c,fmz,13,N13,126,in_distribution,2.389378,3.012569,-0.623191,0.977027,13320,13014,,reused_existing,Cr3F/3-c/fmz-Cr3F-13-126.cif,structures/Cr3F/3-c/fmz-Cr3F-13-126.cif
hwx-Cr3F-13-126,3-c,Cr3F,3-c,hwx,13,N13,126,in_distribution,2.389378,3.012569,-0.623191,0.977027,5920,5784,,reused_existing,Cr3F/3-c/hwx-Cr3F-13-126.cif,structures/Cr3F/3-c/hwx-Cr3F-13-126.cif
sab-Cr3F-13-126,3-c,Cr3F,3-c,sab,13,N13,126,in_distribution,2.391605,3.012569,-0.620964,0.977027,5920,5784,,reused_existing,Cr3F/3-c/sab-Cr3F-13-126.cif,structures/Cr3F/3-c/sab-Cr3F-13-126.cif
sit-Cr3F-13-126,3-c,Cr3F,3-c,sit,13,N13,126,in_distribution,2.389378,3.012569,-0.623191,0.977027,2960,2892,,reused_existing,Cr3F/3-c/sit-Cr3F-13-126.cif,structures/Cr3F/3-c/sit-Cr3F-13-126.cif
ydq-Cr3F-13-126,3-c,Cr3F,3-c,ydq,13,N13,126,in_distribution,2.389378,3.012569,-0.623191,0.977027,35520,34704,,reused_existing,Cr3F/3-c/ydq-Cr3F-13-126.cif,structures/Cr3F/3-c/ydq-Cr3F-13-126.cif
ceq-TiCo-1-10,3-c,TiCo,3-c,ceq,1,N1,10,geometric_outlier,3.130107,3.012569,0.117538,0.975610,8856,8640,,reused_existing,TiCo/3-c/ceq-TiCo-1-10.cif,structures/TiCo/3-c/ceq-TiCo-1-10.cif
cml-TiCo-1-10,3-c,TiCo,3-c,cml,1,N1,10,geometric_outlier,3.087048,3.012569,0.074479,0.975610,11808,11520,,reused_existing,TiCo/3-c/cml-TiCo-1-10.cif,structures/TiCo/3-c/cml-TiCo-1-10.cif
dag-TiCo-1-10,3-c,TiCo,3-c,dag,1,N1,10,geometric_outlier,3.982082,3.012569,0.969513,0.883165,13044,11520,,reused_existing,TiCo/3-c/dag-TiCo-1-10.cif,structures/TiCo/3-c/dag-TiCo-1-10.cif
fmz-TiCo-1-10,3-c,TiCo,3-c,fmz,1,N1,10,geometric_outlier,3.250468,3.012569,0.237899,0.894966,19308,17280,,reused_existing,TiCo/3-c/fmz-TiCo-1-10.cif,structures/TiCo/3-c/fmz-TiCo-1-10.cif
hwx-TiCo-1-10,3-c,TiCo,3-c,hwx,1,N1,10,geometric_outlier,3.087048,3.012569,0.074479,0.975610,11808,11520,,reused_existing,TiCo/3-c/hwx-TiCo-1-10.cif,structures/TiCo/3-c/hwx-TiCo-1-10.cif
sab-TiCo-1-10,3-c,TiCo,3-c,sab,1,N1,10,geometric_outlier,3.838918,3.012569,0.826349,0.943953,16272,15360,,reused_existing,TiCo/3-c/sab-TiCo-1-10.cif,structures/TiCo/3-c/sab-TiCo-1-10.cif
sit-TiCo-1-10,3-c,TiCo,3-c,sit,1,N1,10,geometric_outlier,3.051985,3.012569,0.039416,0.975610,5904,5760,,reused_existing,TiCo/3-c/sit-TiCo-1-10.cif,structures/TiCo/3-c/sit-TiCo-1-10.cif
ydq-TiCo-1-10,3-c,TiCo,3-c,ydq,1,N1,10,in_distribution,2.697555,3.012569,-0.315014,0.975610,11808,11520,,reused_existing,TiCo/3-c/ydq-TiCo-1-10.cif,structures/TiCo/3-c/ydq-TiCo-1-10.cif
ceq-TiCo-2-19,3-c,TiCo,3-c,ceq,2,N2,19,geometric_outlier,3.059853,3.012569,0.047284,0.970588,7344,7128,,reused_existing,TiCo/3-c/ceq-TiCo-2-19.cif,structures/TiCo/3-c/ceq-TiCo-2-19.cif
cml-TiCo-2-19,3-c,TiCo,3-c,cml,2,N2,19,in_distribution,2.738169,3.012569,-0.274400,0.970588,9792,9504,,reused_existing,TiCo/3-c/cml-TiCo-2-19.cif,structures/TiCo/3-c/cml-TiCo-2-19.cif
dag-TiCo-2-19,3-c,TiCo,3-c,dag,2,N2,19,geometric_outlier,3.262191,3.012569,0.249622,0.872247,10896,9504,,reused_existing,TiCo/3-c/dag-TiCo-2-19.cif,structures/TiCo/3-c/dag-TiCo-2-19.cif
fmz-TiCo-2-19,3-c,TiCo,3-c,fmz,2,N2,19,in_distribution,2.975917,3.012569,-0.036652,0.874816,16296,14256,,reused_existing,TiCo/3-c/fmz-TiCo-2-19.cif,structures/TiCo/3-c/fmz-TiCo-2-19.cif
hwx-TiCo-2-19,3-c,TiCo,3-c,hwx,2,N2,19,geometric_outlier,3.055922,3.012569,0.043353,0.970588,9792,9504,,reused_existing,TiCo/3-c/hwx-TiCo-2-19.cif,structures/TiCo/3-c/hwx-TiCo-2-19.cif
sab-TiCo-2-19,3-c,TiCo,3-c,sab,2,N2,19,in_distribution,2.734238,3.012569,-0.278331,0.970588,13056,12672,,reused_existing,TiCo/3-c/sab-TiCo-2-19.cif,structures/TiCo/3-c/sab-TiCo-2-19.cif
sit-TiCo-2-19,3-c,TiCo,3-c,sit,2,N2,19,geometric_outlier,3.055922,3.012569,0.043353,0.970588,4896,4752,,reused_existing,TiCo/3-c/sit-TiCo-2-19.cif,structures/TiCo/3-c/sit-TiCo-2-19.cif
ydq-TiCo-2-19,3-c,TiCo,3-c,ydq,2,N2,19,geometric_outlier,3.055922,3.012569,0.043353,0.970588,9792,9504,,reused_existing,TiCo/3-c/ydq-TiCo-2-19.cif,structures/TiCo/3-c/ydq-TiCo-2-19.cif
ceq-TiCo-3-20,3-c,TiCo,3-c,ceq,3,N3,20,in_distribution,2.865707,3.012569,-0.146862,0.984375,9216,9072,,reused_existing,TiCo/3-c/ceq-TiCo-3-20.cif,structures/TiCo/3-c/ceq-TiCo-3-20.cif
cml-TiCo-3-20,3-c,TiCo,3-c,cml,3,N3,20,geometric_outlier,3.560204,3.012569,0.547635,0.984375,12288,12096,,reused_existing,TiCo/3-c/cml-TiCo-3-20.cif,structures/TiCo/3-c/cml-TiCo-3-20.cif
dag-TiCo-3-20,3-c,TiCo,3-c,dag,3,N3,20,geometric_outlier,3.227976,3.012569,0.215407,0.922514,13112,12096,,reused_existing,TiCo/3-c/dag-TiCo-3-20.cif,structures/TiCo/3-c/dag-TiCo-3-20.cif
fmz-TiCo-3-20,3-c,TiCo,3-c,fmz,3,N3,20,geometric_outlier,3.834987,3.012569,0.822418,0.958175,28404,27216,,reused_existing,TiCo/3-c/fmz-TiCo-3-20.cif,structures/TiCo/3-c/fmz-TiCo-3-20.cif
hwx-TiCo-3-20,3-c,TiCo,3-c,hwx,3,N3,20,in_distribution,2.972339,3.012569,-0.040230,0.984375,18432,18144,,reused_existing,TiCo/3-c/hwx-TiCo-3-20.cif,structures/TiCo/3-c/hwx-TiCo-3-20.cif
sab-TiCo-3-20,3-c,TiCo,3-c,sab,3,N3,20,geometric_outlier,3.094527,3.012569,0.081958,0.984375,24576,24192,,reused_existing,TiCo/3-c/sab-TiCo-3-20.cif,structures/TiCo/3-c/sab-TiCo-3-20.cif
sit-TiCo-3-20,3-c,TiCo,3-c,sit,3,N3,20,in_distribution,2.922490,3.012569,-0.090079,0.984375,9216,9072,,reused_existing,TiCo/3-c/sit-TiCo-3-20.cif,structures/TiCo/3-c/sit-TiCo-3-20.cif
ydq-TiCo-3-20,3-c,TiCo,3-c,ydq,3,N3,20,in_distribution,2.642434,3.012569,-0.370135,0.984375,18432,18144,,reused_existing,TiCo/3-c/ydq-TiCo-3-20.cif,structures/TiCo/3-c/ydq-TiCo-3-20.cif
ceq-TiCo-4-410,3-c,TiCo,3-c,ceq,4,N4,410,in_distribution,2.642189,3.012569,-0.370380,0.987805,11808,11664,,reused_existing,TiCo/3-c/ceq-TiCo-4-410.cif,structures/TiCo/3-c/ceq-TiCo-4-410.cif
cml-TiCo-4-410,3-c,TiCo,3-c,cml,4,N4,410,geometric_outlier,3.151534,3.012569,0.138965,0.987805,15744,15552,,reused_existing,TiCo/3-c/cml-TiCo-4-410.cif,structures/TiCo/3-c/cml-TiCo-4-410.cif
dag-TiCo-4-410,3-c,TiCo,3-c,dag,4,N4,410,in_distribution,2.742533,3.012569,-0.270036,0.987805,15744,15552,,reused_existing,TiCo/3-c/dag-TiCo-4-410.cif,structures/TiCo/3-c/dag-TiCo-4-410.cif
fmz-TiCo-4-410,3-c,TiCo,3-c,fmz,4,N4,410,geometric_outlier,3.032236,3.012569,0.019667,0.987805,35424,34992,,reused_existing,TiCo/3-c/fmz-TiCo-4-410.cif,structures/TiCo/3-c/fmz-TiCo-4-410.cif
hwx-TiCo-4-410,3-c,TiCo,3-c,hwx,4,N4,410,in_distribution,2.766637,3.012569,-0.245932,0.987805,3936,3888,,reused_existing,TiCo/3-c/hwx-TiCo-4-410.cif,structures/TiCo/3-c/hwx-TiCo-4-410.cif
sab-TiCo-4-410,3-c,TiCo,3-c,sab,4,N4,410,geometric_outlier,3.012906,3.012569,0.000337,0.987805,7872,7776,,reused_existing,TiCo/3-c/sab-TiCo-4-410.cif,structures/TiCo/3-c/sab-TiCo-4-410.cif
sit-TiCo-4-410,3-c,TiCo,3-c,sit,4,N4,410,in_distribution,2.718607,3.012569,-0.293962,0.987805,7872,7776,,reused_existing,TiCo/3-c/sit-TiCo-4-410.cif,structures/TiCo/3-c/sit-TiCo-4-410.cif
ydq-TiCo-4-410,3-c,TiCo,3-c,ydq,4,N4,410,in_distribution,2.626138,3.012569,-0.386431,0.987805,23616,23328,,reused_existing,TiCo/3-c/ydq-TiCo-4-410.cif,structures/TiCo/3-c/ydq-TiCo-4-410.cif
ceq-TiCo-5-386,3-c,TiCo,3-c,ceq,5,N5,386,in_distribution,2.296889,3.012569,-0.715680,0.990291,1854,1836,,reused_existing,TiCo/3-c/ceq-TiCo-5-386.cif,structures/TiCo/3-c/ceq-TiCo-5-386.cif
cml-TiCo-5-386,3-c,TiCo,3-c,cml,5,N5,386,in_distribution,2.212294,3.012569,-0.800275,0.981162,2495,2448,,reused_existing,TiCo/3-c/cml-TiCo-5-386.cif,structures/TiCo/3-c/cml-TiCo-5-386.cif
dag-TiCo-5-386,3-c,TiCo,3-c,dag,5,N5,386,in_distribution,2.679425,3.012569,-0.333144,0.990291,2472,2448,,reused_existing,TiCo/3-c/dag-TiCo-5-386.cif,structures/TiCo/3-c/dag-TiCo-5-386.cif
fmz-TiCo-5-386,3-c,TiCo,3-c,fmz,5,N5,386,in_distribution,2.504071,3.012569,-0.508498,0.989313,11135,11016,,reused_existing,TiCo/3-c/fmz-TiCo-5-386.cif,structures/TiCo/3-c/fmz-TiCo-5-386.cif
hwx-TiCo-5-386,3-c,TiCo,3-c,hwx,5,N5,386,in_distribution,2.284931,3.012569,-0.727638,0.990291,4944,4896,,reused_existing,TiCo/3-c/hwx-TiCo-5-386.cif,structures/TiCo/3-c/hwx-TiCo-5-386.cif
sab-TiCo-5-386,3-c,TiCo,3-c,sab,5,N5,386,in_distribution,2.229553,3.012569,-0.783016,0.990291,4944,4896,,reused_existing,TiCo/3-c/sab-TiCo-5-386.cif,structures/TiCo/3-c/sab-TiCo-5-386.cif
sit-TiCo-5-386,3-c,TiCo,3-c,sit,5,N5,386,in_distribution,2.179611,3.012569,-0.832958,0.981556,2494,2448,,reused_existing,TiCo/3-c/sit-TiCo-5-386.cif,structures/TiCo/3-c/sit-TiCo-5-386.cif
ydq-TiCo-5-386,3-c,TiCo,3-c,ydq,5,N5,386,in_distribution,2.236724,3.012569,-0.775845,0.990291,29664,29376,,reused_existing,TiCo/3-c/ydq-TiCo-5-386.cif,structures/TiCo/3-c/ydq-TiCo-5-386.cif
ceq-TiCo-6-225,3-c,TiCo,3-c,ceq,6,N6,225,geometric_outlier,3.167480,3.012569,0.154911,0.919220,12924,11880,,reused_existing,TiCo/3-c/ceq-TiCo-6-225.cif,structures/TiCo/3-c/ceq-TiCo-6-225.cif
cml-TiCo-6-225,3-c,TiCo,3-c,cml,6,N6,225,geometric_outlier,3.427307,3.012569,0.414738,0.966325,16392,15840,,reused_existing,TiCo/3-c/cml-TiCo-6-225.cif,structures/TiCo/3-c/cml-TiCo-6-225.cif
dag-TiCo-6-225,3-c,TiCo,3-c,dag,6,N6,225,geometric_outlier,3.472128,3.012569,0.459559,0.915416,17592,16104,,reused_existing,TiCo/3-c/dag-TiCo-6-225.cif,structures/TiCo/3-c/dag-TiCo-6-225.cif
fmz-TiCo-6-225,3-c,TiCo,3-c,fmz,6,N6,225,geometric_outlier,3.326964,3.012569,0.314395,0.947368,25080,23760,,reused_existing,TiCo/3-c/fmz-TiCo-6-225.cif,structures/TiCo/3-c/fmz-TiCo-6-225.cif
hwx-TiCo-6-225,3-c,TiCo,3-c,hwx,6,N6,225,geometric_outlier,3.332872,3.012569,0.320303,0.982143,16128,15840,,reused_existing,TiCo/3-c/hwx-TiCo-6-225.cif,structures/TiCo/3-c/hwx-TiCo-6-225.cif
sab-TiCo-6-225,3-c,TiCo,3-c,sab,6,N6,225,geometric_outlier,3.058034,3.012569,0.045465,0.978140,21592,21120,,reused_existing,TiCo/3-c/sab-TiCo-6-225.cif,structures/TiCo/3-c/sab-TiCo-6-225.cif
sit-TiCo-6-225,3-c,TiCo,3-c,sit,6,N6,225,geometric_outlier,3.326964,3.012569,0.314395,0.949640,12510,11880,,reused_existing,TiCo/3-c/sit-TiCo-6-225.cif,structures/TiCo/3-c/sit-TiCo-6-225.cif
ydq-TiCo-6-225,3-c,TiCo,3-c,ydq,6,N6,225,geometric_outlier,3.818787,3.012569,0.806218,0.953585,16611,15840,,reused_existing,TiCo/3-c/ydq-TiCo-6-225.cif,structures/TiCo/3-c/ydq-TiCo-6-225.cif
ceq-TiCo-7-592,3-c,TiCo,3-c,ceq,7,N7,592,geometric_outlier,3.964201,3.012569,0.951632,0.994737,27360,27216,,reused_existing,TiCo/3-c/ceq-TiCo-7-592.cif,structures/TiCo/3-c/ceq-TiCo-7-592.cif
cml-TiCo-7-592,3-c,TiCo,3-c,cml,7,N7,592,geometric_outlier,4.234369,3.012569,1.221800,0.994737,9120,9072,,reused_existing,TiCo/3-c/cml-TiCo-7-592.cif,structures/TiCo/3-c/cml-TiCo-7-592.cif
dag-TiCo-7-592,3-c,TiCo,3-c,dag,7,N7,592,geometric_outlier,3.216335,3.012569,0.203766,0.980121,18512,18144,,reused_existing,TiCo/3-c/dag-TiCo-7-592.cif,structures/TiCo/3-c/dag-TiCo-7-592.cif
fmz-TiCo-7-592,3-c,TiCo,3-c,fmz,7,N7,592,in_distribution,2.937499,3.012569,-0.075070,0.994737,20520,20412,,reused_existing,TiCo/3-c/fmz-TiCo-7-592.cif,structures/TiCo/3-c/fmz-TiCo-7-592.cif
hwx-TiCo-7-592,3-c,TiCo,3-c,hwx,7,N7,592,geometric_outlier,3.159266,3.012569,0.146697,0.994737,9120,9072,,reused_existing,TiCo/3-c/hwx-TiCo-7-592.cif,structures/TiCo/3-c/hwx-TiCo-7-592.cif
sab-TiCo-7-592,3-c,TiCo,3-c,sab,7,N7,592,geometric_outlier,3.927819,3.012569,0.915250,0.994737,9120,9072,,reused_existing,TiCo/3-c/sab-TiCo-7-592.cif,structures/TiCo/3-c/sab-TiCo-7-592.cif
sit-TiCo-7-592,3-c,TiCo,3-c,sit,7,N7,592,geometric_outlier,3.920072,3.012569,0.907503,0.994737,9120,9072,,reused_existing,TiCo/3-c/sit-TiCo-7-592.cif,structures/TiCo/3-c/sit-TiCo-7-592.cif
ydq-TiCo-7-592,3-c,TiCo,3-c,ydq,7,N7,592,in_distribution,2.876865,3.012569,-0.135704,0.994737,54720,54432,,reused_existing,TiCo/3-c/ydq-TiCo-7-592.cif,structures/TiCo/3-c/ydq-TiCo-7-592.cif
ceq-TiCo-TATB,3-c,TiCo,3-c,ceq,8,N8,TATB,in_distribution,2.452599,3.012569,-0.559970,0.989011,13104,12960,,newly_scored,TiCo/TATB/ceq-TiCo-TATB.cif,structures/TiCo/TATB/ceq-TiCo-TATB.cif
cml-TiCo-TATB,3-c,TiCo,3-c,cml,8,N8,TATB,in_distribution,2.313426,3.012569,-0.699143,0.989011,4368,4320,,newly_scored,TiCo/TATB/cml-TiCo-TATB.cif,structures/TiCo/TATB/cml-TiCo-TATB.cif
dag-TiCo-TATB,3-c,TiCo,3-c,dag,8,N8,TATB,in_distribution,2.687653,3.012569,-0.324917,0.989011,4368,4320,,newly_scored,TiCo/TATB/dag-TiCo-TATB.cif,structures/TiCo/TATB/dag-TiCo-TATB.cif
fmz-TiCo-TATB,3-c,TiCo,3-c,fmz,8,N8,TATB,in_distribution,2.316051,3.012569,-0.696519,0.989011,9828,9720,,newly_scored,TiCo/TATB/fmz-TiCo-TATB.cif,structures/TiCo/TATB/fmz-TiCo-TATB.cif
hwx-TiCo-TATB,3-c,TiCo,3-c,hwx,8,N8,TATB,in_distribution,2.224925,3.012569,-0.787644,0.989011,4368,4320,,newly_scored,TiCo/TATB/hwx-TiCo-TATB.cif,structures/TiCo/TATB/hwx-TiCo-TATB.cif
sab-TiCo-TATB,3-c,TiCo,3-c,sab,8,N8,TATB,geometric_outlier,3.453396,3.012569,0.440827,0.989011,4368,4320,,newly_scored,TiCo/TATB/sab-TiCo-TATB.cif,structures/TiCo/TATB/sab-TiCo-TATB.cif
sit-TiCo-TATB,3-c,TiCo,3-c,sit,8,N8,TATB,in_distribution,2.513974,3.012569,-0.498595,0.989011,8736,8640,,newly_scored,TiCo/TATB/sit-TiCo-TATB.cif,structures/TiCo/TATB/sit-TiCo-TATB.cif
ydq-TiCo-TATB,3-c,TiCo,3-c,ydq,8,N8,TATB,in_distribution,2.530460,3.012569,-0.482110,0.989011,26208,25920,,newly_scored,TiCo/TATB/ydq-TiCo-TATB.cif,structures/TiCo/TATB/ydq-TiCo-TATB.cif
ceq-TiCo-9-130,3-c,TiCo,3-c,ceq,9,N9,130,geometric_outlier,3.524386,3.012569,0.511817,0.973902,12568,12240,,reused_existing,TiCo/3-c/ceq-TiCo-9-130.cif,structures/TiCo/3-c/ceq-TiCo-9-130.cif
cml-TiCo-9-130,3-c,TiCo,3-c,cml,9,N9,130,geometric_outlier,3.501679,3.012569,0.489110,0.956848,17056,16320,,reused_existing,TiCo/3-c/cml-TiCo-9-130.cif,structures/TiCo/3-c/cml-TiCo-9-130.cif
dag-TiCo-9-130,3-c,TiCo,3-c,dag,9,N9,130,in_distribution,2.803540,3.012569,-0.209029,0.935780,17440,16320,,reused_existing,TiCo/3-c/dag-TiCo-9-130.cif,structures/TiCo/3-c/dag-TiCo-9-130.cif
fmz-TiCo-9-130,3-c,TiCo,3-c,fmz,9,N9,130,geometric_outlier,3.073437,3.012569,0.060868,0.967130,37968,36720,,reused_existing,TiCo/3-c/fmz-TiCo-9-130.cif,structures/TiCo/3-c/fmz-TiCo-9-130.cif
hwx-TiCo-9-130,3-c,TiCo,3-c,hwx,9,N9,130,in_distribution,2.746501,3.012569,-0.266068,0.988372,24768,24480,,reused_existing,TiCo/3-c/hwx-TiCo-9-130.cif,structures/TiCo/3-c/hwx-TiCo-9-130.cif
sab-TiCo-9-130,3-c,TiCo,3-c,sab,9,N9,130,geometric_outlier,3.539112,3.012569,0.526543,0.977948,33376,32640,,reused_existing,TiCo/3-c/sab-TiCo-9-130.cif,structures/TiCo/3-c/sab-TiCo-9-130.cif
sit-TiCo-9-130,3-c,TiCo,3-c,sit,9,N9,130,in_distribution,2.560874,3.012569,-0.451695,0.988372,12384,12240,,reused_existing,TiCo/3-c/sit-TiCo-9-130.cif,structures/TiCo/3-c/sit-TiCo-9-130.cif
ydq-TiCo-9-130,3-c,TiCo,3-c,ydq,9,N9,130,in_distribution,2.873090,3.012569,-0.139479,0.988372,24768,24480,,reused_existing,TiCo/3-c/ydq-TiCo-9-130.cif,structures/TiCo/3-c/ydq-TiCo-9-130.cif
ceq-TiCo-10-333,3-c,TiCo,3-c,ceq,10,N10,333,in_distribution,2.545163,3.012569,-0.467406,0.988281,12288,12144,,reused_existing,TiCo/3-c/ceq-TiCo-10-333.cif,structures/TiCo/3-c/ceq-TiCo-10-333.cif
cml-TiCo-10-333,3-c,TiCo,3-c,cml,10,N10,333,in_distribution,2.585057,3.012569,-0.427512,0.988281,16384,16192,,reused_existing,TiCo/3-c/cml-TiCo-10-333.cif,structures/TiCo/3-c/cml-TiCo-10-333.cif
dag-TiCo-10-333,3-c,TiCo,3-c,dag,10,N10,333,geometric_outlier,3.055689,3.012569,0.043120,0.988281,16384,16192,,reused_existing,TiCo/3-c/dag-TiCo-10-333.cif,structures/TiCo/3-c/dag-TiCo-10-333.cif
fmz-TiCo-10-333,3-c,TiCo,3-c,fmz,10,N10,333,in_distribution,2.517206,3.012569,-0.495363,0.981254,37128,36432,,reused_existing,TiCo/3-c/fmz-TiCo-10-333.cif,structures/TiCo/3-c/fmz-TiCo-10-333.cif
hwx-TiCo-10-333,3-c,TiCo,3-c,hwx,10,N10,333,in_distribution,2.749553,3.012569,-0.263016,0.988281,4096,4048,,reused_existing,TiCo/3-c/hwx-TiCo-10-333.cif,structures/TiCo/3-c/hwx-TiCo-10-333.cif
sab-TiCo-10-333,3-c,TiCo,3-c,sab,10,N10,333,in_distribution,2.895375,3.012569,-0.117194,0.988281,8192,8096,,reused_existing,TiCo/3-c/sab-TiCo-10-333.cif,structures/TiCo/3-c/sab-TiCo-10-333.cif
sit-TiCo-10-333,3-c,TiCo,3-c,sit,10,N10,333,in_distribution,2.513974,3.012569,-0.498595,0.988281,8192,8096,,reused_existing,TiCo/3-c/sit-TiCo-10-333.cif,structures/TiCo/3-c/sit-TiCo-10-333.cif
ydq-TiCo-10-333,3-c,TiCo,3-c,ydq,10,N10,333,in_distribution,2.759681,3.012569,-0.252888,0.988281,24576,24288,,reused_existing,TiCo/3-c/ydq-TiCo-10-333.cif,structures/TiCo/3-c/ydq-TiCo-10-333.cif
ceq-TiCo-11-516,3-c,TiCo,3-c,ceq,11,N11,516,in_distribution,2.391483,3.012569,-0.621086,0.988506,12528,12384,,reused_existing,TiCo/3-c/ceq-TiCo-11-516.cif,structures/TiCo/3-c/ceq-TiCo-11-516.cif
cml-TiCo-11-516,3-c,TiCo,3-c,cml,11,N11,516,in_distribution,2.728042,3.012569,-0.284527,0.988506,16704,16512,,reused_existing,TiCo/3-c/cml-TiCo-11-516.cif,structures/TiCo/3-c/cml-TiCo-11-516.cif
dag-TiCo-11-516,3-c,TiCo,3-c,dag,11,N11,516,in_distribution,2.852149,3.012569,-0.160420,0.988506,16704,16512,,reused_existing,TiCo/3-c/dag-TiCo-11-516.cif,structures/TiCo/3-c/dag-TiCo-11-516.cif
fmz-TiCo-11-516,3-c,TiCo,3-c,fmz,11,N11,516,in_distribution,2.653065,3.012569,-0.359504,0.978199,37980,37152,,reused_existing,TiCo/3-c/fmz-TiCo-11-516.cif,structures/TiCo/3-c/fmz-TiCo-11-516.cif
hwx-TiCo-11-516,3-c,TiCo,3-c,hwx,11,N11,516,in_distribution,2.885397,3.012569,-0.127172,0.988506,4176,4128,,reused_existing,TiCo/3-c/hwx-TiCo-11-516.cif,structures/TiCo/3-c/hwx-TiCo-11-516.cif
sab-TiCo-11-516,3-c,TiCo,3-c,sab,11,N11,516,in_distribution,2.851392,3.012569,-0.161177,0.988506,8352,8256,,reused_existing,TiCo/3-c/sab-TiCo-11-516.cif,structures/TiCo/3-c/sab-TiCo-11-516.cif
sit-TiCo-11-516,3-c,TiCo,3-c,sit,11,N11,516,in_distribution,2.513974,3.012569,-0.498595,0.988506,12528,12384,,reused_existing,TiCo/3-c/sit-TiCo-11-516.cif,structures/TiCo/3-c/sit-TiCo-11-516.cif
ydq-TiCo-11-516,3-c,TiCo,3-c,ydq,11,N11,516,in_distribution,2.759681,3.012569,-0.252888,0.988506,25056,24768,,reused_existing,TiCo/3-c/ydq-TiCo-11-516.cif,structures/TiCo/3-c/ydq-TiCo-11-516.cif
ceq-TiCo-12-639,3-c,TiCo,3-c,ceq,12,N12,639,geometric_outlier,3.087048,3.012569,0.074479,0.980014,11608,11376,,reused_existing,TiCo/3-c/ceq-TiCo-12-639.cif,structures/TiCo/3-c/ceq-TiCo-12-639.cif
cml-TiCo-12-639,3-c,TiCo,3-c,cml,12,N12,639,in_distribution,2.972339,3.012569,-0.040230,0.987500,15360,15168,,reused_existing,TiCo/3-c/cml-TiCo-12-639.cif,structures/TiCo/3-c/cml-TiCo-12-639.cif
dag-TiCo-12-639,3-c,TiCo,3-c,dag,12,N12,639,in_distribution,2.970310,3.012569,-0.042259,0.950100,12024,11424,,reused_existing,TiCo/3-c/dag-TiCo-12-639.cif,structures/TiCo/3-c/dag-TiCo-12-639.cif
fmz-TiCo-12-639,3-c,TiCo,3-c,fmz,12,N12,639,in_distribution,2.759681,3.012569,-0.252888,0.979901,34828,34128,,reused_existing,TiCo/3-c/fmz-TiCo-12-639.cif,structures/TiCo/3-c/fmz-TiCo-12-639.cif
hwx-TiCo-12-639,3-c,TiCo,3-c,hwx,12,N12,639,in_distribution,2.595965,3.012569,-0.416604,0.987500,3840,3792,,reused_existing,TiCo/3-c/hwx-TiCo-12-639.cif,structures/TiCo/3-c/hwx-TiCo-12-639.cif
sab-TiCo-12-639,3-c,TiCo,3-c,sab,12,N12,639,in_distribution,2.812264,3.012569,-0.200305,0.976313,7768,7584,,reused_existing,TiCo/3-c/sab-TiCo-12-639.cif,structures/TiCo/3-c/sab-TiCo-12-639.cif
sit-TiCo-12-639,3-c,TiCo,3-c,sit,12,N12,639,in_distribution,2.869795,3.012569,-0.142774,0.987500,7680,7584,,reused_existing,TiCo/3-c/sit-TiCo-12-639.cif,structures/TiCo/3-c/sit-TiCo-12-639.cif
ydq-TiCo-12-639,3-c,TiCo,3-c,ydq,12,N12,639,in_distribution,2.823873,3.012569,-0.188696,0.987500,23040,22752,,reused_existing,TiCo/3-c/ydq-TiCo-12-639.cif,structures/TiCo/3-c/ydq-TiCo-12-639.cif
ceq-TiCo-13-126,3-c,TiCo,3-c,ceq,13,N13,126,in_distribution,2.095963,3.012569,-0.916606,0.991379,2088,2070,,reused_existing,TiCo/3-c/ceq-TiCo-13-126.cif,structures/TiCo/3-c/ceq-TiCo-13-126.cif
cml-TiCo-13-126,3-c,TiCo,3-c,cml,13,N13,126,in_distribution,2.199932,3.012569,-0.812637,0.991379,2784,2760,,reused_existing,TiCo/3-c/cml-TiCo-13-126.cif,structures/TiCo/3-c/cml-TiCo-13-126.cif
dag-TiCo-13-126,3-c,TiCo,3-c,dag,13,N13,126,in_distribution,2.318703,3.012569,-0.693866,0.991379,2784,2760,,reused_existing,TiCo/3-c/dag-TiCo-13-126.cif,structures/TiCo/3-c/dag-TiCo-13-126.cif
fmz-TiCo-13-126,3-c,TiCo,3-c,fmz,13,N13,126,in_distribution,2.190158,3.012569,-0.822411,0.991379,12528,12420,,reused_existing,TiCo/3-c/fmz-TiCo-13-126.cif,structures/TiCo/3-c/fmz-TiCo-13-126.cif
hwx-TiCo-13-126,3-c,TiCo,3-c,hwx,13,N13,126,in_distribution,2.088567,3.012569,-0.924002,0.991379,5568,5520,,reused_existing,TiCo/3-c/hwx-TiCo-13-126.cif,structures/TiCo/3-c/hwx-TiCo-13-126.cif
sab-TiCo-13-126,3-c,TiCo,3-c,sab,13,N13,126,in_distribution,2.361981,3.012569,-0.650588,0.991379,5568,5520,,reused_existing,TiCo/3-c/sab-TiCo-13-126.cif,structures/TiCo/3-c/sab-TiCo-13-126.cif
sit-TiCo-13-126,3-c,TiCo,3-c,sit,13,N13,126,in_distribution,2.190158,3.012569,-0.822411,0.991379,2784,2760,,reused_existing,TiCo/3-c/sit-TiCo-13-126.cif,structures/TiCo/3-c/sit-TiCo-13-126.cif
ydq-TiCo-13-126,3-c,TiCo,3-c,ydq,13,N13,126,in_distribution,2.088567,3.012569,-0.924002,0.991379,33408,33120,,reused_existing,TiCo/3-c/ydq-TiCo-13-126.cif,structures/TiCo/3-c/ydq-TiCo-13-126.cif
ceq-TiMg-1-10,3-c,TiMg,3-c,ceq,1,N1,10,in_distribution,2.656422,3.012569,-0.356147,0.975610,8856,8640,,reused_existing,TiMg/3-c/ceq-TiMg-1-10.cif,structures/TiMg/3-c/ceq-TiMg-1-10.cif
cml-TiMg-1-10,3-c,TiMg,3-c,cml,1,N1,10,in_distribution,2.656422,3.012569,-0.356147,0.975610,11808,11520,,reused_existing,TiMg/3-c/cml-TiMg-1-10.cif,structures/TiMg/3-c/cml-TiMg-1-10.cif
dag-TiMg-1-10,3-c,TiMg,3-c,dag,1,N1,10,geometric_outlier,3.187128,3.012569,0.174559,0.870201,13128,11424,,reused_existing,TiMg/3-c/dag-TiMg-1-10.cif,structures/TiMg/3-c/dag-TiMg-1-10.cif
fmz-TiMg-1-10,3-c,TiMg,3-c,fmz,1,N1,10,geometric_outlier,3.401564,3.012569,0.388995,0.937500,18432,17280,,reused_existing,TiMg/3-c/fmz-TiMg-1-10.cif,structures/TiMg/3-c/fmz-TiMg-1-10.cif
hwx-TiMg-1-10,3-c,TiMg,3-c,hwx,1,N1,10,in_distribution,2.656422,3.012569,-0.356147,0.975610,11808,11520,,reused_existing,TiMg/3-c/hwx-TiMg-1-10.cif,structures/TiMg/3-c/hwx-TiMg-1-10.cif
sab-TiMg-1-10,3-c,TiMg,3-c,sab,1,N1,10,geometric_outlier,3.906093,3.012569,0.893524,0.975610,15744,15360,,reused_existing,TiMg/3-c/sab-TiMg-1-10.cif,structures/TiMg/3-c/sab-TiMg-1-10.cif
sit-TiMg-1-10,3-c,TiMg,3-c,sit,1,N1,10,in_distribution,2.656422,3.012569,-0.356147,0.975610,5904,5760,,reused_existing,TiMg/3-c/sit-TiMg-1-10.cif,structures/TiMg/3-c/sit-TiMg-1-10.cif
ydq-TiMg-1-10,3-c,TiMg,3-c,ydq,1,N1,10,in_distribution,2.627184,3.012569,-0.385385,0.975610,11808,11520,,reused_existing,TiMg/3-c/ydq-TiMg-1-10.cif,structures/TiMg/3-c/ydq-TiMg-1-10.cif
ceq-TiMg-2-19,3-c,TiMg,3-c,ceq,2,N2,19,in_distribution,2.457480,3.012569,-0.555089,0.970588,7344,7128,,reused_existing,TiMg/3-c/ceq-TiMg-2-19.cif,structures/TiMg/3-c/ceq-TiMg-2-19.cif
cml-TiMg-2-19,3-c,TiMg,3-c,cml,2,N2,19,in_distribution,2.625296,3.012569,-0.387273,0.970588,9792,9504,,reused_existing,TiMg/3-c/cml-TiMg-2-19.cif,structures/TiMg/3-c/cml-TiMg-2-19.cif
dag-TiMg-2-19,3-c,TiMg,3-c,dag,2,N2,19,geometric_outlier,3.036010,3.012569,0.023441,0.857143,11088,9504,,reused_existing,TiMg/3-c/dag-TiMg-2-19.cif,structures/TiMg/3-c/dag-TiMg-2-19.cif
fmz-TiMg-2-19,3-c,TiMg,3-c,fmz,2,N2,19,in_distribution,2.996625,3.012569,-0.015944,0.904110,15768,14256,,reused_existing,TiMg/3-c/fmz-TiMg-2-19.cif,structures/TiMg/3-c/fmz-TiMg-2-19.cif
hwx-TiMg-2-19,3-c,TiMg,3-c,hwx,2,N2,19,in_distribution,2.625296,3.012569,-0.387273,0.970588,9792,9504,,reused_existing,TiMg/3-c/hwx-TiMg-2-19.cif,structures/TiMg/3-c/hwx-TiMg-2-19.cif
sab-TiMg-2-19,3-c,TiMg,3-c,sab,2,N2,19,in_distribution,2.513721,3.012569,-0.498848,0.970588,13056,12672,,reused_existing,TiMg/3-c/sab-TiMg-2-19.cif,structures/TiMg/3-c/sab-TiMg-2-19.cif
sit-TiMg-2-19,3-c,TiMg,3-c,sit,2,N2,19,in_distribution,2.625296,3.012569,-0.387273,0.970588,7344,7128,,reused_existing,TiMg/3-c/sit-TiMg-2-19.cif,structures/TiMg/3-c/sit-TiMg-2-19.cif
ydq-TiMg-2-19,3-c,TiMg,3-c,ydq,2,N2,19,in_distribution,2.625296,3.012569,-0.387273,0.970588,9792,9504,,reused_existing,TiMg/3-c/ydq-TiMg-2-19.cif,structures/TiMg/3-c/ydq-TiMg-2-19.cif
ceq-TiMg-3-20,3-c,TiMg,3-c,ceq,3,N3,20,in_distribution,2.414270,3.012569,-0.598299,0.984375,13824,13608,,reused_existing,TiMg/3-c/ceq-TiMg-3-20.cif,structures/TiMg/3-c/ceq-TiMg-3-20.cif
cml-TiMg-3-20,3-c,TiMg,3-c,cml,3,N3,20,geometric_outlier,3.560204,3.012569,0.547635,0.984375,12288,12096,,reused_existing,TiMg/3-c/cml-TiMg-3-20.cif,structures/TiMg/3-c/cml-TiMg-3-20.cif
dag-TiMg-3-20,3-c,TiMg,3-c,dag,3,N3,20,geometric_outlier,3.296899,3.012569,0.284330,0.942947,12760,12032,,reused_existing,TiMg/3-c/dag-TiMg-3-20.cif,structures/TiMg/3-c/dag-TiMg-3-20.cif
fmz-TiMg-3-20,3-c,TiMg,3-c,fmz,3,N3,20,geometric_outlier,3.541111,3.012569,0.528542,0.976324,27876,27216,,reused_existing,TiMg/3-c/fmz-TiMg-3-20.cif,structures/TiMg/3-c/fmz-TiMg-3-20.cif
hwx-TiMg-3-20,3-c,TiMg,3-c,hwx,3,N3,20,geometric_outlier,3.560204,3.012569,0.547635,0.984375,18432,18144,,reused_existing,TiMg/3-c/hwx-TiMg-3-20.cif,structures/TiMg/3-c/hwx-TiMg-3-20.cif
sab-TiMg-3-20,3-c,TiMg,3-c,sab,3,N3,20,in_distribution,2.707336,3.012569,-0.305233,0.984375,24576,24192,,reused_existing,TiMg/3-c/sab-TiMg-3-20.cif,structures/TiMg/3-c/sab-TiMg-3-20.cif
sit-TiMg-3-20,3-c,TiMg,3-c,sit,3,N3,20,in_distribution,2.381638,3.012569,-0.630931,0.984375,9216,9072,,reused_existing,TiMg/3-c/sit-TiMg-3-20.cif,structures/TiMg/3-c/sit-TiMg-3-20.cif
ydq-TiMg-3-20,3-c,TiMg,3-c,ydq,3,N3,20,in_distribution,2.468481,3.012569,-0.544088,0.984375,18432,18144,,reused_existing,TiMg/3-c/ydq-TiMg-3-20.cif,structures/TiMg/3-c/ydq-TiMg-3-20.cif
ceq-TiMg-4-410,3-c,TiMg,3-c,ceq,4,N4,410,in_distribution,2.604141,3.012569,-0.408428,0.987805,11808,11664,,reused_existing,TiMg/3-c/ceq-TiMg-4-410.cif,structures/TiMg/3-c/ceq-TiMg-4-410.cif
cml-TiMg-4-410,3-c,TiMg,3-c,cml,4,N4,410,in_distribution,2.786120,3.012569,-0.226449,0.987805,15744,15552,,reused_existing,TiMg/3-c/cml-TiMg-4-410.cif,structures/TiMg/3-c/cml-TiMg-4-410.cif
dag-TiMg-4-410,3-c,TiMg,3-c,dag,4,N4,410,in_distribution,3.010705,3.012569,-0.001864,0.987805,7872,7776,,reused_existing,TiMg/3-c/dag-TiMg-4-410.cif,structures/TiMg/3-c/dag-TiMg-4-410.cif
fmz-TiMg-4-410,3-c,TiMg,3-c,fmz,4,N4,410,in_distribution,2.929693,3.012569,-0.082876,0.987805,35424,34992,,reused_existing,TiMg/3-c/fmz-TiMg-4-410.cif,structures/TiMg/3-c/fmz-TiMg-4-410.cif
hwx-TiMg-4-410,3-c,TiMg,3-c,hwx,4,N4,410,in_distribution,2.511467,3.012569,-0.501102,0.987805,3936,3888,,reused_existing,TiMg/3-c/hwx-TiMg-4-410.cif,structures/TiMg/3-c/hwx-TiMg-4-410.cif
sab-TiMg-4-410,3-c,TiMg,3-c,sab,4,N4,410,in_distribution,2.811662,3.012569,-0.200907,0.987805,7872,7776,,reused_existing,TiMg/3-c/sab-TiMg-4-410.cif,structures/TiMg/3-c/sab-TiMg-4-410.cif
sit-TiMg-4-410,3-c,TiMg,3-c,sit,4,N4,410,in_distribution,2.661520,3.012569,-0.351049,0.987805,7872,7776,,reused_existing,TiMg/3-c/sit-TiMg-4-410.cif,structures/TiMg/3-c/sit-TiMg-4-410.cif
ydq-TiMg-4-410,3-c,TiMg,3-c,ydq,4,N4,410,in_distribution,2.463642,3.012569,-0.548927,0.987805,23616,23328,,reused_existing,TiMg/3-c/ydq-TiMg-4-410.cif,structures/TiMg/3-c/ydq-TiMg-4-410.cif
ceq-TiMg-5-386,3-c,TiMg,3-c,ceq,5,N5,386,in_distribution,2.123752,3.012569,-0.888817,0.990291,1854,1836,,reused_existing,TiMg/3-c/ceq-TiMg-5-386.cif,structures/TiMg/3-c/ceq-TiMg-5-386.cif
cml-TiMg-5-386,3-c,TiMg,3-c,cml,5,N5,386,in_distribution,2.288732,3.012569,-0.723837,0.990291,2472,2448,,reused_existing,TiMg/3-c/cml-TiMg-5-386.cif,structures/TiMg/3-c/cml-TiMg-5-386.cif
dag-TiMg-5-386,3-c,TiMg,3-c,dag,5,N5,386,in_distribution,2.674502,3.012569,-0.338067,0.990291,2472,2448,,reused_existing,TiMg/3-c/dag-TiMg-5-386.cif,structures/TiMg/3-c/dag-TiMg-5-386.cif
fmz-TiMg-5-386,3-c,TiMg,3-c,fmz,5,N5,386,in_distribution,2.024707,3.012569,-0.987862,0.990291,11124,11016,,reused_existing,TiMg/3-c/fmz-TiMg-5-386.cif,structures/TiMg/3-c/fmz-TiMg-5-386.cif
hwx-TiMg-5-386,3-c,TiMg,3-c,hwx,5,N5,386,in_distribution,2.175989,3.012569,-0.836580,0.990291,4944,4896,,reused_existing,TiMg/3-c/hwx-TiMg-5-386.cif,structures/TiMg/3-c/hwx-TiMg-5-386.cif
sab-TiMg-5-386,3-c,TiMg,3-c,sab,5,N5,386,in_distribution,2.444384,3.012569,-0.568185,0.990291,4944,4896,,reused_existing,TiMg/3-c/sab-TiMg-5-386.cif,structures/TiMg/3-c/sab-TiMg-5-386.cif
sit-TiMg-5-386,3-c,TiMg,3-c,sit,5,N5,386,in_distribution,2.417010,3.012569,-0.595559,0.990291,2472,2448,,reused_existing,TiMg/3-c/sit-TiMg-5-386.cif,structures/TiMg/3-c/sit-TiMg-5-386.cif
ydq-TiMg-5-386,3-c,TiMg,3-c,ydq,5,N5,386,in_distribution,2.616312,3.012569,-0.396257,0.990291,29664,29376,,reused_existing,TiMg/3-c/ydq-TiMg-5-386.cif,structures/TiMg/3-c/ydq-TiMg-5-386.cif
ceq-TiMg-6-225,3-c,TiMg,3-c,ceq,6,N6,225,geometric_outlier,3.177030,3.012569,0.164461,0.982143,12096,11880,,reused_existing,TiMg/3-c/ceq-TiMg-6-225.cif,structures/TiMg/3-c/ceq-TiMg-6-225.cif
cml-TiMg-6-225,3-c,TiMg,3-c,cml,6,N6,225,geometric_outlier,3.230594,3.012569,0.218025,0.982143,16128,15840,,reused_existing,TiMg/3-c/cml-TiMg-6-225.cif,structures/TiMg/3-c/cml-TiMg-6-225.cif
dag-TiMg-6-225,3-c,TiMg,3-c,dag,6,N6,225,geometric_outlier,3.723567,3.012569,0.710998,0.907294,17604,15972,,reused_existing,TiMg/3-c/dag-TiMg-6-225.cif,structures/TiMg/3-c/dag-TiMg-6-225.cif
fmz-TiMg-6-225,3-c,TiMg,3-c,fmz,6,N6,225,geometric_outlier,3.889878,3.012569,0.877309,0.935206,25496,23844,,reused_existing,TiMg/3-c/fmz-TiMg-6-225.cif,structures/TiMg/3-c/fmz-TiMg-6-225.cif
hwx-TiMg-6-225,3-c,TiMg,3-c,hwx,6,N6,225,geometric_outlier,3.345784,3.012569,0.333215,0.966325,16392,15840,,reused_existing,TiMg/3-c/hwx-TiMg-6-225.cif,structures/TiMg/3-c/hwx-TiMg-6-225.cif
sab-TiMg-6-225,3-c,TiMg,3-c,sab,6,N6,225,geometric_outlier,3.546470,3.012569,0.533901,0.966325,21856,21120,,reused_existing,TiMg/3-c/sab-TiMg-6-225.cif,structures/TiMg/3-c/sab-TiMg-6-225.cif
sit-TiMg-6-225,3-c,TiMg,3-c,sit,6,N6,225,in_distribution,2.734429,3.012569,-0.278140,0.982143,12096,11880,,reused_existing,TiMg/3-c/sit-TiMg-6-225.cif,structures/TiMg/3-c/sit-TiMg-6-225.cif
ydq-TiMg-6-225,3-c,TiMg,3-c,ydq,6,N6,225,geometric_outlier,3.446127,3.012569,0.433558,0.961457,16475,15840,,reused_existing,TiMg/3-c/ydq-TiMg-6-225.cif,structures/TiMg/3-c/ydq-TiMg-6-225.cif
ceq-TiMg-7-592,3-c,TiMg,3-c,ceq,7,N7,592,in_distribution,2.971270,3.012569,-0.041299,0.994737,27360,27216,,reused_existing,TiMg/3-c/ceq-TiMg-7-592.cif,structures/TiMg/3-c/ceq-TiMg-7-592.cif
cml-TiMg-7-592,3-c,TiMg,3-c,cml,7,N7,592,geometric_outlier,4.026386,3.012569,1.013817,0.994737,9120,9072,,reused_existing,TiMg/3-c/cml-TiMg-7-592.cif,structures/TiMg/3-c/cml-TiMg-7-592.cif
dag-TiMg-7-592,3-c,TiMg,3-c,dag,7,N7,592,geometric_outlier,3.049542,3.012569,0.036973,0.985368,9158,9024,,reused_existing,TiMg/3-c/dag-TiMg-7-592.cif,structures/TiMg/3-c/dag-TiMg-7-592.cif
fmz-TiMg-7-592,3-c,TiMg,3-c,fmz,7,N7,592,geometric_outlier,3.712242,3.012569,0.699673,0.994737,20520,20412,,reused_existing,TiMg/3-c/fmz-TiMg-7-592.cif,structures/TiMg/3-c/fmz-TiMg-7-592.cif
hwx-TiMg-7-592,3-c,TiMg,3-c,hwx,7,N7,592,geometric_outlier,3.195636,3.012569,0.183067,0.994737,9120,9072,,reused_existing,TiMg/3-c/hwx-TiMg-7-592.cif,structures/TiMg/3-c/hwx-TiMg-7-592.cif
sab-TiMg-7-592,3-c,TiMg,3-c,sab,7,N7,592,geometric_outlier,3.195636,3.012569,0.183067,0.994737,9120,9072,,reused_existing,TiMg/3-c/sab-TiMg-7-592.cif,structures/TiMg/3-c/sab-TiMg-7-592.cif
sit-TiMg-7-592,3-c,TiMg,3-c,sit,7,N7,592,geometric_outlier,3.299025,3.012569,0.286456,0.994737,9120,9072,,reused_existing,TiMg/3-c/sit-TiMg-7-592.cif,structures/TiMg/3-c/sit-TiMg-7-592.cif
ydq-TiMg-7-592,3-c,TiMg,3-c,ydq,7,N7,592,in_distribution,2.931921,3.012569,-0.080648,0.994737,54720,54432,,reused_existing,TiMg/3-c/ydq-TiMg-7-592.cif,structures/TiMg/3-c/ydq-TiMg-7-592.cif
ceq-TiMg-TATB,3-c,TiMg,3-c,ceq,8,N8,TATB,in_distribution,2.324048,3.012569,-0.688522,0.989011,13104,12960,,newly_scored,TiMg/TATB/ceq-TiMg-TATB.cif,structures/TiMg/TATB/ceq-TiMg-TATB.cif
cml-TiMg-TATB,3-c,TiMg,3-c,cml,8,N8,TATB,in_distribution,2.295847,3.012569,-0.716722,0.989011,4368,4320,,newly_scored,TiMg/TATB/cml-TiMg-TATB.cif,structures/TiMg/TATB/cml-TiMg-TATB.cif
dag-TiMg-TATB,3-c,TiMg,3-c,dag,8,N8,TATB,in_distribution,2.588177,3.012569,-0.424392,0.989011,4368,4320,,newly_scored,TiMg/TATB/dag-TiMg-TATB.cif,structures/TiMg/TATB/dag-TiMg-TATB.cif
fmz-TiMg-TATB,3-c,TiMg,3-c,fmz,8,N8,TATB,in_distribution,2.217080,3.012569,-0.795489,0.989011,9828,9720,,newly_scored,TiMg/TATB/fmz-TiMg-TATB.cif,structures/TiMg/TATB/fmz-TiMg-TATB.cif
hwx-TiMg-TATB,3-c,TiMg,3-c,hwx,8,N8,TATB,in_distribution,2.207346,3.012569,-0.805223,0.989011,4368,4320,,newly_scored,TiMg/TATB/hwx-TiMg-TATB.cif,structures/TiMg/TATB/hwx-TiMg-TATB.cif
sab-TiMg-TATB,3-c,TiMg,3-c,sab,8,N8,TATB,geometric_outlier,3.543780,3.012569,0.531211,0.989011,4368,4320,,newly_scored,TiMg/TATB/sab-TiMg-TATB.cif,structures/TiMg/TATB/sab-TiMg-TATB.cif
sit-TiMg-TATB,3-c,TiMg,3-c,sit,8,N8,TATB,geometric_outlier,3.474412,3.012569,0.461843,0.989011,4368,4320,,newly_scored,TiMg/TATB/sit-TiMg-TATB.cif,structures/TiMg/TATB/sit-TiMg-TATB.cif
ydq-TiMg-TATB,3-c,TiMg,3-c,ydq,8,N8,TATB,in_distribution,2.383004,3.012569,-0.629565,0.989011,26208,25920,,newly_scored,TiMg/TATB/ydq-TiMg-TATB.cif,structures/TiMg/TATB/ydq-TiMg-TATB.cif
ceq-TiMg-9-130,3-c,TiMg,3-c,ceq,9,N9,130,in_distribution,2.906749,3.012569,-0.105820,0.974522,12560,12240,,reused_existing,TiMg/3-c/ceq-TiMg-9-130.cif,structures/TiMg/3-c/ceq-TiMg-9-130.cif
cml-TiMg-9-130,3-c,TiMg,3-c,cml,9,N9,130,in_distribution,2.835371,3.012569,-0.177198,0.965677,17248,16656,,reused_existing,TiMg/3-c/cml-TiMg-9-130.cif,structures/TiMg/3-c/cml-TiMg-9-130.cif
dag-TiMg-9-130,3-c,TiMg,3-c,dag,9,N9,130,in_distribution,2.774473,3.012569,-0.238096,0.947669,16816,15936,,reused_existing,TiMg/3-c/dag-TiMg-9-130.cif,structures/TiMg/3-c/dag-TiMg-9-130.cif
fmz-TiMg-9-130,3-c,TiMg,3-c,fmz,9,N9,130,in_distribution,2.778677,3.012569,-0.233892,0.961270,37800,36336,,reused_existing,TiMg/3-c/fmz-TiMg-9-130.cif,structures/TiMg/3-c/fmz-TiMg-9-130.cif
hwx-TiMg-9-130,3-c,TiMg,3-c,hwx,9,N9,130,in_distribution,2.686073,3.012569,-0.326496,0.988372,24768,24480,,reused_existing,TiMg/3-c/hwx-TiMg-9-130.cif,structures/TiMg/3-c/hwx-TiMg-9-130.cif
sab-TiMg-9-130,3-c,TiMg,3-c,sab,9,N9,130,in_distribution,2.488597,3.012569,-0.523972,0.967710,32704,31648,,reused_existing,TiMg/3-c/sab-TiMg-9-130.cif,structures/TiMg/3-c/sab-TiMg-9-130.cif
sit-TiMg-9-130,3-c,TiMg,3-c,sit,9,N9,130,in_distribution,2.026694,3.012569,-0.985875,0.988372,12384,12240,,reused_existing,TiMg/3-c/sit-TiMg-9-130.cif,structures/TiMg/3-c/sit-TiMg-9-130.cif
ydq-TiMg-9-130,3-c,TiMg,3-c,ydq,9,N9,130,in_distribution,2.906749,3.012569,-0.105820,0.988368,24760,24472,,reused_existing,TiMg/3-c/ydq-TiMg-9-130.cif,structures/TiMg/3-c/ydq-TiMg-9-130.cif
ceq-TiMg-10-333,3-c,TiMg,3-c,ceq,10,N10,333,in_distribution,2.381638,3.012569,-0.630931,0.988281,12288,12144,,reused_existing,TiMg/3-c/ceq-TiMg-10-333.cif,structures/TiMg/3-c/ceq-TiMg-10-333.cif
cml-TiMg-10-333,3-c,TiMg,3-c,cml,10,N10,333,in_distribution,2.329055,3.012569,-0.683514,0.988281,16384,16192,,reused_existing,TiMg/3-c/cml-TiMg-10-333.cif,structures/TiMg/3-c/cml-TiMg-10-333.cif
dag-TiMg-10-333,3-c,TiMg,3-c,dag,10,N10,333,in_distribution,2.454772,3.012569,-0.557797,0.988281,8192,8096,,reused_existing,TiMg/3-c/dag-TiMg-10-333.cif,structures/TiMg/3-c/dag-TiMg-10-333.cif
fmz-TiMg-10-333,3-c,TiMg,3-c,fmz,10,N10,333,in_distribution,2.690628,3.012569,-0.321941,0.988281,36864,36432,,reused_existing,TiMg/3-c/fmz-TiMg-10-333.cif,structures/TiMg/3-c/fmz-TiMg-10-333.cif
hwx-TiMg-10-333,3-c,TiMg,3-c,hwx,10,N10,333,in_distribution,2.748917,3.012569,-0.263652,0.988281,4096,4048,,reused_existing,TiMg/3-c/hwx-TiMg-10-333.cif,structures/TiMg/3-c/hwx-TiMg-10-333.cif
sab-TiMg-10-333,3-c,TiMg,3-c,sab,10,N10,333,in_distribution,2.811924,3.012569,-0.200645,0.988281,8192,8096,,reused_existing,TiMg/3-c/sab-TiMg-10-333.cif,structures/TiMg/3-c/sab-TiMg-10-333.cif
sit-TiMg-10-333,3-c,TiMg,3-c,sit,10,N10,333,in_distribution,2.217080,3.012569,-0.795489,0.988281,8192,8096,,reused_existing,TiMg/3-c/sit-TiMg-10-333.cif,structures/TiMg/3-c/sit-TiMg-10-333.cif
ydq-TiMg-10-333,3-c,TiMg,3-c,ydq,10,N10,333,in_distribution,2.217080,3.012569,-0.795489,0.988281,24576,24288,,reused_existing,TiMg/3-c/ydq-TiMg-10-333.cif,structures/TiMg/3-c/ydq-TiMg-10-333.cif
ceq-TiMg-11-516,3-c,TiMg,3-c,ceq,11,N11,516,in_distribution,2.320342,3.012569,-0.692227,0.988506,12528,12384,,reused_existing,TiMg/3-c/ceq-TiMg-11-516.cif,structures/TiMg/3-c/ceq-TiMg-11-516.cif
cml-TiMg-11-516,3-c,TiMg,3-c,cml,11,N11,516,in_distribution,2.610624,3.012569,-0.401945,0.988506,16704,16512,,reused_existing,TiMg/3-c/cml-TiMg-11-516.cif,structures/TiMg/3-c/cml-TiMg-11-516.cif
dag-TiMg-11-516,3-c,TiMg,3-c,dag,11,N11,516,in_distribution,2.690628,3.012569,-0.321941,0.983325,8396,8256,,reused_existing,TiMg/3-c/dag-TiMg-11-516.cif,structures/TiMg/3-c/dag-TiMg-11-516.cif
fmz-TiMg-11-516,3-c,TiMg,3-c,fmz,11,N11,516,in_distribution,2.727089,3.012569,-0.285480,0.984420,37740,37152,,reused_existing,TiMg/3-c/fmz-TiMg-11-516.cif,structures/TiMg/3-c/fmz-TiMg-11-516.cif
hwx-TiMg-11-516,3-c,TiMg,3-c,hwx,11,N11,516,in_distribution,2.748849,3.012569,-0.263720,0.988506,4176,4128,,reused_existing,TiMg/3-c/hwx-TiMg-11-516.cif,structures/TiMg/3-c/hwx-TiMg-11-516.cif
sab-TiMg-11-516,3-c,TiMg,3-c,sab,11,N11,516,in_distribution,2.526809,3.012569,-0.485760,0.988506,8352,8256,,reused_existing,TiMg/3-c/sab-TiMg-11-516.cif,structures/TiMg/3-c/sab-TiMg-11-516.cif
sit-TiMg-11-516,3-c,TiMg,3-c,sit,11,N11,516,in_distribution,2.372972,3.012569,-0.639597,0.988506,8352,8256,,reused_existing,TiMg/3-c/sit-TiMg-11-516.cif,structures/TiMg/3-c/sit-TiMg-11-516.cif
ydq-TiMg-11-516,3-c,TiMg,3-c,ydq,11,N11,516,in_distribution,2.283199,3.012569,-0.729370,0.988506,25056,24768,,reused_existing,TiMg/3-c/ydq-TiMg-11-516.cif,structures/TiMg/3-c/ydq-TiMg-11-516.cif
ceq-TiMg-12-639,3-c,TiMg,3-c,ceq,12,N12,639,in_distribution,2.709720,3.012569,-0.302849,0.987500,11520,11376,,reused_existing,TiMg/3-c/ceq-TiMg-12-639.cif,structures/TiMg/3-c/ceq-TiMg-12-639.cif
cml-TiMg-12-639,3-c,TiMg,3-c,cml,12,N12,639,in_distribution,2.754820,3.012569,-0.257749,0.987500,15360,15168,,reused_existing,TiMg/3-c/cml-TiMg-12-639.cif,structures/TiMg/3-c/cml-TiMg-12-639.cif
dag-TiMg-12-639,3-c,TiMg,3-c,dag,12,N12,639,in_distribution,2.889839,3.012569,-0.122730,0.964742,15656,15104,,reused_existing,TiMg/3-c/dag-TiMg-12-639.cif,structures/TiMg/3-c/dag-TiMg-12-639.cif
fmz-TiMg-12-639,3-c,TiMg,3-c,fmz,12,N12,639,in_distribution,2.864262,3.012569,-0.148307,0.984992,34648,34128,,reused_existing,TiMg/3-c/fmz-TiMg-12-639.cif,structures/TiMg/3-c/fmz-TiMg-12-639.cif
hwx-TiMg-12-639,3-c,TiMg,3-c,hwx,12,N12,639,in_distribution,2.818457,3.012569,-0.194112,0.987500,3840,3792,,reused_existing,TiMg/3-c/hwx-TiMg-12-639.cif,structures/TiMg/3-c/hwx-TiMg-12-639.cif
sab-TiMg-12-639,3-c,TiMg,3-c,sab,12,N12,639,in_distribution,2.771987,3.012569,-0.240582,0.987500,7680,7584,,reused_existing,TiMg/3-c/sab-TiMg-12-639.cif,structures/TiMg/3-c/sab-TiMg-12-639.cif
sit-TiMg-12-639,3-c,TiMg,3-c,sit,12,N12,639,geometric_outlier,3.782404,3.012569,0.769835,0.987500,7680,7584,,reused_existing,TiMg/3-c/sit-TiMg-12-639.cif,structures/TiMg/3-c/sit-TiMg-12-639.cif
ydq-TiMg-12-639,3-c,TiMg,3-c,ydq,12,N12,639,in_distribution,2.709720,3.012569,-0.302849,0.987500,23040,22752,,reused_existing,TiMg/3-c/ydq-TiMg-12-639.cif,structures/TiMg/3-c/ydq-TiMg-12-639.cif
ceq-TiMg-13-126,3-c,TiMg,3-c,ceq,13,N13,126,in_distribution,2.190158,3.012569,-0.822411,0.991379,2088,2070,,reused_existing,TiMg/3-c/ceq-TiMg-13-126.cif,structures/TiMg/3-c/ceq-TiMg-13-126.cif
cml-TiMg-13-126,3-c,TiMg,3-c,cml,13,N13,126,in_distribution,2.188564,3.012569,-0.824005,0.991379,2784,2760,,reused_existing,TiMg/3-c/cml-TiMg-13-126.cif,structures/TiMg/3-c/cml-TiMg-13-126.cif
dag-TiMg-13-126,3-c,TiMg,3-c,dag,13,N13,126,in_distribution,2.428353,3.012569,-0.584216,0.991379,2784,2760,,reused_existing,TiMg/3-c/dag-TiMg-13-126.cif,structures/TiMg/3-c/dag-TiMg-13-126.cif
fmz-TiMg-13-126,3-c,TiMg,3-c,fmz,13,N13,126,in_distribution,2.199130,3.012569,-0.813439,0.991379,12528,12420,,reused_existing,TiMg/3-c/fmz-TiMg-13-126.cif,structures/TiMg/3-c/fmz-TiMg-13-126.cif
hwx-TiMg-13-126,3-c,TiMg,3-c,hwx,13,N13,126,in_distribution,2.190158,3.012569,-0.822411,0.991379,5568,5520,,reused_existing,TiMg/3-c/hwx-TiMg-13-126.cif,structures/TiMg/3-c/hwx-TiMg-13-126.cif
sab-TiMg-13-126,3-c,TiMg,3-c,sab,13,N13,126,in_distribution,2.204323,3.012569,-0.808246,0.991379,5568,5520,,reused_existing,TiMg/3-c/sab-TiMg-13-126.cif,structures/TiMg/3-c/sab-TiMg-13-126.cif
sit-TiMg-13-126,3-c,TiMg,3-c,sit,13,N13,126,in_distribution,2.190158,3.012569,-0.822411,0.991379,2784,2760,,reused_existing,TiMg/3-c/sit-TiMg-13-126.cif,structures/TiMg/3-c/sit-TiMg-13-126.cif
ydq-TiMg-13-126,3-c,TiMg,3-c,ydq,13,N13,126,in_distribution,2.217080,3.012569,-0.795489,0.991379,33408,33120,,reused_existing,TiMg/3-c/ydq-TiMg-13-126.cif,structures/TiMg/3-c/ydq-TiMg-13-126.cif
ceq-TiNi-1-10,3-c,TiNi,3-c,ceq,1,N1,10,geometric_outlier,3.363519,3.012569,0.350950,0.932642,9264,8640,,reused_existing,TiNi/3-c/ceq-TiNi-1-10.cif,structures/TiNi/3-c/ceq-TiNi-1-10.cif
cml-TiNi-1-10,3-c,TiNi,3-c,cml,1,N1,10,geometric_outlier,3.120093,3.012569,0.107524,0.933852,12336,11520,,reused_existing,TiNi/3-c/cml-TiNi-1-10.cif,structures/TiNi/3-c/cml-TiNi-1-10.cif
dag-TiNi-1-10,3-c,TiNi,3-c,dag,1,N1,10,geometric_outlier,4.073551,3.012569,1.060982,0.887884,8848,7856,,reused_existing,TiNi/3-c/dag-TiNi-1-10.cif,structures/TiNi/3-c/dag-TiNi-1-10.cif
fmz-TiNi-1-10,3-c,TiNi,3-c,fmz,1,N1,10,geometric_outlier,3.363519,3.012569,0.350950,0.953853,18116,17280,,reused_existing,TiNi/3-c/fmz-TiNi-1-10.cif,structures/TiNi/3-c/fmz-TiNi-1-10.cif
hwx-TiNi-1-10,3-c,TiNi,3-c,hwx,1,N1,10,geometric_outlier,3.120093,3.012569,0.107524,0.923077,12480,11520,,reused_existing,TiNi/3-c/hwx-TiNi-1-10.cif,structures/TiNi/3-c/hwx-TiNi-1-10.cif
sab-TiNi-1-10,3-c,TiNi,3-c,sab,1,N1,10,geometric_outlier,3.874116,3.012569,0.861547,0.964824,15920,15360,,reused_existing,TiNi/3-c/sab-TiNi-1-10.cif,structures/TiNi/3-c/sab-TiNi-1-10.cif
sit-TiNi-1-10,3-c,TiNi,3-c,sit,1,N1,10,geometric_outlier,3.113086,3.012569,0.100517,0.933852,6168,5760,,reused_existing,TiNi/3-c/sit-TiNi-1-10.cif,structures/TiNi/3-c/sit-TiNi-1-10.cif
ydq-TiNi-1-10,3-c,TiNi,3-c,ydq,1,N1,10,in_distribution,2.876856,3.012569,-0.135713,0.935369,12316,11520,,reused_existing,TiNi/3-c/ydq-TiNi-1-10.cif,structures/TiNi/3-c/ydq-TiNi-1-10.cif
ceq-TiNi-2-19,3-c,TiNi,3-c,ceq,2,N2,19,geometric_outlier,3.088967,3.012569,0.076398,0.935433,7620,7128,,reused_existing,TiNi/3-c/ceq-TiNi-2-19.cif,structures/TiNi/3-c/ceq-TiNi-2-19.cif
cml-TiNi-2-19,3-c,TiNi,3-c,cml,2,N2,19,in_distribution,2.812017,3.012569,-0.200552,0.970588,9792,9504,,reused_existing,TiNi/3-c/cml-TiNi-2-19.cif,structures/TiNi/3-c/cml-TiNi-2-19.cif
dag-TiNi-2-19,3-c,TiNi,3-c,dag,2,N2,19,geometric_outlier,3.598672,3.012569,0.586103,0.848739,7616,6464,,reused_existing,TiNi/3-c/dag-TiNi-2-19.cif,structures/TiNi/3-c/dag-TiNi-2-19.cif
fmz-TiNi-2-19,3-c,TiNi,3-c,fmz,2,N2,19,geometric_outlier,3.151640,3.012569,0.139071,0.930548,15320,14256,,reused_existing,TiNi/3-c/fmz-TiNi-2-19.cif,structures/TiNi/3-c/fmz-TiNi-2-19.cif
hwx-TiNi-2-19,3-c,TiNi,3-c,hwx,2,N2,19,geometric_outlier,3.088967,3.012569,0.076398,0.920930,10320,9504,,reused_existing,TiNi/3-c/hwx-TiNi-2-19.cif,structures/TiNi/3-c/hwx-TiNi-2-19.cif
sab-TiNi-2-19,3-c,TiNi,3-c,sab,2,N2,19,geometric_outlier,3.177903,3.012569,0.165334,0.920930,13760,12672,,reused_existing,TiNi/3-c/sab-TiNi-2-19.cif,structures/TiNi/3-c/sab-TiNi-2-19.cif
sit-TiNi-2-19,3-c,TiNi,3-c,sit,2,N2,19,geometric_outlier,3.088967,3.012569,0.076398,0.945107,7542,7128,,reused_existing,TiNi/3-c/sit-TiNi-2-19.cif,structures/TiNi/3-c/sit-TiNi-2-19.cif
ydq-TiNi-2-19,3-c,TiNi,3-c,ydq,2,N2,19,geometric_outlier,3.088967,3.012569,0.076398,0.942016,10089,9504,,reused_existing,TiNi/3-c/ydq-TiNi-2-19.cif,structures/TiNi/3-c/ydq-TiNi-2-19.cif
ceq-TiNi-3-20,3-c,TiNi,3-c,ceq,3,N3,20,in_distribution,2.845309,3.012569,-0.167260,0.965106,14100,13608,,reused_existing,TiNi/3-c/ceq-TiNi-3-20.cif,structures/TiNi/3-c/ceq-TiNi-3-20.cif
cml-TiNi-3-20,3-c,TiNi,3-c,cml,3,N3,20,geometric_outlier,3.599332,3.012569,0.586763,0.928747,13024,12096,,reused_existing,TiNi/3-c/cml-TiNi-3-20.cif,structures/TiNi/3-c/cml-TiNi-3-20.cif
dag-TiNi-3-20,3-c,TiNi,3-c,dag,3,N3,20,geometric_outlier,3.235447,3.012569,0.222878,0.928747,13024,12096,,reused_existing,TiNi/3-c/dag-TiNi-3-20.cif,structures/TiNi/3-c/dag-TiNi-3-20.cif
fmz-TiNi-3-20,3-c,TiNi,3-c,fmz,3,N3,20,geometric_outlier,3.834987,3.012569,0.822418,0.974785,27920,27216,,reused_existing,TiNi/3-c/fmz-TiNi-3-20.cif,structures/TiNi/3-c/fmz-TiNi-3-20.cif
hwx-TiNi-3-20,3-c,TiNi,3-c,hwx,3,N3,20,geometric_outlier,3.094141,3.012569,0.081572,0.949749,19104,18144,,reused_existing,TiNi/3-c/hwx-TiNi-3-20.cif,structures/TiNi/3-c/hwx-TiNi-3-20.cif
sab-TiNi-3-20,3-c,TiNi,3-c,sab,3,N3,20,geometric_outlier,3.074659,3.012569,0.062090,0.956962,12640,12096,,reused_existing,TiNi/3-c/sab-TiNi-3-20.cif,structures/TiNi/3-c/sab-TiNi-3-20.cif
sit-TiNi-3-20,3-c,TiNi,3-c,sit,3,N3,20,in_distribution,2.905887,3.012569,-0.106682,0.956962,9480,9072,,reused_existing,TiNi/3-c/sit-TiNi-3-20.cif,structures/TiNi/3-c/sit-TiNi-3-20.cif
ydq-TiNi-3-20,3-c,TiNi,3-c,ydq,3,N3,20,in_distribution,2.933707,3.012569,-0.078862,0.954545,19008,18144,,reused_existing,TiNi/3-c/ydq-TiNi-3-20.cif,structures/TiNi/3-c/ydq-TiNi-3-20.cif
ceq-TiNi-4-410,3-c,TiNi,3-c,ceq,4,N4,410,geometric_outlier,3.045951,3.012569,0.033382,0.943689,12360,11664,,reused_existing,TiNi/3-c/ceq-TiNi-4-410.cif,structures/TiNi/3-c/ceq-TiNi-4-410.cif
cml-TiNi-4-410,3-c,TiNi,3-c,cml,4,N4,410,in_distribution,3.000509,3.012569,-0.012060,0.954813,16288,15552,,reused_existing,TiNi/3-c/cml-TiNi-4-410.cif,structures/TiNi/3-c/cml-TiNi-4-410.cif
dag-TiNi-4-410,3-c,TiNi,3-c,dag,4,N4,410,geometric_outlier,3.098884,3.012569,0.086315,0.943689,16480,15552,,reused_existing,TiNi/3-c/dag-TiNi-4-410.cif,structures/TiNi/3-c/dag-TiNi-4-410.cif
fmz-TiNi-4-410,3-c,TiNi,3-c,fmz,4,N4,410,geometric_outlier,3.045951,3.012569,0.033382,0.943689,37080,34992,,reused_existing,TiNi/3-c/fmz-TiNi-4-410.cif,structures/TiNi/3-c/fmz-TiNi-4-410.cif
hwx-TiNi-4-410,3-c,TiNi,3-c,hwx,4,N4,410,geometric_outlier,3.047160,3.012569,0.034591,0.960474,4048,3888,,reused_existing,TiNi/3-c/hwx-TiNi-4-410.cif,structures/TiNi/3-c/hwx-TiNi-4-410.cif
sab-TiNi-4-410,3-c,TiNi,3-c,sab,4,N4,410,geometric_outlier,3.027790,3.012569,0.015221,0.982314,7916,7776,,reused_existing,TiNi/3-c/sab-TiNi-4-410.cif,structures/TiNi/3-c/sab-TiNi-4-410.cif
sit-TiNi-4-410,3-c,TiNi,3-c,sit,4,N4,410,in_distribution,2.892025,3.012569,-0.120544,0.954813,8144,7776,,reused_existing,TiNi/3-c/sit-TiNi-4-410.cif,structures/TiNi/3-c/sit-TiNi-4-410.cif
ydq-TiNi-4-410,3-c,TiNi,3-c,ydq,4,N4,410,in_distribution,2.818379,3.012569,-0.194190,0.943689,24720,23328,,reused_existing,TiNi/3-c/ydq-TiNi-4-410.cif,structures/TiNi/3-c/ydq-TiNi-4-410.cif
ceq-TiNi-5-386,3-c,TiNi,3-c,ceq,5,N5,386,in_distribution,2.585592,3.012569,-0.426977,0.990291,1854,1836,,reused_existing,TiNi/3-c/ceq-TiNi-5-386.cif,structures/TiNi/3-c/ceq-TiNi-5-386.cif
cml-TiNi-5-386,3-c,TiNi,3-c,cml,5,N5,386,in_distribution,2.626474,3.012569,-0.386095,0.985904,2483,2448,,reused_existing,TiNi/3-c/cml-TiNi-5-386.cif,structures/TiNi/3-c/cml-TiNi-5-386.cif
dag-TiNi-5-386,3-c,TiNi,3-c,dag,5,N5,386,in_distribution,2.961645,3.012569,-0.050924,0.981162,2495,2448,,reused_existing,TiNi/3-c/dag-TiNi-5-386.cif,structures/TiNi/3-c/dag-TiNi-5-386.cif
fmz-TiNi-5-386,3-c,TiNi,3-c,fmz,5,N5,386,in_distribution,2.697463,3.012569,-0.315106,0.982343,11214,11016,,reused_existing,TiNi/3-c/fmz-TiNi-5-386.cif,structures/TiNi/3-c/fmz-TiNi-5-386.cif
hwx-TiNi-5-386,3-c,TiNi,3-c,hwx,5,N5,386,in_distribution,2.611542,3.012569,-0.401027,0.990291,4944,4896,,reused_existing,TiNi/3-c/hwx-TiNi-5-386.cif,structures/TiNi/3-c/hwx-TiNi-5-386.cif
sab-TiNi-5-386,3-c,TiNi,3-c,sab,5,N5,386,in_distribution,2.501283,3.012569,-0.511286,0.990291,4944,4896,,reused_existing,TiNi/3-c/sab-TiNi-5-386.cif,structures/TiNi/3-c/sab-TiNi-5-386.cif
sit-TiNi-5-386,3-c,TiNi,3-c,sit,5,N5,386,in_distribution,2.724087,3.012569,-0.288482,0.990291,2472,2448,,reused_existing,TiNi/3-c/sit-TiNi-5-386.cif,structures/TiNi/3-c/sit-TiNi-5-386.cif
ydq-TiNi-5-386,3-c,TiNi,3-c,ydq,5,N5,386,in_distribution,2.069019,3.012569,-0.943550,0.990291,29664,29376,,reused_existing,TiNi/3-c/ydq-TiNi-5-386.cif,structures/TiNi/3-c/ydq-TiNi-5-386.cif
ceq-TiNi-6-225,3-c,TiNi,3-c,ceq,6,N6,225,geometric_outlier,3.640701,3.012569,0.628132,0.919220,12924,11880,,reused_existing,TiNi/3-c/ceq-TiNi-6-225.cif,structures/TiNi/3-c/ceq-TiNi-6-225.cif
cml-TiNi-6-225,3-c,TiNi,3-c,cml,6,N6,225,geometric_outlier,3.640701,3.012569,0.628132,0.919220,17232,15840,,reused_existing,TiNi/3-c/cml-TiNi-6-225.cif,structures/TiNi/3-c/cml-TiNi-6-225.cif
dag-TiNi-6-225,3-c,TiNi,3-c,dag,6,N6,225,geometric_outlier,3.685522,3.012569,0.672953,0.915416,17592,16104,,reused_existing,TiNi/3-c/dag-TiNi-6-225.cif,structures/TiNi/3-c/dag-TiNi-6-225.cif
fmz-TiNi-6-225,3-c,TiNi,3-c,fmz,6,N6,225,geometric_outlier,3.640701,3.012569,0.628132,0.939576,25288,23760,,reused_existing,TiNi/3-c/fmz-TiNi-6-225.cif,structures/TiNi/3-c/fmz-TiNi-6-225.cif
hwx-TiNi-6-225,3-c,TiNi,3-c,hwx,6,N6,225,geometric_outlier,3.378185,3.012569,0.365616,0.926966,17088,15840,,reused_existing,TiNi/3-c/hwx-TiNi-6-225.cif,structures/TiNi/3-c/hwx-TiNi-6-225.cif
sab-TiNi-6-225,3-c,TiNi,3-c,sab,6,N6,225,geometric_outlier,3.640701,3.012569,0.628132,0.958606,22032,21120,,reused_existing,TiNi/3-c/sab-TiNi-6-225.cif,structures/TiNi/3-c/sab-TiNi-6-225.cif
sit-TiNi-6-225,3-c,TiNi,3-c,sit,6,N6,225,geometric_outlier,3.640701,3.012569,0.628132,0.919220,12924,11880,,reused_existing,TiNi/3-c/sit-TiNi-6-225.cif,structures/TiNi/3-c/sit-TiNi-6-225.cif
ydq-TiNi-6-225,3-c,TiNi,3-c,ydq,6,N6,225,geometric_outlier,3.640701,3.012569,0.628132,0.919861,17220,15840,,reused_existing,TiNi/3-c/ydq-TiNi-6-225.cif,structures/TiNi/3-c/ydq-TiNi-6-225.cif
ceq-TiNi-7-592,3-c,TiNi,3-c,ceq,7,N7,592,in_distribution,2.967066,3.012569,-0.045503,0.988379,27536,27216,,reused_existing,TiNi/3-c/ceq-TiNi-7-592.cif,structures/TiNi/3-c/ceq-TiNi-7-592.cif
cml-TiNi-7-592,3-c,TiNi,3-c,cml,7,N7,592,geometric_outlier,4.030139,3.012569,1.017570,0.980121,9256,9072,,reused_existing,TiNi/3-c/cml-TiNi-7-592.cif,structures/TiNi/3-c/cml-TiNi-7-592.cif
dag-TiNi-7-592,3-c,TiNi,3-c,dag,7,N7,592,geometric_outlier,3.227930,3.012569,0.215361,0.977586,9280,9072,,reused_existing,TiNi/3-c/dag-TiNi-7-592.cif,structures/TiNi/3-c/dag-TiNi-7-592.cif
fmz-TiNi-7-592,3-c,TiNi,3-c,fmz,7,N7,592,geometric_outlier,3.120093,3.012569,0.107524,0.987853,20663,20412,,reused_existing,TiNi/3-c/fmz-TiNi-7-592.cif,structures/TiNi/3-c/fmz-TiNi-7-592.cif
hwx-TiNi-7-592,3-c,TiNi,3-c,hwx,7,N7,592,geometric_outlier,3.052769,3.012569,0.040200,0.979909,9258,9072,,reused_existing,TiNi/3-c/hwx-TiNi-7-592.cif,structures/TiNi/3-c/hwx-TiNi-7-592.cif
sab-TiNi-7-592,3-c,TiNi,3-c,sab,7,N7,592,geometric_outlier,3.944336,3.012569,0.931767,0.993538,9131,9072,,reused_existing,TiNi/3-c/sab-TiNi-7-592.cif,structures/TiNi/3-c/sab-TiNi-7-592.cif
sit-TiNi-7-592,3-c,TiNi,3-c,sit,7,N7,592,geometric_outlier,3.154315,3.012569,0.141746,0.994737,9120,9072,,reused_existing,TiNi/3-c/sit-TiNi-7-592.cif,structures/TiNi/3-c/sit-TiNi-7-592.cif
ydq-TiNi-7-592,3-c,TiNi,3-c,ydq,7,N7,592,in_distribution,2.927927,3.012569,-0.084642,0.985462,55235,54432,,reused_existing,TiNi/3-c/ydq-TiNi-7-592.cif,structures/TiNi/3-c/ydq-TiNi-7-592.cif
ceq-TiNi-TATB,3-c,TiNi,3-c,ceq,8,N8,TATB,in_distribution,2.277066,3.012569,-0.735503,0.989011,13104,12960,,newly_scored,TiNi/TATB/ceq-TiNi-TATB.cif,structures/TiNi/TATB/ceq-TiNi-TATB.cif
cml-TiNi-TATB,3-c,TiNi,3-c,cml,8,N8,TATB,geometric_outlier,3.465440,3.012569,0.452871,0.969479,4456,4320,,newly_scored,TiNi/TATB/cml-TiNi-TATB.cif,structures/TiNi/TATB/cml-TiNi-TATB.cif
dag-TiNi-TATB,3-c,TiNi,3-c,dag,8,N8,TATB,in_distribution,2.747149,3.012569,-0.265420,0.954064,4528,4320,,newly_scored,TiNi/TATB/dag-TiNi-TATB.cif,structures/TiNi/TATB/dag-TiNi-TATB.cif
fmz-TiNi-TATB,3-c,TiNi,3-c,fmz,8,N8,TATB,in_distribution,2.646377,3.012569,-0.366193,0.964190,10081,9720,,newly_scored,TiNi/TATB/fmz-TiNi-TATB.cif,structures/TiNi/TATB/fmz-TiNi-TATB.cif
hwx-TiNi-TATB,3-c,TiNi,3-c,hwx,8,N8,TATB,in_distribution,2.268094,3.012569,-0.744475,0.984055,4390,4320,,newly_scored,TiNi/TATB/hwx-TiNi-TATB.cif,structures/TiNi/TATB/hwx-TiNi-TATB.cif
sab-TiNi-TATB,3-c,TiNi,3-c,sab,8,N8,TATB,geometric_outlier,3.317786,3.012569,0.305216,0.976713,4423,4320,,newly_scored,TiNi/TATB/sab-TiNi-TATB.cif,structures/TiNi/TATB/sab-TiNi-TATB.cif
sit-TiNi-TATB,3-c,TiNi,3-c,sit,8,N8,TATB,in_distribution,2.316969,3.012569,-0.695600,0.989011,8736,8640,,newly_scored,TiNi/TATB/sit-TiNi-TATB.cif,structures/TiNi/TATB/sit-TiNi-TATB.cif
ydq-TiNi-TATB,3-c,TiNi,3-c,ydq,8,N8,TATB,in_distribution,2.559926,3.012569,-0.452643,0.969479,26736,25920,,newly_scored,TiNi/TATB/ydq-TiNi-TATB.cif,structures/TiNi/TATB/ydq-TiNi-TATB.cif
ceq-TiNi-9-130,3-c,TiNi,3-c,ceq,9,N9,130,geometric_outlier,3.561370,3.012569,0.548801,0.960452,12744,12240,,reused_existing,TiNi/3-c/ceq-TiNi-9-130.cif,structures/TiNi/3-c/ceq-TiNi-9-130.cif
cml-TiNi-9-130,3-c,TiNi,3-c,cml,9,N9,130,in_distribution,2.974619,3.012569,-0.037950,0.956848,17056,16320,,reused_existing,TiNi/3-c/cml-TiNi-9-130.cif,structures/TiNi/3-c/cml-TiNi-9-130.cif
dag-TiNi-9-130,3-c,TiNi,3-c,dag,9,N9,130,geometric_outlier,3.427629,3.012569,0.415060,0.939659,17368,16320,,reused_existing,TiNi/3-c/dag-TiNi-9-130.cif,structures/TiNi/3-c/dag-TiNi-9-130.cif
fmz-TiNi-9-130,3-c,TiNi,3-c,fmz,9,N9,130,geometric_outlier,3.179751,3.012569,0.167182,0.960452,38232,36720,,reused_existing,TiNi/3-c/fmz-TiNi-9-130.cif,structures/TiNi/3-c/fmz-TiNi-9-130.cif
hwx-TiNi-9-130,3-c,TiNi,3-c,hwx,9,N9,130,in_distribution,2.868703,3.012569,-0.143866,0.967742,25296,24480,,reused_existing,TiNi/3-c/hwx-TiNi-9-130.cif,structures/TiNi/3-c/hwx-TiNi-9-130.cif
sab-TiNi-9-130,3-c,TiNi,3-c,sab,9,N9,130,geometric_outlier,3.607595,3.012569,0.595026,0.956848,34112,32640,,reused_existing,TiNi/3-c/sab-TiNi-9-130.cif,structures/TiNi/3-c/sab-TiNi-9-130.cif
sit-TiNi-9-130,3-c,TiNi,3-c,sit,9,N9,130,in_distribution,2.868703,3.012569,-0.143866,0.967742,12648,12240,,reused_existing,TiNi/3-c/sit-TiNi-9-130.cif,structures/TiNi/3-c/sit-TiNi-9-130.cif
ydq-TiNi-9-130,3-c,TiNi,3-c,ydq,9,N9,130,geometric_outlier,3.502168,3.012569,0.489599,0.974212,25128,24480,,reused_existing,TiNi/3-c/ydq-TiNi-9-130.cif,structures/TiNi/3-c/ydq-TiNi-9-130.cif
ceq-TiNi-10-333,3-c,TiNi,3-c,ceq,10,N10,333,in_distribution,2.760422,3.012569,-0.252147,0.952919,12744,12144,,reused_existing,TiNi/3-c/ceq-TiNi-10-333.cif,structures/TiNi/3-c/ceq-TiNi-10-333.cif
cml-TiNi-10-333,3-c,TiNi,3-c,cml,10,N10,333,in_distribution,2.609413,3.012569,-0.403156,0.967495,16736,16192,,reused_existing,TiNi/3-c/cml-TiNi-10-333.cif,structures/TiNi/3-c/cml-TiNi-10-333.cif
dag-TiNi-10-333,3-c,TiNi,3-c,dag,10,N10,333,in_distribution,2.941864,3.012569,-0.070705,0.956522,16928,16192,,reused_existing,TiNi/3-c/dag-TiNi-10-333.cif,structures/TiNi/3-c/dag-TiNi-10-333.cif
fmz-TiNi-10-333,3-c,TiNi,3-c,fmz,10,N10,333,in_distribution,2.792726,3.012569,-0.219843,0.964524,37772,36432,,reused_existing,TiNi/3-c/fmz-TiNi-10-333.cif,structures/TiNi/3-c/fmz-TiNi-10-333.cif
hwx-TiNi-10-333,3-c,TiNi,3-c,hwx,10,N10,333,in_distribution,2.587830,3.012569,-0.424739,0.972609,4162,4048,,reused_existing,TiNi/3-c/hwx-TiNi-10-333.cif,structures/TiNi/3-c/hwx-TiNi-10-333.cif
sab-TiNi-10-333,3-c,TiNi,3-c,sab,10,N10,333,in_distribution,2.928421,3.012569,-0.084148,0.967495,8368,8096,,reused_existing,TiNi/3-c/sab-TiNi-10-333.cif,structures/TiNi/3-c/sab-TiNi-10-333.cif
sit-TiNi-10-333,3-c,TiNi,3-c,sit,10,N10,333,in_distribution,2.498216,3.012569,-0.514353,0.967495,12552,12144,,reused_existing,TiNi/3-c/sit-TiNi-10-333.cif,structures/TiNi/3-c/sit-TiNi-10-333.cif
ydq-TiNi-10-333,3-c,TiNi,3-c,ydq,10,N10,333,in_distribution,2.730601,3.012569,-0.281968,0.964997,25169,24288,,reused_existing,TiNi/3-c/ydq-TiNi-10-333.cif,structures/TiNi/3-c/ydq-TiNi-10-333.cif
ceq-TiNi-11-516,3-c,TiNi,3-c,ceq,11,N11,516,in_distribution,2.616896,3.012569,-0.395673,0.960894,12888,12384,,reused_existing,TiNi/3-c/ceq-TiNi-11-516.cif,structures/TiNi/3-c/ceq-TiNi-11-516.cif
cml-TiNi-11-516,3-c,TiNi,3-c,cml,11,N11,516,geometric_outlier,3.461107,3.012569,0.448538,0.952030,17344,16512,,reused_existing,TiNi/3-c/cml-TiNi-11-516.cif,structures/TiNi/3-c/cml-TiNi-11-516.cif
dag-TiNi-11-516,3-c,TiNi,3-c,dag,11,N11,516,in_distribution,2.862678,3.012569,-0.149891,0.957328,17248,16512,,reused_existing,TiNi/3-c/dag-TiNi-11-516.cif,structures/TiNi/3-c/dag-TiNi-11-516.cif
fmz-TiNi-11-516,3-c,TiNi,3-c,fmz,11,N11,516,in_distribution,2.862678,3.012569,-0.149891,0.961690,38632,37152,,reused_existing,TiNi/3-c/fmz-TiNi-11-516.cif,structures/TiNi/3-c/fmz-TiNi-11-516.cif
hwx-TiNi-11-516,3-c,TiNi,3-c,hwx,11,N11,516,in_distribution,2.667177,3.012569,-0.345392,0.973126,4242,4128,,reused_existing,TiNi/3-c/hwx-TiNi-11-516.cif,structures/TiNi/3-c/hwx-TiNi-11-516.cif
sab-TiNi-11-516,3-c,TiNi,3-c,sab,11,N11,516,geometric_outlier,3.137462,3.012569,0.124893,0.967198,8536,8256,,reused_existing,TiNi/3-c/sab-TiNi-11-516.cif,structures/TiNi/3-c/sab-TiNi-11-516.cif
sit-TiNi-11-516,3-c,TiNi,3-c,sit,11,N11,516,in_distribution,2.680752,3.012569,-0.331817,0.957328,8624,8256,,reused_existing,TiNi/3-c/sit-TiNi-11-516.cif,structures/TiNi/3-c/sit-TiNi-11-516.cif
ydq-TiNi-11-516,3-c,TiNi,3-c,ydq,11,N11,516,in_distribution,2.778957,3.012569,-0.233612,0.962973,25738,24785,,reused_existing,TiNi/3-c/ydq-TiNi-11-516.cif,structures/TiNi/3-c/ydq-TiNi-11-516.cif
ceq-TiNi-12-639,3-c,TiNi,3-c,ceq,12,N12,639,in_distribution,2.845309,3.012569,-0.167260,0.949900,11976,11376,,reused_existing,TiNi/3-c/ceq-TiNi-12-639.cif,structures/TiNi/3-c/ceq-TiNi-12-639.cif
cml-TiNi-12-639,3-c,TiNi,3-c,cml,12,N12,639,in_distribution,2.590478,3.012569,-0.422091,0.948000,16000,15168,,reused_existing,TiNi/3-c/cml-TiNi-12-639.cif,structures/TiNi/3-c/cml-TiNi-12-639.cif
dag-TiNi-12-639,3-c,TiNi,3-c,dag,12,N12,639,geometric_outlier,3.121376,3.012569,0.108807,0.942346,16096,15168,,reused_existing,TiNi/3-c/dag-TiNi-12-639.cif,structures/TiNi/3-c/dag-TiNi-12-639.cif
fmz-TiNi-12-639,3-c,TiNi,3-c,fmz,12,N12,639,geometric_outlier,3.120093,3.012569,0.107524,0.963632,35416,34128,,reused_existing,TiNi/3-c/fmz-TiNi-12-639.cif,structures/TiNi/3-c/fmz-TiNi-12-639.cif
hwx-TiNi-12-639,3-c,TiNi,3-c,hwx,12,N12,639,in_distribution,2.778957,3.012569,-0.233612,0.965377,15712,15168,,reused_existing,TiNi/3-c/hwx-TiNi-12-639.cif,structures/TiNi/3-c/hwx-TiNi-12-639.cif
sab-TiNi-12-639,3-c,TiNi,3-c,sab,12,N12,639,in_distribution,2.755540,3.012569,-0.257029,0.965131,7858,7584,,reused_existing,TiNi/3-c/sab-TiNi-12-639.cif,structures/TiNi/3-c/sab-TiNi-12-639.cif
sit-TiNi-12-639,3-c,TiNi,3-c,sit,12,N12,639,in_distribution,3.002057,3.012569,-0.010512,0.965377,7856,7584,,reused_existing,TiNi/3-c/sit-TiNi-12-639.cif,structures/TiNi/3-c/sit-TiNi-12-639.cif
ydq-TiNi-12-639,3-c,TiNi,3-c,ydq,12,N12,639,in_distribution,2.765492,3.012569,-0.247077,0.960324,23692,22752,,reused_existing,TiNi/3-c/ydq-TiNi-12-639.cif,structures/TiNi/3-c/ydq-TiNi-12-639.cif
ceq-TiNi-13-126,3-c,TiNi,3-c,ceq,13,N13,126,in_distribution,2.215627,3.012569,-0.796942,0.975495,2122,2070,,reused_existing,TiNi/3-c/ceq-TiNi-13-126.cif,structures/TiNi/3-c/ceq-TiNi-13-126.cif
cml-TiNi-13-126,3-c,TiNi,3-c,cml,13,N13,126,in_distribution,2.180231,3.012569,-0.832338,0.971831,2840,2760,,reused_existing,TiNi/3-c/cml-TiNi-13-126.cif,structures/TiNi/3-c/cml-TiNi-13-126.cif
dag-TiNi-13-126,3-c,TiNi,3-c,dag,13,N13,126,in_distribution,2.772416,3.012569,-0.240153,0.971831,2840,2760,,reused_existing,TiNi/3-c/dag-TiNi-13-126.cif,structures/TiNi/3-c/dag-TiNi-13-126.cif
fmz-TiNi-13-126,3-c,TiNi,3-c,fmz,13,N13,126,in_distribution,2.105731,3.012569,-0.906838,0.990510,12539,12420,,reused_existing,TiNi/3-c/fmz-TiNi-13-126.cif,structures/TiNi/3-c/fmz-TiNi-13-126.cif
hwx-TiNi-13-126,3-c,TiNi,3-c,hwx,13,N13,126,in_distribution,2.259935,3.012569,-0.752634,0.991379,5568,5520,,reused_existing,TiNi/3-c/hwx-TiNi-13-126.cif,structures/TiNi/3-c/hwx-TiNi-13-126.cif
sab-TiNi-13-126,3-c,TiNi,3-c,sab,13,N13,126,in_distribution,2.365061,3.012569,-0.647508,0.981682,5623,5520,,reused_existing,TiNi/3-c/sab-TiNi-13-126.cif,structures/TiNi/3-c/sab-TiNi-13-126.cif
sit-TiNi-13-126,3-c,TiNi,3-c,sit,13,N13,126,in_distribution,2.093616,3.012569,-0.918953,0.991379,2784,2760,,reused_existing,TiNi/3-c/sit-TiNi-13-126.cif,structures/TiNi/3-c/sit-TiNi-13-126.cif
ydq-TiNi-13-126,3-c,TiNi,3-c,ydq,13,N13,126,in_distribution,2.363451,3.012569,-0.649118,0.965373,34308,33120,,reused_existing,TiNi/3-c/ydq-TiNi-13-126.cif,structures/TiNi/3-c/ydq-TiNi-13-126.cif
stp-Cr3F-1-445-D4h,4-c,Cr3F,ori,stp,1,N1,445,geometric_outlier,3.491049,3.012569,0.478480,0.977561,12300,12024,,reused_existing,Cr3F/4-c-ori/stp-Cr3F-1-445-D4h.cif,structures/Cr3F/4-c-ori/stp-Cr3F-1-445-D4h.cif
stp-Cr3F-2-13-D4h,4-c,Cr3F,ori,stp,2,N2,13,in_distribution,2.832062,3.012569,-0.180507,0.966203,12072,11664,,reused_existing,Cr3F/4-c-ori/stp-Cr3F-2-13-D4h.cif,structures/Cr3F/4-c-ori/stp-Cr3F-2-13-D4h.cif
ttp-Cr3F-3-1-D2h,4-c,Cr3F,ori,ttp,3,N3,1,in_distribution,2.726201,3.012569,-0.286368,0.958688,9876,9468,,reused_existing,Cr3F/4-c-ori/ttp-Cr3F-3-1-D2h.cif,structures/Cr3F/4-c-ori/ttp-Cr3F-3-1-D2h.cif
ttx-Cr3f-3-1-D2h,4-c,Cr3F,new,ttx,3,N3,1,in_distribution,2.726201,3.012569,-0.286368,0.962917,9708,9348,,reused_existing,Cr3F/4-c-new/ttx-Cr3f-3-1-D2h.cif,structures/Cr3F/4-c-new/ttx-Cr3f-3-1-D2h.cif
ttp-Cr3F-4-12-D2h,4-c,Cr3F,new,ttp,4,N4,12,in_distribution,2.533073,3.012569,-0.479496,0.968893,8744,8472,,reused_existing,Cr3F/4-c-new/ttp-Cr3F-4-12-D2h.cif,structures/Cr3F/4-c-new/ttp-Cr3F-4-12-D2h.cif
ttx-Cr3F-4-12-D2h,4-c,Cr3F,ori,ttx,4,N4,12,in_distribution,2.533073,3.012569,-0.479496,0.968893,13116,12708,,reused_existing,Cr3F/4-c-ori/ttx-Cr3F-4-12-D2h.cif,structures/Cr3F/4-c-ori/ttx-Cr3F-4-12-D2h.cif
ttp-Cr3F-5-665-D2h,4-c,Cr3F,new,ttp,5,N5,665,in_distribution,2.457236,3.012569,-0.555333,0.971901,9680,9408,,reused_existing,Cr3F/4-c-new/ttp-Cr3F-5-665-D2h.cif,structures/Cr3F/4-c-new/ttp-Cr3F-5-665-D2h.cif
ttx-Cr3F-5-665-D2h,4-c,Cr3F,ori,ttx,5,N5,665,in_distribution,2.533073,3.012569,-0.479496,0.971901,14520,14112,,reused_existing,Cr3F/4-c-ori/ttx-Cr3F-5-665-D2h.cif,structures/Cr3F/4-c-ori/ttx-Cr3F-5-665-D2h.cif
ttp-Cr3f-6-614-D2d,4-c,Cr3F,new,ttp,6,N6,614,in_distribution,2.510199,3.012569,-0.502370,0.977439,3014,2946,,reused_existing,Cr3F/4-c-new/ttp-Cr3f-6-614-D2d.cif,structures/Cr3F/4-c-new/ttp-Cr3f-6-614-D2d.cif
ttx-Cr3F-6-614-D2h,4-c,Cr3F,ori,ttx,6,N6,614,in_distribution,2.569166,3.012569,-0.443403,0.977439,12056,11784,,reused_existing,Cr3F/4-c-ori/ttx-Cr3F-6-614-D2h.cif,structures/Cr3F/4-c-ori/ttx-Cr3F-6-614-D2h.cif
fsi-Cr3F-7-7-D2h-D2d,4-c,Cr3F,ori,fsi,7,N7,7,in_distribution,2.910630,3.012569,-0.101939,0.956076,10928,10448,,reused_existing,Cr3F/4-c-ori/fsi-Cr3F-7-7-D2h-D2d.cif,structures/Cr3F/4-c-ori/fsi-Cr3F-7-7-D2h-D2d.cif
hea-Cr3F-7-7-D2h-D2d,4-c,Cr3F,ori,hea,7,N7,7,in_distribution,2.850973,3.012569,-0.161596,0.951220,8364,7956,,reused_existing,Cr3F/4-c-ori/hea-Cr3F-7-7-D2h-D2d.cif,structures/Cr3F/4-c-ori/hea-Cr3F-7-7-D2h-D2d.cif
ttp-Cr3F-7-7-D2h-D2d,4-c,Cr3F,new,ttp,7,N7,7,in_distribution,2.827441,3.012569,-0.185128,0.951220,8364,7956,,reused_existing,Cr3F/4-c-new/ttp-Cr3F-7-7-D2h-D2d.cif,structures/Cr3F/4-c-new/ttp-Cr3F-7-7-D2h-D2d.cif
ttx-Cr3F-7-7-D2h-D2d,4-c,Cr3F,new,ttx,7,N7,7,in_distribution,2.863751,3.012569,-0.148818,0.956076,8196,7836,,reused_existing,Cr3F/4-c-new/ttx-Cr3F-7-7-D2h-D2d.cif,structures/Cr3F/4-c-new/ttx-Cr3F-7-7-D2h-D2d.cif
txs-Cr3F-7-7-D2h-D2d,4-c,Cr3F,ori,txs,7,N7,7,in_distribution,2.844659,3.012569,-0.167910,0.951220,11152,10608,,reused_existing,Cr3F/4-c-ori/txs-Cr3F-7-7-D2h-D2d.cif,structures/Cr3F/4-c-ori/txs-Cr3F-7-7-D2h-D2d.cif
fsi-Cr3F-8-644-D2h-D2d,4-c,Cr3F,new,fsi,8,N8,644,geometric_outlier,3.021497,3.012569,0.008928,0.966679,10684,10328,,reused_existing,Cr3F/4-c-new/fsi-Cr3F-8-644-D2h-D2d.cif,structures/Cr3F/4-c-new/fsi-Cr3F-8-644-D2h-D2d.cif
hea-Cr3F-8-644-D2h-D2d,4-c,Cr3F,new,hea,8,N8,644,in_distribution,2.957026,3.012569,-0.055543,0.952247,8544,8136,,reused_existing,Cr3F/4-c-new/hea-Cr3F-8-644-D2h-D2d.cif,structures/Cr3F/4-c-new/hea-Cr3F-8-644-D2h-D2d.cif
ttp-Cr3F-8-644-D2h-D2d,4-c,Cr3F,ori,ttp,8,N8,644,in_distribution,2.561741,3.012569,-0.450828,0.952247,8544,8136,,reused_existing,Cr3F/4-c-ori/ttp-Cr3F-8-644-D2h-D2d.cif,structures/Cr3F/4-c-ori/ttp-Cr3F-8-644-D2h-D2d.cif
ttx-Cr3F-8-644-D2h-D2d,4-c,Cr3F,new,ttx,8,N8,644,in_distribution,2.957026,3.012569,-0.055543,0.969605,5264,5104,,reused_existing,Cr3F/4-c-new/ttx-Cr3F-8-644-D2h-D2d.cif,structures/Cr3F/4-c-new/ttx-Cr3F-8-644-D2h-D2d.cif
txs-Cr3F-8-644-D2h-D2d,4-c,Cr3F,new,txs,8,N8,644,in_distribution,2.749042,3.012569,-0.263527,0.952247,11392,10848,,reused_existing,Cr3F/4-c-new/txs-Cr3F-8-644-D2h-D2d.cif,structures/Cr3F/4-c-new/txs-Cr3F-8-644-D2h-D2d.cif
fsi-Cr3F-9-201-D2h-D2d,4-c,Cr3F,new,fsi,9,N9,201,in_distribution,3.002511,3.012569,-0.010058,0.973479,20512,19968,,reused_existing,Cr3F/4-c-new/fsi-Cr3F-9-201-D2h-D2d.cif,structures/Cr3F/4-c-new/fsi-Cr3F-9-201-D2h-D2d.cif
hea-Cr3F-9-201-D2h-D2d,4-c,Cr3F,new,hea,9,N9,201,in_distribution,2.389378,3.012569,-0.623191,0.973479,15384,14976,,reused_existing,Cr3F/4-c-new/hea-Cr3F-9-201-D2h-D2d.cif,structures/Cr3F/4-c-new/hea-Cr3F-9-201-D2h-D2d.cif
ttp-Cr3F-9-201-D2h-D2d,4-c,Cr3F,ori,ttp,9,N9,201,in_distribution,2.414385,3.012569,-0.598184,0.973479,3846,3744,,reused_existing,Cr3F/4-c-ori/ttp-Cr3F-9-201-D2h-D2d.cif,structures/Cr3F/4-c-ori/ttp-Cr3F-9-201-D2h-D2d.cif
ttx-Cr3f-9-201-D2h-D2d,4-c,Cr3F,new,ttx,9,N9,201,in_distribution,2.389378,3.012569,-0.623191,0.973479,10256,9984,,reused_existing,Cr3F/4-c-new/ttx-Cr3f-9-201-D2h-D2d.cif,structures/Cr3F/4-c-new/ttx-Cr3f-9-201-D2h-D2d.cif
txs-Cr3F-9-201-D2h-D2d,4-c,Cr3F,new,txs,9,N9,201,in_distribution,2.587604,3.012569,-0.424965,0.973479,10256,9984,,reused_existing,Cr3F/4-c-new/txs-Cr3F-9-201-D2h-D2d.cif,structures/Cr3F/4-c-new/txs-Cr3F-9-201-D2h-D2d.cif
fsi-Cr3F-10-607-D2h-D2d,4-c,Cr3F,ori,fsi,10,N10,607,in_distribution,2.933539,3.012569,-0.079030,0.974543,10056,9800,,reused_existing,Cr3F/4-c-ori/fsi-Cr3F-10-607-D2h-D2d.cif,structures/Cr3F/4-c-ori/fsi-Cr3F-10-607-D2h-D2d.cif
hea-Cr3F-10-607-D2h-D2d,4-c,Cr3F,ori,hea,10,N10,607,in_distribution,2.910466,3.012569,-0.102103,0.973101,15168,14760,,reused_existing,Cr3F/4-c-ori/hea-Cr3F-10-607-D2h-D2d.cif,structures/Cr3F/4-c-ori/hea-Cr3F-10-607-D2h-D2d.cif
ttp-Cr3F-10-607-D2h-D2d,4-c,Cr3F,new,ttp,10,N10,607,in_distribution,2.761177,3.012569,-0.251392,0.973101,2528,2460,,reused_existing,Cr3F/4-c-new/ttp-Cr3F-10-607-D2h-D2d.cif,structures/Cr3F/4-c-new/ttp-Cr3F-10-607-D2h-D2d.cif
ttx-Cr3F-10-607-D2h-D2d,4-c,Cr3F,new,ttx,10,N10,607,in_distribution,2.692661,3.012569,-0.319908,0.973101,10112,9840,,reused_existing,Cr3F/4-c-new/ttx-Cr3F-10-607-D2h-D2d.cif,structures/Cr3F/4-c-new/ttx-Cr3F-10-607-D2h-D2d.cif
txs-Cr3F-10-607-D2h-D2d,4-c,Cr3F,ori,txs,10,N10,607,in_distribution,2.910466,3.012569,-0.102103,0.973101,10112,9840,,reused_existing,Cr3F/4-c-ori/txs-Cr3F-10-607-D2h-D2d.cif,structures/Cr3F/4-c-ori/txs-Cr3F-10-607-D2h-D2d.cif
fsi-Cr3F-11-662-D4h-T,4-c,Cr3F,ori,fsi,11,N11,662,in_distribution,2.487625,3.012569,-0.524944,0.983118,8056,7920,,reused_existing,Cr3F/4-c-ori/fsi-Cr3F-11-662-D4h-T.cif,structures/Cr3F/4-c-ori/fsi-Cr3F-11-662-D4h-T.cif
hea-Cr3F-11-662-D4h-T,4-c,Cr3F,ori,hea,11,N11,662,in_distribution,2.542355,3.012569,-0.470214,0.983118,6042,5940,,reused_existing,Cr3F/4-c-ori/hea-Cr3F-11-662-D4h-T.cif,structures/Cr3F/4-c-ori/hea-Cr3F-11-662-D4h-T.cif
stp-Cr3F-11-662-T,4-c,Cr3F,new,stp,11,N11,662,geometric_outlier,3.015824,3.012569,0.003255,0.983118,4028,3960,,reused_existing,Cr3F/4-c-new/stp-Cr3F-11-662-T.cif,structures/Cr3F/4-c-new/stp-Cr3F-11-662-T.cif
txs-Cr3F-11-662-D4h-T,4-c,Cr3F,ori,txs,11,N11,662,in_distribution,2.487625,3.012569,-0.524944,0.983118,4028,3960,,reused_existing,Cr3F/4-c-ori/txs-Cr3F-11-662-D4h-T.cif,structures/Cr3F/4-c-ori/txs-Cr3F-11-662-D4h-T.cif
fsi-Cr3F-12-693-Td,4-c,Cr3F,ori,fsi,12,N12,693,in_distribution,2.389378,3.012569,-0.623191,0.965164,15616,15072,,reused_existing,Cr3F/4-c-ori/fsi-Cr3F-12-693-Td.cif,structures/Cr3F/4-c-ori/fsi-Cr3F-12-693-Td.cif
hea-Cr3F-12-693-Td,4-c,Cr3F,ori,hea,12,N12,693,in_distribution,2.389378,3.012569,-0.623191,0.965164,23424,22608,,reused_existing,Cr3F/4-c-ori/hea-Cr3F-12-693-Td.cif,structures/Cr3F/4-c-ori/hea-Cr3F-12-693-Td.cif
txs-Cr3F-12-693-Td,4-c,Cr3F,ori,txs,12,N12,693,geometric_outlier,3.431688,3.012569,0.419119,0.966976,15504,14992,,reused_existing,Cr3F/4-c-ori/txs-Cr3F-12-693-Td.cif,structures/Cr3F/4-c-ori/txs-Cr3F-12-693-Td.cif
fsi-Cr3F-13-600-Td,4-c,Cr3F,ori,fsi,13,N13,600,geometric_outlier,3.523254,3.012569,0.510685,0.969147,17632,17088,,reused_existing,Cr3F/4-c-ori/fsi-Cr3F-13-600-Td.cif,structures/Cr3F/4-c-ori/fsi-Cr3F-13-600-Td.cif
hea-Cr3F-13-600-Td,4-c,Cr3F,ori,hea,13,N13,600,in_distribution,2.927038,3.012569,-0.085531,0.969147,13224,12816,,reused_existing,Cr3F/4-c-ori/hea-Cr3F-13-600-Td.cif,structures/Cr3F/4-c-ori/hea-Cr3F-13-600-Td.cif
txs-Cr3F-13-600-Td,4-c,Cr3F,ori,txs,13,N13,600,geometric_outlier,3.404928,3.012569,0.392359,0.969147,17632,17088,,reused_existing,Cr3F/4-c-ori/txs-Cr3F-13-600-Td.cif,structures/Cr3F/4-c-ori/txs-Cr3F-13-600-Td.cif
stp-TiCo-1-445-D4h,4-c,TiCo,ori,stp,1,N1,445,geometric_outlier,3.182673,3.012569,0.170104,0.987730,11736,11592,,reused_existing,TiCo/4-c-ori/stp-TiCo-1-445-D4h.cif,structures/TiCo/4-c-ori/stp-TiCo-1-445-D4h.cif
stp-TiCo-2-13-D4h,4-c,TiCo,ori,stp,2,N2,13,in_distribution,2.849698,3.012569,-0.162871,0.986928,11016,10872,,reused_existing,TiCo/4-c-ori/stp-TiCo-2-13-D4h.cif,structures/TiCo/4-c-ori/stp-TiCo-2-13-D4h.cif
ttp-TiCo-3-1-D2h,4-c,TiCo,ori,ttp,3,N3,1,in_distribution,2.572171,3.012569,-0.440398,0.983673,8820,8676,,reused_existing,TiCo/4-c-ori/ttp-TiCo-3-1-D2h.cif,structures/TiCo/4-c-ori/ttp-TiCo-3-1-D2h.cif
ttx-TiCo-3-1-D2h,4-c,TiCo,new,ttx,3,N3,1,in_distribution,2.393786,3.012569,-0.618783,0.983673,8820,8676,,reused_existing,TiCo/4-c-new/ttx-TiCo-3-1-D2h.cif,structures/TiCo/4-c-new/ttx-TiCo-3-1-D2h.cif
ttp-TiCo-4-12-D2h,4-c,TiCo,new,ttp,4,N4,12,in_distribution,2.298011,3.012569,-0.714558,0.988060,8040,7944,,reused_existing,TiCo/4-c-new/ttp-TiCo-4-12-D2h.cif,structures/TiCo/4-c-new/ttp-TiCo-4-12-D2h.cif
ttx-TiCo-4-12-D2h,4-c,TiCo,ori,ttx,4,N4,12,in_distribution,2.807856,3.012569,-0.204713,0.988060,12060,11916,,reused_existing,TiCo/4-c-ori/ttx-TiCo-4-12-D2h.cif,structures/TiCo/4-c-ori/ttx-TiCo-4-12-D2h.cif
ttp-TiCo-5-665-D2h,4-c,TiCo,new,ttp,5,N5,665,in_distribution,2.474210,3.012569,-0.538359,0.989305,13464,13320,,reused_existing,TiCo/4-c-new/ttp-TiCo-5-665-D2h.cif,structures/TiCo/4-c-new/ttp-TiCo-5-665-D2h.cif
ttx-TiCo-5-665-D2h,4-c,TiCo,ori,ttx,5,N5,665,in_distribution,2.546116,3.012569,-0.466453,0.989305,13464,13320,,reused_existing,TiCo/4-c-ori/ttx-TiCo-5-665-D2h.cif,structures/TiCo/4-c-ori/ttx-TiCo-5-665-D2h.cif
ttp-TiCo-6-614-D2h,4-c,TiCo,new,ttp,6,N6,614,in_distribution,2.106079,3.012569,-0.906490,0.991543,11352,11256,,reused_existing,TiCo/4-c-new/ttp-TiCo-6-614-D2h.cif,structures/TiCo/4-c-new/ttp-TiCo-6-614-D2h.cif
ttx-TiCo-6-614-D2h,4-c,TiCo,ori,ttx,6,N6,614,in_distribution,2.246403,3.012569,-0.766166,0.991543,11352,11256,,reused_existing,TiCo/4-c-ori/ttx-TiCo-6-614-D2h.cif,structures/TiCo/4-c-ori/ttx-TiCo-6-614-D2h.cif
fsi-TiCo-7-7-D2h-D2d,4-c,TiCo,ori,fsi,7,N7,7,geometric_outlier,3.349587,3.012569,0.337018,0.980296,9744,9552,,reused_existing,TiCo/4-c-ori/fsi-TiCo-7-7-D2h-D2d.cif,structures/TiCo/4-c-ori/fsi-TiCo-7-7-D2h-D2d.cif
hea-TiCo-7-7-D2h-D2d,4-c,TiCo,ori,hea,7,N7,7,in_distribution,2.750999,3.012569,-0.261570,0.980296,7308,7164,,reused_existing,TiCo/4-c-ori/hea-TiCo-7-7-D2h-D2d.cif,structures/TiCo/4-c-ori/hea-TiCo-7-7-D2h-D2d.cif
ttp-TiCo-7-7-D2h-D2d,4-c,TiCo,new,ttp,7,N7,7,in_distribution,2.846955,3.012569,-0.165614,0.980296,7308,7164,,reused_existing,TiCo/4-c-new/ttp-TiCo-7-7-D2h-D2d.cif,structures/TiCo/4-c-new/ttp-TiCo-7-7-D2h-D2d.cif
ttx-TiCo-7-7-D2h-D2d,4-c,TiCo,new,ttx,7,N7,7,in_distribution,2.869795,3.012569,-0.142774,0.980296,7308,7164,,reused_existing,TiCo/4-c-new/ttx-TiCo-7-7-D2h-D2d.cif,structures/TiCo/4-c-new/ttx-TiCo-7-7-D2h-D2d.cif
txs-TiCo-7-7-D2h-D2d,4-c,TiCo,ori,txs,7,N7,7,geometric_outlier,3.022459,3.012569,0.009890,0.980296,9744,9552,,reused_existing,TiCo/4-c-ori/txs-TiCo-7-7-D2h-D2d.cif,structures/TiCo/4-c-ori/txs-TiCo-7-7-D2h-D2d.cif
fsi-TiCo-8-644-D2h-D2d,4-c,TiCo,new,fsi,8,N8,644,geometric_outlier,3.224210,3.012569,0.211641,0.980769,9984,9792,,reused_existing,TiCo/4-c-new/fsi-TiCo-8-644-D2h-D2d.cif,structures/TiCo/4-c-new/fsi-TiCo-8-644-D2h-D2d.cif
hea-TiCo-8-644-D2h-D2d,4-c,TiCo,new,hea,8,N8,644,in_distribution,2.905539,3.012569,-0.107030,0.980769,7488,7344,,reused_existing,TiCo/4-c-new/hea-TiCo-8-644-D2h-D2d.cif,structures/TiCo/4-c-new/hea-TiCo-8-644-D2h-D2d.cif
ttp-TiCo-8-644-D2h-D2d,4-c,TiCo,ori,ttp,8,N8,644,in_distribution,2.600806,3.012569,-0.411763,0.980769,7488,7344,,reused_existing,TiCo/4-c-ori/ttp-TiCo-8-644-D2h-D2d.cif,structures/TiCo/4-c-ori/ttp-TiCo-8-644-D2h-D2d.cif
ttx-TiCo-8-644-D2h-D2d,4-c,TiCo,new,ttx,8,N8,644,geometric_outlier,3.087048,3.012569,0.074479,0.980769,4992,4896,,reused_existing,TiCo/4-c-new/ttx-TiCo-8-644-D2h-D2d.cif,structures/TiCo/4-c-new/ttx-TiCo-8-644-D2h-D2d.cif
txs-TiCo-8-644-D2h-D2d,4-c,TiCo,new,txs,8,N8,644,geometric_outlier,3.017928,3.012569,0.005359,0.972200,10072,9792,,reused_existing,TiCo/4-c-new/txs-TiCo-8-644-D2h-D2d.cif,structures/TiCo/4-c-new/txs-TiCo-8-644-D2h-D2d.cif
fsi-TiCo-9-201-D2h-D2d,4-c,TiCo,new,fsi,9,N9,201,in_distribution,2.854972,3.012569,-0.157597,0.972039,19456,18912,,reused_existing,TiCo/4-c-new/fsi-TiCo-9-201-D2h-D2d.cif,structures/TiCo/4-c-new/fsi-TiCo-9-201-D2h-D2d.cif
hea-TiCo-9-201-D2h-D2d,4-c,TiCo,new,hea,9,N9,201,in_distribution,2.234901,3.012569,-0.777668,0.989950,14328,14184,,reused_existing,TiCo/4-c-new/hea-TiCo-9-201-D2h-D2d.cif,structures/TiCo/4-c-new/hea-TiCo-9-201-D2h-D2d.cif
ttp-TiCo-9-201-D2h-D2d,4-c,TiCo,ori,ttp,9,N9,201,in_distribution,2.026854,3.012569,-0.985715,0.989950,3582,3546,,reused_existing,TiCo/4-c-ori/ttp-TiCo-9-201-D2h-D2d.cif,structures/TiCo/4-c-ori/ttp-TiCo-9-201-D2h-D2d.cif
ttx-TiCo-9-201-D2h-D2d,4-c,TiCo,new,ttx,9,N9,201,in_distribution,2.186630,3.012569,-0.825939,0.989950,9552,9456,,reused_existing,TiCo/4-c-new/ttx-TiCo-9-201-D2h-D2d.cif,structures/TiCo/4-c-new/ttx-TiCo-9-201-D2h-D2d.cif
txs-TiCo-9-201-D2h-D2d,4-c,TiCo,new,txs,9,N9,201,geometric_outlier,3.326600,3.012569,0.314031,0.989950,9552,9456,,reused_existing,TiCo/4-c-new/txs-TiCo-9-201-D2h-D2d.cif,structures/TiCo/4-c-new/txs-TiCo-9-201-D2h-D2d.cif
fsi-TiCo-10-607-D2h-D2d,4-c,TiCo,ori,fsi,10,N10,607,in_distribution,2.910362,3.012569,-0.102207,0.989796,9408,9312,,reused_existing,TiCo/4-c-ori/fsi-TiCo-10-607-D2h-D2d.cif,structures/TiCo/4-c-ori/fsi-TiCo-10-607-D2h-D2d.cif
hea-TiCo-10-607-D2h-D2d,4-c,TiCo,ori,hea,10,N10,607,in_distribution,2.910362,3.012569,-0.102207,0.989796,14112,13968,,reused_existing,TiCo/4-c-ori/hea-TiCo-10-607-D2h-D2d.cif,structures/TiCo/4-c-ori/hea-TiCo-10-607-D2h-D2d.cif
ttp-TiCo-10-607-D2h-D2d,4-c,TiCo,new,ttp,10,N10,607,in_distribution,2.779565,3.012569,-0.233004,0.989796,2352,2328,,reused_existing,TiCo/4-c-new/ttp-TiCo-10-607-D2h-D2d.cif,structures/TiCo/4-c-new/ttp-TiCo-10-607-D2h-D2d.cif
ttx-TiCo-10-607-D2h-D2d,4-c,TiCo,new,ttx,10,N10,607,in_distribution,2.357466,3.012569,-0.655103,0.989796,9408,9312,,reused_existing,TiCo/4-c-new/ttx-TiCo-10-607-D2h-D2d.cif,structures/TiCo/4-c-new/ttx-TiCo-10-607-D2h-D2d.cif
txs-TiCo-10-607-D2h-D2d,4-c,TiCo,ori,txs,10,N10,607,in_distribution,2.933435,3.012569,-0.079134,0.989796,9408,9312,,reused_existing,TiCo/4-c-ori/txs-TiCo-10-607-D2h-D2d.cif,structures/TiCo/4-c-ori/txs-TiCo-10-607-D2h-D2d.cif
fsi-TiCo-11-662-D4h-T,4-c,TiCo,ori,fsi,11,N11,662,in_distribution,2.437381,3.012569,-0.575188,0.993769,7704,7656,,reused_existing,TiCo/4-c-ori/fsi-TiCo-11-662-D4h-T.cif,structures/TiCo/4-c-ori/fsi-TiCo-11-662-D4h-T.cif
hea-TiCo-11-662-D4h-T,4-c,TiCo,ori,hea,11,N11,662,in_distribution,2.604166,3.012569,-0.408403,0.993769,5778,5742,,reused_existing,TiCo/4-c-ori/hea-TiCo-11-662-D4h-T.cif,structures/TiCo/4-c-ori/hea-TiCo-11-662-D4h-T.cif
stp-TiCo-11-662-D4h-T,4-c,TiCo,new,stp,11,N11,662,geometric_outlier,3.159680,3.012569,0.147111,0.993769,3852,3828,,reused_existing,TiCo/4-c-new/stp-TiCo-11-662-D4h-T.cif,structures/TiCo/4-c-new/stp-TiCo-11-662-D4h-T.cif
txs-TiCo-11-662-D4h-T,4-c,TiCo,ori,txs,11,N11,662,in_distribution,2.651865,3.012569,-0.360704,0.993769,3852,3828,,reused_existing,TiCo/4-c-ori/txs-TiCo-11-662-D4h-T.cif,structures/TiCo/4-c-ori/txs-TiCo-11-662-D4h-T.cif
fsi-TiCo-12-693-Td,4-c,TiCo,ori,fsi,12,N12,693,in_distribution,2.502428,3.012569,-0.510141,0.986486,14208,14016,,reused_existing,TiCo/4-c-ori/fsi-TiCo-12-693-Td.cif,structures/TiCo/4-c-ori/fsi-TiCo-12-693-Td.cif
hea-TiCo-12-693-Td,4-c,TiCo,ori,hea,12,N12,693,in_distribution,2.560874,3.012569,-0.451695,0.962637,21840,21024,,reused_existing,TiCo/4-c-ori/hea-TiCo-12-693-Td.cif,structures/TiCo/4-c-ori/hea-TiCo-12-693-Td.cif
txs-TiCo-12-693-Td,4-c,TiCo,ori,txs,12,N12,693,geometric_outlier,3.501782,3.012569,0.489213,0.967956,14480,14016,,reused_existing,TiCo/4-c-ori/txs-TiCo-12-693-Td.cif,structures/TiCo/4-c-ori/txs-TiCo-12-693-Td.cif
fsi-TiCo-13-600-Td,4-c,TiCo,ori,fsi,13,N13,600,geometric_outlier,3.697394,3.012569,0.684825,0.988166,16224,16032,,reused_existing,TiCo/4-c-ori/fsi-TiCo-13-600-Td.cif,structures/TiCo/4-c-ori/fsi-TiCo-13-600-Td.cif
hea-TiCo-13-600-Td,4-c,TiCo,ori,hea,13,N13,600,in_distribution,2.834691,3.012569,-0.177878,0.988166,12168,12024,,reused_existing,TiCo/4-c-ori/hea-TiCo-13-600-Td.cif,structures/TiCo/4-c-ori/hea-TiCo-13-600-Td.cif
txs-TiCo-13-600-Td,4-c,TiCo,ori,txs,13,N13,600,geometric_outlier,3.564487,3.012569,0.551918,0.988166,16224,16032,,reused_existing,TiCo/4-c-ori/txs-TiCo-13-600-Td.cif,structures/TiCo/4-c-ori/txs-TiCo-13-600-Td.cif
stp-TiMg-1-445-D4h,4-c,TiMg,ori,stp,1,N1,445,geometric_outlier,3.242889,3.012569,0.230320,0.987730,11736,11592,,reused_existing,TiMg/4-c-ori/stp-TiMg-1-445-D4h.cif,structures/TiMg/4-c-ori/stp-TiMg-1-445-D4h.cif
stp-TiMg-2-13-D4h,4-c,TiMg,ori,stp,2,N2,13,in_distribution,2.716829,3.012569,-0.295740,0.986928,11016,10872,,reused_existing,TiMg/4-c-ori/stp-TiMg-2-13-D4h.cif,structures/TiMg/4-c-ori/stp-TiMg-2-13-D4h.cif
ttp-TiMg-3-1-D2h,4-c,TiMg,ori,ttp,3,N3,1,in_distribution,2.931921,3.012569,-0.080648,0.983673,8820,8676,,reused_existing,TiMg/4-c-ori/ttp-TiMg-3-1-D2h.cif,structures/TiMg/4-c-ori/ttp-TiMg-3-1-D2h.cif
ttx-TiMg-3-1-D2h,4-c,TiMg,new,ttx,3,N3,1,in_distribution,2.076272,3.012569,-0.936297,0.983673,8820,8676,,reused_existing,TiMg/4-c-new/ttx-TiMg-3-1-D2h.cif,structures/TiMg/4-c-new/ttx-TiMg-3-1-D2h.cif
ttp-TiMg-4-12-D2h,4-c,TiMg,new,ttp,4,N4,12,in_distribution,2.273665,3.012569,-0.738904,0.988060,8040,7944,,reused_existing,TiMg/4-c-new/ttp-TiMg-4-12-D2h.cif,structures/TiMg/4-c-new/ttp-TiMg-4-12-D2h.cif
ttx-TiMg-4-12-D2h,4-c,TiMg,ori,ttx,4,N4,12,in_distribution,2.538636,3.012569,-0.473933,0.988060,12060,11916,,reused_existing,TiMg/4-c-ori/ttx-TiMg-4-12-D2h.cif,structures/TiMg/4-c-ori/ttx-TiMg-4-12-D2h.cif
ttp-TiMg-5-665-D2h,4-c,TiMg,new,ttp,5,N5,665,in_distribution,2.476725,3.012569,-0.535844,0.989305,3366,3330,,reused_existing,TiMg/4-c-new/ttp-TiMg-5-665-D2h.cif,structures/TiMg/4-c-new/ttp-TiMg-5-665-D2h.cif
ttx-TiMg-5-665-D2h,4-c,TiMg,ori,ttx,5,N5,665,in_distribution,2.152675,3.012569,-0.859894,0.989305,3366,3330,,reused_existing,TiMg/4-c-ori/ttx-TiMg-5-665-D2h.cif,structures/TiMg/4-c-ori/ttx-TiMg-5-665-D2h.cif
ttp-TiMg-6-614-D2h,4-c,TiMg,new,ttp,6,N6,614,in_distribution,2.053550,3.012569,-0.959019,0.991543,2838,2814,,reused_existing,TiMg/4-c-new/ttp-TiMg-6-614-D2h.cif,structures/TiMg/4-c-new/ttp-TiMg-6-614-D2h.cif
ttx-TiMg-6-614-D2h,4-c,TiMg,ori,ttx,6,N6,614,in_distribution,1.990286,3.012569,-1.022283,0.991543,2838,2814,,reused_existing,TiMg/4-c-ori/ttx-TiMg-6-614-D2h.cif,structures/TiMg/4-c-ori/ttx-TiMg-6-614-D2h.cif
fsi-TiMg-7-7-D2h-D2d,4-c,TiMg,ori,fsi,7,N7,7,in_distribution,2.851090,3.012569,-0.161479,0.980296,9744,9552,,reused_existing,TiMg/4-c-ori/fsi-TiMg-7-7-D2h-D2d.cif,structures/TiMg/4-c-ori/fsi-TiMg-7-7-D2h-D2d.cif
hea-TiMg-7-7-D2h-D2d,4-c,TiMg,ori,hea,7,N7,7,in_distribution,2.475827,3.012569,-0.536742,0.980296,7308,7164,,reused_existing,TiMg/4-c-ori/hea-TiMg-7-7-D2h-D2d.cif,structures/TiMg/4-c-ori/hea-TiMg-7-7-D2h-D2d.cif
ttp-TiMg-7-7-D2h-D2d,4-c,TiMg,new,ttp,7,N7,7,geometric_outlier,3.023633,3.012569,0.011064,0.980296,7308,7164,,reused_existing,TiMg/4-c-new/ttp-TiMg-7-7-D2h-D2d.cif,structures/TiMg/4-c-new/ttp-TiMg-7-7-D2h-D2d.cif
ttx-TiMg-7-7-D2h-D2d,4-c,TiMg,new,ttx,7,N7,7,in_distribution,2.709720,3.012569,-0.302849,0.980296,7308,7164,,reused_existing,TiMg/4-c-new/ttx-TiMg-7-7-D2h-D2d.cif,structures/TiMg/4-c-new/ttx-TiMg-7-7-D2h-D2d.cif
txs-TiMg-7-7-D2h-D2d,4-c,TiMg,ori,txs,7,N7,7,in_distribution,2.923966,3.012569,-0.088603,0.980296,9744,9552,,reused_existing,TiMg/4-c-ori/txs-TiMg-7-7-D2h-D2d.cif,structures/TiMg/4-c-ori/txs-TiMg-7-7-D2h-D2d.cif
fsi-TiMg-8-644-D2h-D2d,4-c,TiMg,new,fsi,8,N8,644,geometric_outlier,3.017928,3.012569,0.005359,0.980769,9984,9792,,reused_existing,TiMg/4-c-new/fsi-TiMg-8-644-D2h-D2d.cif,structures/TiMg/4-c-new/fsi-TiMg-8-644-D2h-D2d.cif
hea-TiMg-8-644-D2h-D2d,4-c,TiMg,new,hea,8,N8,644,geometric_outlier,3.077779,3.012569,0.065210,0.980769,7488,7344,,reused_existing,TiMg/4-c-new/hea-TiMg-8-644-D2h-D2d.cif,structures/TiMg/4-c-new/hea-TiMg-8-644-D2h-D2d.cif
ttp-TiMg-8-644-D2h-D2d,4-c,TiMg,ori,ttp,8,N8,644,in_distribution,2.512319,3.012569,-0.500250,0.980769,7488,7344,,reused_existing,TiMg/4-c-ori/ttp-TiMg-8-644-D2h-D2d.cif,structures/TiMg/4-c-ori/ttp-TiMg-8-644-D2h-D2d.cif
ttx-TiMg-8-644-D2h-D2d,4-c,TiMg,new,ttx,8,N8,644,in_distribution,2.948194,3.012569,-0.064375,0.980769,4992,4896,,reused_existing,TiMg/4-c-new/ttx-TiMg-8-644-D2h-D2d.cif,structures/TiMg/4-c-new/ttx-TiMg-8-644-D2h-D2d.cif
txs-TiMg-8-644-D2h-D2d,4-c,TiMg,new,txs,8,N8,644,in_distribution,2.848942,3.012569,-0.163627,0.980769,9984,9792,,reused_existing,TiMg/4-c-new/txs-TiMg-8-644-D2h-D2d.cif,structures/TiMg/4-c-new/txs-TiMg-8-644-D2h-D2d.cif
fsi-TiMg-9-201-D2h-D2d,4-c,TiMg,new,fsi,9,N9,201,in_distribution,2.775766,3.012569,-0.236803,0.980913,19280,18912,,reused_existing,TiMg/4-c-new/fsi-TiMg-9-201-D2h-D2d.cif,structures/TiMg/4-c-new/fsi-TiMg-9-201-D2h-D2d.cif
hea-TiMg-9-201-D2h-D2d,4-c,TiMg,new,hea,9,N9,201,in_distribution,2.277854,3.012569,-0.734715,0.989950,14328,14184,,reused_existing,TiMg/4-c-new/hea-TiMg-9-201-D2h-D2d.cif,structures/TiMg/4-c-new/hea-TiMg-9-201-D2h-D2d.cif
ttp-TiMg-9-201-D2h-D2d,4-c,TiMg,ori,ttp,9,N9,201,in_distribution,2.227778,3.012569,-0.784791,0.989950,3582,3546,,reused_existing,TiMg/4-c-ori/ttp-TiMg-9-201-D2h-D2d.cif,structures/TiMg/4-c-ori/ttp-TiMg-9-201-D2h-D2d.cif
ttx-TiMg-9-201-D2h-D2d,4-c,TiMg,new,ttx,9,N9,201,in_distribution,2.291568,3.012569,-0.721001,0.989950,9552,9456,,reused_existing,TiMg/4-c-new/ttx-TiMg-9-201-D2h-D2d.cif,structures/TiMg/4-c-new/ttx-TiMg-9-201-D2h-D2d.cif
txs-TiMg-9-201-D2h-D2d,4-c,TiMg,new,txs,9,N9,201,in_distribution,2.131352,3.012569,-0.881217,0.989950,9552,9456,,reused_existing,TiMg/4-c-new/txs-TiMg-9-201-D2h-D2d.cif,structures/TiMg/4-c-new/txs-TiMg-9-201-D2h-D2d.cif
fsi-TiMg-10-607-D2h-D2d,4-c,TiMg,ori,fsi,10,N10,607,in_distribution,2.862951,3.012569,-0.149618,0.989796,9408,9312,,reused_existing,TiMg/4-c-ori/fsi-TiMg-10-607-D2h-D2d.cif,structures/TiMg/4-c-ori/fsi-TiMg-10-607-D2h-D2d.cif
hea-TiMg-10-607-D2h-D2d,4-c,TiMg,ori,hea,10,N10,607,in_distribution,2.872313,3.012569,-0.140256,0.989796,14112,13968,,reused_existing,TiMg/4-c-ori/hea-TiMg-10-607-D2h-D2d.cif,structures/TiMg/4-c-ori/hea-TiMg-10-607-D2h-D2d.cif
ttp-TiMg-10-607-D2h-D2d,4-c,TiMg,new,ttp,10,N10,607,in_distribution,2.463642,3.012569,-0.548927,0.989796,2352,2328,,reused_existing,TiMg/4-c-new/ttp-TiMg-10-607-D2h-D2d.cif,structures/TiMg/4-c-new/ttp-TiMg-10-607-D2h-D2d.cif
ttx-TiMg-10-607-D2h-D2d,4-c,TiMg,new,ttx,10,N10,607,in_distribution,2.511393,3.012569,-0.501176,0.989796,9408,9312,,reused_existing,TiMg/4-c-new/ttx-TiMg-10-607-D2h-D2d.cif,structures/TiMg/4-c-new/ttx-TiMg-10-607-D2h-D2d.cif
txs-TiMg-10-607-D2h-D2d,4-c,TiMg,ori,txs,10,N10,607,in_distribution,2.929693,3.012569,-0.082876,0.989796,9408,9312,,reused_existing,TiMg/4-c-ori/txs-TiMg-10-607-D2h-D2d.cif,structures/TiMg/4-c-ori/txs-TiMg-10-607-D2h-D2d.cif
fsi-TiMg-11-662-D4h-T,4-c,TiMg,ori,fsi,11,N11,662,in_distribution,2.674371,3.012569,-0.338198,0.993769,7704,7656,,reused_existing,TiMg/4-c-ori/fsi-TiMg-11-662-D4h-T.cif,structures/TiMg/4-c-ori/fsi-TiMg-11-662-D4h-T.cif
hea-TiMg-11-662-D4h-T,4-c,TiMg,ori,hea,11,N11,662,in_distribution,2.604166,3.012569,-0.408403,0.993769,5778,5742,,reused_existing,TiMg/4-c-ori/hea-TiMg-11-662-D4h-T.cif,structures/TiMg/4-c-ori/hea-TiMg-11-662-D4h-T.cif
stp-TiMg-11-662-D4h-T,4-c,TiMg,new,stp,11,N11,662,in_distribution,2.803085,3.012569,-0.209484,0.993769,3852,3828,,reused_existing,TiMg/4-c-new/stp-TiMg-11-662-D4h-T.cif,structures/TiMg/4-c-new/stp-TiMg-11-662-D4h-T.cif
txs-TiMg-11-662-D4h-T,4-c,TiMg,ori,txs,11,N11,662,in_distribution,2.678299,3.012569,-0.334270,0.993769,3852,3828,,reused_existing,TiMg/4-c-ori/txs-TiMg-11-662-D4h-T.cif,structures/TiMg/4-c-ori/txs-TiMg-11-662-D4h-T.cif
fsi-TiMg-12-693-Td,4-c,TiMg,ori,fsi,12,N12,693,in_distribution,2.656169,3.012569,-0.356400,0.961364,14080,13536,,reused_existing,TiMg/4-c-ori/fsi-TiMg-12-693-Td.cif,structures/TiMg/4-c-ori/fsi-TiMg-12-693-Td.cif
hea-TiMg-12-693-Td,4-c,TiMg,ori,hea,12,N12,693,in_distribution,2.673101,3.012569,-0.339468,0.901639,25376,22880,,reused_existing,TiMg/4-c-ori/hea-TiMg-12-693-Td.cif,structures/TiMg/4-c-ori/hea-TiMg-12-693-Td.cif
txs-TiMg-12-693-Td,4-c,TiMg,ori,txs,12,N12,693,geometric_outlier,3.246800,3.012569,0.234231,0.986364,14080,13888,,reused_existing,TiMg/4-c-ori/txs-TiMg-12-693-Td.cif,structures/TiMg/4-c-ori/txs-TiMg-12-693-Td.cif
fsi-TiMg-13-600-Td,4-c,TiMg,ori,fsi,13,N13,600,geometric_outlier,3.600089,3.012569,0.587520,0.988166,16224,16032,,reused_existing,TiMg/4-c-ori/fsi-TiMg-13-600-Td.cif,structures/TiMg/4-c-ori/fsi-TiMg-13-600-Td.cif
hea-TiMg-13-600-Td,4-c,TiMg,ori,hea,13,N13,600,in_distribution,2.764283,3.012569,-0.248286,0.984605,12212,12024,,reused_existing,TiMg/4-c-ori/hea-TiMg-13-600-Td.cif,structures/TiMg/4-c-ori/hea-TiMg-13-600-Td.cif
txs-TiMg-13-600-Td,4-c,TiMg,ori,txs,13,N13,600,geometric_outlier,3.017338,3.012569,0.004769,0.988166,16224,16032,,reused_existing,TiMg/4-c-ori/txs-TiMg-13-600-Td.cif,structures/TiMg/4-c-ori/txs-TiMg-13-600-Td.cif
stp-TiNi-1-445-D4h,4-c,TiNi,ori,stp,1,N1,445,geometric_outlier,3.293977,3.012569,0.281408,0.943359,27648,26082,,reused_existing,TiNi/4-c-ori/stp-TiNi-1-445-D4h.cif,structures/TiNi/4-c-ori/stp-TiNi-1-445-D4h.cif
stp-TiNi-2-13-D4h,4-c,TiNi,ori,stp,2,N2,13,in_distribution,2.788975,3.012569,-0.223594,0.963830,11280,10872,,reused_existing,TiNi/4-c-ori/stp-TiNi-2-13-D4h.cif,structures/TiNi/4-c-ori/stp-TiNi-2-13-D4h.cif
ttp-TiNi-3-1-D2h,4-c,TiNi,ori,ttp,3,N3,1,in_distribution,2.105683,3.012569,-0.906886,0.925736,9372,8676,,reused_existing,TiNi/4-c-ori/ttp-TiNi-3-1-D2h.cif,structures/TiNi/4-c-ori/ttp-TiNi-3-1-D2h.cif
ttx-TiNi-3-1-D2h,4-c,TiNi,new,ttx,3,N3,1,in_distribution,2.680752,3.012569,-0.331817,0.955086,9084,8676,,reused_existing,TiNi/4-c-new/ttx-TiNi-3-1-D2h.cif,structures/TiNi/4-c-new/ttx-TiNi-3-1-D2h.cif
ttp-TiNi-4-12-D2h,4-c,TiNi,new,ttp,4,N4,12,in_distribution,2.735355,3.012569,-0.277214,0.944814,8408,7944,,reused_existing,TiNi/4-c-new/ttp-TiNi-4-12-D2h.cif,structures/TiNi/4-c-new/ttp-TiNi-4-12-D2h.cif
ttx-TiNi-4-12-D2h,4-c,TiNi,ori,ttx,4,N4,12,geometric_outlier,3.018617,3.012569,0.006048,0.944814,12612,11916,,reused_existing,TiNi/4-c-ori/ttx-TiNi-4-12-D2h.cif,structures/TiNi/4-c-ori/ttx-TiNi-4-12-D2h.cif
ttp-TiNi-5-665-D2h,4-c,TiNi,new,ttp,5,N5,665,in_distribution,2.369975,3.012569,-0.642594,0.970280,6864,6660,,reused_existing,TiNi/4-c-new/ttp-TiNi-5-665-D2h.cif,structures/TiNi/4-c-new/ttp-TiNi-5-665-D2h.cif
ttx-TiNi-5-665-D2h,4-c,TiNi,ori,ttx,5,N5,665,in_distribution,2.344385,3.012569,-0.668184,0.970280,6864,6660,,reused_existing,TiNi/4-c-ori/ttx-TiNi-5-665-D2h.cif,structures/TiNi/4-c-ori/ttx-TiNi-5-665-D2h.cif
ttp-TiNi-6-614-D2h,4-c,TiNi,new,ttp,6,N6,614,in_distribution,2.325113,3.012569,-0.687456,0.991543,5676,5628,,reused_existing,TiNi/4-c-new/ttp-TiNi-6-614-D2h.cif,structures/TiNi/4-c-new/ttp-TiNi-6-614-D2h.cif
ttx-TiNi-6-614-D2h,4-c,TiNi,ori,ttx,6,N6,614,in_distribution,2.665414,3.012569,-0.347155,0.976405,5764,5628,,reused_existing,TiNi/4-c-ori/ttx-TiNi-6-614-D2h.cif,structures/TiNi/4-c-ori/ttx-TiNi-6-614-D2h.cif
fsi-TiNi-7-7-D2h-D2d,4-c,TiNi,ori,fsi,7,N7,7,geometric_outlier,3.922173,3.012569,0.909604,0.962903,9920,9552,,reused_existing,TiNi/4-c-ori/fsi-TiNi-7-7-D2h-D2d.cif,structures/TiNi/4-c-ori/fsi-TiNi-7-7-D2h-D2d.cif
hea-TiNi-7-7-D2h-D2d,4-c,TiNi,ori,hea,7,N7,7,in_distribution,3.004976,3.012569,-0.007593,0.951647,7528,7164,,reused_existing,TiNi/4-c-ori/hea-TiNi-7-7-D2h-D2d.cif,structures/TiNi/4-c-ori/hea-TiNi-7-7-D2h-D2d.cif
ttp-TiNi-7-7-D2h-D2d,4-c,TiNi,new,ttp,7,N7,7,in_distribution,2.533288,3.012569,-0.479281,0.980296,7308,7164,,reused_existing,TiNi/4-c-new/ttp-TiNi-7-7-D2h-D2d.cif,structures/TiNi/4-c-new/ttp-TiNi-7-7-D2h-D2d.cif
ttx-TiNi-7-7-D2h-D2d,4-c,TiNi,new,ttx,7,N7,7,in_distribution,3.005384,3.012569,-0.007185,0.946117,7572,7164,,reused_existing,TiNi/4-c-new/ttx-TiNi-7-7-D2h-D2d.cif,structures/TiNi/4-c-new/ttx-TiNi-7-7-D2h-D2d.cif
txs-TiNi-7-7-D2h-D2d,4-c,TiNi,ori,txs,7,N7,7,geometric_outlier,3.217963,3.012569,0.205394,0.953674,10016,9552,,reused_existing,TiNi/4-c-ori/txs-TiNi-7-7-D2h-D2d.cif,structures/TiNi/4-c-ori/txs-TiNi-7-7-D2h-D2d.cif
fsi-TiNi-8-644-D2h-D2d,4-c,TiNi,new,fsi,8,N8,644,geometric_outlier,3.284923,3.012569,0.272354,0.976466,10028,9792,,reused_existing,TiNi/4-c-new/fsi-TiNi-8-644-D2h-D2d.cif,structures/TiNi/4-c-new/fsi-TiNi-8-644-D2h-D2d.cif
hea-TiNi-8-644-D2h-D2d,4-c,TiNi,new,hea,8,N8,644,geometric_outlier,3.017928,3.012569,0.005359,0.980769,7488,7344,,reused_existing,TiNi/4-c-new/hea-TiNi-8-644-D2h-D2d.cif,structures/TiNi/4-c-new/hea-TiNi-8-644-D2h-D2d.cif
ttp-TiNi-8-644-D2h-D2d,4-c,TiNi,ori,ttp,8,N8,644,in_distribution,2.705593,3.012569,-0.306976,0.980769,7488,7344,,reused_existing,TiNi/4-c-ori/ttp-TiNi-8-644-D2h-D2d.cif,structures/TiNi/4-c-ori/ttp-TiNi-8-644-D2h-D2d.cif
ttx-TiNi-8-644-D2h-D2d,4-c,TiNi,new,ttx,8,N8,644,geometric_outlier,3.017928,3.012569,0.005359,0.963780,5080,4896,,reused_existing,TiNi/4-c-new/ttx-TiNi-8-644-D2h-D2d.cif,structures/TiNi/4-c-new/ttx-TiNi-8-644-D2h-D2d.cif
txs-TiNi-8-644-D2h-D2d,4-c,TiNi,new,txs,8,N8,644,geometric_outlier,3.077779,3.012569,0.065210,0.976466,10028,9792,,reused_existing,TiNi/4-c-new/txs-TiNi-8-644-D2h-D2d.cif,structures/TiNi/4-c-new/txs-TiNi-8-644-D2h-D2d.cif
fsi-TiNi-9-201-D2h-D2d,4-c,TiNi,new,fsi,9,N9,201,geometric_outlier,3.055253,3.012569,0.042684,0.972039,19456,18912,,reused_existing,TiNi/4-c-new/fsi-TiNi-9-201-D2h-D2d.cif,structures/TiNi/4-c-new/fsi-TiNi-9-201-D2h-D2d.cif
hea-TiNi-9-201-D2h-D2d,4-c,TiNi,new,hea,9,N9,201,in_distribution,2.448376,3.012569,-0.564193,0.983907,14416,14184,,reused_existing,TiNi/4-c-new/hea-TiNi-9-201-D2h-D2d.cif,structures/TiNi/4-c-new/hea-TiNi-9-201-D2h-D2d.cif
ttp-TiNi-9-201-D2h-D2d,4-c,TiNi,ori,ttp,9,N9,201,in_distribution,2.593919,3.012569,-0.418650,0.962541,3684,3546,,reused_existing,TiNi/4-c-ori/ttp-TiNi-9-201-D2h-D2d.cif,structures/TiNi/4-c-ori/ttp-TiNi-9-201-D2h-D2d.cif
ttx-TiNi-9-201-D2h-D2d,4-c,TiNi,new,ttx,9,N9,201,in_distribution,2.267324,3.012569,-0.745245,0.989950,9552,9456,,reused_existing,TiNi/4-c-new/ttx-TiNi-9-201-D2h-D2d.cif,structures/TiNi/4-c-new/ttx-TiNi-9-201-D2h-D2d.cif
txs-TiNi-9-201-D2h-D2d,4-c,TiNi,new,txs,9,N9,201,in_distribution,2.550251,3.012569,-0.462318,0.971640,9732,9456,,reused_existing,TiNi/4-c-new/txs-TiNi-9-201-D2h-D2d.cif,structures/TiNi/4-c-new/txs-TiNi-9-201-D2h-D2d.cif
fsi-TiNi-10-607-D2h-D2d,4-c,TiNi,ori,fsi,10,N10,607,in_distribution,2.882282,3.012569,-0.130287,0.976101,9540,9312,,reused_existing,TiNi/4-c-ori/fsi-TiNi-10-607-D2h-D2d.cif,structures/TiNi/4-c-ori/fsi-TiNi-10-607-D2h-D2d.cif
hea-TiNi-10-607-D2h-D2d,4-c,TiNi,ori,hea,10,N10,607,in_distribution,3.005268,3.012569,-0.007301,0.989796,14112,13968,,reused_existing,TiNi/4-c-ori/hea-TiNi-10-607-D2h-D2d.cif,structures/TiNi/4-c-ori/hea-TiNi-10-607-D2h-D2d.cif
ttp-TiNi-10-607-D2h-D2d,4-c,TiNi,new,ttp,10,N10,607,in_distribution,2.583060,3.012569,-0.429509,0.989796,2352,2328,,reused_existing,TiNi/4-c-new/ttp-TiNi-10-607-D2h-D2d.cif,structures/TiNi/4-c-new/ttp-TiNi-10-607-D2h-D2d.cif
ttx-TiNi-10-607-D2h-D2d,4-c,TiNi,new,ttx,10,N10,607,in_distribution,2.675529,3.012569,-0.337040,0.989796,9408,9312,,reused_existing,TiNi/4-c-new/ttx-TiNi-10-607-D2h-D2d.cif,structures/TiNi/4-c-new/ttx-TiNi-10-607-D2h-D2d.cif
txs-TiNi-10-607-D2h-D2d,4-c,TiNi,ori,txs,10,N10,607,geometric_outlier,3.028341,3.012569,0.015772,0.989796,9408,9312,,reused_existing,TiNi/4-c-ori/txs-TiNi-10-607-D2h-D2d.cif,structures/TiNi/4-c-ori/txs-TiNi-10-607-D2h-D2d.cif
fsi-TiNi-11-662-D4h-T,4-c,TiNi,ori,fsi,11,N11,662,in_distribution,2.586813,3.012569,-0.425756,0.989531,7737,7656,,reused_existing,TiNi/4-c-ori/fsi-TiNi-11-662-D4h-T.cif,structures/TiNi/4-c-ori/fsi-TiNi-11-662-D4h-T.cif
hea-TiNi-11-662-D4h-T,4-c,TiNi,ori,hea,11,N11,662,in_distribution,2.710608,3.012569,-0.301961,0.988126,5811,5742,,reused_existing,TiNi/4-c-ori/hea-TiNi-11-662-D4h-T.cif,structures/TiNi/4-c-ori/hea-TiNi-11-662-D4h-T.cif
stp-TiNi-11-662-D4h-T,4-c,TiNi,new,stp,11,N11,662,in_distribution,2.885528,3.012569,-0.127041,0.993769,3852,3828,,reused_existing,TiNi/4-c-new/stp-TiNi-11-662-D4h-T.cif,structures/TiNi/4-c-new/stp-TiNi-11-662-D4h-T.cif
txs-TiNi-11-662-D4h-T,4-c,TiNi,ori,txs,11,N11,662,in_distribution,2.651865,3.012569,-0.360704,0.990940,3863,3828,,reused_existing,TiNi/4-c-ori/txs-TiNi-11-662-D4h-T.cif,structures/TiNi/4-c-ori/txs-TiNi-11-662-D4h-T.cif
fsi-TiNi-12-693-Td,4-c,TiNi,ori,fsi,12,N12,693,in_distribution,2.868703,3.012569,-0.143866,0.937901,14944,14016,,reused_existing,TiNi/4-c-ori/fsi-TiNi-12-693-Td.cif,structures/TiNi/4-c-ori/fsi-TiNi-12-693-Td.cif
hea-TiNi-12-693-Td,4-c,TiNi,ori,hea,12,N12,693,in_distribution,2.868703,3.012569,-0.143866,0.937901,22416,21024,,reused_existing,TiNi/4-c-ori/hea-TiNi-12-693-Td.cif,structures/TiNi/4-c-ori/hea-TiNi-12-693-Td.cif
txs-TiNi-12-693-Td,4-c,TiNi,ori,txs,12,N12,693,geometric_outlier,3.502844,3.012569,0.490275,0.974416,14384,14016,,reused_existing,TiNi/4-c-ori/txs-TiNi-12-693-Td.cif,structures/TiNi/4-c-ori/txs-TiNi-12-693-Td.cif
fsi-TiNi-13-600-Td,4-c,TiNi,ori,fsi,13,N13,600,geometric_outlier,3.435531,3.012569,0.422962,0.967181,16576,16032,,reused_existing,TiNi/4-c-ori/fsi-TiNi-13-600-Td.cif,structures/TiNi/4-c-ori/fsi-TiNi-13-600-Td.cif
hea-TiNi-13-600-Td,4-c,TiNi,ori,hea,13,N13,600,geometric_outlier,3.330364,3.012569,0.317795,0.956107,12576,12024,,reused_existing,TiNi/4-c-ori/hea-TiNi-13-600-Td.cif,structures/TiNi/4-c-ori/hea-TiNi-13-600-Td.cif
txs-TiNi-13-600-Td,4-c,TiNi,ori,txs,13,N13,600,geometric_outlier,3.386941,3.012569,0.374372,0.956107,16768,16032,,reused_existing,TiNi/4-c-ori/txs-TiNi-13-600-Td.cif,structures/TiNi/4-c-ori/txs-TiNi-13-600-Td.cif
