basename,connectivity,metal_node,subset,topology,linker_no,linker_label,organic_linker,linker_id,relative_path,result_source,source_basename,unitcell_volume_A3,density_g_cm3,H2_ASA_A2,H2_ASA_m2_cm3,H2_ASA_m2_g,H2_NASA_A2,H2_NASA_m2_cm3,H2_NASA_m2_g,number_of_channels,number_of_pockets,H2_probe_radius_A,H2_POAV_A3,H2_POAV_fraction,H2_POAV_cm3_g,H2_PONAV_A3,H2_PONAV_fraction,H2_PONAV_cm3_g,H2_PSD_total_samples,H2_PSD_accessible_samples,H2_PSD_accessible_fraction,H2_PSD_mode_A,H2_PSD_mean_A,H2_PSD_median_A,H2_PSD_p90_A,LCD_A,PLD_A,LFPD_A,all_zeopp_outputs_complete
ceq-Cr3F-1-10,3-c,Cr3F,3-c,ceq,1.0,N1,N10,10,Cr3F/3-c/ceq-Cr3F-1-10.cif,legacy_H2_mapped_to_new_name,ceq-Cr3F-N10-N1-3c-D3h_UFF4MOF_cell_bonded,28782.1,1.25702,5961.54,2071.27,1647.76,0.0,0.0,0.0,1,0,1.445,9811.81,0.3409,0.271197,0.0,0.0,0.0,10000,1178,0.1178,6.1,5.948387096774193,6.1,6.2,6.23011,5.30802,6.10969,True
ceq-Cr3F-2-19,3-c,Cr3F,3-c,ceq,2.0,N2,N19,19,Cr3F/3-c/ceq-Cr3F-2-19.cif,legacy_H2_mapped_to_new_name,ceq-Cr3F-N19-N2-3c-D3h_UFF4MOF_cell_bonded,28019.9,1.30386,6375.88,2275.48,1745.19,0.112721,0.0402288,0.0308536,1,8,1.445,10658.8,0.3804,0.291749,0.0,0.0,0.0,10000,1348,0.1348,5.9,5.771884272997033,5.9,6.0,6.07388,5.28771,5.91477,True
ceq-Cr3F-3-20,3-c,Cr3F,3-c,ceq,3.0,N3,N20,20,Cr3F/3-c/ceq-Cr3F-3-20.cif,legacy_H2_mapped_to_new_name,ceq-Cr3F-N20-N3-3c-D3h_UFF4MOF_cell_bonded,34350.4,0.904274,8493.11,2472.49,2734.23,0.0,0.0,0.0,1,0,1.445,16945.1,0.4933,0.54552,0.0,0.0,0.0,10000,2326,0.2326,7.3,7.064660361134995,7.3,7.4,7.44004,6.37496,7.37492,True
ceq-Cr3F-4-410,3-c,Cr3F,3-c,ceq,4.0,N4,N410,410,Cr3F/3-c/ceq-Cr3F-4-410.cif,legacy_H2_mapped_to_new_name,ceq-Cr3F-N410-N9-3c-D3_UFF4MOF_cell_bonded,63991.8,0.585191,14784.3,2310.33,3948.0,0.0,0.0,0.0,1,0,1.445,39777.3,0.6216,1.06222,0.0,0.0,0.0,10000,4023,0.4023,11.1,10.199229430773055,10.5,11.3,11.39747,9.17034,11.35532,True
ceq-Cr3F-5-386,3-c,Cr3F,3-c,ceq,5.0,N5,N386,386,Cr3F/3-c/ceq-Cr3F-5-386.cif,legacy_H2_mapped_to_new_name,ceq-Cr3F-N386-N5-3c-D3h_UFF4MOF_cell_bonded,25344.2,0.237038,3657.47,1443.12,6088.15,0.0,0.0,0.0,1,0,1.445,22026.6,0.8691,3.6665,0.0,0.0,0.0,10000,7065,0.7065,19.9,18.93926397735315,19.3,19.9,19.96283,18.38489,19.93831,True
ceq-Cr3F-6-225,3-c,Cr3F,3-c,ceq,6.0,N6,N225,225,Cr3F/3-c/ceq-Cr3F-6-225.cif,legacy_H2_mapped_to_new_name,ceq-Cr3F-N225-N4-3c-D3h_UFF4MOF_cell_bonded,28499.4,1.44602,2145.1,752.683,520.519,911.808,319.939,221.255,3,12,1.445,2644.74,0.0928,0.064176,1139.98,0.04,0.0276621,10000,264,0.0264,5.4,5.33219696969697,5.4,5.4,5.55284,3.07519,5.47002,True
ceq-Cr3F-7-592,3-c,Cr3F,3-c,ceq,7.0,N7,N592,592,Cr3F/3-c/ceq-Cr3F-7-592.cif,legacy_H2_mapped_to_new_name,ceq-Cr3F-N592-N6-3c-D3h_UFF4MOF_cell_bonded,90296.1,0.649027,19809.6,2193.85,3380.21,9.07344,1.00485,1.54825,1,8,1.445,42890.6,0.475,0.731865,45.1481,0.0005,0.000770384,10000,2972,0.2972,8.6,8.831157469717361,8.6,10.0,10.03501,7.12421,8.60638,True
ceq-Cr3F-TATB,3-c,Cr3F,3-c,ceq,8.0,N8,TATB,TATB,Cr3F/TATB/ceq-Cr3F-TATB.cif,new_H2,ceq-Cr3F-TATB,97191.6,0.437819,19589.4,2015.55,4603.6,0.0,0.0,0.0,1,0,1.445,70502.8,0.7254,1.65685,0.0,0.0,0.0,10000,5365,0.5365,12.8,12.146505125815471,12.6,12.8,12.83329,11.53541,12.72907,True
ceq-Cr3F-9-130,3-c,Cr3F,3-c,ceq,9.0,N9,N130,130,Cr3F/3-c/ceq-Cr3F-9-130.cif,legacy_H2_mapped_to_new_name,ceq-Cr3F-N130-N10-3c-C3v_UFF4MOF_cell_bonded,20759.1,1.38885,2673.25,1287.75,927.204,21.9589,10.578,7.61633,2,32,1.445,4278.45,0.2061,0.148396,8.30364,0.0004,0.000288008,10000,675,0.0675,5.7,5.284148148148148,5.6,5.7,5.7998,4.43786,5.7998,True
ceq-Cr3F-10-333,3-c,Cr3F,3-c,ceq,10.0,N10,N333,333,Cr3F/3-c/ceq-Cr3F-10-333.cif,legacy_H2_mapped_to_new_name,ceq-Cr3F-N333-N8-3c-D3_UFF4MOF_cell_bonded,62931.6,0.593799,14666.2,2330.51,3924.74,0.0,0.0,0.0,1,0,1.445,38174.3,0.6066,1.02156,0.0,0.0,0.0,10000,3912,0.3912,12.0,10.51196319018405,11.8,12.0,12.00115,9.45933,12.00115,True
ceq-Cr3F-11-516,3-c,Cr3F,3-c,ceq,11.0,N11,N516,516,Cr3F/3-c/ceq-Cr3F-11-516.cif,legacy_H2_mapped_to_new_name,ceq-Cr3F-N516-N24-3c-C3_UFF4MOF_cell_bonded,62135.0,0.621935,14493.8,2332.63,3750.6,0.0,0.0,0.0,1,0,1.445,36647.2,0.5898,0.94833,0.0,0.0,0.0,10000,3771,0.3771,11.6,10.081198621055423,11.4,11.6,11.6096,9.1946,11.60959,True
ceq-Cr3F-12-639,3-c,Cr3F,3-c,ceq,12.0,N12,N639,639,Cr3F/3-c/ceq-Cr3F-12-639.cif,legacy_H2_mapped_to_new_name,ceq-Cr3F-N639-N7-3c-D3h_UFF4MOF_cell_bonded,48835.3,0.739015,12095.8,2476.85,3351.56,0.0,0.0,0.0,1,0,1.445,27582.2,0.5648,0.764261,0.0,0.0,0.0,10000,3108,0.3108,8.6,8.14157014157014,8.3,8.8,8.84612,7.12901,8.78501,True
ceq-Cr3F-13-126,3-c,Cr3F,3-c,ceq,13.0,N13,N126,126,Cr3F/3-c/ceq-Cr3F-13-126.cif,legacy_H2_mapped_to_new_name,ceq-Cr3F-N126-N11-3c-C3h_UFF4MOF_cell_bonded,23069.1,0.285035,3605.66,1562.98,5483.46,0.0,0.0,0.0,1,0,1.445,19581.1,0.8488,2.97788,0.0,0.0,0.0,10000,6706,0.6706,18.0,17.22148821950492,18.0,18.1,18.11858,16.16726,18.00643,True
cml-Cr3F-1-10,3-c,Cr3F,3-c,cml,1.0,N1,N10,10,Cr3F/3-c/cml-Cr3F-1-10.cif,legacy_H2_mapped_to_new_name,cml-Cr3F-N10-N1-3c-D3h_UFF4MOF_cell_bonded,39399.2,1.22438,8174.52,2074.8,1694.57,0.0,0.0,0.0,1,0,1.445,13608.5,0.3454,0.282102,0.0,0.0,0.0,10000,1447,0.1447,6.5,6.335798203178991,6.5,6.5,6.58669,5.4439,6.543,True
cml-Cr3F-2-19,3-c,Cr3F,3-c,cml,2.0,N2,N19,19,Cr3F/3-c/cml-Cr3F-2-19.cif,legacy_H2_mapped_to_new_name,cml-Cr3F-N19-N2-3c-D3h_UFF4MOF_cell_bonded,37963.5,1.28313,8460.64,2228.63,1736.87,0.0,0.0,0.0,1,0,1.445,14433.7,0.3802,0.296307,0.0,0.0,0.0,10000,1566,0.1566,6.1,5.982822477650064,6.1,6.2,6.21663,5.58722,6.1376,True
cml-Cr3F-3-20,3-c,Cr3F,3-c,cml,3.0,N3,N20,20,Cr3F/3-c/cml-Cr3F-3-20.cif,legacy_H2_mapped_to_new_name,cml-Cr3F-N20-N3-3c-D3h_UFF4MOF_cell_bonded,48880.8,0.847292,11627.6,2378.77,2807.49,0.0,0.0,0.0,1,0,1.445,25271.4,0.517,0.610179,0.0,0.0,0.0,10000,2825,0.2825,8.4,8.004601769911504,8.4,8.4,8.49805,7.27605,8.49802,True
cml-Cr3F-4-410,3-c,Cr3F,3-c,cml,4.0,N4,N410,410,Cr3F/3-c/cml-Cr3F-4-410.cif,legacy_H2_mapped_to_new_name,cml-Cr3F-N410-N9-3c-D3_UFF4MOF_cell_bonded,85328.7,0.585148,20008.4,2344.87,4007.3,0.0,0.0,0.0,1,0,1.445,51973.7,0.6091,1.04093,0.0,0.0,0.0,10000,4024,0.4024,11.3,10.424428429423457,11.0,11.5,11.57096,8.93176,11.34314,True
cml-Cr3F-5-386,3-c,Cr3F,3-c,cml,5.0,N5,N386,386,Cr3F/3-c/cml-Cr3F-5-386.cif,legacy_H2_mapped_to_new_name,cml-Cr3F-N386-N5-3c-D3h_UFF4MOF_cell_bonded,33765.2,0.237227,4881.34,1445.67,6094.03,0.0,0.0,0.0,1,0,1.445,29132.6,0.8628,3.63702,0.0,0.0,0.0,10000,6979,0.6979,20.8,20.119243444619574,20.7,20.8,20.82987,16.95466,20.64196,True
cml-Cr3F-6-225,3-c,Cr3F,3-c,cml,6.0,N6,N225,225,Cr3F/3-c/cml-Cr3F-6-225.cif,legacy_H2_mapped_to_new_name,cml-Cr3F-N225-N4-3c-D3h_UFF4MOF_cell_bonded,39299.5,1.39818,5401.86,1374.54,983.091,0.0,0.0,0.0,12,0,1.445,7018.89,0.1786,0.127738,0.0,0.0,0.0,10000,607,0.0607,5.6,5.521252059308072,5.6,5.8,5.80829,3.49285,5.59366,True
cml-Cr3F-7-592,3-c,Cr3F,3-c,cml,7.0,N7,N592,592,Cr3F/3-c/cml-Cr3F-7-592.cif,legacy_H2_mapped_to_new_name,cml-Cr3F-N592-N6-3c-D3h_UFF4MOF_cell_bonded,31392.9,0.622271,7241.42,2306.71,3706.92,4.25888,1.35664,2.18014,1,4,1.445,17303.7,0.5512,0.885788,25.1143,0.0008,0.00128561,10000,3117,0.3117,10.3,8.902759063201795,8.7,10.3,10.34429,6.71221,10.34429,True
cml-Cr3F-TATB,3-c,Cr3F,3-c,cml,8.0,N8,TATB,TATB,Cr3F/TATB/cml-Cr3F-TATB.cif,new_H2,cml-Cr3F-TATB,33475.1,0.423721,6578.73,1965.26,4638.09,0.0,0.0,0.0,1,0,1.445,25685.5,0.7673,1.81086,0.0,0.0,0.0,10000,5452,0.5452,13.7,13.150238444607485,13.6,13.7,13.79885,12.18318,13.79885,True
cml-Cr3F-9-130,3-c,Cr3F,3-c,cml,9.0,N9,N130,130,Cr3F/3-c/cml-Cr3F-9-130.cif,legacy_H2_mapped_to_new_name,cml-Cr3F-N130-N10-3c-C3v_UFF4MOF_cell_bonded,27017.8,1.42283,3089.42,1143.47,803.662,0.0,0.0,0.0,2,0,1.445,4430.92,0.164,0.115263,0.0,0.0,0.0,10000,502,0.0502,6.1,5.614541832669323,6.1,6.1,6.16709,3.27719,6.08659,True
cml-Cr3F-10-333,3-c,Cr3F,3-c,cml,10.0,N10,N333,333,Cr3F/3-c/cml-Cr3F-10-333.cif,legacy_H2_mapped_to_new_name,cml-Cr3F-N333-N8-3c-D3_UFF4MOF_cell_bonded,82100.7,0.606876,19812.0,2413.14,3976.33,0.0,0.0,0.0,1,0,1.445,47643.0,0.5803,0.956209,0.0,0.0,0.0,10000,3794,0.3794,10.4,9.68207696362678,10.3,10.7,10.77399,8.76336,10.12624,True
cml-Cr3F-11-516,3-c,Cr3F,3-c,cml,11.0,N11,N516,516,Cr3F/3-c/cml-Cr3F-11-516.cif,legacy_H2_mapped_to_new_name,cml-Cr3F-N516-N24-3c-C3_UFF4MOF_cell_bonded,85433.6,0.603103,20090.7,2351.62,3899.2,0.0,0.0,0.0,1,0,1.445,50662.1,0.593,0.983249,0.0,0.0,0.0,10000,3921,0.3921,11.1,10.056286661565926,10.6,11.1,11.15399,9.26377,11.00427,True
cml-Cr3F-12-639,3-c,Cr3F,3-c,cml,12.0,N12,N639,639,Cr3F/3-c/cml-Cr3F-12-639.cif,legacy_H2_mapped_to_new_name,cml-Cr3F-N639-N7-3c-D3h_UFF4MOF_cell_bonded,68932.9,0.69807,15861.4,2300.99,3296.21,0.0,0.0,0.0,1,0,1.445,39112.5,0.5674,0.812812,0.0,0.0,0.0,10000,3486,0.3486,10.5,9.901979345955251,10.1,10.5,10.5584,8.64302,10.33795,True
cml-Cr3F-13-126,3-c,Cr3F,3-c,cml,13.0,N13,N126,126,Cr3F/3-c/cml-Cr3F-13-126.cif,legacy_H2_mapped_to_new_name,cml-Cr3F-N126-N11-3c-C3h_UFF4MOF_cell_bonded,30863.7,0.284067,4809.29,1558.23,5485.45,0.0,0.0,0.0,1,0,1.445,25743.4,0.8341,2.93628,0.0,0.0,0.0,10000,6654,0.6654,19.0,17.85293056807935,18.5,19.0,19.09746,15.53232,18.81634,True
dag-Cr3F-1-10,3-c,Cr3F,3-c,dag,1.0,N1,N10,10,Cr3F/3-c/dag-Cr3F-1-10.cif,legacy_H2_mapped_to_new_name,dag-Cr3F-N10-N1-3c-D3h_UFF4MOF_cell_bonded,26973.3,1.19228,6303.24,2336.84,1959.98,0.0,0.0,0.0,1,0,1.445,12531.8,0.4646,0.389674,0.0,0.0,0.0,10000,1903,0.1903,6.9,6.34282711508145,6.7,6.9,6.92961,4.66189,6.81831,True
dag-Cr3F-2-19,3-c,Cr3F,3-c,dag,2.0,N2,N19,19,Cr3F/3-c/dag-Cr3F-2-19.cif,legacy_H2_mapped_to_new_name,dag-Cr3F-N19-N2-3c-D3h_UFF4MOF_cell_bonded,25522.1,1.27241,6073.08,2379.54,1870.1,0.0,0.0,0.0,1,0,1.445,12329.7,0.4831,0.379672,0.0,0.0,0.0,10000,1976,0.1976,6.3,5.962904858299596,6.0,6.3,6.32929,4.82682,6.17684,True
dag-Cr3F-3-20,3-c,Cr3F,3-c,dag,3.0,N3,N20,20,Cr3F/3-c/dag-Cr3F-3-20.cif,legacy_H2_mapped_to_new_name,dag-Cr3F-N20-N3-3c-D3h_UFF4MOF_cell_bonded,49284.4,0.840353,11186.7,2269.82,2701.03,0.0,0.0,0.0,1,0,1.445,26929.0,0.5464,0.650203,0.0,0.0,0.0,10000,3116,0.3116,8.0,7.832413350449295,7.9,8.3,8.30457,7.34503,8.30457,True
dag-Cr3F-4-410,3-c,Cr3F,3-c,dag,4.0,N4,N410,410,Cr3F/3-c/dag-Cr3F-4-410.cif,legacy_H2_mapped_to_new_name,dag-Cr3F-N410-N9-3c-D3_UFF4MOF_cell_bonded,89546.2,0.557588,17683.7,1974.81,3541.7,25.5256,2.85055,5.11229,1,16,1.445,56190.3,0.6275,1.12538,0.0,0.0,0.0,10000,4440,0.444,11.4,10.42578828828829,10.3,11.4,11.49439,9.63053,11.49439,True
dag-Cr3F-5-386,3-c,Cr3F,3-c,dag,5.0,N5,N386,386,Cr3F/3-c/dag-Cr3F-5-386.cif,legacy_H2_mapped_to_new_name,dag-Cr3F-N386-N5-3c-D3h_UFF4MOF_cell_bonded,35464.4,0.225861,4813.46,1357.26,6009.29,0.0,0.0,0.0,1,0,1.445,30964.0,0.8731,3.86565,0.0,0.0,0.0,10000,7257,0.7257,19.4,18.624238666115474,19.3,19.6,19.68253,16.29128,19.68253,True
dag-Cr3F-6-225,3-c,Cr3F,3-c,dag,6.0,N6,N225,225,Cr3F/3-c/dag-Cr3F-6-225.cif,legacy_H2_mapped_to_new_name,dag-Cr3F-N225-N4-3c-D3h_UFF4MOF_cell_bonded,38670.2,1.42093,4913.34,1270.58,894.185,0.0161509,0.00417657,0.00293932,1,14,1.445,4740.97,0.1226,0.0862814,0.0,0.0,0.0,10000,345,0.0345,4.2,4.418260869565218,4.4,4.8,4.82169,3.36827,4.61756,True
dag-Cr3F-7-592,3-c,Cr3F,3-c,dag,7.0,N7,N592,592,Cr3F/3-c/dag-Cr3F-7-592.cif,legacy_H2_mapped_to_new_name,dag-Cr3F-N592-N6-3c-D3h_UFF4MOF_cell_bonded,67938.9,1.15014,0.0,0.0,0.0,4941.45,727.337,632.388,0,136,1.445,0.0,0.0,0.0,4470.38,0.0658,0.0572103,10000,0,0.0,,,,,5.67168,1.92758,5.66047,True
dag-Cr3F-TATB,3-c,Cr3F,3-c,dag,8.0,N8,TATB,TATB,Cr3F/TATB/dag-Cr3F-TATB.cif,new_H2,dag-Cr3F-TATB,33606.5,0.422065,6368.96,1895.16,4490.2,0.0554091,0.0164876,0.0390642,1,4,1.445,25329.2,0.7537,1.78575,0.0,0.0,0.0,10000,5550,0.555,12.5,12.475063063063061,12.5,13.1,13.12889,11.55689,12.71425,True
dag-Cr3F-9-130,3-c,Cr3F,3-c,dag,9.0,N9,N130,130,Cr3F/3-c/dag-Cr3F-9-130.cif,legacy_H2_mapped_to_new_name,dag-Cr3F-N130-N10-3c-C3v_UFF4MOF_cell_bonded,27763.6,1.38461,3607.13,1299.23,938.336,0.379545,0.136706,0.0987325,8,8,1.445,5563.83,0.2004,0.144734,0.0,0.0,0.0,10000,717,0.0717,5.5,5.441562064156206,5.5,5.7,5.71823,4.36452,5.58929,True
dag-Cr3F-10-333,3-c,Cr3F,3-c,dag,10.0,N10,N333,333,Cr3F/3-c/dag-Cr3F-10-333.cif,legacy_H2_mapped_to_new_name,dag-Cr3F-N333-N8-3c-D3_UFF4MOF_cell_bonded,85535.3,0.582507,17433.0,2038.11,3498.85,0.0268288,0.00313658,0.00538461,1,8,1.445,52210.7,0.6104,1.04788,0.0,0.0,0.0,10000,4224,0.4224,11.2,10.061458333333333,10.0,11.2,11.25608,7.92022,11.25608,True
dag-Cr3F-11-516,3-c,Cr3F,3-c,dag,11.0,N11,N516,516,Cr3F/3-c/dag-Cr3F-11-516.cif,legacy_H2_mapped_to_new_name,dag-Cr3F-N516-N24-3c-C3_UFF4MOF_cell_bonded,86257.6,0.597341,17797.8,2063.33,3454.2,0.00807543,0.0009362,0.00156728,1,8,1.445,52211.7,0.6053,1.01332,0.0,0.0,0.0,10000,4149,0.4149,11.0,9.98999758978067,10.4,11.0,11.05589,8.34286,11.04714,True
dag-Cr3F-12-639,3-c,Cr3F,3-c,dag,12.0,N12,N639,639,Cr3F/3-c/dag-Cr3F-12-639.cif,legacy_H2_mapped_to_new_name,dag-Cr3F-N639-N7-3c-D3h_UFF4MOF_cell_bonded,68364.5,0.703874,14810.1,2166.34,3077.74,0.0,0.0,0.0,1,0,1.445,39501.0,0.5778,0.820886,0.0,0.0,0.0,10000,3687,0.3687,8.6,8.930539734201247,9.1,9.5,9.53185,8.00301,9.53185,True
dag-Cr3F-13-126,3-c,Cr3F,3-c,dag,13.0,N13,N126,126,Cr3F/3-c/dag-Cr3F-13-126.cif,legacy_H2_mapped_to_new_name,dag-Cr3F-N126-N11-3c-C3h_UFF4MOF_cell_bonded,31182.8,0.28116,4776.4,1531.74,5447.94,0.0,0.0,0.0,1,0,1.445,26277.8,0.8427,2.99723,0.0,0.0,0.0,10000,6744,0.6744,18.2,16.979048042704626,18.2,18.4,18.45486,14.27249,18.22883,True
fmz-Cr3F-1-10,3-c,Cr3F,3-c,fmz,1.0,N1,N10,10,Cr3F/3-c/fmz-Cr3F-1-10.cif,legacy_H2_mapped_to_new_name,fmz-Cr3F-N10-N1-3c-D3h_UFF4MOF_cell_bonded,47078.6,1.53699,0.0,0.0,0.0,3762.43,799.182,519.965,0,44,1.445,0.0,0.0,0.0,3069.52,0.0652,0.0424206,10000,0,0.0,,,,,5.20029,2.84599,5.05548,True
fmz-Cr3F-2-19,3-c,Cr3F,3-c,fmz,2.0,N2,N19,19,Cr3F/3-c/fmz-Cr3F-2-19.cif,legacy_H2_mapped_to_new_name,fmz-Cr3F-N19-N2-3c-D3h_UFF4MOF_cell_bonded,45415.7,1.60887,0.0,0.0,0.0,4310.25,949.067,589.895,0,76,1.445,0.0,0.0,0.0,3764.96,0.0829,0.0515268,10000,0,0.0,,,,,5.21387,2.69859,5.19687,True
fmz-Cr3F-3-20,3-c,Cr3F,3-c,fmz,3.0,N3,N20,20,Cr3F/3-c/fmz-Cr3F-3-20.cif,legacy_H2_mapped_to_new_name,fmz-Cr3F-N20-N3-3c-D3h_UFF4MOF_cell_bonded,89506.4,1.04112,20892.2,2334.16,2241.97,0.0,0.0,0.0,1,0,1.445,26467.0,0.2957,0.284022,0.0,0.0,0.0,10000,1604,0.1604,6.5,6.685162094763091,6.6,8.3,8.33253,4.23203,8.16339,True
fmz-Cr3F-4-410,3-c,Cr3F,3-c,fmz,4.0,N4,N410,410,Cr3F/3-c/fmz-Cr3F-4-410.cif,legacy_H2_mapped_to_new_name,fmz-Cr3F-N410-N9-3c-D3_UFF4MOF_cell_bonded,169735.0,0.66187,40034.6,2358.65,3563.62,0.0,0.0,0.0,1,0,1.445,82525.0,0.4862,0.734585,0.0,0.0,0.0,10000,3393,0.3393,11.8,9.62051282051282,10.0,11.8,11.89559,6.07829,10.19132,True
fmz-Cr3F-5-386,3-c,Cr3F,3-c,fmz,5.0,N5,N386,386,Cr3F/3-c/fmz-Cr3F-5-386.cif,legacy_H2_mapped_to_new_name,fmz-Cr3F-N386-N5-3c-D3h_UFF4MOF_cell_bonded,134737.0,0.267522,21215.5,1574.58,5885.82,0.0,0.0,0.0,1,0,1.445,110579.0,0.8207,3.06779,0.0,0.0,0.0,10000,6716,0.6716,21.0,17.807087552114353,17.4,21.4,21.78658,11.87001,21.04523,True
fmz-Cr3F-6-225,3-c,Cr3F,3-c,fmz,6.0,N6,N225,225,Cr3F/3-c/fmz-Cr3F-6-225.cif,legacy_H2_mapped_to_new_name,fmz-Cr3F-N225-N4-3c-D3h_UFF4MOF_cell_bonded,50366.6,1.63643,0.0,0.0,0.0,1687.05,334.953,204.685,0,108,1.445,0.0,0.0,0.0,1249.09,0.0248,0.0151549,10000,0,0.0,,,,,4.64224,2.10988,4.63687,True
fmz-Cr3F-7-592,3-c,Cr3F,3-c,fmz,7.0,N7,N592,592,Cr3F/3-c/fmz-Cr3F-7-592.cif,legacy_H2_mapped_to_new_name,fmz-Cr3F-N592-N6-3c-D3h_UFF4MOF_cell_bonded,61085.8,0.719536,11462.2,1876.4,2607.8,88.8834,14.5506,20.2222,1,22,1.445,25478.9,0.4171,0.579679,134.389,0.0022,0.00305753,10000,2526,0.2526,10.8,10.986975455265242,10.8,12.8,12.90017,5.68262,12.89037,True
fmz-Cr3F-TATB,3-c,Cr3F,3-c,fmz,8.0,N8,TATB,TATB,Cr3F/TATB/fmz-Cr3F-TATB.cif,new_H2,fmz-Cr3F-TATB,67063.4,0.475882,13798.8,2057.58,4323.71,0.0,0.0,0.0,1,0,1.445,47702.2,0.7113,1.4947,0.0,0.0,0.0,10000,5032,0.5032,14.9,12.888275039745627,13.5,14.9,15.15705,8.22827,14.40747,True
fmz-Cr3F-9-130,3-c,Cr3F,3-c,fmz,9.0,N9,N130,130,Cr3F/3-c/fmz-Cr3F-9-130.cif,legacy_H2_mapped_to_new_name,fmz-Cr3F-N130-N10-3c-C3v_UFF4MOF_cell_bonded,56380.6,1.53411,0.0,0.0,0.0,4721.29,837.396,545.852,0,52,1.445,0.0,0.0,0.0,4606.3,0.0817,0.0532557,10000,0,0.0,,,,,5.76497,2.37009,5.76496,True
fmz-Cr3F-10-333,3-c,Cr3F,3-c,fmz,10.0,N10,N333,333,Cr3F/3-c/fmz-Cr3F-10-333.cif,legacy_H2_mapped_to_new_name,fmz-Cr3F-N333-N8-3c-D3_UFF4MOF_cell_bonded,171099.0,0.65521,39861.0,2329.7,3555.65,0.0,0.0,0.0,1,0,1.445,83667.6,0.489,0.746325,0.0,0.0,0.0,10000,3420,0.342,10.7,9.86438596491228,10.4,11.9,11.99398,6.21194,11.82923,True
fmz-Cr3F-11-516,3-c,Cr3F,3-c,fmz,11.0,N11,N516,516,Cr3F/3-c/fmz-Cr3F-11-516.cif,legacy_H2_mapped_to_new_name,fmz-Cr3F-N516-N24-3c-C3_UFF4MOF_cell_bonded,169672.0,0.683268,37864.3,2231.61,3266.09,0.0,0.0,0.0,1,0,1.445,80798.0,0.4762,0.696945,0.0,0.0,0.0,10000,3292,0.3292,10.7,9.894957472660996,10.6,11.7,11.85374,6.21486,11.76487,True
fmz-Cr3F-12-639,3-c,Cr3F,3-c,fmz,12.0,N12,N639,639,Cr3F/3-c/fmz-Cr3F-12-639.cif,legacy_H2_mapped_to_new_name,fmz-Cr3F-N639-N7-3c-D3h_UFF4MOF_cell_bonded,129129.0,0.838461,31196.9,2415.94,2881.4,0.0,0.0,0.0,1,0,1.445,51948.8,0.4023,0.479808,0.0,0.0,0.0,10000,2539,0.2539,8.3,8.04166994879874,8.3,9.6,10.07596,5.27637,8.90975,True
fmz-Cr3F-13-126,3-c,Cr3F,3-c,fmz,13.0,N13,N126,126,Cr3F/3-c/fmz-Cr3F-13-126.cif,legacy_H2_mapped_to_new_name,fmz-Cr3F-N126-N11-3c-C3h_UFF4MOF_cell_bonded,125611.0,0.31409,20895.6,1663.52,5296.31,0.0,0.0,0.0,1,0,1.445,99709.8,0.7938,2.5273,0.0,0.0,0.0,10000,6350,0.635,19.8,17.092881889763778,17.1,20.1,20.34257,11.16873,20.17311,True
hwx-Cr3F-1-10,3-c,Cr3F,3-c,hwx,1.0,N1,N10,10,Cr3F/3-c/hwx-Cr3F-1-10.cif,legacy_H2_mapped_to_new_name,hwx-Cr3F-N10-N1-3c-D3h_UFF4MOF_cell_bonded,39022.3,1.2362,8529.25,2185.73,1768.1,0.0,0.0,0.0,1,0,1.445,13373.0,0.3427,0.27722,0.0,0.0,0.0,10000,1309,0.1309,6.0,5.759358288770054,5.9,6.2,6.21667,5.19658,6.09548,True
hwx-Cr3F-2-19,3-c,Cr3F,3-c,hwx,2.0,N2,N19,19,Cr3F/3-c/hwx-Cr3F-2-19.cif,legacy_H2_mapped_to_new_name,hwx-Cr3F-N19-N2-3c-D3h_UFF4MOF_cell_bonded,37796.4,1.2888,8748.31,2314.58,1795.92,0.0,0.0,0.0,1,0,1.445,14158.5,0.3746,0.290658,0.0,0.0,0.0,10000,1432,0.1432,6.0,5.697625698324022,5.9,6.0,6.08249,5.4972,5.97539,True
hwx-Cr3F-3-20,3-c,Cr3F,3-c,hwx,3.0,N3,N20,20,Cr3F/3-c/hwx-Cr3F-3-20.cif,legacy_H2_mapped_to_new_name,hwx-Cr3F-N20-N3-3c-D3h_UFF4MOF_cell_bonded,72183.4,0.860646,17073.6,2365.31,2748.3,0.0,0.0,0.0,1,0,1.445,34965.7,0.4844,0.562833,0.0,0.0,0.0,10000,2742,0.2742,8.2,7.863384390955508,7.9,8.5,8.58677,7.44501,8.26682,True
hwx-Cr3F-4-410,3-c,Cr3F,3-c,hwx,4.0,N4,N410,410,Cr3F/3-c/hwx-Cr3F-4-410.cif,legacy_H2_mapped_to_new_name,hwx-Cr3F-N410-N9-3c-D3_UFF4MOF_cell_bonded,21011.9,0.594068,4853.28,2309.78,3888.07,0.0,0.0,0.0,1,0,1.445,13920.4,0.6625,1.11519,0.0,0.0,0.0,10000,3919,0.3919,10.1,9.38349068639959,9.8,10.3,10.30808,9.04218,10.30808,True
hwx-Cr3F-5-386,3-c,Cr3F,3-c,hwx,5.0,N5,N386,386,Cr3F/3-c/hwx-Cr3F-5-386.cif,legacy_H2_mapped_to_new_name,hwx-Cr3F-N386-N5-3c-D3h_UFF4MOF_cell_bonded,64944.1,0.246675,9699.93,1493.58,6054.86,0.0,0.0,0.0,1,0,1.445,55098.6,0.8484,3.43935,0.0,0.0,0.0,10000,6931,0.6931,16.8,16.40908959746068,16.1,18.0,18.03179,17.15479,18.03179,True
hwx-Cr3F-6-225,3-c,Cr3F,3-c,hwx,6.0,N6,N225,225,Cr3F/3-c/hwx-Cr3F-6-225.cif,legacy_H2_mapped_to_new_name,hwx-Cr3F-N225-N4-3c-D3h_UFF4MOF_cell_bonded,30606.6,1.79529,0.0,0.0,0.0,0.0,0.0,0.0,0,0,1.445,0.0,0.0,0.0,0.0,0.0,0.0,10000,0,0.0,,,,,2.77897,1.51044,2.73421,True
hwx-Cr3F-7-592,3-c,Cr3F,3-c,hwx,7.0,N7,N592,592,Cr3F/3-c/hwx-Cr3F-7-592.cif,legacy_H2_mapped_to_new_name,hwx-Cr3F-N592-N6-3c-D3h_UFF4MOF_cell_bonded,23748.1,0.822586,4501.83,1895.66,2304.51,0.0,0.0,0.0,1,2,1.445,8497.07,0.3578,0.43497,0.0,0.0,0.0,10000,1647,0.1647,8.3,7.514207650273225,8.1,8.3,8.37354,5.02168,8.37354,True
hwx-Cr3F-TATB,3-c,Cr3F,3-c,hwx,8.0,N8,TATB,TATB,Cr3F/TATB/hwx-Cr3F-TATB.cif,new_H2,hwx-Cr3F-TATB,33357.9,0.425211,6466.93,1938.65,4559.27,0.0,0.0,0.0,1,0,1.445,25555.5,0.7661,1.8017,0.0,0.0,0.0,10000,5413,0.5413,12.6,13.104987991871422,13.0,14.0,14.01544,12.74202,13.92738,True
hwx-Cr3F-9-130,3-c,Cr3F,3-c,hwx,9.0,N9,N130,130,Cr3F/3-c/hwx-Cr3F-9-130.cif,legacy_H2_mapped_to_new_name,hwx-Cr3F-N130-N10-3c-C3v_UFF4MOF_cell_bonded,40018.7,1.44089,5062.24,1264.97,877.906,0.785981,0.196403,0.136307,1,36,1.445,4710.2,0.1177,0.0816854,0.0,0.0,0.0,10000,385,0.0385,5.6,4.763896103896104,4.2,5.6,5.65734,3.52306,5.64213,True
hwx-Cr3F-10-333,3-c,Cr3F,3-c,hwx,10.0,N10,N333,333,Cr3F/3-c/hwx-Cr3F-10-333.cif,legacy_H2_mapped_to_new_name,hwx-Cr3F-N333-N8-3c-D3_UFF4MOF_cell_bonded,20069.9,0.620644,4935.67,2459.24,3962.41,0.0,0.0,0.0,1,0,1.445,13015.3,0.6485,1.04488,0.0,0.0,0.0,10000,3638,0.3638,9.3,8.695739417262233,9.0,9.6,9.61554,8.55523,9.61554,True
hwx-Cr3F-11-516,3-c,Cr3F,3-c,hwx,11.0,N11,N516,516,Cr3F/3-c/hwx-Cr3F-11-516.cif,legacy_H2_mapped_to_new_name,hwx-Cr3F-N516-N24-3c-C3_UFF4MOF_cell_bonded,19916.2,0.646775,4730.19,2375.05,3672.14,0.0,0.0,0.0,1,0,1.445,12678.7,0.6366,0.984268,0.0,0.0,0.0,10000,3554,0.3554,9.2,8.62737760270118,8.8,9.2,9.28114,7.85685,9.15495,True
hwx-Cr3F-12-639,3-c,Cr3F,3-c,hwx,12.0,N12,N639,639,Cr3F/3-c/hwx-Cr3F-12-639.cif,legacy_H2_mapped_to_new_name,hwx-Cr3F-N639-N7-3c-D3h_UFF4MOF_cell_bonded,33034.8,0.728322,7783.56,2356.17,3235.06,0.0,0.0,0.0,1,0,1.445,19193.2,0.581,0.797724,0.0,0.0,0.0,10000,3306,0.3306,9.1,9.226739261947973,9.2,10.0,10.08054,8.25134,9.67145,True
hwx-Cr3F-13-126,3-c,Cr3F,3-c,hwx,13.0,N13,N126,126,Cr3F/3-c/hwx-Cr3F-13-126.cif,legacy_H2_mapped_to_new_name,hwx-Cr3F-N126-N11-3c-C3h_UFF4MOF_cell_bonded,58749.0,0.298469,9602.26,1634.46,5476.14,0.0,0.0,0.0,1,0,1.445,47862.8,0.8147,2.7296,0.0,0.0,0.0,10000,6427,0.6427,15.7,15.08997977283336,15.4,16.5,16.5128,13.93179,16.5128,True
sab-Cr3F-1-10,3-c,Cr3F,3-c,sab,1.0,N1,N10,10,Cr3F/3-c/sab-Cr3F-1-10.cif,legacy_H2_mapped_to_new_name,sab-Cr3F-N10-N1-3c-D3h_UFF4MOF_cell_bonded,48650.1,1.32208,8200.24,1685.55,1274.93,0.0,0.0,0.0,16,0,1.445,11943.6,0.2455,0.185692,0.0,0.0,0.0,10000,1052,0.1052,7.9,7.025950570342205,7.4,7.9,7.98629,5.94514,7.98629,True
sab-Cr3F-2-19,3-c,Cr3F,3-c,sab,2.0,N2,N19,19,Cr3F/3-c/sab-Cr3F-2-19.cif,legacy_H2_mapped_to_new_name,sab-Cr3F-N19-N2-3c-D3h_UFF4MOF_cell_bonded,47648.7,1.36309,8601.3,1805.15,1324.31,0.0,0.0,0.0,1,0,1.445,13155.8,0.2761,0.202555,0.0,0.0,0.0,10000,1213,0.1213,8.2,7.420774938169827,7.7,8.2,8.27266,6.84333,8.27266,True
sab-Cr3F-3-20,3-c,Cr3F,3-c,sab,3.0,N3,N20,20,Cr3F/3-c/sab-Cr3F-3-20.cif,legacy_H2_mapped_to_new_name,sab-Cr3F-N20-N3-3c-D3h_UFF4MOF_cell_bonded,93252.3,0.888263,21628.3,2319.33,2611.09,0.0,0.0,0.0,1,0,1.445,38494.6,0.4128,0.464727,0.0,0.0,0.0,10000,2407,0.2407,10.3,8.726672206065643,10.1,10.3,10.34841,8.2374,10.34841,True
sab-Cr3F-4-410,3-c,Cr3F,3-c,sab,4.0,N4,N410,410,Cr3F/3-c/sab-Cr3F-4-410.cif,legacy_H2_mapped_to_new_name,sab-Cr3F-N410-N9-3c-D3_UFF4MOF_cell_bonded,40709.0,0.613254,9598.56,2357.84,3844.81,0.0,0.0,0.0,1,0,1.445,25146.0,0.6177,1.00725,0.0,0.0,0.0,10000,3839,0.3839,9.3,10.080098984110446,9.7,11.9,12.05423,8.81155,11.86306,True
sab-Cr3F-5-386,3-c,Cr3F,3-c,sab,5.0,N5,N386,386,Cr3F/3-c/sab-Cr3F-5-386.cif,legacy_H2_mapped_to_new_name,sab-Cr3F-N386-N5-3c-D3h_UFF4MOF_cell_bonded,63781.4,0.251171,9630.19,1509.87,6011.33,0.0,0.0,0.0,1,0,1.445,53997.4,0.8466,3.37061,0.0,0.0,0.0,10000,6885,0.6885,21.2,18.420377632534496,17.2,21.4,21.47737,18.31286,21.35341,True
sab-Cr3F-6-225,3-c,Cr3F,3-c,sab,6.0,N6,N225,225,Cr3F/3-c/sab-Cr3F-6-225.cif,legacy_H2_mapped_to_new_name,sab-Cr3F-N225-N4-3c-D3h_UFF4MOF_cell_bonded,49195.9,1.48922,2913.2,592.164,397.633,1429.0,290.47,195.048,8,32,1.445,3797.92,0.0772,0.0518392,772.376,0.0157,0.0105424,10000,304,0.0304,6.0,5.8930921052631575,6.0,6.0,6.05537,4.51344,6.04178,True
sab-Cr3F-7-592,3-c,Cr3F,3-c,sab,7.0,N7,N592,592,Cr3F/3-c/sab-Cr3F-7-592.cif,legacy_H2_mapped_to_new_name,sab-Cr3F-N592-N6-3c-D3h_UFF4MOF_cell_bonded,30294.8,0.644825,6724.52,2219.69,3442.32,0.121131,0.0399842,0.0620079,1,9,1.445,15686.7,0.5178,0.803009,0.0,0.0,0.0,10000,2943,0.2943,12.1,10.328950050968398,10.6,12.1,12.28753,7.49084,10.69532,True
sab-Cr3F-TATB,3-c,Cr3F,3-c,sab,8.0,N8,TATB,TATB,Cr3F/TATB/sab-Cr3F-TATB.cif,new_H2,sab-Cr3F-TATB,31766.0,0.446519,6445.02,2028.9,4543.83,0.0,0.0,0.0,1,0,1.445,23856.3,0.751,1.6819,0.0,0.0,0.0,10000,5199,0.5199,15.7,13.156395460665511,13.7,15.8,15.81667,13.3997,15.71274,True
sab-Cr3F-9-130,3-c,Cr3F,3-c,sab,9.0,N9,N130,130,Cr3F/3-c/sab-Cr3F-9-130.cif,legacy_H2_mapped_to_new_name,sab-Cr3F-N130-N10-3c-C3v_UFF4MOF_cell_bonded,54183.6,1.41894,6021.57,1111.33,783.207,0.0,0.0,0.0,16,0,1.445,6599.56,0.1218,0.0858385,0.0,0.0,0.0,10000,487,0.0487,6.1,5.716016427104722,6.1,6.1,6.12614,4.63518,6.12611,True
sab-Cr3F-10-333,3-c,Cr3F,3-c,sab,10.0,N10,N333,333,Cr3F/3-c/sab-Cr3F-10-333.cif,legacy_H2_mapped_to_new_name,sab-Cr3F-N333-N8-3c-D3_UFF4MOF_cell_bonded,41029.1,0.607191,9341.96,2276.91,3749.91,0.0,0.0,0.0,1,0,1.445,25942.7,0.6323,1.04135,0.0,0.0,0.0,10000,3938,0.3938,8.6,10.295505332656168,9.3,12.9,12.9244,9.61022,12.86088,True
sab-Cr3F-11-516,3-c,Cr3F,3-c,sab,11.0,N11,N516,516,Cr3F/3-c/sab-Cr3F-11-516.cif,legacy_H2_mapped_to_new_name,sab-Cr3F-N516-N24-3c-C3_UFF4MOF_cell_bonded,40488.2,0.636298,9285.33,2293.34,3604.19,0.0,0.0,0.0,1,0,1.445,24876.0,0.6144,0.965585,0.0,0.0,0.0,10000,3778,0.3778,11.9,9.99182106934886,9.6,11.9,11.96341,7.62476,9.56963,True
sab-Cr3F-12-639,3-c,Cr3F,3-c,sab,12.0,N12,N639,639,Cr3F/3-c/sab-Cr3F-12-639.cif,legacy_H2_mapped_to_new_name,sab-Cr3F-N639-N7-3c-D3h_UFF4MOF_cell_bonded,32897.2,0.731369,7920.58,2407.68,3292.01,0.273447,0.0831218,0.113652,1,4,1.445,18817.2,0.572,0.782095,0.0,0.0,0.0,10000,3175,0.3175,11.3,9.455055118110236,11.0,11.4,11.40402,9.43449,11.26707,True
sab-Cr3F-13-126,3-c,Cr3F,3-c,sab,13.0,N13,N126,126,Cr3F/3-c/sab-Cr3F-13-126.cif,legacy_H2_mapped_to_new_name,sab-Cr3F-N126-N11-3c-C3h_UFF4MOF_cell_bonded,58689.7,0.29877,9511.03,1620.56,5424.11,0.0,0.0,0.0,1,0,1.445,48313.4,0.8232,2.7553,0.0,0.0,0.0,10000,6506,0.6506,15.9,17.04970796188134,16.1,20.2,20.22049,16.72209,20.14487,True
sit-Cr3F-1-10,3-c,Cr3F,3-c,sit,1.0,N1,N10,10,Cr3F/3-c/sit-Cr3F-1-10.cif,legacy_H2_mapped_to_new_name,sit-Cr3F-N10-N1-3c-D3h_UFF4MOF_cell_bonded,19915.3,1.21112,4541.6,2280.46,1882.94,0.0,0.0,0.0,1,0,1.445,7840.64,0.3937,0.325071,0.0,0.0,0.0,10000,1369,0.1369,6.9,6.717750182615048,6.9,6.9,6.97324,4.69686,6.97323,True
sit-Cr3F-2-19,3-c,Cr3F,3-c,sit,2.0,N2,N19,19,Cr3F/3-c/sit-Cr3F-2-19.cif,legacy_H2_mapped_to_new_name,sit-Cr3F-N19-N2-3c-D3h_UFF4MOF_cell_bonded,19092.5,1.27569,4656.72,2439.03,1911.94,0.0,0.0,0.0,1,0,1.445,8366.32,0.4382,0.343501,0.0,0.0,0.0,10000,1488,0.1488,7.2,6.915860215053763,7.2,7.2,7.2289,4.17155,7.22887,True
sit-Cr3F-3-20,3-c,Cr3F,3-c,sit,3.0,N3,N20,20,Cr3F/3-c/sit-Cr3F-3-20.cif,legacy_H2_mapped_to_new_name,sit-Cr3F-N20-N3-3c-D3h_UFF4MOF_cell_bonded,37275.3,0.833319,8892.19,2385.54,2862.7,0.0,0.0,0.0,1,0,1.445,20542.4,0.5511,0.661331,0.0,0.0,0.0,10000,2897,0.2897,8.9,8.403486365205385,8.8,8.9,8.90017,6.91768,8.88828,True
sit-Cr3F-4-410,3-c,Cr3F,3-c,sit,4.0,N4,N410,410,Cr3F/3-c/sit-Cr3F-4-410.cif,legacy_H2_mapped_to_new_name,sit-Cr3F-N410-N9-3c-D3_UFF4MOF_cell_bonded,41420.9,0.602715,9717.52,2346.04,3892.46,0.0,0.0,0.0,1,0,1.445,26770.3,0.6463,1.07231,0.0,0.0,0.0,10000,3897,0.3897,11.4,10.574724146779575,11.4,11.4,11.46189,8.37908,11.46185,True
sit-Cr3F-5-386,3-c,Cr3F,3-c,sit,5.0,N5,N386,386,Cr3F/3-c/sit-Cr3F-5-386.cif,legacy_H2_mapped_to_new_name,sit-Cr3F-N386-N5-3c-D3h_UFF4MOF_cell_bonded,33505.2,0.239068,4850.97,1447.82,6056.11,0.0,0.0,0.0,1,0,1.445,29092.6,0.8683,3.63202,0.0,0.0,0.0,10000,7064,0.7064,20.7,19.85069365798414,20.2,20.7,20.73637,16.63562,20.73637,True
sit-Cr3F-6-225,3-c,Cr3F,3-c,sit,6.0,N6,N225,225,Cr3F/3-c/sit-Cr3F-6-225.cif,legacy_H2_mapped_to_new_name,sit-Cr3F-N225-N4-3c-D3h_UFF4MOF_cell_bonded,18998.0,1.44615,1906.82,1003.7,694.048,0.238906,0.125754,0.0869576,8,12,1.445,2494.43,0.1313,0.090793,0.0,0.0,0.0,10000,283,0.0283,4.6,4.3886925795053005,4.4,4.6,4.60815,3.50741,4.40156,True
sit-Cr3F-7-592,3-c,Cr3F,3-c,sit,7.0,N7,N592,592,Cr3F/3-c/sit-Cr3F-7-592.cif,legacy_H2_mapped_to_new_name,sit-Cr3F-N592-N6-3c-D3h_UFF4MOF_cell_bonded,31200.4,0.62611,7147.99,2291.0,3659.1,0.0,0.0,0.0,1,0,1.445,16764.0,0.5373,0.858156,0.0,0.0,0.0,10000,3081,0.3081,10.1,8.9460564751704,8.5,10.1,10.19197,6.85202,10.16106,True
sit-Cr3F-TATB,3-c,Cr3F,3-c,sit,8.0,N8,TATB,TATB,Cr3F/TATB/sit-Cr3F-TATB.cif,new_H2,sit-Cr3F-TATB,67297.0,0.421538,13017.1,1934.27,4588.61,0.0,0.0,0.0,1,0,1.445,50580.5,0.7516,1.783,0.0,0.0,0.0,10000,5494,0.5494,14.4,13.923825991991263,14.4,14.5,14.52252,12.02049,14.1911,True
sit-Cr3F-9-130,3-c,Cr3F,3-c,sit,9.0,N9,N130,130,Cr3F/3-c/sit-Cr3F-9-130.cif,legacy_H2_mapped_to_new_name,sit-Cr3F-N130-N10-3c-C3v_UFF4MOF_cell_bonded,20332.7,1.41798,2593.5,1275.53,899.542,0.0,0.0,0.0,2,0,1.445,4082.8,0.2008,0.14161,0.0,0.0,0.0,10000,540,0.054,5.7,5.516851851851852,5.7,5.7,5.74273,3.20493,5.74273,True
sit-Cr3F-10-333,3-c,Cr3F,3-c,sit,10.0,N10,N333,333,Cr3F/3-c/sit-Cr3F-10-333.cif,legacy_H2_mapped_to_new_name,sit-Cr3F-N333-N8-3c-D3_UFF4MOF_cell_bonded,63601.2,0.587547,14904.1,2343.37,3988.4,0.0,0.0,0.0,1,0,1.445,39464.6,0.6205,1.05609,0.0,0.0,0.0,10000,3965,0.3965,11.4,10.42829760403531,11.3,11.4,11.45096,8.02883,11.30603,True
sit-Cr3F-11-516,3-c,Cr3F,3-c,sit,11.0,N11,N516,516,Cr3F/3-c/sit-Cr3F-11-516.cif,legacy_H2_mapped_to_new_name,sit-Cr3F-N516-N24-3c-C3_UFF4MOF_cell_bonded,63124.0,0.612191,15110.3,2393.75,3910.13,0.0,0.0,0.0,1,0,1.445,38499.3,0.6099,0.996258,0.0,0.0,0.0,10000,3796,0.3796,11.2,10.105163329820863,11.0,11.2,11.24516,7.07158,11.06535,True
sit-Cr3F-12-639,3-c,Cr3F,3-c,sit,12.0,N12,N639,639,Cr3F/3-c/sit-Cr3F-12-639.cif,legacy_H2_mapped_to_new_name,sit-Cr3F-N639-N7-3c-D3h_UFF4MOF_cell_bonded,34225.5,0.702983,8126.95,2374.53,3377.79,0.0,0.0,0.0,1,0,1.445,20401.8,0.5961,0.847957,0.0,0.0,0.0,10000,3367,0.3367,10.0,9.527947727947728,10.0,10.0,10.08209,7.86645,10.08209,True
sit-Cr3F-13-126,3-c,Cr3F,3-c,sit,13.0,N13,N126,126,Cr3F/3-c/sit-Cr3F-13-126.cif,legacy_H2_mapped_to_new_name,sit-Cr3F-N126-N11-3c-C3h_UFF4MOF_cell_bonded,31107.8,0.281838,4783.86,1537.83,5456.44,0.0,0.0,0.0,1,0,1.445,26357.7,0.8473,3.00634,0.0,0.0,0.0,10000,6757,0.6757,19.3,18.208420896847716,18.5,19.3,19.396,17.06725,19.396,True
ydq-Cr3F-1-10,3-c,Cr3F,3-c,ydq,1.0,N1,N10,10,Cr3F/3-c/ydq-Cr3F-1-10.cif,legacy_H2_mapped_to_new_name,ydq-Cr3F-N10-N1-3c-D3h_UFF4MOF_cell_bonded,46276.1,1.04243,8327.44,1799.51,1726.27,0.0,0.0,0.0,1,0,1.445,22106.1,0.4777,0.458257,0.0,0.0,0.0,10000,2921,0.2921,13.5,12.326840123245463,13.5,13.5,13.5838,9.64812,13.56693,True
ydq-Cr3F-2-19,3-c,Cr3F,3-c,ydq,2.0,N2,N19,19,Cr3F/3-c/ydq-Cr3F-2-19.cif,legacy_H2_mapped_to_new_name,ydq-Cr3F-N19-N2-3c-D3h_UFF4MOF_cell_bonded,44511.8,1.09436,8282.49,1860.74,1700.3,0.0,0.0,0.0,1,0,1.445,21619.4,0.4857,0.443821,0.0,0.0,0.0,10000,2927,0.2927,13.2,12.12685343354971,13.1,13.2,13.26917,9.34662,13.26917,True
ydq-Cr3F-3-20,3-c,Cr3F,3-c,ydq,3.0,N3,N20,20,Cr3F/3-c/ydq-Cr3F-3-20.cif,legacy_H2_mapped_to_new_name,ydq-Cr3F-N20-N3-3c-D3h_UFF4MOF_cell_bonded,91715.1,0.677363,16019.0,1746.6,2578.53,0.0,0.0,0.0,1,0,1.445,57780.5,0.63,0.930077,0.0,0.0,0.0,10000,4554,0.4554,19.0,16.82272727272727,19.0,19.1,19.10202,14.15969,19.08007,True
ydq-Cr3F-4-410,3-c,Cr3F,3-c,ydq,4.0,N4,N410,410,Cr3F/3-c/ydq-Cr3F-4-410.cif,legacy_H2_mapped_to_new_name,ydq-Cr3F-N410-N9-3c-D3_UFF4MOF_cell_bonded,162189.0,0.461776,26779.5,1651.13,3575.61,0.0,0.0,0.0,1,2,1.445,109121.0,0.6728,1.45698,0.0,0.0,0.0,10000,5491,0.5491,21.9,18.92558732471317,21.6,22.3,23.0822,17.35163,22.63757,True
ydq-Cr3F-5-386,3-c,Cr3F,3-c,ydq,5.0,N5,N386,386,Cr3F/3-c/ydq-Cr3F-5-386.cif,legacy_H2_mapped_to_new_name,ydq-Cr3F-N386-N5-3c-D3h_UFF4MOF_cell_bonded,523521.0,0.183604,56800.0,1084.96,5909.26,0.0,0.0,0.0,1,0,1.445,445516.0,0.851,4.63498,0.0,0.0,0.0,10000,7760,0.776,38.5,32.85050257731959,38.4,38.5,38.63782,30.07462,38.63782,True
ydq-Cr3F-6-225,3-c,Cr3F,3-c,ydq,6.0,N6,N225,225,Cr3F/3-c/ydq-Cr3F-6-225.cif,legacy_H2_mapped_to_new_name,ydq-Cr3F-N225-N4-3c-D3h_UFF4MOF_cell_bonded,46159.7,1.19038,5310.15,1150.39,966.401,1420.29,307.691,258.48,1,25,1.445,13847.9,0.3,0.25202,1680.21,0.0364,0.0305784,10000,1737,0.1737,12.1,11.282153137593552,12.0,12.1,12.17713,7.56251,12.17713,True
ydq-Cr3F-7-592,3-c,Cr3F,3-c,ydq,7.0,N7,N592,592,Cr3F/3-c/ydq-Cr3F-7-592.cif,legacy_H2_mapped_to_new_name,ydq-Cr3F-N592-N6-3c-D3h_UFF4MOF_cell_bonded,249229.0,0.470288,40746.0,1634.89,3476.35,0.113056,0.00453624,0.00964567,1,7,1.445,149637.0,0.6004,1.27666,0.0,0.0,0.0,10000,5021,0.5021,24.2,20.658793069109738,23.3,24.3,24.49037,17.21715,24.49037,True
ydq-Cr3F-TATB,3-c,Cr3F,3-c,ydq,8.0,N8,TATB,TATB,Cr3F/TATB/ydq-Cr3F-TATB.cif,new_H2,ydq-Cr3F-TATB,258948.0,0.328656,35777.3,1381.64,4203.91,0.0,0.0,0.0,1,1,1.445,199494.0,0.7704,2.3441,0.0,0.0,0.0,10000,6623,0.6623,29.7,25.777714026876037,29.7,29.8,29.86646,22.64982,29.79106,True
ydq-Cr3F-9-130,3-c,Cr3F,3-c,ydq,9.0,N9,N130,130,Cr3F/3-c/ydq-Cr3F-9-130.cif,legacy_H2_mapped_to_new_name,ydq-Cr3F-N130-N10-3c-C3v_UFF4MOF_cell_bonded,49488.7,1.16517,7028.51,1420.22,1218.9,6.85964,1.3861,1.18962,3,16,1.445,17934.7,0.3624,0.311028,0.0,0.0,0.0,10000,2272,0.2272,11.1,10.515625,10.8,11.1,11.17544,8.68974,11.1661,True
ydq-Cr3F-10-333,3-c,Cr3F,3-c,ydq,10.0,N10,N333,333,Cr3F/3-c/ydq-Cr3F-10-333.cif,legacy_H2_mapped_to_new_name,ydq-Cr3F-N333-N8-3c-D3_UFF4MOF_cell_bonded,160505.0,0.46564,25318.0,1577.4,3387.59,0.0161509,0.00100626,0.00216102,1,2,1.445,107634.0,0.6706,1.44017,0.0,0.0,0.0,10000,5489,0.5489,22.8,19.821042084168337,22.4,22.8,22.89763,17.74888,22.76328,True
ydq-Cr3F-11-516,3-c,Cr3F,3-c,ydq,11.0,N11,N516,516,Cr3F/3-c/ydq-Cr3F-11-516.cif,legacy_H2_mapped_to_new_name,ydq-Cr3F-N516-N24-3c-C3_UFF4MOF_cell_bonded,160894.0,0.480365,24901.6,1547.7,3221.93,2.70629,0.168203,0.350157,1,9,1.445,106866.0,0.6642,1.3827,0.0,0.0,0.0,10000,5428,0.5428,23.0,19.873931466470154,22.3,23.0,23.11248,18.05192,22.61597,True
ydq-Cr3F-12-639,3-c,Cr3F,3-c,ydq,12.0,N12,N639,639,Cr3F/3-c/ydq-Cr3F-12-639.cif,legacy_H2_mapped_to_new_name,ydq-Cr3F-N639-N7-3c-D3h_UFF4MOF_cell_bonded,131476.0,0.548996,21645.9,1646.38,2998.88,0.0,0.0,0.0,1,0,1.445,87563.2,0.666,1.21312,0.0,0.0,0.0,10000,5213,0.5213,22.0,19.236830999424512,21.6,22.0,22.10402,15.52307,22.10402,True
ydq-Cr3F-13-126,3-c,Cr3F,3-c,ydq,13.0,N13,N126,126,Cr3F/3-c/ydq-Cr3F-13-126.cif,legacy_H2_mapped_to_new_name,ydq-Cr3F-N126-N11-3c-C3h_UFF4MOF_cell_bonded,487322.0,0.215891,55270.5,1134.17,5253.44,0.0,0.0,0.0,1,1,1.445,402967.0,0.8269,3.83018,0.0,0.0,0.0,10000,7505,0.7505,37.6,32.11542971352432,37.2,37.6,37.73223,29.3068,37.71972,True
ceq-TiCo-1-10,3-c,TiCo,3-c,ceq,1.0,N1,N10,10,TiCo/3-c/ceq-TiCo-1-10.cif,legacy_H2_mapped_to_new_name,ceq-TiCo-N10-N1-3c-D3h_UFF4MOF_cell_bonded,29332.1,1.21459,6436.88,2194.48,1806.77,0.0,0.0,0.0,1,0,1.445,10498.0,0.3579,0.294667,0.0,0.0,0.0,10000,1257,0.1257,5.8,5.718536197295147,5.8,6.0,6.07217,5.10152,5.90439,True
ceq-TiCo-2-19,3-c,TiCo,3-c,ceq,2.0,N2,N19,19,TiCo/3-c/ceq-TiCo-2-19.cif,legacy_H2_mapped_to_new_name,ceq-TiCo-N19-N2-3c-D3h_UFF4MOF_cell_bonded,28494.4,1.26274,6580.24,2309.31,1828.82,0.0,0.0,0.0,1,0,1.445,11315.1,0.3971,0.314476,0.0,0.0,0.0,10000,1431,0.1431,5.7,5.618099231306778,5.7,5.8,5.87712,5.09131,5.71078,True
ceq-TiCo-3-20,3-c,TiCo,3-c,ceq,3.0,N3,N20,20,TiCo/3-c/ceq-TiCo-3-20.cif,legacy_H2_mapped_to_new_name,ceq-TiCo-N20-N3-3c-D3h_UFF4MOF_cell_bonded,34379.1,0.892794,8745.73,2543.91,2849.38,0.0,0.0,0.0,1,0,1.445,16749.5,0.4872,0.545702,0.0,0.0,0.0,10000,2243,0.2243,6.9,6.838074008024967,6.9,7.1,7.13199,5.83361,7.13198,True
ceq-TiCo-4-410,3-c,TiCo,3-c,ceq,4.0,N4,N410,410,TiCo/3-c/ceq-TiCo-4-410.cif,legacy_H2_mapped_to_new_name,ceq-TiCo-N410-N9-3c-D3_UFF4MOF_cell_bonded,65055.1,0.569958,15330.3,2356.51,4134.54,0.0,0.0,0.0,1,0,1.445,41420.6,0.6367,1.1171,0.0,0.0,0.0,10000,4082,0.4082,11.6,10.210828025477708,10.6,11.6,11.67421,8.69689,10.92577,True
ceq-TiCo-5-386,3-c,TiCo,3-c,ceq,5.0,N5,N386,386,TiCo/3-c/ceq-TiCo-5-386.cif,legacy_H2_mapped_to_new_name,ceq-TiCo-N386-N5-3c-D3h_UFF4MOF_cell_bonded,25927.3,0.229929,3711.03,1431.32,6225.07,0.0,0.0,0.0,1,0,1.445,22639.7,0.8732,3.7977,0.0,0.0,0.0,10000,7117,0.7117,19.0,18.878445974427425,19.2,19.9,19.96274,18.54632,19.86965,True
ceq-TiCo-6-225,3-c,TiCo,3-c,ceq,6.0,N6,N225,225,TiCo/3-c/ceq-TiCo-6-225.cif,legacy_H2_mapped_to_new_name,ceq-TiCo-N225-N4-3c-D3h_UFF4MOF_cell_bonded,28943.4,1.40473,0.0,0.0,0.0,2671.85,923.129,657.158,0,84,1.445,0.0,0.0,0.0,3586.08,0.1239,0.088202,10000,0,0.0,,,,,5.12443,2.67376,5.03088,True
ceq-TiCo-7-592,3-c,TiCo,3-c,ceq,7.0,N7,N592,592,TiCo/3-c/ceq-TiCo-7-592.cif,legacy_H2_mapped_to_new_name,ceq-TiCo-N592-N6-3c-D3h_UFF4MOF_cell_bonded,90094.4,0.646386,19322.8,2144.72,3318.02,0.920041,0.10212,0.157985,1,16,1.445,42461.5,0.4713,0.729131,0.0,0.0,0.0,10000,2952,0.2952,10.1,8.784552845528456,8.6,10.1,10.11715,6.58071,10.01828,True
ceq-TiCo-TATB,3-c,TiCo,3-c,ceq,8.0,N8,TATB,TATB,TiCo/TATB/ceq-TiCo-TATB.cif,new_H2,ceq-TiCo-TATB,97152.2,0.434201,20130.3,2072.04,4772.07,0.0,0.0,0.0,1,0,1.445,70590.8,0.7266,1.67342,0.0,0.0,0.0,10000,5313,0.5313,12.0,11.785977790325617,12.0,12.5,12.5271,10.4622,11.92352,True
ceq-TiCo-9-130,3-c,TiCo,3-c,ceq,9.0,N9,N130,130,TiCo/3-c/ceq-TiCo-9-130.cif,legacy_H2_mapped_to_new_name,ceq-TiCo-N130-N10-3c-C3v_UFF4MOF_cell_bonded,21250.9,1.33936,2897.53,1363.49,1018.01,17.9979,8.46926,6.32336,2,32,1.445,4477.56,0.2107,0.157314,8.50035,0.0004,0.00029865,10000,703,0.0703,5.8,5.334992887624467,5.5,5.8,5.86327,4.40667,5.86327,True
ceq-TiCo-10-333,3-c,TiCo,3-c,ceq,10.0,N10,N333,333,TiCo/3-c/ceq-TiCo-10-333.cif,legacy_H2_mapped_to_new_name,ceq-TiCo-N333-N8-3c-D3_UFF4MOF_cell_bonded,63964.7,0.578443,14921.2,2332.72,4032.75,0.0,0.0,0.0,1,0,1.445,39415.0,0.6162,1.06527,0.0,0.0,0.0,10000,4033,0.4033,11.5,10.359112323332507,11.5,11.9,11.90475,9.51036,11.85231,True
ceq-TiCo-11-516,3-c,TiCo,3-c,ceq,11.0,N11,N516,516,TiCo/3-c/ceq-TiCo-11-516.cif,legacy_H2_mapped_to_new_name,ceq-TiCo-N516-N24-3c-C3_UFF4MOF_cell_bonded,62364.4,0.613734,14791.8,2371.83,3864.6,0.0,0.0,0.0,1,0,1.445,36919.7,0.592,0.964587,0.0,0.0,0.0,10000,3797,0.3797,11.0,9.572004213853042,10.7,11.1,11.1373,8.62506,11.07183,True
ceq-TiCo-12-639,3-c,TiCo,3-c,ceq,12.0,N12,N639,639,TiCo/3-c/ceq-TiCo-12-639.cif,legacy_H2_mapped_to_new_name,ceq-TiCo-N639-N7-3c-D3h_UFF4MOF_cell_bonded,49061.9,0.728084,12483.6,2544.46,3494.73,0.0,0.0,0.0,1,0,1.445,27832.8,0.5673,0.779168,0.0,0.0,0.0,10000,3099,0.3099,8.2,7.877767021619878,7.9,8.5,8.54564,6.7773,8.43775,True
ceq-TiCo-13-126,3-c,TiCo,3-c,ceq,13.0,N13,N126,126,TiCo/3-c/ceq-TiCo-13-126.cif,legacy_H2_mapped_to_new_name,ceq-TiCo-N126-N11-3c-C3h_UFF4MOF_cell_bonded,23133.6,0.282249,3677.29,1589.59,5631.87,0.0,0.0,0.0,1,0,1.445,19709.8,0.852,3.01861,0.0,0.0,0.0,10000,6689,0.6689,17.0,16.569143369711465,17.0,17.8,17.82836,15.14346,17.0768,True
cml-TiCo-1-10,3-c,TiCo,3-c,cml,1.0,N1,N10,10,TiCo/3-c/cml-TiCo-1-10.cif,legacy_H2_mapped_to_new_name,cml-TiCo-N10-N1-3c-D3h_UFF4MOF_cell_bonded,40877.7,1.16205,9227.77,2257.41,1942.61,0.0,0.0,0.0,1,0,1.445,14973.5,0.3663,0.315219,0.0,0.0,0.0,10000,1498,0.1498,6.2,6.0211615487316426,6.1,6.3,6.3685,5.2944,6.05631,True
cml-TiCo-2-19,3-c,TiCo,3-c,cml,2.0,N2,N19,19,TiCo/3-c/cml-TiCo-2-19.cif,legacy_H2_mapped_to_new_name,cml-TiCo-N19-N2-3c-D3h_UFF4MOF_cell_bonded,39744.0,1.20709,9336.96,2349.27,1946.24,0.0,0.0,0.0,1,0,1.445,15865.8,0.3992,0.330714,0.0,0.0,0.0,10000,1686,0.1686,6.0,5.906049822064057,6.0,6.1,6.11684,5.61048,6.09402,True
cml-TiCo-3-20,3-c,TiCo,3-c,cml,3.0,N3,N20,20,TiCo/3-c/cml-TiCo-3-20.cif,legacy_H2_mapped_to_new_name,cml-TiCo-N20-N3-3c-D3h_UFF4MOF_cell_bonded,49537.1,0.826141,12280.4,2479.03,3000.73,0.0,0.0,0.0,1,0,1.445,25650.3,0.5178,0.626769,0.0,0.0,0.0,10000,2763,0.2763,8.0,7.668584871516467,7.8,8.0,8.06832,6.93764,8.0683,True
cml-TiCo-4-410,3-c,TiCo,3-c,cml,4.0,N4,N410,410,TiCo/3-c/cml-TiCo-4-410.cif,legacy_H2_mapped_to_new_name,cml-TiCo-N410-N9-3c-D3_UFF4MOF_cell_bonded,87263.7,0.566539,20470.7,2345.85,4140.67,0.0,0.0,0.0,1,0,1.445,54059.8,0.6195,1.09348,0.0,0.0,0.0,10000,4096,0.4096,11.5,10.5462646484375,11.4,11.6,11.64015,9.07515,11.59593,True
cml-TiCo-5-386,3-c,TiCo,3-c,cml,5.0,N5,N386,386,TiCo/3-c/cml-TiCo-5-386.cif,legacy_H2_mapped_to_new_name,cml-TiCo-N386-N5-3c-D3h_UFF4MOF_cell_bonded,34690.9,0.229126,4957.21,1428.97,6236.61,0.0,0.0,0.0,1,0,1.445,29969.4,0.8639,3.77042,0.0,0.0,0.0,10000,7035,0.7035,20.4,19.92220326936745,20.4,20.7,20.78995,17.39186,20.62732,True
cml-TiCo-6-225,3-c,TiCo,3-c,cml,6.0,N6,N225,225,TiCo/3-c/cml-TiCo-6-225.cif,legacy_H2_mapped_to_new_name,cml-TiCo-N225-N4-3c-D3h_UFF4MOF_cell_bonded,39476.6,1.37322,2111.87,534.967,389.57,2025.42,513.069,373.624,6,12,1.445,2230.43,0.0565,0.0411441,2360.7,0.0598,0.0435472,10000,171,0.0171,4.8,4.780701754385965,4.8,4.9,4.91775,2.93043,4.91773,True
cml-TiCo-7-592,3-c,TiCo,3-c,cml,7.0,N7,N592,592,TiCo/3-c/cml-TiCo-7-592.cif,legacy_H2_mapped_to_new_name,cml-TiCo-N592-N6-3c-D3h_UFF4MOF_cell_bonded,32146.4,0.603861,7473.45,2324.82,3849.93,0.0,0.0,0.0,1,0,1.445,18137.0,0.5642,0.934321,0.0,0.0,0.0,10000,3210,0.321,10.6,9.292679127725856,9.1,10.6,10.61994,6.94469,10.61994,True
cml-TiCo-TATB,3-c,TiCo,3-c,cml,8.0,N8,TATB,TATB,TiCo/TATB/cml-TiCo-TATB.cif,new_H2,cml-TiCo-TATB,33928.4,0.414437,6774.14,1996.6,4817.61,0.0,0.0,0.0,1,0,1.445,26152.0,0.7708,1.85987,0.0,0.0,0.0,10000,5469,0.5469,13.5,12.831230572316693,13.4,13.5,13.52714,11.86424,13.51283,True
cml-TiCo-9-130,3-c,TiCo,3-c,cml,9.0,N9,N130,130,TiCo/3-c/cml-TiCo-9-130.cif,legacy_H2_mapped_to_new_name,cml-TiCo-N130-N10-3c-C3v_UFF4MOF_cell_bonded,28453.4,1.33376,3822.91,1343.57,1007.35,1.45234,0.510427,0.382698,1,16,1.445,5562.65,0.1955,0.146578,0.0,0.0,0.0,10000,631,0.0631,6.4,5.823137876386689,6.4,6.4,6.40893,3.50975,6.40893,True
cml-TiCo-10-333,3-c,TiCo,3-c,cml,10.0,N10,N333,333,TiCo/3-c/cml-TiCo-10-333.cif,legacy_H2_mapped_to_new_name,cml-TiCo-N333-N8-3c-D3_UFF4MOF_cell_bonded,84374.2,0.584696,20223.1,2396.83,4099.28,0.0,0.0,0.0,1,0,1.445,49958.0,0.5921,1.01266,0.0,0.0,0.0,10000,3906,0.3906,10.7,9.745340501792114,10.6,10.7,10.73541,8.93998,10.73307,True
cml-TiCo-11-516,3-c,TiCo,3-c,cml,11.0,N11,N516,516,TiCo/3-c/cml-TiCo-11-516.cif,legacy_H2_mapped_to_new_name,cml-TiCo-N516-N24-3c-C3_UFF4MOF_cell_bonded,84899.9,0.601103,20546.6,2420.1,4026.1,0.0,0.0,0.0,1,0,1.445,49505.1,0.5831,0.970051,0.0,0.0,0.0,10000,3821,0.3821,10.7,9.919759225333683,10.7,10.9,10.90541,9.04566,10.89506,True
cml-TiCo-12-639,3-c,TiCo,3-c,cml,12.0,N12,N639,639,TiCo/3-c/cml-TiCo-12-639.cif,legacy_H2_mapped_to_new_name,cml-TiCo-N639-N7-3c-D3h_UFF4MOF_cell_bonded,70402.3,0.676516,16983.8,2412.39,3565.9,0.0,0.0,0.0,1,0,1.445,40629.2,0.5771,0.853047,0.0,0.0,0.0,10000,3517,0.3517,10.2,9.5130508956497,9.8,10.2,10.25777,8.06113,10.25777,True
cml-TiCo-13-126,3-c,TiCo,3-c,cml,13.0,N13,N126,126,TiCo/3-c/cml-TiCo-13-126.cif,legacy_H2_mapped_to_new_name,cml-TiCo-N126-N11-3c-C3h_UFF4MOF_cell_bonded,31458.0,0.276747,4908.56,1560.35,5638.2,0.0,0.0,0.0,1,0,1.445,26415.3,0.8397,3.03418,0.0,0.0,0.0,10000,6688,0.6688,18.2,17.171471291866027,17.7,18.2,18.25286,16.12155,18.24016,True
dag-TiCo-1-10,3-c,TiCo,3-c,dag,1.0,N1,N10,10,TiCo/3-c/dag-TiCo-1-10.cif,legacy_H2_mapped_to_new_name,dag-TiCo-N10-N1-3c-D3h_UFF4MOF_cell_bonded,36639.4,1.29647,8397.82,2292.02,1767.89,0.0,0.0,0.0,1,2,1.445,11061.4,0.3019,0.232863,0.0,0.0,0.0,10000,1068,0.1068,5.2,5.00430711610487,5.2,5.4,5.48272,4.12478,5.2922,True
dag-TiCo-2-19,3-c,TiCo,3-c,dag,2.0,N2,N19,19,TiCo/3-c/dag-TiCo-2-19.cif,legacy_H2_mapped_to_new_name,dag-TiCo-N19-N2-3c-D3h_UFF4MOF_cell_bonded,35941.5,1.33479,9056.46,2519.78,1887.77,0.0,0.0,0.0,1,0,1.445,12813.2,0.3565,0.267083,0.0,0.0,0.0,10000,1339,0.1339,5.4,5.128454070201643,5.2,5.6,5.60098,4.579,5.47424,True
dag-TiCo-3-20,3-c,TiCo,3-c,dag,3.0,N3,N20,20,TiCo/3-c/dag-TiCo-3-20.cif,legacy_H2_mapped_to_new_name,dag-TiCo-N20-N3-3c-D3h_UFF4MOF_cell_bonded,47852.8,0.855219,11340.7,2369.92,2771.12,0.0,0.0,0.0,1,0,1.445,24983.9,0.5221,0.610487,0.0,0.0,0.0,10000,2891,0.2891,8.2,7.504877205119334,7.6,8.2,8.29728,6.99242,8.29728,True
dag-TiCo-4-410,3-c,TiCo,3-c,dag,4.0,N4,N410,410,TiCo/3-c/dag-TiCo-4-410.cif,legacy_H2_mapped_to_new_name,dag-TiCo-N410-N9-3c-D3_UFF4MOF_cell_bonded,92348.0,0.535347,18684.3,2023.25,3779.32,109.5,11.8573,22.1487,1,24,1.445,58853.4,0.6373,1.19044,73.8784,0.0008,0.00149436,10000,4517,0.4517,10.5,10.46139030329865,10.5,11.4,11.48861,9.26388,10.59211,True
dag-TiCo-5-386,3-c,TiCo,3-c,dag,5.0,N5,N386,386,TiCo/3-c/dag-TiCo-5-386.cif,legacy_H2_mapped_to_new_name,dag-TiCo-N386-N5-3c-D3h_UFF4MOF_cell_bonded,36795.1,0.216023,4889.03,1328.72,6150.83,0.0,0.0,0.0,1,0,1.445,32173.6,0.8744,4.04773,0.0,0.0,0.0,10000,7324,0.7324,19.9,18.91104587657018,19.3,19.9,19.99936,17.02249,19.99936,True
dag-TiCo-6-225,3-c,TiCo,3-c,dag,6.0,N6,N225,225,TiCo/3-c/dag-TiCo-6-225.cif,legacy_H2_mapped_to_new_name,dag-TiCo-N225-N4-3c-D3h_UFF4MOF_cell_bonded,37050.5,1.46314,2197.92,593.224,405.445,446.088,120.4,82.2886,8,72,1.445,1808.06,0.0488,0.0333528,440.901,0.0119,0.00813317,10000,131,0.0131,4.5,4.244274809160306,4.3,4.5,4.52434,3.32648,4.52328,True
dag-TiCo-7-592,3-c,TiCo,3-c,dag,7.0,N7,N592,592,TiCo/3-c/dag-TiCo-7-592.cif,legacy_H2_mapped_to_new_name,dag-TiCo-N592-N6-3c-D3h_UFF4MOF_cell_bonded,58603.9,0.66248,12586.8,2147.78,3242.03,51.2393,8.74333,13.1979,1,16,1.445,28510.8,0.4865,0.734362,0.0,0.0,0.0,10000,2907,0.2907,9.7,8.292294461644309,8.2,10.3,10.30939,7.82852,10.30939,True
dag-TiCo-TATB,3-c,TiCo,3-c,dag,8.0,N8,TATB,TATB,TiCo/TATB/dag-TiCo-TATB.cif,new_H2,dag-TiCo-TATB,33113.1,0.424642,6710.12,2026.43,4772.08,0.0,0.0,0.0,1,0,1.445,24646.0,0.7443,1.75277,0.0,0.0,0.0,10000,5369,0.5369,13.5,12.066138945799963,12.7,13.5,13.58545,9.64033,13.57868,True
dag-TiCo-9-130,3-c,TiCo,3-c,dag,9.0,N9,N130,130,TiCo/3-c/dag-TiCo-9-130.cif,legacy_H2_mapped_to_new_name,dag-TiCo-N130-N10-3c-C3v_UFF4MOF_cell_bonded,27019.1,1.40457,3317.1,1227.69,874.07,3.34174,1.23681,0.880563,8,32,1.445,4979.61,0.1843,0.131215,0.0,0.0,0.0,10000,613,0.0613,5.6,5.230179445350733,5.2,5.6,5.60727,4.59668,5.60726,True
dag-TiCo-10-333,3-c,TiCo,3-c,dag,10.0,N10,N333,333,TiCo/3-c/dag-TiCo-10-333.cif,legacy_H2_mapped_to_new_name,dag-TiCo-N333-N8-3c-D3_UFF4MOF_cell_bonded,85541.4,0.576718,18103.6,2116.36,3669.66,0.0,0.0,0.0,1,0,1.445,51744.0,0.6049,1.04887,0.0,0.0,0.0,10000,4142,0.4142,10.8,9.735707387735392,10.1,11.1,11.1053,7.75906,11.10527,True
dag-TiCo-11-516,3-c,TiCo,3-c,dag,11.0,N11,N516,516,TiCo/3-c/dag-TiCo-11-516.cif,legacy_H2_mapped_to_new_name,dag-TiCo-N516-N24-3c-C3_UFF4MOF_cell_bonded,87575.9,0.582735,18533.2,2116.24,3631.57,19.1034,2.18135,3.7433,1,16,1.445,52948.4,0.6046,1.03752,35.0304,0.0004,0.000686418,10000,4117,0.4117,10.9,9.789409764391547,10.0,10.9,10.9744,8.32015,10.97439,True
dag-TiCo-12-639,3-c,TiCo,3-c,dag,12.0,N12,N639,639,TiCo/3-c/dag-TiCo-12-639.cif,legacy_H2_mapped_to_new_name,dag-TiCo-N639-N7-3c-D3h_UFF4MOF_cell_bonded,39954.0,0.894058,7230.38,1809.67,2024.11,233.304,58.393,65.3123,1,6,1.445,16325.2,0.4086,0.457017,115.867,0.0029,0.00324364,10000,2325,0.2325,10.5,9.616559139784947,10.2,10.5,10.58409,9.55729,10.58408,True
dag-TiCo-13-126,3-c,TiCo,3-c,dag,13.0,N13,N126,126,TiCo/3-c/dag-TiCo-13-126.cif,legacy_H2_mapped_to_new_name,dag-TiCo-N126-N11-3c-C3h_UFF4MOF_cell_bonded,32113.6,0.271097,4879.96,1519.59,5605.35,0.0,0.0,0.0,1,0,1.445,27126.4,0.8447,3.11586,0.0,0.0,0.0,10000,6799,0.6799,18.1,16.674422709221947,17.6,18.2,18.28833,13.97007,17.59921,True
fmz-TiCo-1-10,3-c,TiCo,3-c,fmz,1.0,N1,N10,10,TiCo/3-c/fmz-TiCo-1-10.cif,legacy_H2_mapped_to_new_name,fmz-TiCo-N10-N1-3c-D3h_UFF4MOF_cell_bonded,48557.3,1.4674,0.0,0.0,0.0,4598.61,947.047,645.392,0,36,1.445,0.0,0.0,0.0,4350.74,0.0896,0.0610604,10000,0,0.0,,,,,6.4092,2.77121,6.07221,True
fmz-TiCo-2-19,3-c,TiCo,3-c,fmz,2.0,N2,N19,19,TiCo/3-c/fmz-TiCo-2-19.cif,legacy_H2_mapped_to_new_name,fmz-TiCo-N19-N2-3c-D3h_UFF4MOF_cell_bonded,47023.8,1.53033,0.0,0.0,0.0,5671.31,1206.05,788.101,0,44,1.445,0.0,0.0,0.0,5562.91,0.1183,0.0773037,10000,0,0.0,,,,,6.40132,2.57472,6.22418,True
fmz-TiCo-3-20,3-c,TiCo,3-c,fmz,3.0,N3,N20,20,TiCo/3-c/fmz-TiCo-3-20.cif,legacy_H2_mapped_to_new_name,fmz-TiCo-N20-N3-3c-D3h_UFF4MOF_cell_bonded,91663.9,1.00454,21243.4,2317.54,2307.05,0.0,0.0,0.0,1,8,1.445,27939.2,0.3048,0.303421,0.0,0.0,0.0,10000,1693,0.1693,8.9,7.321264028352038,7.3,8.9,8.97784,4.12861,8.95958,True
fmz-TiCo-4-410,3-c,TiCo,3-c,fmz,4.0,N4,N410,410,TiCo/3-c/fmz-TiCo-4-410.cif,legacy_H2_mapped_to_new_name,fmz-TiCo-N410-N9-3c-D3_UFF4MOF_cell_bonded,174790.0,0.636397,42026.7,2404.41,3778.16,0.0477031,0.00272916,0.00428846,1,4,1.445,87115.5,0.4984,0.783159,0.0,0.0,0.0,10000,3490,0.349,12.8,10.66541547277937,10.8,13.0,13.07233,6.09985,12.76009,True
fmz-TiCo-5-386,3-c,TiCo,3-c,fmz,5.0,N5,N386,386,TiCo/3-c/fmz-TiCo-5-386.cif,legacy_H2_mapped_to_new_name,fmz-TiCo-N386-N5-3c-D3h_UFF4MOF_cell_bonded,138379.0,0.258482,21630.3,1563.11,6047.29,0.0,0.0,0.0,1,0,1.445,115049.0,0.8314,3.21647,0.0,0.0,0.0,10000,6802,0.6802,22.3,18.550352837400766,18.3,22.3,22.35204,12.24878,22.35204,True
fmz-TiCo-6-225,3-c,TiCo,3-c,fmz,6.0,N6,N225,225,TiCo/3-c/fmz-TiCo-6-225.cif,legacy_H2_mapped_to_new_name,fmz-TiCo-N225-N4-3c-D3h_UFF4MOF_cell_bonded,50626.9,1.60617,0.0,0.0,0.0,1644.13,324.754,202.192,0,92,1.445,0.0,0.0,0.0,1139.1,0.0225,0.0140085,10000,0,0.0,,,,,4.49415,1.79367,4.4383,True
fmz-TiCo-7-592,3-c,TiCo,3-c,fmz,7.0,N7,N592,592,TiCo/3-c/fmz-TiCo-7-592.cif,legacy_H2_mapped_to_new_name,fmz-TiCo-N592-N6-3c-D3h_UFF4MOF_cell_bonded,62185.8,0.702361,11938.0,1919.74,2733.27,78.7738,12.6675,18.0356,1,21,1.445,26771.0,0.4305,0.612933,143.027,0.0023,0.00327467,10000,2591,0.2591,10.8,11.088382863759167,11.0,13.2,13.59167,5.62422,13.5086,True
fmz-TiCo-TATB,3-c,TiCo,3-c,fmz,8.0,N8,TATB,TATB,TiCo/TATB/fmz-TiCo-TATB.cif,new_H2,fmz-TiCo-TATB,67913.6,0.465852,14567.2,2144.96,4604.39,0.0,0.0,0.0,1,0,1.445,48463.1,0.7136,1.53182,0.0,0.0,0.0,10000,4989,0.4989,15.3,12.649228302264984,12.9,15.3,15.3962,7.9656,15.3962,True
fmz-TiCo-9-130,3-c,TiCo,3-c,fmz,9.0,N9,N130,130,TiCo/3-c/fmz-TiCo-9-130.cif,legacy_H2_mapped_to_new_name,fmz-TiCo-N130-N10-3c-C3v_UFF4MOF_cell_bonded,57020.5,1.49749,0.0,0.0,0.0,5217.48,915.02,611.035,0,49,1.445,0.0,0.0,0.0,5530.98,0.097,0.064775,10000,0,0.0,,,,,6.67178,2.41779,6.67027,True
fmz-TiCo-10-333,3-c,TiCo,3-c,fmz,10.0,N10,N333,333,TiCo/3-c/fmz-TiCo-10-333.cif,legacy_H2_mapped_to_new_name,fmz-TiCo-N333-N8-3c-D3_UFF4MOF_cell_bonded,175637.0,0.631984,41149.0,2342.84,3707.12,0.202518,0.0115305,0.0182449,1,12,1.445,86764.8,0.494,0.781666,0.0,0.0,0.0,10000,3520,0.352,12.4,10.592926136363639,11.0,12.4,12.59989,5.93109,12.59989,True
fmz-TiCo-11-516,3-c,TiCo,3-c,fmz,11.0,N11,N516,516,TiCo/3-c/fmz-TiCo-11-516.cif,legacy_H2_mapped_to_new_name,fmz-TiCo-N516-N24-3c-C3_UFF4MOF_cell_bonded,172762.0,0.664644,38935.1,2253.68,3390.8,0.0,0.0,0.0,1,0,1.445,83582.5,0.4838,0.727909,0.0,0.0,0.0,10000,3415,0.3415,12.7,10.624655929721817,10.5,12.8,12.92253,5.99548,12.92253,True
fmz-TiCo-12-639,3-c,TiCo,3-c,fmz,12.0,N12,N639,639,TiCo/3-c/fmz-TiCo-12-639.cif,legacy_H2_mapped_to_new_name,fmz-TiCo-N639-N7-3c-D3h_UFF4MOF_cell_bonded,129682.0,0.826356,31303.7,2413.88,2921.11,0.0,0.0,0.0,1,0,1.445,49629.4,0.3827,0.463118,0.0,0.0,0.0,10000,2390,0.239,7.7,7.924476987447699,8.0,9.7,9.98152,5.10866,9.84949,True
fmz-TiCo-13-126,3-c,TiCo,3-c,fmz,13.0,N13,N126,126,TiCo/3-c/fmz-TiCo-13-126.cif,legacy_H2_mapped_to_new_name,fmz-TiCo-N126-N11-3c-C3h_UFF4MOF_cell_bonded,126130.0,0.310604,21612.7,1713.52,5516.74,0.0,0.0,0.0,1,0,1.445,100349.0,0.7956,2.56146,0.0,0.0,0.0,10000,6370,0.637,20.5,17.06478806907378,16.9,20.5,20.60361,10.76861,20.48295,True
hwx-TiCo-1-10,3-c,TiCo,3-c,hwx,1.0,N1,N10,10,TiCo/3-c/hwx-TiCo-1-10.cif,legacy_H2_mapped_to_new_name,hwx-TiCo-N10-N1-3c-D3h_UFF4MOF_cell_bonded,39879.1,1.19115,9712.56,2435.5,2044.66,0.0,0.0,0.0,1,0,1.445,13271.8,0.3328,0.279394,0.0,0.0,0.0,10000,1268,0.1268,6.8,5.501261829652997,5.2,6.8,6.87995,4.69636,5.13362,True
hwx-TiCo-2-19,3-c,TiCo,3-c,hwx,2.0,N2,N19,19,TiCo/3-c/hwx-TiCo-2-19.cif,legacy_H2_mapped_to_new_name,hwx-TiCo-N19-N2-3c-D3h_UFF4MOF_cell_bonded,39104.8,1.22682,9482.22,2424.82,1976.51,0.0,0.0,0.0,1,0,1.445,15282.1,0.3908,0.318547,0.0,0.0,0.0,10000,1564,0.1564,7.0,5.791560102301791,5.6,7.0,7.06822,4.75144,5.61265,True
hwx-TiCo-3-20,3-c,TiCo,3-c,hwx,3.0,N3,N20,20,TiCo/3-c/hwx-TiCo-3-20.cif,legacy_H2_mapped_to_new_name,hwx-TiCo-N20-N3-3c-D3h_UFF4MOF_cell_bonded,73115.1,0.839593,18474.6,2526.79,3009.54,0.0,0.0,0.0,1,0,1.445,35760.6,0.4891,0.582544,0.0,0.0,0.0,10000,2677,0.2677,8.4,7.238027642883825,7.2,8.4,8.46483,6.56824,7.91103,True
hwx-TiCo-4-410,3-c,TiCo,3-c,hwx,4.0,N4,N410,410,TiCo/3-c/hwx-TiCo-4-410.cif,legacy_H2_mapped_to_new_name,hwx-TiCo-N410-N9-3c-D3_UFF4MOF_cell_bonded,21500.3,0.574856,4995.61,2323.51,4041.9,0.0,0.0,0.0,1,0,1.445,14615.9,0.6798,1.18256,0.0,0.0,0.0,10000,4083,0.4083,10.5,9.435880480039186,9.8,10.5,10.5088,8.75554,9.98755,True
hwx-TiCo-5-386,3-c,TiCo,3-c,hwx,5.0,N5,N386,386,TiCo/3-c/hwx-TiCo-5-386.cif,legacy_H2_mapped_to_new_name,hwx-TiCo-N386-N5-3c-D3h_UFF4MOF_cell_bonded,66651.7,0.238511,9828.3,1474.58,6182.43,0.0,0.0,0.0,1,0,1.445,56967.2,0.8547,3.58349,0.0,0.0,0.0,10000,6994,0.6994,17.0,16.75261652845296,16.9,18.1,18.13947,16.89355,18.13947,True
hwx-TiCo-6-225,3-c,TiCo,3-c,hwx,6.0,N6,N225,225,TiCo/3-c/hwx-TiCo-6-225.cif,legacy_H2_mapped_to_new_name,hwx-TiCo-N225-N4-3c-D3h_UFF4MOF_cell_bonded,32467.2,1.66969,0.0,0.0,0.0,74.9546,23.0863,13.8267,0,72,1.445,0.0,0.0,0.0,19.4803,0.0006,0.000359348,10000,0,0.0,,,,,3.24829,1.96397,3.22765,True
hwx-TiCo-7-592,3-c,TiCo,3-c,hwx,7.0,N7,N592,592,TiCo/3-c/hwx-TiCo-7-592.cif,legacy_H2_mapped_to_new_name,hwx-TiCo-N592-N6-3c-D3h_UFF4MOF_cell_bonded,23048.5,0.842223,4155.86,1803.1,2140.88,0.0484526,0.0210221,0.0249602,1,2,1.445,8138.41,0.3531,0.419248,0.0,0.0,0.0,10000,1532,0.1532,8.3,7.509856396866841,8.1,8.3,8.37686,5.18731,8.17054,True
hwx-TiCo-TATB,3-c,TiCo,3-c,hwx,8.0,N8,TATB,TATB,TiCo/TATB/hwx-TiCo-TATB.cif,new_H2,hwx-TiCo-TATB,34684.4,0.405404,6633.2,1912.45,4717.38,0.0,0.0,0.0,1,0,1.445,26859.6,0.7744,1.91019,0.0,0.0,0.0,10000,5531,0.5531,12.5,13.51325257638763,13.9,14.7,14.73471,14.27184,14.48369,True
hwx-TiCo-9-130,3-c,TiCo,3-c,hwx,9.0,N9,N130,130,TiCo/3-c/hwx-TiCo-9-130.cif,legacy_H2_mapped_to_new_name,hwx-TiCo-N130-N10-3c-C3v_UFF4MOF_cell_bonded,40803.6,1.3951,5804.99,1422.67,1019.76,0.0,0.0,0.0,1,0,1.445,6398.0,0.1568,0.112393,0.0,0.0,0.0,10000,497,0.0497,5.8,5.024748490945674,4.9,5.8,5.85925,3.4863,4.95818,True
hwx-TiCo-10-333,3-c,TiCo,3-c,hwx,10.0,N10,N333,333,TiCo/3-c/hwx-TiCo-10-333.cif,legacy_H2_mapped_to_new_name,hwx-TiCo-N333-N8-3c-D3_UFF4MOF_cell_bonded,20318.1,0.607011,5014.02,2467.76,4065.43,0.0,0.0,0.0,1,0,1.445,13176.3,0.6485,1.06835,0.0,0.0,0.0,10000,3627,0.3627,9.7,8.874276261373035,9.2,9.7,9.76903,9.14203,9.66015,True
hwx-TiCo-11-516,3-c,TiCo,3-c,hwx,11.0,N11,N516,516,TiCo/3-c/hwx-TiCo-11-516.cif,legacy_H2_mapped_to_new_name,hwx-TiCo-N516-N24-3c-C3_UFF4MOF_cell_bonded,20082.5,0.6353,4848.69,2414.39,3800.39,0.0,0.0,0.0,1,0,1.445,12786.5,0.6367,1.0022,0.0,0.0,0.0,10000,3570,0.357,8.9,8.534845938375348,8.9,9.4,9.40048,7.90875,8.87685,True
hwx-TiCo-12-639,3-c,TiCo,3-c,hwx,12.0,N12,N639,639,TiCo/3-c/hwx-TiCo-12-639.cif,legacy_H2_mapped_to_new_name,hwx-TiCo-N639-N7-3c-D3h_UFF4MOF_cell_bonded,16899.9,0.704566,4086.02,2417.78,3431.59,0.0,0.0,0.0,1,0,1.445,10439.1,0.6177,0.87671,0.0,0.0,0.0,10000,3320,0.332,9.9,8.60237951807229,8.4,9.9,9.93603,7.68399,9.22029,True
hwx-TiCo-13-126,3-c,TiCo,3-c,hwx,13.0,N13,N126,126,TiCo/3-c/hwx-TiCo-13-126.cif,legacy_H2_mapped_to_new_name,hwx-TiCo-N126-N11-3c-C3h_UFF4MOF_cell_bonded,58761.8,0.296312,9782.26,1664.73,5618.18,0.0,0.0,0.0,1,0,1.445,48284.5,0.8217,2.77309,0.0,0.0,0.0,10000,6420,0.642,15.2,14.748348909657322,15.1,15.9,15.93974,12.46516,15.93974,True
sab-TiCo-1-10,3-c,TiCo,3-c,sab,1.0,N1,N10,10,TiCo/3-c/sab-TiCo-1-10.cif,legacy_H2_mapped_to_new_name,sab-TiCo-N10-N1-3c-D3h_UFF4MOF_cell_bonded,50833.2,1.24596,9437.02,1856.47,1489.99,0.0,0.0,0.0,4,0,1.445,13404.7,0.2637,0.211644,0.0,0.0,0.0,10000,1139,0.1139,7.0,6.601053555750659,7.0,7.2,7.24673,6.33654,7.24671,True
sab-TiCo-2-19,3-c,TiCo,3-c,sab,2.0,N2,N19,19,TiCo/3-c/sab-TiCo-2-19.cif,legacy_H2_mapped_to_new_name,sab-TiCo-N19-N2-3c-D3h_UFF4MOF_cell_bonded,50394.0,1.26932,10501.1,2083.81,1641.68,0.0,0.0,0.0,1,0,1.445,15481.0,0.3072,0.24202,0.0,0.0,0.0,10000,1368,0.1368,8.4,7.475511695906433,7.8,8.4,8.46101,6.81318,8.46101,True
sab-TiCo-3-20,3-c,TiCo,3-c,sab,3.0,N3,N20,20,TiCo/3-c/sab-TiCo-3-20.cif,legacy_H2_mapped_to_new_name,sab-TiCo-N20-N3-3c-D3h_UFF4MOF_cell_bonded,95837.0,0.854046,22882.3,2387.63,2795.66,0.807913,0.0843007,0.0987075,1,67,1.445,40634.9,0.424,0.49646,0.0,0.0,0.0,10000,2473,0.2473,9.8,8.318156085725839,9.8,9.8,9.88469,8.04776,9.88469,True
sab-TiCo-4-410,3-c,TiCo,3-c,sab,4.0,N4,N410,410,TiCo/3-c/sab-TiCo-4-410.cif,legacy_H2_mapped_to_new_name,sab-TiCo-N410-N9-3c-D3_UFF4MOF_cell_bonded,41692.3,0.592894,9748.1,2338.11,3943.55,0.0,0.0,0.0,1,0,1.445,26332.9,0.6316,1.06528,0.0,0.0,0.0,10000,3946,0.3946,9.8,10.248656867714145,10.0,11.9,12.23993,8.63072,11.73382,True
sab-TiCo-5-386,3-c,TiCo,3-c,sab,5.0,N5,N386,386,TiCo/3-c/sab-TiCo-5-386.cif,legacy_H2_mapped_to_new_name,sab-TiCo-N386-N5-3c-D3h_UFF4MOF_cell_bonded,66726.4,0.238244,9883.95,1481.26,6217.44,0.0,0.0,0.0,1,1,1.445,56957.7,0.8536,3.58289,0.0,0.0,0.0,10000,6974,0.6974,17.5,18.87242615428735,18.2,21.9,21.9009,18.75297,21.85784,True
sab-TiCo-6-225,3-c,TiCo,3-c,sab,6.0,N6,N225,225,TiCo/3-c/sab-TiCo-6-225.cif,legacy_H2_mapped_to_new_name,sab-TiCo-N225-N4-3c-D3h_UFF4MOF_cell_bonded,51177.8,1.41234,3025.54,591.183,418.585,1398.98,273.357,193.55,8,80,1.445,3684.8,0.072,0.0509794,496.425,0.0097,0.00686806,10000,287,0.0287,6.1,5.690940766550522,6.1,6.2,6.27207,3.96322,6.18597,True
sab-TiCo-7-592,3-c,TiCo,3-c,sab,7.0,N7,N592,592,TiCo/3-c/sab-TiCo-7-592.cif,legacy_H2_mapped_to_new_name,sab-TiCo-N592-N6-3c-D3h_UFF4MOF_cell_bonded,31125.7,0.623662,7044.92,2263.38,3629.17,11.7348,3.77013,6.04515,1,12,1.445,16453.1,0.5286,0.847574,0.0,0.0,0.0,10000,3015,0.3015,10.8,10.500630182421228,10.8,12.1,12.20124,8.02385,10.95233,True
sab-TiCo-TATB,3-c,TiCo,3-c,sab,8.0,N8,TATB,TATB,TiCo/TATB/sab-TiCo-TATB.cif,new_H2,sab-TiCo-TATB,32702.2,0.429977,6662.91,2037.45,4738.51,0.0,0.0,0.0,1,0,1.445,24739.2,0.7565,1.7594,0.0,0.0,0.0,10000,5296,0.5296,15.5,13.051321752265862,12.0,15.5,15.53615,13.36206,15.53615,True
sab-TiCo-9-130,3-c,TiCo,3-c,sab,9.0,N9,N130,130,TiCo/3-c/sab-TiCo-9-130.cif,legacy_H2_mapped_to_new_name,sab-TiCo-N130-N10-3c-C3v_UFF4MOF_cell_bonded,54339.8,1.39677,6236.45,1147.68,821.664,0.0,0.0,0.0,16,0,1.445,6721.84,0.1237,0.0885615,0.0,0.0,0.0,10000,500,0.05,5.8,5.4808,5.8,5.8,5.85816,4.65587,5.85816,True
sab-TiCo-10-333,3-c,TiCo,3-c,sab,10.0,N10,N333,333,TiCo/3-c/sab-TiCo-10-333.cif,legacy_H2_mapped_to_new_name,sab-TiCo-N333-N8-3c-D3_UFF4MOF_cell_bonded,41196.0,0.598762,9462.01,2296.83,3835.96,0.0,0.0,0.0,1,0,1.445,25887.6,0.6284,1.0495,0.0,0.0,0.0,10000,3842,0.3842,12.2,10.155856324830816,9.6,12.2,12.23574,8.88189,12.21962,True
sab-TiCo-11-516,3-c,TiCo,3-c,sab,11.0,N11,N516,516,TiCo/3-c/sab-TiCo-11-516.cif,legacy_H2_mapped_to_new_name,sab-TiCo-N516-N24-3c-C3_UFF4MOF_cell_bonded,40747.5,0.626216,9590.42,2353.62,3758.48,0.0,0.0,0.0,1,0,1.445,24925.3,0.6117,0.976819,0.0,0.0,0.0,10000,3724,0.3724,11.3,9.756310418904404,9.6,11.4,11.4447,7.64495,9.67267,True
sab-TiCo-12-639,3-c,TiCo,3-c,sab,12.0,N12,N639,639,TiCo/3-c/sab-TiCo-12-639.cif,legacy_H2_mapped_to_new_name,sab-TiCo-N639-N7-3c-D3h_UFF4MOF_cell_bonded,33460.2,0.711715,8390.31,2507.55,3523.25,0.0,0.0,0.0,1,0,1.445,19443.8,0.5811,0.816479,0.0,0.0,0.0,10000,3176,0.3176,11.5,9.205541561712845,10.1,11.5,11.57035,9.16696,11.50443,True
sab-TiCo-13-126,3-c,TiCo,3-c,sab,13.0,N13,N126,126,TiCo/3-c/sab-TiCo-13-126.cif,legacy_H2_mapped_to_new_name,sab-TiCo-N126-N11-3c-C3h_UFF4MOF_cell_bonded,59402.6,0.293115,9707.07,1634.11,5574.99,0.0,0.0,0.0,1,0,1.445,48775.5,0.8211,2.80129,0.0,0.0,0.0,10000,6521,0.6521,19.0,16.544226345652508,16.5,18.8,19.04507,15.86801,18.54726,True
sit-TiCo-1-10,3-c,TiCo,3-c,sit,1.0,N1,N10,10,TiCo/3-c/sit-TiCo-1-10.cif,legacy_H2_mapped_to_new_name,sit-TiCo-N10-N1-3c-D3h_UFF4MOF_cell_bonded,20062.5,1.18385,4463.19,2224.64,1879.16,0.0,0.0,0.0,1,0,1.445,8089.21,0.4032,0.340584,0.0,0.0,0.0,10000,1417,0.1417,6.2,5.91729004940014,6.2,6.2,6.22383,4.99344,6.18718,True
sit-TiCo-2-19,3-c,TiCo,3-c,sit,2.0,N2,N19,19,TiCo/3-c/sit-TiCo-2-19.cif,legacy_H2_mapped_to_new_name,sit-TiCo-N19-N2-3c-D3h_UFF4MOF_cell_bonded,19554.5,1.22669,4615.68,2360.42,1924.22,0.0,0.0,0.0,1,0,1.445,8770.19,0.4485,0.365619,0.0,0.0,0.0,10000,1639,0.1639,6.4,6.116229408175717,6.4,6.5,6.5331,5.25496,6.53308,True
sit-TiCo-3-20,3-c,TiCo,3-c,sit,3.0,N3,N20,20,TiCo/3-c/sit-TiCo-3-20.cif,legacy_H2_mapped_to_new_name,sit-TiCo-N20-N3-3c-D3h_UFF4MOF_cell_bonded,38903.9,0.788956,9274.64,2383.99,3021.7,0.0,0.0,0.0,1,0,1.445,22412.5,0.5761,0.730205,0.0,0.0,0.0,10000,3090,0.309,8.7,8.386310679611649,8.7,8.7,8.77307,7.72745,8.70378,True
sit-TiCo-4-410,3-c,TiCo,3-c,sit,4.0,N4,N410,410,TiCo/3-c/sit-TiCo-4-410.cif,legacy_H2_mapped_to_new_name,sit-TiCo-N410-N9-3c-D3_UFF4MOF_cell_bonded,42892.6,0.576303,10099.6,2354.63,4085.76,0.0,0.0,0.0,1,0,1.445,28356.3,0.6611,1.14714,0.0,0.0,0.0,10000,4046,0.4046,11.6,10.732081067721206,11.6,11.6,11.65761,9.10221,11.62446,True
sit-TiCo-5-386,3-c,TiCo,3-c,sit,5.0,N5,N386,386,TiCo/3-c/sit-TiCo-5-386.cif,legacy_H2_mapped_to_new_name,sit-TiCo-N386-N5-3c-D3h_UFF4MOF_cell_bonded,34045.0,0.233473,4918.64,1444.75,6188.07,0.0,0.0,0.0,1,0,1.445,29578.3,0.8688,3.72121,0.0,0.0,0.0,10000,7100,0.71,20.5,19.512591549295774,19.8,20.5,20.51763,16.54881,20.51761,True
sit-TiCo-6-225,3-c,TiCo,3-c,sit,6.0,N6,N225,225,TiCo/3-c/sit-TiCo-6-225.cif,legacy_H2_mapped_to_new_name,sit-TiCo-N225-N4-3c-D3h_UFF4MOF_cell_bonded,24050.0,1.69055,0.0,0.0,0.0,277.037,115.192,68.1389,0,54,1.445,0.0,0.0,0.0,134.68,0.0056,0.00331254,10000,0,0.0,,,,,3.61665,1.61853,3.46422,True
sit-TiCo-7-592,3-c,TiCo,3-c,sit,7.0,N7,N592,592,TiCo/3-c/sit-TiCo-7-592.cif,legacy_H2_mapped_to_new_name,sit-TiCo-N592-N6-3c-D3h_UFF4MOF_cell_bonded,31730.2,0.611781,7316.19,2305.75,3768.91,0.0,0.0,0.0,1,0,1.445,17346.9,0.5467,0.893621,0.0,0.0,0.0,10000,3098,0.3098,8.8,8.861168495803744,8.9,9.5,9.56763,6.90732,8.93421,True
sit-TiCo-TATB,3-c,TiCo,3-c,sit,8.0,N8,TATB,TATB,TiCo/TATB/sit-TiCo-TATB.cif,new_H2,sit-TiCo-TATB,68806.7,0.408716,13383.6,1945.1,4759.05,0.0,0.0,0.0,1,0,1.445,52196.7,0.7586,1.85606,0.0,0.0,0.0,10000,5572,0.5572,14.1,13.552763819095478,14.1,14.1,14.17876,12.02535,14.06781,True
sit-TiCo-9-130,3-c,TiCo,3-c,sit,9.0,N9,N130,130,TiCo/3-c/sit-TiCo-9-130.cif,legacy_H2_mapped_to_new_name,sit-TiCo-N130-N10-3c-C3v_UFF4MOF_cell_bonded,21263.1,1.33859,3326.15,1564.28,1168.6,0.0,0.0,0.0,2,0,1.445,5307.28,0.2496,0.186465,0.0,0.0,0.0,10000,711,0.0711,5.7,5.30450070323488,5.7,5.7,5.74959,3.87094,5.74943,True
sit-TiCo-10-333,3-c,TiCo,3-c,sit,10.0,N10,N333,333,TiCo/3-c/sit-TiCo-10-333.cif,legacy_H2_mapped_to_new_name,sit-TiCo-N333-N8-3c-D3_UFF4MOF_cell_bonded,43462.0,0.567545,10257.3,2360.05,4158.35,0.0,0.0,0.0,1,0,1.445,28676.2,0.6598,1.16255,0.0,0.0,0.0,10000,4048,0.4048,11.5,10.60679347826087,11.5,11.7,11.71205,8.62522,11.71205,True
sit-TiCo-11-516,3-c,TiCo,3-c,sit,11.0,N11,N516,516,TiCo/3-c/sit-TiCo-11-516.cif,legacy_H2_mapped_to_new_name,sit-TiCo-N516-N24-3c-C3_UFF4MOF_cell_bonded,64687.9,0.59169,15614.3,2413.79,4079.49,0.0,0.0,0.0,1,0,1.445,39886.6,0.6166,1.0421,0.0,0.0,0.0,10000,3887,0.3887,11.1,10.103987651144841,11.1,11.2,11.24012,7.77213,11.05538,True
sit-TiCo-12-639,3-c,TiCo,3-c,sit,12.0,N12,N639,639,TiCo/3-c/sit-TiCo-12-639.cif,legacy_H2_mapped_to_new_name,sit-TiCo-N639-N7-3c-D3h_UFF4MOF_cell_bonded,35070.5,0.679036,8642.56,2464.34,3629.17,0.0,0.0,0.0,1,0,1.445,21203.6,0.6046,0.890379,0.0,0.0,0.0,10000,3398,0.3398,9.7,9.198351971748087,9.7,9.8,9.80592,8.19188,9.76203,True
sit-TiCo-13-126,3-c,TiCo,3-c,sit,13.0,N13,N126,126,TiCo/3-c/sit-TiCo-13-126.cif,legacy_H2_mapped_to_new_name,sit-TiCo-N126-N11-3c-C3h_UFF4MOF_cell_bonded,31417.8,0.277101,4872.36,1550.83,5596.62,0.0,0.0,0.0,1,0,1.445,26676.9,0.8491,3.06423,0.0,0.0,0.0,10000,6751,0.6751,19.1,17.860391053177306,17.9,19.1,19.11926,16.50628,19.11926,True
ydq-TiCo-1-10,3-c,TiCo,3-c,ydq,1.0,N1,N10,10,TiCo/3-c/ydq-TiCo-1-10.cif,legacy_H2_mapped_to_new_name,ydq-TiCo-N10-N1-3c-D3h_UFF4MOF_cell_bonded,48174.7,0.986036,9250.75,1920.25,1947.45,0.0,0.0,0.0,1,0,1.445,24453.5,0.5076,0.514788,0.0,0.0,0.0,10000,3025,0.3025,13.2,11.636694214876034,13.2,13.2,13.30802,9.66222,13.28912,True
ydq-TiCo-2-19,3-c,TiCo,3-c,ydq,2.0,N2,N19,19,TiCo/3-c/ydq-TiCo-2-19.cif,legacy_H2_mapped_to_new_name,ydq-TiCo-N19-N2-3c-D3h_UFF4MOF_cell_bonded,46134.5,1.03988,9166.33,1986.87,1910.67,0.0,0.0,0.0,1,0,1.445,23694.7,0.5136,0.493901,0.0,0.0,0.0,10000,3026,0.3026,12.8,11.345076007931263,12.8,12.8,12.88606,9.35414,12.87491,True
ydq-TiCo-3-20,3-c,TiCo,3-c,ydq,3.0,N3,N20,20,TiCo/3-c/ydq-TiCo-3-20.cif,legacy_H2_mapped_to_new_name,ydq-TiCo-N20-N3-3c-D3h_UFF4MOF_cell_bonded,94867.1,0.647083,16963.0,1788.08,2763.28,0.0,0.0,0.0,1,0,1.445,59975.0,0.6322,0.977,0.0,0.0,0.0,10000,4575,0.4575,18.6,16.334775956284155,18.6,18.6,18.65818,14.06525,18.65628,True
ydq-TiCo-4-410,3-c,TiCo,3-c,ydq,4.0,N4,N410,410,TiCo/3-c/ydq-TiCo-4-410.cif,legacy_H2_mapped_to_new_name,ydq-TiCo-N410-N9-3c-D3_UFF4MOF_cell_bonded,162414.0,0.456596,27942.7,1720.46,3768.02,0.0,0.0,0.0,1,0,1.445,109418.0,0.6737,1.47548,0.0,0.0,0.0,10000,5398,0.5398,21.2,18.353593923675433,20.0,21.2,21.34159,16.3895,21.34159,True
ydq-TiCo-5-386,3-c,TiCo,3-c,ydq,5.0,N5,N386,386,TiCo/3-c/ydq-TiCo-5-386.cif,legacy_H2_mapped_to_new_name,ydq-TiCo-N386-N5-3c-D3h_UFF4MOF_cell_bonded,530452.0,0.179814,58120.6,1095.68,6093.4,0.0,0.0,0.0,1,0,1.445,452847.0,0.8537,4.74767,0.0,0.0,0.0,10000,7767,0.7767,38.3,32.70670786661517,38.2,38.3,38.35486,29.73382,38.31324,True
ydq-TiCo-6-225,3-c,TiCo,3-c,ydq,6.0,N6,N225,225,TiCo/3-c/ydq-TiCo-6-225.cif,legacy_H2_mapped_to_new_name,ydq-TiCo-N225-N4-3c-D3h_UFF4MOF_cell_bonded,46991.1,1.15363,5135.25,1092.81,947.284,2133.81,454.087,393.617,1,12,1.445,12969.5,0.276,0.239246,3148.4,0.067,0.0580777,10000,1562,0.1562,11.4,10.664084507042253,11.4,11.6,11.62918,7.23497,11.5892,True
ydq-TiCo-7-592,3-c,TiCo,3-c,ydq,7.0,N7,N592,592,TiCo/3-c/ydq-TiCo-7-592.cif,legacy_H2_mapped_to_new_name,ydq-TiCo-N592-N6-3c-D3h_UFF4MOF_cell_bonded,249724.0,0.466402,40778.3,1632.94,3501.14,0.97793,0.0391605,0.0839629,1,9,1.445,149485.0,0.5986,1.28344,0.0,0.0,0.0,10000,4992,0.4992,23.7,20.218489583333334,22.5,23.7,23.75485,16.95661,23.64201,True
ydq-TiCo-TATB,3-c,TiCo,3-c,ydq,8.0,N8,TATB,TATB,TiCo/TATB/ydq-TiCo-TATB.cif,new_H2,ydq-TiCo-TATB,259850.0,0.324677,38093.4,1465.98,4515.19,0.0,0.0,0.0,1,0,1.445,199565.0,0.768,2.36543,0.0,0.0,0.0,10000,6583,0.6583,28.4,24.436153729302752,28.4,28.5,28.51258,21.62351,28.50604,True
ydq-TiCo-9-130,3-c,TiCo,3-c,ydq,9.0,N9,N130,130,TiCo/3-c/ydq-TiCo-9-130.cif,legacy_H2_mapped_to_new_name,ydq-TiCo-N130-N10-3c-C3v_UFF4MOF_cell_bonded,50399.6,1.12948,7488.06,1485.74,1315.42,5.34079,1.05969,0.938214,2,7,1.445,19560.1,0.3881,0.343611,0.0,0.0,0.0,10000,2359,0.2359,10.8,10.072742687579483,10.3,10.9,10.91578,8.7188,10.90627,True
ydq-TiCo-10-333,3-c,TiCo,3-c,ydq,10.0,N10,N333,333,TiCo/3-c/ydq-TiCo-10-333.cif,legacy_H2_mapped_to_new_name,ydq-TiCo-N333-N8-3c-D3_UFF4MOF_cell_bonded,161758.0,0.457473,25932.7,1603.18,3504.42,0.205049,0.0126763,0.0277093,1,3,1.445,108054.0,0.668,1.46019,0.0,0.0,0.0,10000,5399,0.5399,22.3,19.53332098536766,21.7,22.4,22.4432,17.14855,22.42413,True
ydq-TiCo-11-516,3-c,TiCo,3-c,ydq,11.0,N11,N516,516,TiCo/3-c/ydq-TiCo-11-516.cif,legacy_H2_mapped_to_new_name,ydq-TiCo-N516-N24-3c-C3_UFF4MOF_cell_bonded,161235.0,0.474775,25483.8,1580.54,3329.02,2.19434,0.136096,0.286654,1,7,1.445,107157.0,0.6646,1.39982,0.0,0.0,0.0,10000,5369,0.5369,22.2,19.341329856584093,21.6,22.2,22.35167,17.34095,22.35167,True
ydq-TiCo-12-639,3-c,TiCo,3-c,ydq,12.0,N12,N639,639,TiCo/3-c/ydq-TiCo-12-639.cif,legacy_H2_mapped_to_new_name,ydq-TiCo-N639-N7-3c-D3h_UFF4MOF_cell_bonded,131279.0,0.544202,22817.4,1738.08,3193.82,0.0,0.0,0.0,1,0,1.445,86171.8,0.6564,1.20617,0.0,0.0,0.0,10000,5043,0.5043,20.7,17.824905810033712,20.4,20.7,20.89292,14.58616,20.72827,True
ydq-TiCo-13-126,3-c,TiCo,3-c,ydq,13.0,N13,N126,126,TiCo/3-c/ydq-TiCo-13-126.cif,legacy_H2_mapped_to_new_name,ydq-TiCo-N126-N11-3c-C3h_UFF4MOF_cell_bonded,486339.0,0.214811,57676.6,1185.93,5520.84,0.0,0.0,0.0,1,0,1.445,403321.0,0.8293,3.86061,0.0,0.0,0.0,10000,7466,0.7466,35.7,30.335829091883202,35.3,35.9,35.93434,27.96413,35.86143,True
ceq-TiMg-1-10,3-c,TiMg,3-c,ceq,1.0,N1,N10,10,TiMg/3-c/ceq-TiMg-1-10.cif,legacy_H2_mapped_to_new_name,ceq-TiMg-N10-N1-3c-D3h_UFF4MOF_cell_bonded,31504.8,0.999417,6876.55,2182.7,2183.97,0.0,0.0,0.0,1,0,1.445,11278.7,0.358,0.358209,0.0,0.0,0.0,10000,1238,0.1238,5.3,5.409046849757674,5.3,5.7,5.76054,4.86205,5.59945,True
ceq-TiMg-2-19,3-c,TiMg,3-c,ceq,2.0,N2,N19,19,TiMg/3-c/ceq-TiMg-2-19.cif,legacy_H2_mapped_to_new_name,ceq-TiMg-N19-N2-3c-D3h_UFF4MOF_cell_bonded,30040.4,1.05993,6725.81,2238.93,2112.33,0.0,0.0,0.0,1,0,1.445,11313.2,0.3766,0.355305,0.0,0.0,0.0,10000,1319,0.1319,5.4,5.367778620166793,5.4,5.5,5.53585,4.72529,5.47927,True
ceq-TiMg-3-20,3-c,TiMg,3-c,ceq,3.0,N3,N20,20,TiMg/3-c/ceq-TiMg-3-20.cif,legacy_H2_mapped_to_new_name,ceq-TiMg-N20-N3-3c-D3h_UFF4MOF_cell_bonded,52369.0,0.800093,13097.3,2500.96,3125.83,0.0124294,0.00237343,0.00296644,1,12,1.445,22288.3,0.4256,0.531938,0.0,0.0,0.0,10000,2059,0.2059,6.7,6.687421078193298,6.8,7.3,7.36617,5.49468,7.35004,True
ceq-TiMg-4-410,3-c,TiMg,3-c,ceq,4.0,N4,N410,410,TiMg/3-c/ceq-TiMg-4-410.cif,legacy_H2_mapped_to_new_name,ceq-TiMg-N410-N9-3c-D3_UFF4MOF_cell_bonded,68854.7,0.498421,16119.1,2341.03,4696.9,0.0,0.0,0.0,1,0,1.445,44555.9,0.6471,1.2983,0.0,0.0,0.0,10000,4225,0.4225,12.2,10.219218934911241,10.0,12.2,12.26322,8.50743,10.40681,True
ceq-TiMg-5-386,3-c,TiMg,3-c,ceq,5.0,N5,N386,386,TiMg/3-c/ceq-TiMg-5-386.cif,legacy_H2_mapped_to_new_name,ceq-TiMg-N386-N5-3c-D3h_UFF4MOF_cell_bonded,27797.0,0.202052,3864.07,1390.1,6879.94,0.0,0.0,0.0,1,0,1.445,24453.0,0.8797,4.35384,0.0,0.0,0.0,10000,7229,0.7229,20.1,19.248651265735234,19.6,20.1,20.15893,18.90877,20.1296,True
ceq-TiMg-6-225,3-c,TiMg,3-c,ceq,6.0,N6,N225,225,TiMg/3-c/ceq-TiMg-6-225.cif,legacy_H2_mapped_to_new_name,ceq-TiMg-N225-N4-3c-D3h_UFF4MOF_cell_bonded,31402.9,1.16287,0.0,0.0,0.0,2662.93,847.99,729.219,0,108,1.445,0.0,0.0,0.0,2772.87,0.0883,0.0759326,10000,0,0.0,,,,,4.8881,2.55958,4.84413,True
ceq-TiMg-7-592,3-c,TiMg,3-c,ceq,7.0,N7,N592,592,TiMg/3-c/ceq-TiMg-7-592.cif,legacy_H2_mapped_to_new_name,ceq-TiMg-N592-N6-3c-D3h_UFF4MOF_cell_bonded,86198.3,0.643583,17330.0,2010.47,3123.88,9.57524,1.11084,1.72602,1,24,1.445,39082.3,0.4534,0.704494,0.0,0.0,0.0,10000,2754,0.2754,8.4,8.558678286129267,8.4,9.5,9.50685,7.31293,8.48236,True
ceq-TiMg-TATB,3-c,TiMg,3-c,ceq,8.0,N8,TATB,TATB,TiMg/TATB/ceq-TiMg-TATB.cif,new_H2,ceq-TiMg-TATB,101045.0,0.390158,21056.4,2083.86,5341.07,0.0,0.0,0.0,1,0,1.445,74056.0,0.7329,1.87847,0.0,0.0,0.0,10000,5339,0.5339,11.9,11.902210151713803,12.1,12.6,12.64329,10.2939,12.18063,True
ceq-TiMg-9-130,3-c,TiMg,3-c,ceq,9.0,N9,N130,130,TiMg/3-c/ceq-TiMg-9-130.cif,legacy_H2_mapped_to_new_name,ceq-TiMg-N130-N10-3c-C3v_UFF4MOF_cell_bonded,23633.6,1.08754,3570.55,1510.79,1389.18,69.9085,29.5801,27.1991,1,32,1.445,5868.23,0.2483,0.228314,9.45346,0.0004,0.000367803,10000,914,0.0914,6.1,5.6263676148796495,5.5,6.1,6.19372,4.75481,6.19372,True
ceq-TiMg-10-333,3-c,TiMg,3-c,ceq,10.0,N10,N333,333,TiMg/3-c/ceq-TiMg-10-333.cif,legacy_H2_mapped_to_new_name,ceq-TiMg-N333-N8-3c-D3_UFF4MOF_cell_bonded,68300.8,0.50131,15781.6,2310.61,4609.14,0.0,0.0,0.0,1,0,1.445,42927.0,0.6285,1.25371,0.0,0.0,0.0,10000,4180,0.418,11.5,9.872129186602871,10.2,11.5,11.50666,9.24878,11.50662,True
ceq-TiMg-11-516,3-c,TiMg,3-c,ceq,11.0,N11,N516,516,TiMg/3-c/ceq-TiMg-11-516.cif,legacy_H2_mapped_to_new_name,ceq-TiMg-N516-N24-3c-C3_UFF4MOF_cell_bonded,67127.6,0.529068,15751.9,2346.57,4435.28,0.0,0.0,0.0,1,0,1.445,41196.2,0.6137,1.15996,0.0,0.0,0.0,10000,4023,0.4023,11.1,9.475416355953268,10.1,11.1,11.17092,8.48825,11.17092,True
ceq-TiMg-12-639,3-c,TiMg,3-c,ceq,12.0,N12,N639,639,TiMg/3-c/ceq-TiMg-12-639.cif,legacy_H2_mapped_to_new_name,ceq-TiMg-N639-N7-3c-D3h_UFF4MOF_cell_bonded,48798.0,0.675461,12973.6,2658.63,3936.03,0.111865,0.0229241,0.0339384,1,8,1.445,25350.6,0.5195,0.769104,0.0,0.0,0.0,10000,2717,0.2717,7.5,7.25218991534781,7.4,7.7,7.74596,6.00017,7.57434,True
ceq-TiMg-13-126,3-c,TiMg,3-c,ceq,13.0,N13,N126,126,TiMg/3-c/ceq-TiMg-13-126.cif,legacy_H2_mapped_to_new_name,ceq-TiMg-N126-N11-3c-C3h_UFF4MOF_cell_bonded,23843.8,0.259373,3802.94,1594.94,6149.23,0.0,0.0,0.0,1,0,1.445,20236.2,0.8487,3.27213,0.0,0.0,0.0,10000,6700,0.67,15.6,15.801835820895521,15.8,16.8,16.87693,14.13515,16.15173,True
cml-TiMg-1-10,3-c,TiMg,3-c,cml,1.0,N1,N10,10,TiMg/3-c/cml-TiMg-1-10.cif,legacy_H2_mapped_to_new_name,cml-TiMg-N10-N1-3c-D3h_UFF4MOF_cell_bonded,44996.6,0.933001,10596.3,2354.92,2524.02,0.0,0.0,0.0,1,0,1.445,17724.2,0.3939,0.422186,0.0,0.0,0.0,10000,1699,0.1699,6.5,6.25868157739847,6.5,6.5,6.52241,5.39507,6.52199,True
cml-TiMg-2-19,3-c,TiMg,3-c,cml,2.0,N2,N19,19,TiMg/3-c/cml-TiMg-2-19.cif,legacy_H2_mapped_to_new_name,cml-TiMg-N19-N2-3c-D3h_UFF4MOF_cell_bonded,45844.1,0.926059,11081.0,2417.1,2610.09,0.0,0.0,0.0,1,0,1.445,20487.7,0.4469,0.482582,0.0,0.0,0.0,10000,2040,0.204,6.8,6.617254901960784,6.8,6.8,6.84489,5.96493,6.8253,True
cml-TiMg-3-20,3-c,TiMg,3-c,cml,3.0,N3,N20,20,TiMg/3-c/cml-TiMg-3-20.cif,legacy_H2_mapped_to_new_name,cml-TiMg-N20-N3-3c-D3h_UFF4MOF_cell_bonded,51572.8,0.722174,13331.1,2584.91,3579.34,0.0,0.0,0.0,1,0,1.445,26420.7,0.5123,0.709386,0.0,0.0,0.0,10000,2721,0.2721,7.3,7.204593899301727,7.3,7.4,7.40872,6.29341,7.40872,True
cml-TiMg-4-410,3-c,TiMg,3-c,cml,4.0,N4,N410,410,TiMg/3-c/cml-TiMg-4-410.cif,legacy_H2_mapped_to_new_name,cml-TiMg-N410-N9-3c-D3_UFF4MOF_cell_bonded,94204.5,0.485733,21808.7,2315.04,4766.07,0.0,0.0,0.0,1,0,1.445,60196.7,0.639,1.31554,0.0,0.0,0.0,10000,4300,0.43,12.0,10.83760465116279,11.6,12.0,12.02028,8.77457,11.76449,True
cml-TiMg-5-386,3-c,TiMg,3-c,cml,5.0,N5,N386,386,TiMg/3-c/cml-TiMg-5-386.cif,legacy_H2_mapped_to_new_name,cml-TiMg-N386-N5-3c-D3h_UFF4MOF_cell_bonded,37553.4,0.199411,5158.73,1373.7,6888.8,0.0,0.0,0.0,1,0,1.445,32765.3,0.8725,4.37538,0.0,0.0,0.0,10000,7209,0.7209,21.3,20.56200582605077,21.1,21.3,21.34949,17.83222,21.28587,True
cml-TiMg-6-225,3-c,TiMg,3-c,cml,6.0,N6,N225,225,TiMg/3-c/cml-TiMg-6-225.cif,legacy_H2_mapped_to_new_name,cml-TiMg-N225-N4-3c-D3h_UFF4MOF_cell_bonded,43794.5,1.11178,3150.4,719.359,647.03,2635.05,601.686,541.189,6,12,1.445,4015.96,0.0917,0.08248,3113.79,0.0711,0.0639512,10000,327,0.0327,5.7,5.614984709480122,5.7,5.8,5.84892,2.95804,5.84425,True
cml-TiMg-7-592,3-c,TiMg,3-c,cml,7.0,N7,N592,592,TiMg/3-c/cml-TiMg-7-592.cif,legacy_H2_mapped_to_new_name,cml-TiMg-N592-N6-3c-D3h_UFF4MOF_cell_bonded,32565.6,0.567836,7190.79,2208.09,3888.61,3.54824,1.08957,1.9188,1,8,1.445,18015.3,0.5532,0.974225,0.0,0.0,0.0,10000,3223,0.3223,8.5,9.117871548246976,9.0,10.4,10.45984,7.26225,9.59027,True
cml-TiMg-TATB,3-c,TiMg,3-c,cml,8.0,N8,TATB,TATB,TiMg/TATB/cml-TiMg-TATB.cif,new_H2,cml-TiMg-TATB,35541.0,0.369747,7028.49,1977.57,5348.44,0.0,0.0,0.0,1,0,1.445,27579.8,0.776,2.09873,0.0,0.0,0.0,10000,5544,0.5544,13.2,12.722384559884558,12.8,13.2,13.29024,11.50404,13.17249,True
cml-TiMg-9-130,3-c,TiMg,3-c,cml,9.0,N9,N130,130,TiMg/3-c/cml-TiMg-9-130.cif,legacy_H2_mapped_to_new_name,cml-TiMg-N130-N10-3c-C3v_UFF4MOF_cell_bonded,29235.0,1.17222,4051.73,1385.92,1182.3,0.0,0.0,0.0,1,0,1.445,6156.9,0.2106,0.179658,0.0,0.0,0.0,10000,709,0.0709,6.7,6.080677009873062,6.7,6.7,6.79459,3.6301,6.79062,True
cml-TiMg-10-333,3-c,TiMg,3-c,cml,10.0,N10,N333,333,TiMg/3-c/cml-TiMg-10-333.cif,legacy_H2_mapped_to_new_name,cml-TiMg-N333-N8-3c-D3_UFF4MOF_cell_bonded,89309.0,0.511183,20890.6,2339.14,4575.93,0.0,0.0,0.0,1,0,1.445,54112.3,0.6059,1.18529,0.0,0.0,0.0,10000,4045,0.4045,10.5,9.816390605686033,10.5,10.6,10.64759,8.90567,10.63716,True
cml-TiMg-11-516,3-c,TiMg,3-c,cml,11.0,N11,N516,516,TiMg/3-c/cml-TiMg-11-516.cif,legacy_H2_mapped_to_new_name,cml-TiMg-N516-N24-3c-C3_UFF4MOF_cell_bonded,92220.7,0.51348,21779.6,2361.68,4599.37,0.0,0.0,0.0,1,0,1.445,55821.2,0.6053,1.17882,0.0,0.0,0.0,10000,4050,0.405,11.0,10.252913580246913,10.9,11.2,11.22253,9.35689,11.16292,True
cml-TiMg-12-639,3-c,TiMg,3-c,cml,12.0,N12,N639,639,TiMg/3-c/cml-TiMg-12-639.cif,legacy_H2_mapped_to_new_name,cml-TiMg-N639-N7-3c-D3h_UFF4MOF_cell_bonded,73581.0,0.597277,18277.4,2483.98,4158.84,0.0,0.0,0.0,1,0,1.445,42529.8,0.578,0.967725,0.0,0.0,0.0,10000,3521,0.3521,9.7,8.94260153365521,9.2,9.8,9.86581,7.72449,9.8658,True
cml-TiMg-13-126,3-c,TiMg,3-c,cml,13.0,N13,N126,126,TiMg/3-c/cml-TiMg-13-126.cif,legacy_H2_mapped_to_new_name,cml-TiMg-N126-N11-3c-C3h_UFF4MOF_cell_bonded,32341.0,0.254967,5070.7,1567.89,6149.36,0.0,0.0,0.0,1,0,1.445,27214.9,0.8415,3.30043,0.0,0.0,0.0,10000,6674,0.6674,17.7,16.78602037758466,17.3,17.8,17.82744,14.91026,17.56278,True
dag-TiMg-1-10,3-c,TiMg,3-c,dag,1.0,N1,N10,10,TiMg/3-c/dag-TiMg-1-10.cif,legacy_H2_mapped_to_new_name,dag-TiMg-N10-N1-3c-D3h_UFF4MOF_cell_bonded,42158.9,0.995801,10394.8,2465.62,2476.01,0.0,0.0,0.0,1,0,1.445,15409.1,0.3655,0.367041,0.0,0.0,0.0,10000,1544,0.1544,5.8,5.531347150259067,5.8,6.1,6.15759,5.06407,6.15752,True
dag-TiMg-2-19,3-c,TiMg,3-c,dag,2.0,N2,N19,19,TiMg/3-c/dag-TiMg-2-19.cif,legacy_H2_mapped_to_new_name,dag-TiMg-N19-N2-3c-D3h_UFF4MOF_cell_bonded,41671.6,1.01878,10796.3,2590.8,2543.03,0.0,0.0,0.0,1,0,1.445,16939.5,0.4065,0.399005,0.0,0.0,0.0,10000,1758,0.1758,6.6,5.809158134243458,6.2,6.6,6.60472,4.44545,6.60472,True
dag-TiMg-3-20,3-c,TiMg,3-c,dag,3.0,N3,N20,20,TiMg/3-c/dag-TiMg-3-20.cif,legacy_H2_mapped_to_new_name,dag-TiMg-N20-N3-3c-D3h_UFF4MOF_cell_bonded,49881.7,0.746657,11827.5,2371.1,3175.62,0.0,0.0,0.0,1,0,1.445,24741.3,0.496,0.664294,0.0,0.0,0.0,10000,2800,0.28,7.9,7.356464285714285,7.8,8.0,8.03636,7.0795,7.9081,True
dag-TiMg-4-410,3-c,TiMg,3-c,dag,4.0,N4,N410,410,TiMg/3-c/dag-TiMg-4-410.cif,legacy_H2_mapped_to_new_name,dag-TiMg-N410-N9-3c-D3_UFF4MOF_cell_bonded,49318.3,0.463907,10207.4,2069.71,4461.47,0.0,0.0,0.0,1,0,1.445,33605.5,0.6814,1.46883,0.0,0.0,0.0,10000,4683,0.4683,11.8,10.612812299807816,11.0,11.8,11.83433,9.55656,11.35175,True
dag-TiMg-5-386,3-c,TiMg,3-c,dag,5.0,N5,N386,386,TiMg/3-c/dag-TiMg-5-386.cif,legacy_H2_mapped_to_new_name,dag-TiMg-N386-N5-3c-D3h_UFF4MOF_cell_bonded,38625.5,0.193876,5084.78,1316.43,6790.06,0.0,0.0,0.0,1,0,1.445,34067.7,0.882,4.54929,0.0,0.0,0.0,10000,7401,0.7401,19.4,18.633671125523577,19.2,19.7,19.70331,17.43081,19.21695,True
dag-TiMg-6-225,3-c,TiMg,3-c,dag,6.0,N6,N225,225,TiMg/3-c/dag-TiMg-6-225.cif,legacy_H2_mapped_to_new_name,dag-TiMg-N225-N4-3c-D3h_UFF4MOF_cell_bonded,39404.3,1.23565,1977.75,501.912,406.191,2114.24,536.55,434.223,4,12,1.445,1891.41,0.048,0.0388458,2064.79,0.0524,0.0424067,10000,163,0.0163,5.1,4.725153374233129,5.1,5.1,5.22263,3.00135,5.19368,True
dag-TiMg-7-592,3-c,TiMg,3-c,dag,7.0,N7,N592,592,TiMg/3-c/dag-TiMg-7-592.cif,legacy_H2_mapped_to_new_name,dag-TiMg-N592-N6-3c-D3h_UFF4MOF_cell_bonded,33739.0,0.548087,6854.53,2031.63,3706.77,61.822,18.3236,33.4319,1,12,1.445,19717.1,0.5844,1.06625,0.0,0.0,0.0,10000,3722,0.3722,12.0,10.28036002149382,11.1,12.0,12.09333,10.0498,12.09333,True
dag-TiMg-TATB,3-c,TiMg,3-c,dag,8.0,N8,TATB,TATB,TiMg/TATB/dag-TiMg-TATB.cif,new_H2,dag-TiMg-TATB,35560.0,0.369549,6947.58,1953.76,5286.87,0.0,0.0,0.0,1,0,1.445,27893.3,0.7844,2.12259,0.0,0.0,0.0,10000,5598,0.5598,14.9,13.11793497677742,14.3,15.0,15.09412,12.54666,14.92459,True
dag-TiMg-9-130,3-c,TiMg,3-c,dag,9.0,N9,N130,130,TiMg/3-c/dag-TiMg-9-130.cif,legacy_H2_mapped_to_new_name,dag-TiMg-N130-N10-3c-C3v_UFF4MOF_cell_bonded,30553.6,1.12164,4768.18,1560.59,1391.35,0.0,0.0,0.0,1,0,1.445,7445.91,0.2437,0.217272,0.0,0.0,0.0,10000,888,0.0888,5.9,5.619144144144143,5.9,5.9,5.92581,4.39528,5.92365,True
dag-TiMg-10-333,3-c,TiMg,3-c,dag,10.0,N10,N333,333,TiMg/3-c/dag-TiMg-10-333.cif,legacy_H2_mapped_to_new_name,dag-TiMg-N333-N8-3c-D3_UFF4MOF_cell_bonded,45445.6,0.502284,10077.6,2217.51,4414.86,3.51028,0.772413,1.5378,1,12,1.445,29198.8,0.6425,1.27916,0.0,0.0,0.0,10000,4184,0.4184,11.3,10.148685468451243,10.8,11.5,11.51644,8.07817,11.35223,True
dag-TiMg-11-516,3-c,TiMg,3-c,dag,11.0,N11,N516,516,TiMg/3-c/dag-TiMg-11-516.cif,legacy_H2_mapped_to_new_name,dag-TiMg-N516-N24-3c-C3_UFF4MOF_cell_bonded,46958.4,0.504207,9675.6,2060.46,4086.54,31.2838,6.66202,13.2129,1,4,1.445,30476.0,0.649,1.28717,0.0,0.0,0.0,10000,4358,0.4358,12.2,10.686989444699401,11.2,12.2,12.20949,9.62165,11.48941,True
dag-TiMg-12-639,3-c,TiMg,3-c,dag,12.0,N12,N639,639,TiMg/3-c/dag-TiMg-12-639.cif,legacy_H2_mapped_to_new_name,dag-TiMg-N639-N7-3c-D3h_UFF4MOF_cell_bonded,69229.3,0.634821,16579.6,2394.88,3772.52,0.0,0.0,0.0,1,0,1.445,36843.8,0.5322,0.838346,0.0,0.0,0.0,10000,3301,0.3301,9.0,8.007209936382912,8.3,9.0,9.09256,8.12199,9.04987,True
dag-TiMg-13-126,3-c,TiMg,3-c,dag,13.0,N13,N126,126,TiMg/3-c/dag-TiMg-13-126.cif,legacy_H2_mapped_to_new_name,dag-TiMg-N126-N11-3c-C3h_UFF4MOF_cell_bonded,32335.5,0.25501,5081.12,1571.37,6162.01,0.0,0.0,0.0,1,0,1.445,27346.2,0.8457,3.31634,0.0,0.0,0.0,10000,6760,0.676,16.2,15.271760355029587,16.0,16.6,16.64817,13.93856,16.1848,True
fmz-TiMg-1-10,3-c,TiMg,3-c,fmz,1.0,N1,N10,10,TiMg/3-c/fmz-TiMg-1-10.cif,legacy_H2_mapped_to_new_name,fmz-TiMg-N10-N1-3c-D3h_UFF4MOF_cell_bonded,53592.5,1.17503,0.0,0.0,0.0,6084.42,1135.31,966.198,0,40,1.445,0.0,0.0,0.0,5525.39,0.1031,0.0877425,10000,0,0.0,,,,,6.3311,2.70845,6.26873,True
fmz-TiMg-2-19,3-c,TiMg,3-c,fmz,2.0,N2,N19,19,TiMg/3-c/fmz-TiMg-2-19.cif,legacy_H2_mapped_to_new_name,fmz-TiMg-N19-N2-3c-D3h_UFF4MOF_cell_bonded,52113.8,1.22197,0.0,0.0,0.0,7259.87,1393.08,1140.03,0,46,1.445,0.0,0.0,0.0,7327.21,0.1406,0.11506,10000,0,0.0,,,,,6.38667,2.78977,6.30931,True
fmz-TiMg-3-20,3-c,TiMg,3-c,fmz,3.0,N3,N20,20,TiMg/3-c/fmz-TiMg-3-20.cif,legacy_H2_mapped_to_new_name,fmz-TiMg-N20-N3-3c-D3h_UFF4MOF_cell_bonded,99814.7,0.839558,24548.2,2459.38,2929.37,0.0,0.0,0.0,1,4,1.445,33108.5,0.3317,0.395089,0.0,0.0,0.0,10000,1873,0.1873,8.8,7.063587827015484,6.9,8.8,8.94215,4.41042,8.86581,True
fmz-TiMg-4-410,3-c,TiMg,3-c,fmz,4.0,N4,N410,410,TiMg/3-c/fmz-TiMg-4-410.cif,legacy_H2_mapped_to_new_name,fmz-TiMg-N410-N9-3c-D3_UFF4MOF_cell_bonded,185568.0,0.554815,43841.9,2362.58,4258.32,0.0,0.0,0.0,1,0,1.445,94621.2,0.5099,0.919046,0.0,0.0,0.0,10000,3689,0.3689,11.2,10.783626999186772,11.2,12.6,12.71581,6.43284,12.7158,True
fmz-TiMg-5-386,3-c,TiMg,3-c,fmz,5.0,N5,N386,386,TiMg/3-c/fmz-TiMg-5-386.cif,legacy_H2_mapped_to_new_name,fmz-TiMg-N386-N5-3c-D3h_UFF4MOF_cell_bonded,148246.0,0.227315,22673.7,1529.47,6728.4,0.0,0.0,0.0,1,0,1.445,123741.0,0.8347,3.672,0.0,0.0,0.0,10000,6933,0.6933,21.7,18.807774412231357,18.7,22.3,22.42654,13.00062,22.32203,True
fmz-TiMg-6-225,3-c,TiMg,3-c,fmz,6.0,N6,N225,225,TiMg/3-c/fmz-TiMg-6-225.cif,legacy_H2_mapped_to_new_name,fmz-TiMg-N225-N4-3c-D3h_UFF4MOF_cell_bonded,54202.7,1.34744,0.0,0.0,0.0,1812.71,334.431,248.197,0,56,1.445,0.0,0.0,0.0,1257.5,0.0232,0.0172178,10000,0,0.0,,,,,4.5953,1.61294,4.53464,True
fmz-TiMg-7-592,3-c,TiMg,3-c,fmz,7.0,N7,N592,592,TiMg/3-c/fmz-TiMg-7-592.cif,legacy_H2_mapped_to_new_name,fmz-TiMg-N592-N6-3c-D3h_UFF4MOF_cell_bonded,63232.9,0.657994,12205.8,1930.3,2933.61,39.2474,6.20681,9.43294,1,14,1.445,27588.5,0.4363,0.663076,63.2329,0.001,0.00151977,10000,2672,0.2672,13.2,11.133233532934131,12.2,13.5,13.53011,5.71084,13.21657,True
fmz-TiMg-TATB,3-c,TiMg,3-c,fmz,8.0,N8,TATB,TATB,TiMg/TATB/fmz-TiMg-TATB.cif,new_H2,fmz-TiMg-TATB,71267.6,0.414882,15595.1,2188.24,5274.37,0.0,0.0,0.0,1,0,1.445,51177.3,0.7181,1.73085,0.0,0.0,0.0,10000,5016,0.5016,13.0,12.352551834130782,13.0,15.3,15.36406,8.12098,15.35961,True
fmz-TiMg-9-130,3-c,TiMg,3-c,fmz,9.0,N9,N130,130,TiMg/3-c/fmz-TiMg-9-130.cif,legacy_H2_mapped_to_new_name,fmz-TiMg-N130-N10-3c-C3v_UFF4MOF_cell_bonded,60504.0,1.27442,0.0,0.0,0.0,6010.58,993.42,779.507,0,48,1.445,0.0,0.0,0.0,6231.91,0.103,0.080821,10000,0,0.0,,,,,6.51678,2.36768,6.34593,True
fmz-TiMg-10-333,3-c,TiMg,3-c,fmz,10.0,N10,N333,333,TiMg/3-c/fmz-TiMg-10-333.cif,legacy_H2_mapped_to_new_name,fmz-TiMg-N333-N8-3c-D3_UFF4MOF_cell_bonded,183101.0,0.560999,42958.5,2346.16,4182.11,0.00807543,0.000441036,0.000786162,1,4,1.445,91074.6,0.4974,0.886632,0.0,0.0,0.0,10000,3564,0.3564,11.6,10.479040404040402,11.0,12.0,12.13692,5.97279,12.13692,True
fmz-TiMg-11-516,3-c,TiMg,3-c,fmz,11.0,N11,N516,516,TiMg/3-c/fmz-TiMg-11-516.cif,legacy_H2_mapped_to_new_name,fmz-TiMg-N516-N24-3c-C3_UFF4MOF_cell_bonded,184159.0,0.578549,41712.8,2265.04,3915.03,0.0,0.0,0.0,1,0,1.445,90974.8,0.494,0.85386,0.0,0.0,0.0,10000,3541,0.3541,12.2,10.808189776899182,11.3,12.2,12.56768,6.67176,12.56473,True
fmz-TiMg-12-639,3-c,TiMg,3-c,fmz,12.0,N12,N639,639,TiMg/3-c/fmz-TiMg-12-639.cif,legacy_H2_mapped_to_new_name,fmz-TiMg-N639-N7-3c-D3h_UFF4MOF_cell_bonded,137669.0,0.718271,34385.6,2497.7,3477.38,2.07435,0.150677,0.209777,1,16,1.445,53911.1,0.3916,0.545198,0.0,0.0,0.0,10000,2501,0.2501,8.8,7.779768092762897,8.0,9.2,9.61338,5.33865,9.28667,True
fmz-TiMg-13-126,3-c,TiMg,3-c,fmz,13.0,N13,N126,126,TiMg/3-c/fmz-TiMg-13-126.cif,legacy_H2_mapped_to_new_name,fmz-TiMg-N126-N11-3c-C3h_UFF4MOF_cell_bonded,131487.0,0.282207,22531.5,1713.59,6072.11,0.0,0.0,0.0,1,0,1.445,105361.0,0.8013,2.83941,0.0,0.0,0.0,10000,6473,0.6473,19.9,16.776981306967404,16.9,19.9,20.39645,10.89458,19.85289,True
hwx-TiMg-1-10,3-c,TiMg,3-c,hwx,1.0,N1,N10,10,TiMg/3-c/hwx-TiMg-1-10.cif,legacy_H2_mapped_to_new_name,hwx-TiMg-N10-N1-3c-D3h_UFF4MOF_cell_bonded,39699.3,1.0575,8233.14,2073.88,1961.12,0.845201,0.212901,0.201325,1,24,1.445,10544.1,0.2656,0.251159,0.0,0.0,0.0,10000,969,0.0969,5.4,5.59329205366357,5.4,6.3,6.30848,4.20949,6.30846,True
hwx-TiMg-2-19,3-c,TiMg,3-c,hwx,2.0,N2,N19,19,TiMg/3-c/hwx-TiMg-2-19.cif,legacy_H2_mapped_to_new_name,hwx-TiMg-N19-N2-3c-D3h_UFF4MOF_cell_bonded,39931.0,1.06319,9151.2,2291.75,2155.54,0.0,0.0,0.0,1,0,1.445,11947.4,0.2992,0.281416,0.0,0.0,0.0,10000,1060,0.106,6.1,5.345754716981132,5.2,6.1,6.17653,4.16801,5.566,True
hwx-TiMg-3-20,3-c,TiMg,3-c,hwx,3.0,N3,N20,20,TiMg/3-c/hwx-TiMg-3-20.cif,legacy_H2_mapped_to_new_name,hwx-TiMg-N20-N3-3c-D3h_UFF4MOF_cell_bonded,77436.6,0.721452,19228.1,2483.07,3441.77,0.0,0.0,0.0,1,0,1.445,36937.3,0.477,0.661167,0.0,0.0,0.0,10000,2662,0.2662,8.2,7.679676934635612,8.0,8.4,8.41902,6.1291,8.41899,True
hwx-TiMg-4-410,3-c,TiMg,3-c,hwx,4.0,N4,N410,410,TiMg/3-c/hwx-TiMg-4-410.cif,legacy_H2_mapped_to_new_name,hwx-TiMg-N410-N9-3c-D3_UFF4MOF_cell_bonded,22389.2,0.51094,5448.88,2433.71,4763.2,0.0,0.0,0.0,1,0,1.445,15191.1,0.6785,1.32794,0.0,0.0,0.0,10000,4010,0.401,9.3,9.475087281795512,9.9,11.0,11.03616,7.455,10.40652,True
hwx-TiMg-5-386,3-c,TiMg,3-c,hwx,5.0,N5,N386,386,TiMg/3-c/hwx-TiMg-5-386.cif,legacy_H2_mapped_to_new_name,hwx-TiMg-N386-N5-3c-D3h_UFF4MOF_cell_bonded,73151.4,0.204742,10250.7,1401.3,6844.25,0.0,0.0,0.0,1,0,1.445,62961.4,0.8607,4.20384,0.0,0.0,0.0,10000,7140,0.714,20.5,18.5909243697479,18.7,20.5,20.51839,18.01053,19.60428,True
hwx-TiMg-6-225,3-c,TiMg,3-c,hwx,6.0,N6,N225,225,TiMg/3-c/hwx-TiMg-6-225.cif,legacy_H2_mapped_to_new_name,hwx-TiMg-N225-N4-3c-D3h_UFF4MOF_cell_bonded,33423.4,1.45677,0.0,0.0,0.0,483.708,144.722,99.3444,0,48,1.445,0.0,0.0,0.0,220.594,0.0066,0.00453058,10000,0,0.0,,,,,3.65635,1.57486,3.15449,True
hwx-TiMg-7-592,3-c,TiMg,3-c,hwx,7.0,N7,N592,592,TiMg/3-c/hwx-TiMg-7-592.cif,legacy_H2_mapped_to_new_name,hwx-TiMg-N592-N6-3c-D3h_UFF4MOF_cell_bonded,23859.9,0.775019,4377.0,1834.45,2366.98,0.162141,0.0679554,0.0876822,1,6,1.445,9052.46,0.3794,0.489536,0.0,0.0,0.0,10000,1705,0.1705,8.8,8.025454545454547,8.8,8.8,8.88309,5.11677,8.81145,True
hwx-TiMg-TATB,3-c,TiMg,3-c,hwx,8.0,N8,TATB,TATB,TiMg/TATB/hwx-TiMg-TATB.cif,new_H2,hwx-TiMg-TATB,37557.5,0.349895,7065.91,1881.35,5376.92,0.0,0.0,0.0,1,0,1.445,29422.6,0.7834,2.23896,0.0,0.0,0.0,10000,5735,0.5735,16.0,14.428683522231912,15.2,16.0,16.08012,12.78286,16.08012,True
hwx-TiMg-9-130,3-c,TiMg,3-c,hwx,9.0,N9,N130,130,TiMg/3-c/hwx-TiMg-9-130.cif,legacy_H2_mapped_to_new_name,hwx-TiMg-N130-N10-3c-C3v_UFF4MOF_cell_bonded,43825.4,1.17295,6644.69,1516.17,1292.62,0.783317,0.178736,0.152381,1,12,1.445,8186.59,0.1868,0.159257,0.0,0.0,0.0,10000,683,0.0683,5.9,5.215812591508053,5.2,5.9,5.95055,3.7696,5.31471,True
hwx-TiMg-10-333,3-c,TiMg,3-c,hwx,10.0,N10,N333,333,TiMg/3-c/hwx-TiMg-10-333.cif,legacy_H2_mapped_to_new_name,hwx-TiMg-N333-N8-3c-D3_UFF4MOF_cell_bonded,21767.6,0.524324,5198.22,2388.05,4554.53,0.0,0.0,0.0,1,0,1.445,14503.8,0.6663,1.27078,0.0,0.0,0.0,10000,3920,0.392,10.3,9.182806122448982,9.3,10.3,10.35097,8.37075,10.16149,True
hwx-TiMg-11-516,3-c,TiMg,3-c,hwx,11.0,N11,N516,516,TiMg/3-c/hwx-TiMg-11-516.cif,legacy_H2_mapped_to_new_name,hwx-TiMg-N516-N24-3c-C3_UFF4MOF_cell_bonded,21061.4,0.562088,5063.2,2404.01,4276.94,0.0,0.0,0.0,1,0,1.445,13468.8,0.6395,1.13772,0.0,0.0,0.0,10000,3660,0.366,9.5,8.78032786885246,9.1,9.8,9.84025,7.81361,9.53216,True
hwx-TiMg-12-639,3-c,TiMg,3-c,hwx,12.0,N12,N639,639,TiMg/3-c/hwx-TiMg-12-639.cif,legacy_H2_mapped_to_new_name,hwx-TiMg-N639-N7-3c-D3h_UFF4MOF_cell_bonded,17568.6,0.625379,4514.4,2569.58,4108.84,0.0,0.0,0.0,1,0,1.445,10904.9,0.6207,0.992519,0.0,0.0,0.0,10000,3179,0.3179,8.6,7.779993708713431,8.1,8.7,8.76322,6.14553,8.4312,True
hwx-TiMg-13-126,3-c,TiMg,3-c,hwx,13.0,N13,N126,126,TiMg/3-c/hwx-TiMg-13-126.cif,legacy_H2_mapped_to_new_name,hwx-TiMg-N126-N11-3c-C3h_UFF4MOF_cell_bonded,61375.5,0.268703,10159.9,1655.37,6160.61,0.0,0.0,0.0,1,0,1.445,50776.0,0.8273,3.07887,0.0,0.0,0.0,10000,6506,0.6506,16.3,14.859790962188749,15.0,16.3,16.32851,12.45903,16.26908,True
sab-TiMg-1-10,3-c,TiMg,3-c,sab,1.0,N1,N10,10,TiMg/3-c/sab-TiMg-1-10.cif,legacy_H2_mapped_to_new_name,sab-TiMg-N10-N1-3c-D3h_UFF4MOF_cell_bonded,50463.8,1.10923,8107.43,1606.58,1448.38,3.53129,0.699768,0.630861,1,24,1.445,7630.12,0.1512,0.136311,0.0,0.0,0.0,10000,570,0.057,5.3,4.909473684210527,5.0,5.5,5.57297,3.38342,5.17122,True
sab-TiMg-2-19,3-c,TiMg,3-c,sab,2.0,N2,N19,19,TiMg/3-c/sab-TiMg-2-19.cif,legacy_H2_mapped_to_new_name,sab-TiMg-N19-N2-3c-D3h_UFF4MOF_cell_bonded,56422.3,1.00325,12498.4,2215.16,2207.97,0.0,0.0,0.0,1,0,1.445,19539.0,0.3463,0.345177,0.0,0.0,0.0,10000,1644,0.1644,8.9,7.809063260340633,8.3,8.9,8.97412,7.50541,8.97411,True
sab-TiMg-3-20,3-c,TiMg,3-c,sab,3.0,N3,N20,20,TiMg/3-c/sab-TiMg-3-20.cif,legacy_H2_mapped_to_new_name,sab-TiMg-N20-N3-3c-D3h_UFF4MOF_cell_bonded,102282.0,0.728269,24963.0,2440.6,3351.23,0.0,0.0,0.0,1,0,1.445,43787.1,0.4281,0.587832,0.0,0.0,0.0,10000,2609,0.2609,9.4,8.12265235722499,9.0,9.4,9.47946,7.46207,9.45964,True
sab-TiMg-4-410,3-c,TiMg,3-c,sab,4.0,N4,N410,410,TiMg/3-c/sab-TiMg-4-410.cif,legacy_H2_mapped_to_new_name,sab-TiMg-N410-N9-3c-D3_UFF4MOF_cell_bonded,44559.5,0.51345,10609.2,2380.91,4637.08,0.0,0.0,0.0,1,0,1.445,28558.2,0.6409,1.24822,0.0,0.0,0.0,10000,4048,0.4048,9.4,9.888636363636364,9.7,11.7,11.79677,8.13313,11.75544,True
sab-TiMg-5-386,3-c,TiMg,3-c,sab,5.0,N5,N386,386,TiMg/3-c/sab-TiMg-5-386.cif,legacy_H2_mapped_to_new_name,sab-TiMg-N386-N5-3c-D3h_UFF4MOF_cell_bonded,69346.1,0.215976,10133.1,1461.23,6765.71,0.0,0.0,0.0,1,0,1.445,59388.0,0.8564,3.96525,0.0,0.0,0.0,10000,7019,0.7019,23.6,19.08821769482832,20.5,23.6,23.62757,20.3749,23.57278,True
sab-TiMg-6-225,3-c,TiMg,3-c,sab,6.0,N6,N225,225,TiMg/3-c/sab-TiMg-6-225.cif,legacy_H2_mapped_to_new_name,sab-TiMg-N225-N4-3c-D3h_UFF4MOF_cell_bonded,55026.6,1.1798,3967.69,721.05,611.165,1252.27,227.576,192.895,8,64,1.445,4644.24,0.0844,0.0715378,308.149,0.0056,0.00474659,10000,342,0.0342,5.7,5.454093567251462,5.7,5.9,5.91455,3.92031,5.91453,True
sab-TiMg-7-592,3-c,TiMg,3-c,sab,7.0,N7,N592,592,TiMg/3-c/sab-TiMg-7-592.cif,legacy_H2_mapped_to_new_name,sab-TiMg-N592-N6-3c-D3h_UFF4MOF_cell_bonded,32328.7,0.571997,7635.07,2361.7,4128.87,4.96631,1.53619,2.68567,1,9,1.445,17502.8,0.5414,0.946508,0.0,0.0,0.0,10000,3059,0.3059,10.5,9.018764302059497,8.6,10.7,10.7175,6.92552,10.7175,True
sab-TiMg-TATB,3-c,TiMg,3-c,sab,8.0,N8,TATB,TATB,TiMg/TATB/sab-TiMg-TATB.cif,new_H2,sab-TiMg-TATB,34564.4,0.380194,7003.48,2026.21,5329.42,0.0,0.0,0.0,1,0,1.445,26545.5,0.768,2.02002,0.0,0.0,0.0,10000,5431,0.5431,16.0,13.370079175105873,12.0,16.0,16.05888,13.34307,16.05806,True
sab-TiMg-9-130,3-c,TiMg,3-c,sab,9.0,N9,N130,130,TiMg/3-c/sab-TiMg-9-130.cif,legacy_H2_mapped_to_new_name,sab-TiMg-N130-N10-3c-C3v_UFF4MOF_cell_bonded,58231.7,1.17702,6955.37,1194.43,1014.79,0.0,0.0,0.0,16,0,1.445,8152.43,0.14,0.118944,0.0,0.0,0.0,10000,611,0.0611,6.3,5.895744680851064,6.3,6.3,6.37083,4.91883,6.37051,True
sab-TiMg-10-333,3-c,TiMg,3-c,sab,10.0,N10,N333,333,TiMg/3-c/sab-TiMg-10-333.cif,legacy_H2_mapped_to_new_name,sab-TiMg-N333-N8-3c-D3_UFF4MOF_cell_bonded,44101.8,0.517588,10115.0,2293.56,4431.24,0.0,0.0,0.0,1,0,1.445,28057.6,0.6362,1.22916,0.0,0.0,0.0,10000,3966,0.3966,11.8,10.200428643469492,9.9,12.1,12.17418,7.73017,12.17418,True
sab-TiMg-11-516,3-c,TiMg,3-c,sab,11.0,N11,N516,516,TiMg/3-c/sab-TiMg-11-516.cif,legacy_H2_mapped_to_new_name,sab-TiMg-N516-N24-3c-C3_UFF4MOF_cell_bonded,43472.9,0.544632,10198.6,2345.96,4307.42,0.0,0.0,0.0,1,0,1.445,27140.1,0.6243,1.14628,0.0,0.0,0.0,10000,3848,0.3848,11.0,9.533549896049896,9.3,11.3,11.40071,7.07072,9.28344,True
sab-TiMg-12-639,3-c,TiMg,3-c,sab,12.0,N12,N639,639,TiMg/3-c/sab-TiMg-12-639.cif,legacy_H2_mapped_to_new_name,sab-TiMg-N639-N7-3c-D3h_UFF4MOF_cell_bonded,35252.9,0.623328,9017.73,2558.01,4103.8,0.0,0.0,0.0,1,0,1.445,20686.4,0.5868,0.941399,0.0,0.0,0.0,10000,3208,0.3208,10.8,8.685754364089776,9.1,10.6,10.83042,8.6317,10.74414,True
sab-TiMg-13-126,3-c,TiMg,3-c,sab,13.0,N13,N126,126,TiMg/3-c/sab-TiMg-13-126.cif,legacy_H2_mapped_to_new_name,sab-TiMg-N126-N11-3c-C3h_UFF4MOF_cell_bonded,61129.7,0.269783,10160.2,1662.07,6160.76,0.0,0.0,0.0,1,0,1.445,50450.4,0.8253,3.05912,0.0,0.0,0.0,10000,6531,0.6531,14.9,15.220379727453683,14.9,17.6,17.85941,14.21589,16.55613,True
sit-TiMg-1-10,3-c,TiMg,3-c,sit,1.0,N1,N10,10,TiMg/3-c/sit-TiMg-1-10.cif,legacy_H2_mapped_to_new_name,sit-TiMg-N10-N1-3c-D3h_UFF4MOF_cell_bonded,22538.5,0.931336,5644.11,2504.2,2688.83,0.0,0.0,0.0,1,0,1.445,9792.99,0.4345,0.466534,0.0,0.0,0.0,10000,1600,0.16,6.3,5.934437500000001,5.9,6.3,6.32754,4.90782,6.31117,True
sit-TiMg-2-19,3-c,TiMg,3-c,sit,2.0,N2,N19,19,TiMg/3-c/sit-TiMg-2-19.cif,legacy_H2_mapped_to_new_name,sit-TiMg-N19-N2-3c-D3h_UFF4MOF_cell_bonded,31348.3,1.01571,7915.31,2524.96,2485.9,0.0,0.0,0.0,1,0,1.445,11871.6,0.3787,0.372842,0.0,0.0,0.0,10000,1364,0.1364,5.7,5.8349706744868035,6.2,6.3,6.32903,4.49462,6.32551,True
sit-TiMg-3-20,3-c,TiMg,3-c,sit,3.0,N3,N20,20,TiMg/3-c/sit-TiMg-3-20.cif,legacy_H2_mapped_to_new_name,sit-TiMg-N20-N3-3c-D3h_UFF4MOF_cell_bonded,39261.2,0.711476,10046.6,2558.9,3596.61,0.0,0.0,0.0,1,0,1.445,21393.4,0.5449,0.765872,0.0,0.0,0.0,10000,2804,0.2804,7.4,7.02339514978602,7.3,7.5,7.56235,6.03294,7.56234,True
sit-TiMg-4-410,3-c,TiMg,3-c,sit,4.0,N4,N410,410,TiMg/3-c/sit-TiMg-4-410.cif,legacy_H2_mapped_to_new_name,sit-TiMg-N410-N9-3c-D3_UFF4MOF_cell_bonded,45933.7,0.498089,10867.2,2365.85,4749.86,0.0,0.0,0.0,1,0,1.445,30688.3,0.6681,1.34133,0.0,0.0,0.0,10000,4230,0.423,11.1,9.859810874704491,10.5,11.1,11.12394,8.90536,11.12394,True
sit-TiMg-5-386,3-c,TiMg,3-c,sit,5.0,N5,N386,386,TiMg/3-c/sit-TiMg-5-386.cif,legacy_H2_mapped_to_new_name,sit-TiMg-N386-N5-3c-D3h_UFF4MOF_cell_bonded,36356.9,0.205974,5066.32,1393.5,6765.41,0.0,0.0,0.0,1,0,1.445,31725.0,0.8726,4.23646,0.0,0.0,0.0,10000,7227,0.7227,21.1,20.578386605783866,21.1,21.2,21.21349,17.33348,21.11846,True
sit-TiMg-6-225,3-c,TiMg,3-c,sit,6.0,N6,N225,225,TiMg/3-c/sit-TiMg-6-225.cif,legacy_H2_mapped_to_new_name,sit-TiMg-N225-N4-3c-D3h_UFF4MOF_cell_bonded,30955.2,1.17969,0.0,0.0,0.0,2420.1,781.806,662.722,0,36,1.445,0.0,0.0,0.0,2429.99,0.0785,0.0665429,10000,0,0.0,,,,,4.74607,2.17114,4.74422,True
sit-TiMg-7-592,3-c,TiMg,3-c,sit,7.0,N7,N592,592,TiMg/3-c/sit-TiMg-7-592.cif,legacy_H2_mapped_to_new_name,sit-TiMg-N592-N6-3c-D3h_UFF4MOF_cell_bonded,32500.7,0.568969,7778.94,2393.47,4206.67,0.0,0.0,0.0,1,4,1.445,17979.4,0.5532,0.972285,0.0,0.0,0.0,10000,3199,0.3199,8.9,8.28333854329478,8.7,9.1,9.18036,6.88116,8.98653,True
sit-TiMg-TATB,3-c,TiMg,3-c,sit,8.0,N8,TATB,TATB,TiMg/TATB/sit-TiMg-TATB.cif,new_H2,sit-TiMg-TATB,35485.8,0.370322,7123.42,2007.4,5420.68,0.0,0.0,0.0,1,0,1.445,27384.4,0.7717,2.08386,0.0,0.0,0.0,10000,5489,0.5489,13.0,12.1279468026963,12.9,13.0,13.03376,10.63548,12.9711,True
sit-TiMg-9-130,3-c,TiMg,3-c,sit,9.0,N9,N130,130,TiMg/3-c/sit-TiMg-9-130.cif,legacy_H2_mapped_to_new_name,sit-TiMg-N130-N10-3c-C3v_UFF4MOF_cell_bonded,23662.8,1.0862,3994.29,1688.0,1554.05,0.0,0.0,0.0,2,0,1.445,7200.6,0.3043,0.280152,0.0,0.0,0.0,10000,1023,0.1023,6.3,5.844868035190616,6.3,6.3,6.36127,4.3782,6.29053,True
sit-TiMg-10-333,3-c,TiMg,3-c,sit,10.0,N10,N333,333,TiMg/3-c/sit-TiMg-10-333.cif,legacy_H2_mapped_to_new_name,sit-TiMg-N333-N8-3c-D3_UFF4MOF_cell_bonded,45317.4,0.503705,10958.1,2418.08,4800.58,0.0,0.0,0.0,1,0,1.445,29800.7,0.6576,1.30553,0.0,0.0,0.0,10000,4068,0.4068,10.4,9.428048180924288,9.9,10.4,10.48253,7.93405,10.35727,True
sit-TiMg-11-516,3-c,TiMg,3-c,sit,11.0,N11,N516,516,TiMg/3-c/sit-TiMg-11-516.cif,legacy_H2_mapped_to_new_name,sit-TiMg-N516-N24-3c-C3_UFF4MOF_cell_bonded,45289.0,0.522792,11117.3,2454.75,4695.47,0.0,0.0,0.0,1,0,1.445,29243.1,0.6457,1.2351,0.0,0.0,0.0,10000,3963,0.3963,10.5,9.470047943477164,10.0,10.5,10.568,7.45602,10.56737,True
sit-TiMg-12-639,3-c,TiMg,3-c,sit,12.0,N12,N639,639,TiMg/3-c/sit-TiMg-12-639.cif,legacy_H2_mapped_to_new_name,sit-TiMg-N639-N7-3c-D3h_UFF4MOF_cell_bonded,36115.4,0.608441,9586.61,2654.44,4362.68,0.0,0.0,0.0,1,0,1.445,22026.8,0.6099,1.0024,0.0,0.0,0.0,10000,3353,0.3353,8.4,7.755263942737847,7.8,8.4,8.46108,6.85394,8.46108,True
sit-TiMg-13-126,3-c,TiMg,3-c,sit,13.0,N13,N126,126,TiMg/3-c/sit-TiMg-13-126.cif,legacy_H2_mapped_to_new_name,sit-TiMg-N126-N11-3c-C3h_UFF4MOF_cell_bonded,32456.6,0.254059,5094.19,1569.54,6177.86,0.0,0.0,0.0,1,0,1.445,27549.2,0.8488,3.34096,0.0,0.0,0.0,10000,6742,0.6742,17.2,16.040121625630377,16.5,17.2,17.21905,14.56337,17.21905,True
ydq-TiMg-1-10,3-c,TiMg,3-c,ydq,1.0,N1,N10,10,TiMg/3-c/ydq-TiMg-1-10.cif,legacy_H2_mapped_to_new_name,ydq-TiMg-N10-N1-3c-D3h_UFF4MOF_cell_bonded,53256.3,0.788299,10330.3,1939.73,2460.65,0.0,0.0,0.0,1,0,1.445,27959.5,0.525,0.665991,0.0,0.0,0.0,10000,3207,0.3207,13.5,11.677517929529156,13.4,13.5,13.53719,9.63205,13.53719,True
ydq-TiMg-2-19,3-c,TiMg,3-c,ydq,2.0,N2,N19,19,TiMg/3-c/ydq-TiMg-2-19.cif,legacy_H2_mapped_to_new_name,ydq-TiMg-N19-N2-3c-D3h_UFF4MOF_cell_bonded,51759.3,0.820228,10341.3,1997.96,2435.86,0.0,0.0,0.0,1,0,1.445,27758.5,0.5363,0.653843,0.0,0.0,0.0,10000,3244,0.3244,13.2,11.555733662145501,13.1,13.2,13.27091,9.34153,13.23105,True
ydq-TiMg-3-20,3-c,TiMg,3-c,ydq,3.0,N3,N20,20,TiMg/3-c/ydq-TiMg-3-20.cif,legacy_H2_mapped_to_new_name,ydq-TiMg-N20-N3-3c-D3h_UFF4MOF_cell_bonded,100511.0,0.555828,18532.6,1843.84,3317.29,0.0,0.0,0.0,1,0,1.445,63141.0,0.6282,1.13021,0.0,0.0,0.0,10000,4537,0.4537,18.1,15.677738593784438,18.1,18.1,18.13843,13.68978,18.1131,True
ydq-TiMg-4-410,3-c,TiMg,3-c,ydq,4.0,N4,N410,410,TiMg/3-c/ydq-TiMg-4-410.cif,legacy_H2_mapped_to_new_name,ydq-TiMg-N410-N9-3c-D3_UFF4MOF_cell_bonded,167495.0,0.409787,29270.0,1747.52,4264.44,0.0,0.0,0.0,1,0,1.445,112808.0,0.6735,1.64354,0.0,0.0,0.0,10000,5354,0.5354,20.6,17.976802390735898,19.2,20.7,20.7959,16.08742,20.7959,True
ydq-TiMg-5-386,3-c,TiMg,3-c,ydq,5.0,N5,N386,386,TiMg/3-c/ydq-TiMg-5-386.cif,legacy_H2_mapped_to_new_name,ydq-TiMg-N386-N5-3c-D3h_UFF4MOF_cell_bonded,538177.0,0.166976,60007.0,1115.0,6677.62,0.0,0.0,0.0,1,0,1.445,457881.0,0.8508,5.09534,0.0,0.0,0.0,10000,7748,0.7748,36.5,31.09445018069179,36.2,36.6,36.6925,28.52101,36.51697,True
ydq-TiMg-6-225,3-c,TiMg,3-c,ydq,6.0,N6,N225,225,TiMg/3-c/ydq-TiMg-6-225.cif,legacy_H2_mapped_to_new_name,ydq-TiMg-N225-N4-3c-D3h_UFF4MOF_cell_bonded,51411.9,0.947059,7800.32,1517.22,1602.03,481.362,93.6285,98.8623,1,7,1.445,17814.2,0.3465,0.365869,452.424,0.0088,0.00929192,10000,1928,0.1928,11.9,10.493724066390042,11.8,12.1,12.36943,7.62615,12.36943,True
ydq-TiMg-7-592,3-c,TiMg,3-c,ydq,7.0,N7,N592,592,TiMg/3-c/ydq-TiMg-7-592.cif,legacy_H2_mapped_to_new_name,ydq-TiMg-N592-N6-3c-D3h_UFF4MOF_cell_bonded,258638.0,0.428984,42844.3,1656.54,3861.54,3.01217,0.116463,0.271485,1,21,1.445,156010.0,0.6032,1.40611,0.0,0.0,0.0,10000,5036,0.5036,23.4,19.94428117553614,22.3,23.8,24.33272,17.31588,23.57643,True
ydq-TiMg-TATB,3-c,TiMg,3-c,ydq,8.0,N8,TATB,TATB,TiMg/TATB/ydq-TiMg-TATB.cif,new_H2,ydq-TiMg-TATB,265006.0,0.297529,40685.0,1535.25,5159.98,0.0,0.0,0.0,1,0,1.445,202703.0,0.7649,2.57084,0.0,0.0,0.0,10000,6498,0.6498,26.7,22.626192674669127,25.7,26.7,26.82442,20.57,26.78671,True
ydq-TiMg-9-130,3-c,TiMg,3-c,ydq,9.0,N9,N130,130,TiMg/3-c/ydq-TiMg-9-130.cif,legacy_H2_mapped_to_new_name,ydq-TiMg-N130-N10-3c-C3v_UFF4MOF_cell_bonded,56343.8,0.912345,8808.15,1563.29,1713.48,0.0403772,0.00716621,0.00785471,2,1,1.445,23495.4,0.417,0.457064,0.0,0.0,0.0,10000,2613,0.2613,11.6,10.687562189054727,10.9,11.6,11.6691,9.51028,11.6579,True
ydq-TiMg-10-333,3-c,TiMg,3-c,ydq,10.0,N10,N333,333,TiMg/3-c/ydq-TiMg-10-333.cif,legacy_H2_mapped_to_new_name,ydq-TiMg-N333-N8-3c-D3_UFF4MOF_cell_bonded,163321.0,0.419295,27160.7,1663.02,3966.24,3.03553,0.185863,0.443275,1,8,1.445,108723.0,0.6657,1.58766,0.0,0.0,0.0,10000,5354,0.5354,21.5,18.484049308927904,20.2,21.7,21.95549,16.41706,21.95549,True
ydq-TiMg-11-516,3-c,TiMg,3-c,ydq,11.0,N11,N516,516,TiMg/3-c/ydq-TiMg-11-516.cif,legacy_H2_mapped_to_new_name,ydq-TiMg-N516-N24-3c-C3_UFF4MOF_cell_bonded,161556.0,0.439664,26680.5,1651.47,3756.22,10.5171,0.650987,1.48065,1,19,1.445,105318.0,0.6519,1.48272,0.0,0.0,0.0,10000,5265,0.5265,21.2,18.109458689458688,20.0,21.2,21.43087,15.8282,21.12522,True
ydq-TiMg-12-639,3-c,TiMg,3-c,ydq,12.0,N12,N639,639,TiMg/3-c/ydq-TiMg-12-639.cif,legacy_H2_mapped_to_new_name,ydq-TiMg-N639-N7-3c-D3h_UFF4MOF_cell_bonded,138353.0,0.47648,24633.2,1780.47,3736.7,0.0,0.0,0.0,1,2,1.445,89763.2,0.6488,1.36165,0.0,0.0,0.0,10000,5041,0.5041,20.3,17.31354889902797,20.1,20.5,20.77857,14.4792,20.36645,True
ydq-TiMg-13-126,3-c,TiMg,3-c,ydq,13.0,N13,N126,126,TiMg/3-c/ydq-TiMg-13-126.cif,legacy_H2_mapped_to_new_name,ydq-TiMg-N126-N11-3c-C3h_UFF4MOF_cell_bonded,487030.0,0.203172,60358.6,1239.32,6099.87,0.0,0.0,0.0,1,0,1.445,401264.0,0.8239,4.05519,0.0,0.0,0.0,10000,7428,0.7428,33.8,28.28959343026387,32.6,33.9,34.21519,26.39388,34.21519,True
ceq-TiNi-1-10,3-c,TiNi,3-c,ceq,1.0,N1,N10,10,TiNi/3-c/ceq-TiNi-1-10.cif,legacy_H2_mapped_to_new_name,ceq-TiNi-N10-N1-3c-D3h_UFF4MOF_cell_bonded,28359.7,1.25523,5869.33,2069.6,1648.79,0.0,0.0,0.0,1,0,1.445,9347.34,0.3296,0.262582,0.0,0.0,0.0,10000,1063,0.1063,5.4,5.327657572906866,5.4,5.6,5.63377,4.79273,5.44483,True
ceq-TiNi-2-19,3-c,TiNi,3-c,ceq,2.0,N2,N19,19,TiNi/3-c/ceq-TiNi-2-19.cif,legacy_H2_mapped_to_new_name,ceq-TiNi-N19-N2-3c-D3h_UFF4MOF_cell_bonded,27721.1,1.29692,6202.08,2237.31,1725.09,0.0,0.0,0.0,1,0,1.445,10653.2,0.3843,0.296317,0.0,0.0,0.0,10000,1295,0.1295,5.6,5.436370656370657,5.5,5.6,5.65403,4.88846,5.65401,True
ceq-TiNi-3-20,3-c,TiNi,3-c,ceq,3.0,N3,N20,20,TiNi/3-c/ceq-TiNi-3-20.cif,legacy_H2_mapped_to_new_name,ceq-TiNi-N20-N3-3c-D3h_UFF4MOF_cell_bonded,49497.6,0.92957,12537.5,2532.95,2724.87,0.0,0.0,0.0,1,0,1.445,21130.5,0.4269,0.459245,0.0,0.0,0.0,10000,1997,0.1997,6.8,6.723234852278418,6.8,7.0,7.02113,5.65976,6.97516,True
ceq-TiNi-4-410,3-c,TiNi,3-c,ceq,4.0,N4,N410,410,TiNi/3-c/ceq-TiNi-4-410.cif,legacy_H2_mapped_to_new_name,ceq-TiNi-N410-N9-3c-D3_UFF4MOF_cell_bonded,63375.8,0.584759,14747.6,2327.01,3979.43,0.0,0.0,0.0,1,0,1.445,40104.2,0.6328,1.08216,0.0,0.0,0.0,10000,4046,0.4046,10.5,9.636109738012852,10.0,10.5,10.54301,8.61505,10.23889,True
ceq-TiNi-5-386,3-c,TiNi,3-c,ceq,5.0,N5,N386,386,TiNi/3-c/ceq-TiNi-5-386.cif,legacy_H2_mapped_to_new_name,ceq-TiNi-N386-N5-3c-D3h_UFF4MOF_cell_bonded,25858.6,0.230448,3691.98,1427.76,6195.6,0.0,0.0,0.0,1,0,1.445,22621.1,0.8748,3.79609,0.0,0.0,0.0,10000,7114,0.7114,20.0,18.872968793927466,19.4,20.0,20.06167,18.62337,20.01355,True
ceq-TiNi-6-225,3-c,TiNi,3-c,ceq,6.0,N6,N225,225,TiNi/3-c/ceq-TiNi-6-225.cif,legacy_H2_mapped_to_new_name,ceq-TiNi-N225-N4-3c-D3h_UFF4MOF_cell_bonded,27990.1,1.45155,0.0,0.0,0.0,2197.2,784.99,540.796,0,60,1.445,0.0,0.0,0.0,2701.05,0.0965,0.0664808,10000,0,0.0,,,,,4.88946,2.45688,4.47613,True
ceq-TiNi-7-592,3-c,TiNi,3-c,ceq,7.0,N7,N592,592,TiNi/3-c/ceq-TiNi-7-592.cif,legacy_H2_mapped_to_new_name,ceq-TiNi-N592-N6-3c-D3h_UFF4MOF_cell_bonded,82177.8,0.708424,16552.6,2014.25,2843.28,0.0,0.0,0.0,1,8,1.445,36158.2,0.44,0.621097,0.0,0.0,0.0,10000,2647,0.2647,8.6,8.395428787306383,8.6,8.7,8.85232,7.24919,8.77799,True
ceq-TiNi-TATB,3-c,TiNi,3-c,ceq,8.0,N8,TATB,TATB,TiNi/TATB/ceq-TiNi-TATB.cif,new_H2,ceq-TiNi-TATB,96686.7,0.436094,19782.8,2046.07,4691.82,0.0,0.0,0.0,1,0,1.445,70658.6,0.7308,1.67579,0.0,0.0,0.0,10000,5347,0.5347,12.4,11.98294370675145,12.1,12.9,12.95065,10.94515,12.45575,True
ceq-TiNi-9-130,3-c,TiNi,3-c,ceq,9.0,N9,N130,130,TiNi/3-c/ceq-TiNi-9-130.cif,legacy_H2_mapped_to_new_name,ceq-TiNi-N130-N10-3c-C3v_UFF4MOF_cell_bonded,20637.6,1.37823,2852.42,1382.15,1002.84,1.232,0.596967,0.433139,2,8,1.445,4523.76,0.2192,0.159044,0.0,0.0,0.0,10000,688,0.0688,5.7,5.196366279069768,5.5,5.7,5.79581,4.23042,5.79581,True
ceq-TiNi-10-333,3-c,TiNi,3-c,ceq,10.0,N10,N333,333,TiNi/3-c/ceq-TiNi-10-333.cif,legacy_H2_mapped_to_new_name,ceq-TiNi-N333-N8-3c-D3_UFF4MOF_cell_bonded,63978.3,0.578021,14603.5,2282.58,3948.95,0.0,0.0,0.0,1,0,1.445,40146.4,0.6275,1.0856,0.0,0.0,0.0,10000,4090,0.409,11.6,10.184938875305624,10.8,11.6,11.62502,9.82685,11.51194,True
ceq-TiNi-11-516,3-c,TiNi,3-c,ceq,11.0,N11,N516,516,TiNi/3-c/ceq-TiNi-11-516.cif,legacy_H2_mapped_to_new_name,ceq-TiNi-N516-N24-3c-C3_UFF4MOF_cell_bonded,63415.9,0.603256,14709.1,2319.46,3844.9,0.0,0.0,0.0,1,0,1.445,38531.5,0.6076,1.0072,0.0,0.0,0.0,10000,3918,0.3918,11.5,10.105308831036243,11.3,11.7,11.70534,9.14203,11.70534,True
ceq-TiNi-12-639,3-c,TiNi,3-c,ceq,12.0,N12,N639,639,TiNi/3-c/ceq-TiNi-12-639.cif,legacy_H2_mapped_to_new_name,ceq-TiNi-N639-N7-3c-D3h_UFF4MOF_cell_bonded,46465.4,0.768359,12172.6,2619.71,3409.49,0.0,0.0,0.0,1,0,1.445,25026.2,0.5386,0.700974,0.0,0.0,0.0,10000,2800,0.28,7.8,7.382821428571429,7.5,7.8,7.89292,6.0888,7.89291,True
ceq-TiNi-13-126,3-c,TiNi,3-c,ceq,13.0,N13,N126,126,TiNi/3-c/ceq-TiNi-13-126.cif,legacy_H2_mapped_to_new_name,ceq-TiNi-N126-N11-3c-C3h_UFF4MOF_cell_bonded,22930.8,0.28464,3650.65,1592.03,5593.12,0.0,0.0,0.0,1,0,1.445,19491.2,0.85,2.98623,0.0,0.0,0.0,10000,6652,0.6652,18.5,16.755532170775705,16.7,18.5,18.50525,15.08543,16.74324,True
cml-TiNi-1-10,3-c,TiNi,3-c,cml,1.0,N1,N10,10,TiNi/3-c/cml-TiNi-1-10.cif,legacy_H2_mapped_to_new_name,cml-TiNi-N10-N1-3c-D3h_UFF4MOF_cell_bonded,39851.8,1.19101,8912.35,2236.37,1877.72,0.0,0.0,0.0,1,0,1.445,14211.1,0.3566,0.29941,0.0,0.0,0.0,10000,1462,0.1462,6.1,5.896306429548563,5.9,6.2,6.29312,5.31812,6.24892,True
cml-TiNi-2-19,3-c,TiNi,3-c,cml,2.0,N2,N19,19,TiNi/3-c/cml-TiNi-2-19.cif,legacy_H2_mapped_to_new_name,cml-TiNi-N19-N2-3c-D3h_UFF4MOF_cell_bonded,39330.3,1.21881,9347.42,2376.64,1949.97,0.0,0.0,0.0,1,0,1.445,16031.0,0.4076,0.334424,0.0,0.0,0.0,10000,1688,0.1688,6.0,5.960367298578199,6.0,6.1,6.14656,5.6318,6.14655,True
cml-TiNi-3-20,3-c,TiNi,3-c,cml,3.0,N3,N20,20,TiNi/3-c/cml-TiNi-3-20.cif,legacy_H2_mapped_to_new_name,cml-TiNi-N20-N3-3c-D3h_UFF4MOF_cell_bonded,47152.6,0.867378,11745.1,2490.88,2871.73,0.0,0.0,0.0,1,0,1.445,23727.2,0.5032,0.580139,0.0,0.0,0.0,10000,2541,0.2541,7.2,7.021015348288076,7.2,7.2,7.29836,6.22077,7.29378,True
cml-TiNi-4-410,3-c,TiNi,3-c,cml,4.0,N4,N410,410,TiNi/3-c/cml-TiNi-4-410.cif,legacy_H2_mapped_to_new_name,cml-TiNi-N410-N9-3c-D3_UFF4MOF_cell_bonded,86277.9,0.572716,19815.7,2296.72,4010.23,0.0,0.0,0.0,1,0,1.445,53828.8,0.6239,1.08937,0.0,0.0,0.0,10000,4108,0.4108,11.2,10.156694255111976,10.4,11.2,11.28593,8.61146,11.23079,True
cml-TiNi-5-386,3-c,TiNi,3-c,cml,5.0,N5,N386,386,TiNi/3-c/cml-TiNi-5-386.cif,legacy_H2_mapped_to_new_name,cml-TiNi-N386-N5-3c-D3h_UFF4MOF_cell_bonded,34743.3,0.228688,4959.8,1427.56,6242.37,0.0,0.0,0.0,1,0,1.445,30143.3,0.8676,3.79381,0.0,0.0,0.0,10000,7098,0.7098,20.8,19.916948436179204,20.6,20.8,20.89682,17.56226,20.60162,True
cml-TiNi-6-225,3-c,TiNi,3-c,cml,6.0,N6,N225,225,TiNi/3-c/cml-TiNi-6-225.cif,legacy_H2_mapped_to_new_name,cml-TiNi-N225-N4-3c-D3h_UFF4MOF_cell_bonded,39205.8,1.38173,4563.61,1164.01,842.43,136.779,34.8875,25.2491,12,48,1.445,5351.59,0.1365,0.098789,66.6498,0.0017,0.00123034,10000,441,0.0441,5.3,5.17641723356009,5.3,5.3,5.32369,2.9634,4.95622,True
cml-TiNi-7-592,3-c,TiNi,3-c,cml,7.0,N7,N592,592,TiNi/3-c/cml-TiNi-7-592.cif,legacy_H2_mapped_to_new_name,cml-TiNi-N592-N6-3c-D3h_UFF4MOF_cell_bonded,30725.4,0.63158,7022.79,2285.66,3618.96,0.00807543,0.00262826,0.0041614,1,4,1.445,16816.0,0.5473,0.866557,0.0,0.0,0.0,10000,3001,0.3001,10.1,8.717060979673443,8.6,10.1,10.1279,6.85832,10.11279,True
cml-TiNi-TATB,3-c,TiNi,3-c,cml,8.0,N8,TATB,TATB,TiNi/TATB/cml-TiNi-TATB.cif,new_H2,cml-TiNi-TATB,33790.4,0.415941,6663.94,1972.14,4741.39,0.0,0.0,0.0,1,0,1.445,26109.9,0.7727,1.85771,0.0,0.0,0.0,10000,5505,0.5505,13.5,12.988555858310626,13.4,13.6,13.60761,11.89081,13.57223,True
cml-TiNi-9-130,3-c,TiNi,3-c,cml,9.0,N9,N130,130,TiNi/3-c/cml-TiNi-9-130.cif,legacy_H2_mapped_to_new_name,cml-TiNi-N130-N10-3c-C3v_UFF4MOF_cell_bonded,27736.2,1.36733,3665.56,1321.58,966.539,0.0,0.0,0.0,1,0,1.445,5172.8,0.1865,0.136397,0.0,0.0,0.0,10000,579,0.0579,5.9,5.437478411053541,5.9,5.9,5.95411,3.58426,5.95411,True
cml-TiNi-10-333,3-c,TiNi,3-c,cml,10.0,N10,N333,333,TiNi/3-c/cml-TiNi-10-333.cif,legacy_H2_mapped_to_new_name,cml-TiNi-N333-N8-3c-D3_UFF4MOF_cell_bonded,84141.5,0.58601,19891.4,2364.04,4034.13,0.0,0.0,0.0,1,0,1.445,50476.5,0.5999,1.0237,0.0,0.0,0.0,10000,3953,0.3953,10.3,9.579762205919556,10.1,10.6,10.62039,8.88533,10.62036,True
cml-TiNi-11-516,3-c,TiNi,3-c,cml,11.0,N11,N516,516,TiNi/3-c/cml-TiNi-11-516.cif,legacy_H2_mapped_to_new_name,cml-TiNi-N516-N24-3c-C3_UFF4MOF_cell_bonded,84068.5,0.606744,19952.9,2373.41,3911.71,0.0,0.0,0.0,1,0,1.445,49474.3,0.5885,0.969931,0.0,0.0,0.0,10000,3824,0.3824,11.0,9.784649581589958,10.3,11.0,11.0055,9.03656,10.38494,True
cml-TiNi-12-639,3-c,TiNi,3-c,cml,12.0,N12,N639,639,TiNi/3-c/cml-TiNi-12-639.cif,legacy_H2_mapped_to_new_name,cml-TiNi-N639-N7-3c-D3h_UFF4MOF_cell_bonded,67836.9,0.701724,16269.0,2398.25,3417.66,0.0,0.0,0.0,1,0,1.445,38205.8,0.5632,0.802595,0.0,0.0,0.0,10000,3380,0.338,9.7,9.099023668639052,9.2,9.7,9.78649,7.91527,9.78649,True
cml-TiNi-13-126,3-c,TiNi,3-c,cml,13.0,N13,N126,126,TiNi/3-c/cml-TiNi-13-126.cif,legacy_H2_mapped_to_new_name,cml-TiNi-N126-N11-3c-C3h_UFF4MOF_cell_bonded,30545.5,0.28491,4826.81,1580.21,5546.33,0.0,0.0,0.0,1,0,1.445,25502.4,0.8349,2.9304,0.0,0.0,0.0,10000,6607,0.6607,18.7,17.734054790373847,18.7,18.7,18.79896,16.44162,18.74173,True
dag-TiNi-1-10,3-c,TiNi,3-c,dag,1.0,N1,N10,10,TiNi/3-c/dag-TiNi-1-10.cif,legacy_H2_mapped_to_new_name,dag-TiNi-N10-N1-3c-D3h_UFF4MOF_cell_bonded,25604.4,1.23582,6257.25,2443.82,1977.48,0.0,0.0,0.0,1,0,1.445,10252.0,0.4004,0.323994,0.0,0.0,0.0,10000,1488,0.1488,5.1,5.268481182795699,5.2,5.8,5.82699,4.92958,5.50954,True
dag-TiNi-2-19,3-c,TiNi,3-c,dag,2.0,N2,N19,19,TiNi/3-c/dag-TiNi-2-19.cif,legacy_H2_mapped_to_new_name,dag-TiNi-N19-N2-3c-D3h_UFF4MOF_cell_bonded,23983.4,1.33249,6010.85,2506.26,1880.89,0.0,0.0,0.0,1,0,1.445,9895.53,0.4126,0.309647,0.0,0.0,0.0,10000,1465,0.1465,5.2,5.216109215017064,5.2,5.6,5.66539,4.40032,5.25391,True
dag-TiNi-3-20,3-c,TiNi,3-c,dag,3.0,N3,N20,20,TiNi/3-c/dag-TiNi-3-20.cif,legacy_H2_mapped_to_new_name,dag-TiNi-N20-N3-3c-D3h_UFF4MOF_cell_bonded,44529.2,0.918479,10987.8,2467.55,2686.56,0.0,0.0,0.0,1,0,1.445,21725.8,0.4879,0.531205,0.0,0.0,0.0,10000,2476,0.2476,7.9,7.037116316639742,7.2,8.0,8.00487,5.20838,7.9026,True
dag-TiNi-4-410,3-c,TiNi,3-c,dag,4.0,N4,N410,410,TiNi/3-c/dag-TiNi-4-410.cif,legacy_H2_mapped_to_new_name,dag-TiNi-N410-N9-3c-D3_UFF4MOF_cell_bonded,90260.2,0.547448,18364.7,2034.64,3716.59,144.467,16.0056,29.2367,1,16,1.445,56782.7,0.6291,1.14915,36.1041,0.0004,0.000730663,10000,4433,0.4433,10.3,10.386104218362284,10.3,11.4,11.41215,9.18285,10.51005,True
dag-TiNi-5-386,3-c,TiNi,3-c,dag,5.0,N5,N386,386,TiNi/3-c/dag-TiNi-5-386.cif,legacy_H2_mapped_to_new_name,dag-TiNi-N386-N5-3c-D3h_UFF4MOF_cell_bonded,33219.8,0.239176,4819.26,1450.72,6065.48,0.0,0.0,0.0,1,0,1.445,28701.9,0.864,3.6124,0.0,0.0,0.0,10000,7043,0.7043,19.0,17.566292772966065,18.1,19.0,19.08996,15.88512,19.07822,True
dag-TiNi-6-225,3-c,TiNi,3-c,dag,6.0,N6,N225,225,TiNi/3-c/dag-TiNi-6-225.cif,legacy_H2_mapped_to_new_name,dag-TiNi-N225-N4-3c-D3h_UFF4MOF_cell_bonded,34190.4,1.58442,0.0,0.0,0.0,1510.42,441.768,278.82,0,72,1.445,0.0,0.0,0.0,1367.62,0.04,0.0252458,10000,0,0.0,,,,,4.9233,2.52938,4.92328,True
dag-TiNi-7-592,3-c,TiNi,3-c,dag,7.0,N7,N592,592,TiNi/3-c/dag-TiNi-7-592.cif,legacy_H2_mapped_to_new_name,dag-TiNi-N592-N6-3c-D3h_UFF4MOF_cell_bonded,29960.4,0.647708,6322.26,2110.21,3257.96,19.1916,6.40565,9.88973,1,4,1.445,16226.5,0.5416,0.83618,0.0,0.0,0.0,10000,3159,0.3159,9.2,8.541500474833807,8.8,10.1,10.1623,8.24914,10.15387,True
dag-TiNi-TATB,3-c,TiNi,3-c,dag,8.0,N8,TATB,TATB,TiNi/TATB/dag-TiNi-TATB.cif,new_H2,dag-TiNi-TATB,32947.7,0.42658,6623.01,2010.16,4712.27,0.0,0.0,0.0,1,0,1.445,25037.0,0.7599,1.78138,0.0,0.0,0.0,10000,5439,0.5439,13.7,11.971575657289943,12.5,13.7,13.72168,9.48703,13.70638,True
dag-TiNi-9-130,3-c,TiNi,3-c,dag,9.0,N9,N130,130,TiNi/3-c/dag-TiNi-9-130.cif,legacy_H2_mapped_to_new_name,dag-TiNi-N130-N10-3c-C3v_UFF4MOF_cell_bonded,27100.3,1.39941,3472.07,1281.19,915.521,2.28152,0.841878,0.601593,8,8,1.445,5498.66,0.2029,0.144989,0.0,0.0,0.0,10000,699,0.0699,5.6,5.406151645207439,5.5,5.6,5.68646,4.74743,5.60369,True
dag-TiNi-10-333,3-c,TiNi,3-c,dag,10.0,N10,N333,333,TiNi/3-c/dag-TiNi-10-333.cif,legacy_H2_mapped_to_new_name,dag-TiNi-N333-N8-3c-D3_UFF4MOF_cell_bonded,84187.8,0.585687,17857.8,2121.18,3621.7,15.1483,1.79934,3.07219,1,16,1.445,50512.7,0.6,1.02444,0.0,0.0,0.0,10000,4083,0.4083,10.6,9.577614499142786,9.8,10.9,10.91643,7.82188,10.91639,True
dag-TiNi-11-516,3-c,TiNi,3-c,dag,11.0,N11,N516,516,TiNi/3-c/dag-TiNi-11-516.cif,legacy_H2_mapped_to_new_name,dag-TiNi-N516-N24-3c-C3_UFF4MOF_cell_bonded,86256.4,0.591353,18119.8,2100.69,3552.34,23.3593,2.70813,4.57954,1,16,1.445,51917.8,0.6019,1.01783,0.0,0.0,0.0,10000,4141,0.4141,10.8,9.945278918135717,10.7,11.1,11.11959,8.30923,11.11957,True
dag-TiNi-12-639,3-c,TiNi,3-c,dag,12.0,N12,N639,639,TiNi/3-c/dag-TiNi-12-639.cif,legacy_H2_mapped_to_new_name,dag-TiNi-N639-N7-3c-D3h_UFF4MOF_cell_bonded,65596.6,0.72569,14843.0,2262.78,3118.1,0.0,0.0,0.0,1,0,1.445,36583.2,0.5577,0.76851,0.0,0.0,0.0,10000,3394,0.3394,11.0,9.133028874484385,9.3,11.0,11.0006,6.907,11.0006,True
dag-TiNi-13-126,3-c,TiNi,3-c,dag,13.0,N13,N126,126,TiNi/3-c/dag-TiNi-13-126.cif,legacy_H2_mapped_to_new_name,dag-TiNi-N126-N11-3c-C3h_UFF4MOF_cell_bonded,28568.7,0.304624,4827.01,1689.61,5546.56,0.0,0.0,0.0,1,0,1.445,23683.5,0.829,2.72139,0.0,0.0,0.0,10000,6421,0.6421,17.0,15.392415511602554,16.1,17.1,17.15143,11.99538,16.62368,True
fmz-TiNi-1-10,3-c,TiNi,3-c,fmz,1.0,N1,N10,10,TiNi/3-c/fmz-TiNi-1-10.cif,legacy_H2_mapped_to_new_name,fmz-TiNi-N10-N1-3c-D3h_UFF4MOF_cell_bonded,44021.1,1.6173,0.0,0.0,0.0,2512.65,570.784,352.923,0,72,1.445,0.0,0.0,0.0,2975.83,0.0676,0.0417979,10000,0,0.0,,,,,6.27785,2.25281,6.27784,True
fmz-TiNi-2-19,3-c,TiNi,3-c,fmz,2.0,N2,N19,19,TiNi/3-c/fmz-TiNi-2-19.cif,legacy_H2_mapped_to_new_name,fmz-TiNi-N19-N2-3c-D3h_UFF4MOF_cell_bonded,43057.6,1.66996,0.0,0.0,0.0,2928.14,680.053,407.228,0,220,1.445,0.0,0.0,0.0,3672.81,0.0853,0.0510791,10000,0,0.0,,,,,6.34411,2.28442,6.34004,True
fmz-TiNi-3-20,3-c,TiNi,3-c,fmz,3.0,N3,N20,20,TiNi/3-c/fmz-TiNi-3-20.cif,legacy_H2_mapped_to_new_name,fmz-TiNi-N20-N3-3c-D3h_UFF4MOF_cell_bonded,84009.3,1.09539,17016.9,2025.6,1849.21,0.0,0.0,0.0,1,0,1.445,19784.2,0.2355,0.214992,0.0,0.0,0.0,10000,1239,0.1239,8.6,7.408878127522196,8.5,8.7,8.78163,3.58342,8.60118,True
fmz-TiNi-4-410,3-c,TiNi,3-c,fmz,4.0,N4,N410,410,TiNi/3-c/fmz-TiNi-4-410.cif,legacy_H2_mapped_to_new_name,fmz-TiNi-N410-N9-3c-D3_UFF4MOF_cell_bonded,167488.0,0.663801,40620.2,2425.26,3653.6,0.0,0.0,0.0,1,0,1.445,80829.7,0.4826,0.727025,0.0,0.0,0.0,10000,3331,0.3331,12.9,10.289192434704294,11.3,13.1,13.12484,5.89792,13.11647,True
fmz-TiNi-5-386,3-c,TiNi,3-c,fmz,5.0,N5,N386,386,TiNi/3-c/fmz-TiNi-5-386.cif,legacy_H2_mapped_to_new_name,fmz-TiNi-N386-N5-3c-D3h_UFF4MOF_cell_bonded,133241.0,0.268342,21489.5,1612.83,6010.33,0.0,0.0,0.0,1,0,1.445,109351.0,0.8207,3.05841,0.0,0.0,0.0,10000,6709,0.6709,21.2,17.792323744224177,16.6,21.9,22.21564,11.74057,22.16362,True
fmz-TiNi-6-225,3-c,TiNi,3-c,fmz,6.0,N6,N225,225,TiNi/3-c/fmz-TiNi-6-225.cif,legacy_H2_mapped_to_new_name,fmz-TiNi-N225-N4-3c-D3h_UFF4MOF_cell_bonded,48951.1,1.65998,0.0,0.0,0.0,1161.88,237.356,142.987,0,84,1.445,0.0,0.0,0.0,695.106,0.0142,0.00855432,10000,0,0.0,,,,,4.15134,1.52897,3.91271,True
fmz-TiNi-7-592,3-c,TiNi,3-c,fmz,7.0,N7,N592,592,TiNi/3-c/fmz-TiNi-7-592.cif,legacy_H2_mapped_to_new_name,fmz-TiNi-N592-N6-3c-D3h_UFF4MOF_cell_bonded,61717.7,0.707455,11984.3,1941.8,2744.77,55.4761,8.98869,12.7057,1,15,1.445,26754.6,0.4335,0.61276,6.17177,0.0001,0.000141352,10000,2598,0.2598,12.3,10.71682063125481,11.1,12.5,13.13791,5.73553,11.27296,True
fmz-TiNi-TATB,3-c,TiNi,3-c,fmz,8.0,N8,TATB,TATB,TiNi/TATB/fmz-TiNi-TATB.cif,new_H2,fmz-TiNi-TATB,65678.6,0.481487,14312.0,2179.09,4525.75,0.0,0.0,0.0,1,0,1.445,46336.2,0.7055,1.46525,0.0,0.0,0.0,10000,4830,0.483,15.5,12.347681159420288,11.8,15.5,15.57204,7.90781,15.57204,True
fmz-TiNi-9-130,3-c,TiNi,3-c,fmz,9.0,N9,N130,130,TiNi/3-c/fmz-TiNi-9-130.cif,legacy_H2_mapped_to_new_name,fmz-TiNi-N130-N10-3c-C3v_UFF4MOF_cell_bonded,56286.2,1.51601,0.0,0.0,0.0,5238.43,930.678,613.901,0,48,1.445,0.0,0.0,0.0,6039.51,0.1073,0.070778,10000,0,0.0,,,,,6.58558,2.52268,6.58128,True
fmz-TiNi-10-333,3-c,TiNi,3-c,fmz,10.0,N10,N333,333,TiNi/3-c/fmz-TiNi-10-333.cif,legacy_H2_mapped_to_new_name,fmz-TiNi-N333-N8-3c-D3_UFF4MOF_cell_bonded,167179.0,0.663616,39152.6,2341.96,3529.09,0.0,0.0,0.0,1,0,1.445,80145.4,0.4794,0.722405,0.0,0.0,0.0,10000,3306,0.3306,10.0,9.966666666666667,10.0,12.2,12.29526,6.10935,11.98746,True
fmz-TiNi-11-516,3-c,TiNi,3-c,fmz,11.0,N11,N516,516,TiNi/3-c/fmz-TiNi-11-516.cif,legacy_H2_mapped_to_new_name,fmz-TiNi-N516-N24-3c-C3_UFF4MOF_cell_bonded,168385.0,0.681581,37847.0,2247.65,3297.69,0.0,0.0,0.0,1,0,1.445,80993.2,0.481,0.705712,0.0,0.0,0.0,10000,3369,0.3369,11.9,10.196586524191156,10.2,12.2,12.39245,6.50461,12.12804,True
fmz-TiNi-12-639,3-c,TiNi,3-c,fmz,12.0,N12,N639,639,TiNi/3-c/fmz-TiNi-12-639.cif,legacy_H2_mapped_to_new_name,fmz-TiNi-N639-N7-3c-D3h_UFF4MOF_cell_bonded,121459.0,0.88183,27884.9,2295.83,2603.48,11.3978,0.938406,1.06416,1,12,1.445,41818.4,0.3443,0.390438,0.0,0.0,0.0,10000,2128,0.2128,9.3,7.752913533834587,7.8,9.5,9.80932,5.05858,9.35665,True
fmz-TiNi-13-126,3-c,TiNi,3-c,fmz,13.0,N13,N126,126,TiNi/3-c/fmz-TiNi-13-126.cif,legacy_H2_mapped_to_new_name,fmz-TiNi-N126-N11-3c-C3h_UFF4MOF_cell_bonded,123061.0,0.318234,21533.2,1749.8,5498.46,0.0,0.0,0.0,1,0,1.445,97058.2,0.7887,2.47836,0.0,0.0,0.0,10000,6308,0.6308,16.2,16.79592580849715,16.2,20.5,20.88778,10.98757,20.54031,True
hwx-TiNi-1-10,3-c,TiNi,3-c,hwx,1.0,N1,N10,10,TiNi/3-c/hwx-TiNi-1-10.cif,legacy_H2_mapped_to_new_name,hwx-TiNi-N10-N1-3c-D3h_UFF4MOF_cell_bonded,38977.1,1.21773,9167.66,2352.06,1931.51,0.0,0.0,0.0,1,0,1.445,12905.3,0.3311,0.271899,0.0,0.0,0.0,10000,1231,0.1231,5.9,5.342485783915516,5.3,5.9,5.94713,4.14336,5.4609,True
hwx-TiNi-2-19,3-c,TiNi,3-c,hwx,2.0,N2,N19,19,TiNi/3-c/hwx-TiNi-2-19.cif,legacy_H2_mapped_to_new_name,hwx-TiNi-N19-N2-3c-D3h_UFF4MOF_cell_bonded,38166.5,1.25598,8910.65,2334.68,1858.85,0.0,0.0,0.0,1,0,1.445,14625.4,0.3832,0.305101,0.0,0.0,0.0,10000,1588,0.1588,6.1,5.99647355163728,6.1,6.4,6.49399,4.41568,6.18075,True
hwx-TiNi-3-20,3-c,TiNi,3-c,hwx,3.0,N3,N20,20,TiNi/3-c/hwx-TiNi-3-20.cif,legacy_H2_mapped_to_new_name,hwx-TiNi-N20-N3-3c-D3h_UFF4MOF_cell_bonded,72525.6,0.845889,16980.7,2341.34,2767.9,0.0,0.0,0.0,1,0,1.445,35305.5,0.4868,0.575489,0.0,0.0,0.0,10000,2745,0.2745,7.8,8.91799635701275,9.7,10.4,10.43903,7.51,10.43903,True
hwx-TiNi-4-410,3-c,TiNi,3-c,hwx,4.0,N4,N410,410,TiNi/3-c/hwx-TiNi-4-410.cif,legacy_H2_mapped_to_new_name,hwx-TiNi-N410-N9-3c-D3_UFF4MOF_cell_bonded,21610.1,0.57164,4900.6,2267.74,3967.08,0.0,0.0,0.0,1,0,1.445,14563.0,0.6739,1.17889,0.0,0.0,0.0,10000,4125,0.4125,11.6,10.041163636363635,10.6,11.6,11.66485,10.0854,11.66485,True
hwx-TiNi-5-386,3-c,TiNi,3-c,hwx,5.0,N5,N386,386,TiNi/3-c/hwx-TiNi-5-386.cif,legacy_H2_mapped_to_new_name,hwx-TiNi-N386-N5-3c-D3h_UFF4MOF_cell_bonded,68711.9,0.231267,9866.82,1435.97,6209.15,0.0,0.0,0.0,1,0,1.445,59002.9,0.8587,3.71303,0.0,0.0,0.0,10000,7058,0.7058,18.7,17.908628506659113,18.4,19.6,19.61202,18.34204,19.49116,True
hwx-TiNi-6-225,3-c,TiNi,3-c,hwx,6.0,N6,N225,225,TiNi/3-c/hwx-TiNi-6-225.cif,legacy_H2_mapped_to_new_name,hwx-TiNi-N225-N4-3c-D3h_UFF4MOF_cell_bonded,31778.8,1.70466,0.0,0.0,0.0,55.7981,17.5583,10.3002,0,60,1.445,0.0,0.0,0.0,0.0,0.0,0.0,10000,0,0.0,,,,,3.1539,2.09877,3.12195,True
hwx-TiNi-7-592,3-c,TiNi,3-c,hwx,7.0,N7,N592,592,TiNi/3-c/hwx-TiNi-7-592.cif,legacy_H2_mapped_to_new_name,hwx-TiNi-N592-N6-3c-D3h_UFF4MOF_cell_bonded,22813.2,0.85063,4234.25,1856.06,2181.98,0.0,0.0,0.0,1,0,1.445,8623.38,0.378,0.444377,0.0,0.0,0.0,10000,1695,0.1695,8.7,7.900353982300884,8.4,8.7,8.79194,5.29444,8.52252,True
hwx-TiNi-TATB,3-c,TiNi,3-c,hwx,8.0,N8,TATB,TATB,TiNi/TATB/hwx-TiNi-TATB.cif,new_H2,hwx-TiNi-TATB,33371.7,0.42116,6565.6,1967.42,4671.42,0.0,0.0,0.0,1,0,1.445,25455.9,0.7628,1.81119,0.0,0.0,0.0,10000,5425,0.5425,15.4,13.940663594470047,14.6,15.8,15.88845,11.53722,15.42289,True
hwx-TiNi-9-130,3-c,TiNi,3-c,hwx,9.0,N9,N130,130,TiNi/3-c/hwx-TiNi-9-130.cif,legacy_H2_mapped_to_new_name,hwx-TiNi-N130-N10-3c-C3v_UFF4MOF_cell_bonded,39849.9,1.42753,5549.58,1392.62,975.547,0.0,0.0,0.0,1,0,1.445,5431.54,0.1363,0.0954796,0.0,0.0,0.0,10000,453,0.0453,5.3,4.798454746136865,4.9,5.3,5.39848,3.51828,5.39848,True
hwx-TiNi-10-333,3-c,TiNi,3-c,hwx,10.0,N10,N333,333,TiNi/3-c/hwx-TiNi-10-333.cif,legacy_H2_mapped_to_new_name,hwx-TiNi-N333-N8-3c-D3_UFF4MOF_cell_bonded,20574.7,0.59913,4990.14,2425.37,4048.16,0.0,0.0,0.0,1,0,1.445,13457.9,0.6541,1.09175,0.0,0.0,0.0,10000,3795,0.3795,9.7,8.878181818181819,9.3,10.1,10.10056,8.96697,9.73208,True
hwx-TiNi-11-516,3-c,TiNi,3-c,hwx,11.0,N11,N516,516,TiNi/3-c/hwx-TiNi-11-516.cif,legacy_H2_mapped_to_new_name,hwx-TiNi-N516-N24-3c-C3_UFF4MOF_cell_bonded,19970.7,0.638535,4905.4,2456.29,3846.76,0.0,0.0,0.0,1,0,1.445,12669.4,0.6344,0.993524,0.0,0.0,0.0,10000,3592,0.3592,9.1,8.466759465478843,8.7,9.6,9.68293,8.61834,9.3079,True
hwx-TiNi-12-639,3-c,TiNi,3-c,hwx,12.0,N12,N639,639,TiNi/3-c/hwx-TiNi-12-639.cif,legacy_H2_mapped_to_new_name,hwx-TiNi-N639-N7-3c-D3h_UFF4MOF_cell_bonded,62883.6,0.756999,16083.9,2557.73,3378.78,0.0,0.0,0.0,1,0,1.445,33592.4,0.5342,0.705681,0.0,0.0,0.0,10000,2967,0.2967,8.3,7.46943040107853,7.7,8.5,8.51905,6.00382,8.4501,True
hwx-TiNi-13-126,3-c,TiNi,3-c,hwx,13.0,N13,N126,126,TiNi/3-c/hwx-TiNi-13-126.cif,legacy_H2_mapped_to_new_name,hwx-TiNi-N126-N11-3c-C3h_UFF4MOF_cell_bonded,58702.4,0.296503,9754.71,1661.72,5604.41,0.0,0.0,0.0,1,0,1.445,48476.4,0.8258,2.78513,0.0,0.0,0.0,10000,6461,0.6461,16.4,14.895465098282,15.2,16.4,16.46606,11.98994,15.85799,True
sab-TiNi-1-10,3-c,TiNi,3-c,sab,1.0,N1,N10,10,TiNi/3-c/sab-TiNi-1-10.cif,legacy_H2_mapped_to_new_name,sab-TiNi-N10-N1-3c-D3h_UFF4MOF_cell_bonded,46298.7,1.36688,7679.08,1658.59,1213.41,0.0,0.0,0.0,2,0,1.445,7764.3,0.1677,0.122688,0.0,0.0,0.0,10000,629,0.0629,5.7,5.2365659777424485,5.5,5.8,5.87158,4.10673,5.87158,True
sab-TiNi-2-19,3-c,TiNi,3-c,sab,2.0,N2,N19,19,TiNi/3-c/sab-TiNi-2-19.cif,legacy_H2_mapped_to_new_name,sab-TiNi-N19-N2-3c-D3h_UFF4MOF_cell_bonded,48522.3,1.31723,9778.22,2015.2,1529.88,0.0,0.0,0.0,1,0,1.445,14183.1,0.2923,0.221905,0.0,0.0,0.0,10000,1255,0.1255,8.1,7.1904382470119526,7.6,8.1,8.19303,6.74583,8.19301,True
sab-TiNi-3-20,3-c,TiNi,3-c,sab,3.0,N3,N20,20,TiNi/3-c/sab-TiNi-3-20.cif,legacy_H2_mapped_to_new_name,sab-TiNi-N20-N3-3c-D3h_UFF4MOF_cell_bonded,46760.9,0.874642,11252.4,2406.38,2751.27,0.0,0.0,0.0,1,0,1.445,22931.6,0.4904,0.560686,0.0,0.0,0.0,10000,2558,0.2558,9.7,8.171774824081314,9.6,9.7,9.74737,8.2084,9.74737,True
sab-TiNi-4-410,3-c,TiNi,3-c,sab,4.0,N4,N410,410,TiNi/3-c/sab-TiNi-4-410.cif,legacy_H2_mapped_to_new_name,sab-TiNi-N410-N9-3c-D3_UFF4MOF_cell_bonded,40926.3,0.603679,9461.47,2311.83,3829.57,0.0,0.0,0.0,1,0,1.445,25656.7,0.6269,1.03847,0.0,0.0,0.0,10000,3886,0.3886,9.2,10.231343283582088,10.0,12.0,12.30596,8.16797,12.30596,True
sab-TiNi-5-386,3-c,TiNi,3-c,sab,5.0,N5,N386,386,TiNi/3-c/sab-TiNi-5-386.cif,legacy_H2_mapped_to_new_name,sab-TiNi-N386-N5-3c-D3h_UFF4MOF_cell_bonded,65139.2,0.243951,9832.61,1509.48,6187.63,0.0,0.0,0.0,1,0,1.445,55283.6,0.8487,3.47898,0.0,0.0,0.0,10000,6925,0.6925,21.2,18.576953068592058,17.6,21.8,21.83145,18.41343,21.79078,True
sab-TiNi-6-225,3-c,TiNi,3-c,sab,6.0,N6,N225,225,TiNi/3-c/sab-TiNi-6-225.cif,legacy_H2_mapped_to_new_name,sab-TiNi-N225-N4-3c-D3h_UFF4MOF_cell_bonded,47211.2,1.52992,2477.53,524.775,343.009,294.616,62.4038,40.789,8,112,1.445,2927.09,0.062,0.040525,113.307,0.0024,0.00156871,10000,211,0.0211,4.9,4.616587677725119,4.8,4.9,4.99768,4.17654,4.99764,True
sab-TiNi-7-592,3-c,TiNi,3-c,sab,7.0,N7,N592,592,TiNi/3-c/sab-TiNi-7-592.cif,legacy_H2_mapped_to_new_name,sab-TiNi-N592-N6-3c-D3h_UFF4MOF_cell_bonded,31067.7,0.624623,6886.86,2216.73,3548.91,1.21701,0.391728,0.627144,1,4,1.445,16559.1,0.533,0.853315,0.0,0.0,0.0,10000,3080,0.308,8.7,10.323214285714286,10.4,12.0,12.10103,7.77494,10.52186,True
sab-TiNi-TATB,3-c,TiNi,3-c,sab,8.0,N8,TATB,TATB,TiNi/TATB/sab-TiNi-TATB.cif,new_H2,sab-TiNi-TATB,32025.6,0.438862,6538.84,2041.75,4652.38,0.0,0.0,0.0,1,0,1.445,24163.3,0.7545,1.71922,0.0,0.0,0.0,10000,5240,0.524,11.0,13.22333969465649,12.3,15.9,15.90779,13.29064,15.88301,True
sab-TiNi-9-130,3-c,TiNi,3-c,sab,9.0,N9,N130,130,TiNi/3-c/sab-TiNi-9-130.cif,legacy_H2_mapped_to_new_name,sab-TiNi-N130-N10-3c-C3v_UFF4MOF_cell_bonded,52832.8,1.43564,5927.78,1121.99,781.522,0.0,0.0,0.0,8,0,1.445,6392.77,0.121,0.0842827,0.0,0.0,0.0,10000,476,0.0476,5.9,5.468067226890756,5.9,5.9,5.94813,4.61295,5.94434,True
sab-TiNi-10-333,3-c,TiNi,3-c,sab,10.0,N10,N333,333,TiNi/3-c/sab-TiNi-10-333.cif,legacy_H2_mapped_to_new_name,sab-TiNi-N333-N8-3c-D3_UFF4MOF_cell_bonded,39973.0,0.616763,8782.53,2197.12,3562.33,0.0807543,0.0202022,0.0327552,1,4,1.445,24815.2,0.6208,1.00654,0.0,0.0,0.0,10000,3757,0.3757,12.9,10.859063082246474,11.2,12.9,12.93751,8.89491,12.90564,True
sab-TiNi-11-516,3-c,TiNi,3-c,sab,11.0,N11,N516,516,TiNi/3-c/sab-TiNi-11-516.cif,legacy_H2_mapped_to_new_name,sab-TiNi-N516-N24-3c-C3_UFF4MOF_cell_bonded,40588.9,0.62835,9287.02,2288.07,3641.4,0.0,0.0,0.0,1,0,1.445,24986.5,0.6156,0.979709,0.0,0.0,0.0,10000,3782,0.3782,11.9,9.97043892120571,9.5,11.9,11.90452,6.98931,9.50469,True
sab-TiNi-12-639,3-c,TiNi,3-c,sab,12.0,N12,N639,639,TiNi/3-c/sab-TiNi-12-639.cif,legacy_H2_mapped_to_new_name,sab-TiNi-N639-N7-3c-D3h_UFF4MOF_cell_bonded,32852.2,0.724499,8167.77,2486.21,3431.63,0.0,0.0,0.0,1,0,1.445,18968.9,0.5774,0.796965,0.0,0.0,0.0,10000,3123,0.3123,11.2,9.134229907140568,10.4,11.2,11.29991,9.16515,11.29991,True
sab-TiNi-13-126,3-c,TiNi,3-c,sab,13.0,N13,N126,126,TiNi/3-c/sab-TiNi-13-126.cif,legacy_H2_mapped_to_new_name,sab-TiNi-N126-N11-3c-C3h_UFF4MOF_cell_bonded,58383.7,0.298121,9590.0,1642.58,5509.77,0.0,0.0,0.0,1,0,1.445,47880.5,0.8201,2.7509,0.0,0.0,0.0,10000,6462,0.6462,19.0,16.833101207056636,16.8,19.0,19.05607,15.6323,19.05607,True
sit-TiNi-1-10,3-c,TiNi,3-c,sit,1.0,N1,N10,10,TiNi/3-c/sit-TiNi-1-10.cif,legacy_H2_mapped_to_new_name,sit-TiNi-N10-N1-3c-D3h_UFF4MOF_cell_bonded,19522.0,1.21565,4359.75,2233.26,1837.09,0.0,0.0,0.0,2,0,1.445,7348.07,0.3764,0.309629,0.0,0.0,0.0,10000,1247,0.1247,5.9,5.611788291900561,5.9,5.9,5.96492,4.62584,5.64587,True
sit-TiNi-2-19,3-c,TiNi,3-c,sit,2.0,N2,N19,19,TiNi/3-c/sit-TiNi-2-19.cif,legacy_H2_mapped_to_new_name,sit-TiNi-N19-N2-3c-D3h_UFF4MOF_cell_bonded,29128.2,1.23427,7024.28,2411.5,1953.78,0.0,0.0,0.0,1,0,1.445,12228.0,0.4198,0.34012,0.0,0.0,0.0,10000,1604,0.1604,6.2,5.899750623441397,6.2,6.3,6.34922,4.97518,6.16739,True
sit-TiNi-3-20,3-c,TiNi,3-c,sit,3.0,N3,N20,20,TiNi/3-c/sit-TiNi-3-20.cif,legacy_H2_mapped_to_new_name,sit-TiNi-N20-N3-3c-D3h_UFF4MOF_cell_bonded,36278.5,0.845523,8981.3,2475.65,2927.95,0.0,0.0,0.0,1,0,1.445,19528.7,0.5383,0.636647,0.0,0.0,0.0,10000,2697,0.2697,7.4,7.173044123099739,7.3,7.4,7.49212,6.34258,7.49211,True
sit-TiNi-4-410,3-c,TiNi,3-c,sit,4.0,N4,N410,410,TiNi/3-c/sit-TiNi-4-410.cif,legacy_H2_mapped_to_new_name,sit-TiNi-N410-N9-3c-D3_UFF4MOF_cell_bonded,40738.9,0.606456,9706.99,2382.73,3928.94,0.0,0.0,0.0,1,0,1.445,25795.9,0.6332,1.0441,0.0,0.0,0.0,10000,3821,0.3821,10.4,9.500026171159382,10.0,10.4,10.40981,9.02056,10.40979,True
sit-TiNi-5-386,3-c,TiNi,3-c,sit,5.0,N5,N386,386,TiNi/3-c/sit-TiNi-5-386.cif,legacy_H2_mapped_to_new_name,sit-TiNi-N386-N5-3c-D3h_UFF4MOF_cell_bonded,33969.7,0.233896,4920.6,1448.53,6193.03,0.0,0.0,0.0,1,0,1.445,29591.0,0.8711,3.7243,0.0,0.0,0.0,10000,7106,0.7106,20.5,19.788967070081622,20.3,20.5,20.53749,16.46344,20.28088,True
sit-TiNi-6-225,3-c,TiNi,3-c,sit,6.0,N6,N225,225,TiNi/3-c/sit-TiNi-6-225.cif,legacy_H2_mapped_to_new_name,sit-TiNi-N225-N4-3c-D3h_UFF4MOF_cell_bonded,25555.9,1.58981,0.0,0.0,0.0,323.517,126.592,79.6271,0,126,1.445,0.0,0.0,0.0,132.89,0.0052,0.00327083,10000,0,0.0,,,,,3.41505,1.66443,3.10283,True
sit-TiNi-7-592,3-c,TiNi,3-c,sit,7.0,N7,N592,592,TiNi/3-c/sit-TiNi-7-592.cif,legacy_H2_mapped_to_new_name,sit-TiNi-N592-N6-3c-D3h_UFF4MOF_cell_bonded,30993.6,0.626115,7342.86,2369.15,3783.9,0.0,0.0,0.0,1,0,1.445,16820.2,0.5427,0.866774,0.0,0.0,0.0,10000,3066,0.3066,8.9,8.267025440313112,8.5,9.2,9.29062,6.73968,9.29062,True
sit-TiNi-TATB,3-c,TiNi,3-c,sit,8.0,N8,TATB,TATB,TiNi/TATB/sit-TiNi-TATB.cif,new_H2,sit-TiNi-TATB,67561.3,0.416062,13375.5,1979.76,4758.33,0.0,0.0,0.0,1,0,1.445,50806.1,0.752,1.80742,0.0,0.0,0.0,10000,5489,0.5489,13.1,12.563654581891054,13.1,13.2,13.2161,11.40352,13.21608,True
sit-TiNi-9-130,3-c,TiNi,3-c,sit,9.0,N9,N130,130,TiNi/3-c/sit-TiNi-9-130.cif,legacy_H2_mapped_to_new_name,sit-TiNi-N130-N10-3c-C3v_UFF4MOF_cell_bonded,20987.9,1.35523,3287.39,1566.33,1155.76,0.0,0.0,0.0,2,0,1.445,5538.7,0.2639,0.194727,0.0,0.0,0.0,10000,754,0.0754,5.8,5.408488063660477,5.8,5.8,5.84018,3.95739,5.8171,True
sit-TiNi-10-333,3-c,TiNi,3-c,sit,10.0,N10,N333,333,TiNi/3-c/sit-TiNi-10-333.cif,legacy_H2_mapped_to_new_name,sit-TiNi-N333-N8-3c-D3_UFF4MOF_cell_bonded,63608.3,0.581384,15127.8,2378.27,4090.71,0.0,0.0,0.0,1,0,1.445,39863.3,0.6267,1.07795,0.0,0.0,0.0,10000,3957,0.3957,10.5,9.593682082385644,10.5,10.5,10.58147,8.08044,10.51111,True
sit-TiNi-11-516,3-c,TiNi,3-c,sit,11.0,N11,N516,516,TiNi/3-c/sit-TiNi-11-516.cif,legacy_H2_mapped_to_new_name,sit-TiNi-N516-N24-3c-C3_UFF4MOF_cell_bonded,41827.2,0.609748,10186.9,2435.47,3994.22,0.0,0.0,0.0,1,0,1.445,26522.6,0.6341,1.03994,0.0,0.0,0.0,10000,3762,0.3762,10.5,9.349149388623072,10.2,10.5,10.50443,7.40962,10.25604,True
sit-TiNi-12-639,3-c,TiNi,3-c,sit,12.0,N12,N639,639,TiNi/3-c/sit-TiNi-12-639.cif,legacy_H2_mapped_to_new_name,sit-TiNi-N639-N7-3c-D3h_UFF4MOF_cell_bonded,33730.1,0.705643,8386.52,2486.36,3523.54,0.0,0.0,0.0,1,0,1.445,20120.0,0.5965,0.845328,0.0,0.0,0.0,10000,3245,0.3245,9.0,8.350107858243453,8.5,9.0,9.01902,7.39381,8.84388,True
sit-TiNi-13-126,3-c,TiNi,3-c,sit,13.0,N13,N126,126,TiNi/3-c/sit-TiNi-13-126.cif,legacy_H2_mapped_to_new_name,sit-TiNi-N126-N11-3c-C3h_UFF4MOF_cell_bonded,30393.7,0.286333,4893.1,1609.91,5622.5,0.0,0.0,0.0,1,0,1.445,25743.4,0.847,2.95809,0.0,0.0,0.0,10000,6659,0.6659,17.4,15.969244631326026,16.4,17.4,17.47982,14.6314,17.47982,True
ydq-TiNi-1-10,3-c,TiNi,3-c,ydq,1.0,N1,N10,10,TiNi/3-c/ydq-TiNi-1-10.cif,legacy_H2_mapped_to_new_name,ydq-TiNi-N10-N1-3c-D3h_UFF4MOF_cell_bonded,46935.5,1.01125,8863.08,1888.35,1867.34,0.0,0.0,0.0,1,0,1.445,23927.7,0.5098,0.504127,0.0,0.0,0.0,10000,3049,0.3049,12.9,11.471006887504101,12.9,12.9,12.99211,9.46299,12.99131,True
ydq-TiNi-2-19,3-c,TiNi,3-c,ydq,2.0,N2,N19,19,TiNi/3-c/ydq-TiNi-2-19.cif,legacy_H2_mapped_to_new_name,ydq-TiNi-N19-N2-3c-D3h_UFF4MOF_cell_bonded,45185.0,1.06089,8792.55,1945.9,1834.22,0.0,0.0,0.0,1,0,1.445,23491.7,0.5199,0.490062,0.0,0.0,0.0,10000,3076,0.3076,12.6,11.23920676202861,12.5,12.6,12.6531,9.22797,12.65047,True
ydq-TiNi-3-20,3-c,TiNi,3-c,ydq,3.0,N3,N20,20,TiNi/3-c/ydq-TiNi-3-20.cif,legacy_H2_mapped_to_new_name,ydq-TiNi-N20-N3-3c-D3h_UFF4MOF_cell_bonded,93152.8,0.658581,16478.6,1768.99,2686.06,0.0,0.0,0.0,1,0,1.445,59319.7,0.6368,0.966928,0.0,0.0,0.0,10000,4611,0.4611,18.5,16.340555194101064,18.4,18.5,18.54896,13.88383,18.54896,True
ydq-TiNi-4-410,3-c,TiNi,3-c,ydq,4.0,N4,N410,410,TiNi/3-c/ydq-TiNi-4-410.cif,legacy_H2_mapped_to_new_name,ydq-TiNi-N410-N9-3c-D3_UFF4MOF_cell_bonded,159663.0,0.464223,26861.3,1682.38,3624.08,0.00807543,0.000505781,0.00108952,1,6,1.445,107469.0,0.6731,1.44995,0.0,0.0,0.0,10000,5403,0.5403,21.2,18.595687580973536,20.1,21.3,21.3245,16.65107,21.3245,True
ydq-TiNi-5-386,3-c,TiNi,3-c,ydq,5.0,N5,N386,386,TiNi/3-c/ydq-TiNi-5-386.cif,legacy_H2_mapped_to_new_name,ydq-TiNi-N386-N5-3c-D3h_UFF4MOF_cell_bonded,525783.0,0.181339,57776.0,1098.86,6059.7,0.0242263,0.000460766,0.00254092,1,1,1.445,447809.0,0.8517,4.69674,0.0,0.0,0.0,10000,7750,0.775,37.7,32.28354838709677,37.7,37.7,37.80522,29.43943,37.73808,True
ydq-TiNi-6-225,3-c,TiNi,3-c,ydq,6.0,N6,N225,225,TiNi/3-c/ydq-TiNi-6-225.cif,legacy_H2_mapped_to_new_name,ydq-TiNi-N225-N4-3c-D3h_UFF4MOF_cell_bonded,46550.9,1.16371,6333.44,1360.54,1169.14,686.219,147.413,126.674,1,16,1.445,15352.5,0.3298,0.283403,591.196,0.0127,0.0109133,10000,1833,0.1833,11.9,10.902182214948173,11.9,12.1,12.21175,7.56936,12.21175,True
ydq-TiNi-7-592,3-c,TiNi,3-c,ydq,7.0,N7,N592,592,TiNi/3-c/ydq-TiNi-7-592.cif,legacy_H2_mapped_to_new_name,ydq-TiNi-N592-N6-3c-D3h_UFF4MOF_cell_bonded,246458.0,0.472426,40408.0,1639.55,3470.48,0.281232,0.0114109,0.0241539,1,8,1.445,147752.0,0.5995,1.26898,0.0,0.0,0.0,10000,4989,0.4989,23.5,20.306073361395068,22.7,23.8,23.88527,17.09854,23.56602,True
ydq-TiNi-TATB,3-c,TiNi,3-c,ydq,8.0,N8,TATB,TATB,TiNi/TATB/ydq-TiNi-TATB.cif,new_H2,ydq-TiNi-TATB,258309.0,0.326465,36920.2,1429.3,4378.11,0.0,0.0,0.0,1,0,1.445,198872.0,0.7699,2.35829,0.0,0.0,0.0,10000,6577,0.6577,28.4,24.679185038771475,28.3,28.4,28.46689,21.8279,28.43792,True
ydq-TiNi-9-130,3-c,TiNi,3-c,ydq,9.0,N9,N130,130,TiNi/3-c/ydq-TiNi-9-130.cif,legacy_H2_mapped_to_new_name,ydq-TiNi-N130-N10-3c-C3v_UFF4MOF_cell_bonded,50034.2,1.13696,7345.25,1468.05,1291.2,7.87477,1.57388,1.38429,3,23,1.445,19998.7,0.3997,0.351551,0.0,0.0,0.0,10000,2438,0.2438,11.0,10.320959803117308,10.5,11.0,11.11627,8.80065,11.11627,True
ydq-TiNi-10-333,3-c,TiNi,3-c,ydq,10.0,N10,N333,333,TiNi/3-c/ydq-TiNi-10-333.cif,legacy_H2_mapped_to_new_name,ydq-TiNi-N333-N8-3c-D3_UFF4MOF_cell_bonded,157658.0,0.469127,25131.4,1594.04,3397.89,1.76265,0.111802,0.23832,1,5,1.445,106419.0,0.675,1.43884,0.0,0.0,0.0,10000,5414,0.5414,21.7,19.300849649057994,21.2,21.9,22.02846,16.82469,21.67767,True
ydq-TiNi-11-516,3-c,TiNi,3-c,ydq,11.0,N11,N516,516,TiNi/3-c/ydq-TiNi-11-516.cif,legacy_H2_mapped_to_new_name,ydq-TiNi-N516-N24-3c-C3_UFF4MOF_cell_bonded,158053.0,0.48409,24865.2,1573.21,3249.84,2.40227,0.151991,0.313972,1,3,1.445,105011.0,0.6644,1.37247,0.0,0.0,0.0,10000,5360,0.536,21.3,19.614962686567168,21.3,22.4,22.60809,17.412,22.27173,True
ydq-TiNi-12-639,3-c,TiNi,3-c,ydq,12.0,N12,N639,639,TiNi/3-c/ydq-TiNi-12-639.cif,legacy_H2_mapped_to_new_name,ydq-TiNi-N639-N7-3c-D3h_UFF4MOF_cell_bonded,129416.0,0.551742,22033.9,1702.57,3085.8,0.0,0.0,0.0,1,0,1.445,85414.4,0.66,1.19621,0.0,0.0,0.0,10000,5099,0.5099,20.8,18.275720729554813,20.8,21.2,21.32626,14.93399,21.31429,True
ydq-TiNi-13-126,3-c,TiNi,3-c,ydq,13.0,N13,N126,126,TiNi/3-c/ydq-TiNi-13-126.cif,legacy_H2_mapped_to_new_name,ydq-TiNi-N126-N11-3c-C3h_UFF4MOF_cell_bonded,479908.0,0.21761,56778.0,1183.1,5436.81,0.0,0.0,0.0,1,0,1.445,396740.0,0.8267,3.799,0.0,0.0,0.0,10000,7471,0.7471,35.5,30.31036005889439,35.3,35.6,35.67381,27.81669,35.67007,True
stp-Cr3F-jacs,special,Cr3F,jacs,stp,,jacs,jacs,jacs,jacs/stp-Cr3F-jacs.cif,new_H2,stp-Cr3F-jacs,26861.5,0.360153,4107.42,1529.11,4245.72,0.0,0.0,0.0,1,0,1.445,21663.8,0.8065,2.23933,0.0,0.0,0.0,10000,6325,0.6325,25.6,24.649501976284586,25.6,25.6,25.66312,24.67744,25.66312,True
stp-TiCo-jacs,special,TiCo,jacs,stp,,jacs,jacs,jacs,jacs/stp-TiCo-jacs.cif,new_H2,stp-TiCo-jacs,27559.8,0.348798,4203.8,1525.34,4373.12,0.0,0.0,0.0,1,0,1.445,22279.3,0.8084,2.31767,0.0,0.0,0.0,10000,6380,0.638,26.4,25.34354231974922,26.4,26.4,26.40599,24.90404,26.40599,True
stp-TiMg-jacs,special,TiMg,jacs,stp,,jacs,jacs,jacs,jacs/stp-TiMg-jacs.cif,new_H2,stp-TiMg-jacs,29330.9,0.312053,4377.08,1492.31,4782.24,0.0,0.0,0.0,1,0,1.445,24086.6,0.8212,2.63161,0.0,0.0,0.0,10000,6543,0.6543,26.9,25.710591471801926,26.9,26.9,26.99677,25.63909,26.99677,True
stp-TiNi-jacs,special,TiNi,jacs,stp,,jacs,jacs,jacs,jacs/stp-TiNi-jacs.cif,new_H2,stp-TiNi-jacs,27072.0,0.354965,4151.22,1533.4,4319.86,0.0,0.0,0.0,1,0,1.445,21971.6,0.8116,2.28642,0.0,0.0,0.0,10000,6329,0.6329,25.2,24.17536735661242,25.2,25.2,25.25938,23.72953,25.25938,True
moo-MIL-100-Cr3F,special,Cr3F,moo,moo,,MIL-100,MIL-100,MIL-100,moo/moo-MIL-100-Cr3F.cif,new_H2,moo-MIL-100-Cr3F,357604.0,0.764414,51303.6,1434.65,1876.8,2849.39,79.6802,104.237,1,136,1.445,203655.0,0.5695,0.745015,1716.5,0.0048,0.00627932,10000,4648,0.4648,26.9,22.737005163511185,23.7,26.9,26.99015,8.31331,26.97604,True
moo-MIL-100-TiCo,special,TiCo,moo,moo,,MIL-100,MIL-100,MIL-100,moo/moo-MIL-100-TiCo.cif,new_H2,moo-MIL-100-TiCo,366337.0,0.734783,51548.5,1407.14,1915.04,4586.42,125.197,170.386,1,136,1.445,207127.0,0.5654,0.769479,2820.79,0.0077,0.0104793,10000,4626,0.4626,26.5,21.944876783398183,19.8,26.5,26.54709,10.58003,26.54709,True
moo-MIL-100-TiMg,special,TiMg,moo,moo,,MIL-100,MIL-100,MIL-100,moo/moo-MIL-100-TiMg.cif,new_H2,moo-MIL-100-TiMg,390223.0,0.609645,55161.6,1413.59,2318.71,7500.11,192.201,315.267,1,136,1.445,213647.0,0.5475,0.898064,5580.18,0.0143,0.0234563,10000,4534,0.4534,26.4,21.733061314512575,19.7,26.7,26.75823,11.32684,26.70262,True
moo-MIL-100-TiNi,special,TiNi,moo,moo,,MIL-100,MIL-100,MIL-100,moo/moo-MIL-100-TiNi.cif,new_H2,moo-MIL-100-TiNi,357458.0,0.752426,50920.0,1424.5,1893.21,4022.63,112.534,149.562,1,136,1.445,203251.0,0.5686,0.755689,2680.94,0.0075,0.00996776,10000,4612,0.4612,26.2,21.700563746747616,19.6,26.2,26.31003,10.52464,26.28114,True
fsi-Cr3F-8-644-D2h-D2d,4-c,Cr3F,new,fsi,8.0,N8,N644,644,Cr3F/4-c-new/fsi-Cr3F-8-644-D2h-D2d.cif,new_H2,fsi-Cr3F-8-644-D2h-D2d,44447.3,0.856395,8828.96,1986.39,2319.48,0.0,0.0,0.0,1,1,1.445,21885.8,0.4924,0.574968,0.0,0.0,0.0,10000,2951,0.2951,9.7,9.3851236868858,9.5,9.9,9.95294,8.54298,9.94675,True
fsi-Cr3F-9-201-D2h-D2d,4-c,Cr3F,new,fsi,9.0,N9,N201,201,Cr3F/4-c-new/fsi-Cr3F-9-201-D2h-D2d.cif,new_H2,fsi-Cr3F-9-201-D2h-D2d,86527.8,0.652025,19741.6,2281.54,3499.15,0.00807543,0.000933276,0.00143135,1,4,1.445,48749.8,0.5634,0.864077,0.0,0.0,0.0,10000,3677,0.3677,10.1,9.387680174054935,9.9,10.8,10.86474,8.20479,10.80728,True
hea-Cr3F-8-644-D2h-D2d,4-c,Cr3F,new,hea,8.0,N8,N644,644,Cr3F/4-c-new/hea-Cr3F-8-644-D2h-D2d.cif,new_H2,hea-Cr3F-8-644-D2h-D2d,36854.7,0.774618,8463.27,2296.39,2964.54,0.0,0.0,0.0,1,0,1.445,22337.6,0.6061,0.78245,0.0,0.0,0.0,10000,3504,0.3504,10.9,10.20656392694064,10.7,10.9,10.91692,6.92887,10.70069,True
hea-Cr3F-9-201-D2h-D2d,4-c,Cr3F,new,hea,9.0,N9,N201,201,Cr3F/4-c-new/hea-Cr3F-9-201-D2h-D2d.cif,new_H2,hea-Cr3F-9-201-D2h-D2d,79184.1,0.534372,15825.3,1998.55,3740.0,0.0,0.0,0.0,1,0,1.445,53275.0,0.6728,1.25905,0.0,0.0,0.0,10000,4757,0.4757,15.2,13.641181416859364,15.2,15.4,15.40086,8.43101,15.40086,True
stp-Cr3F-11-662-T,4-c,Cr3F,new,stp,11.0,N11,N662,662,Cr3F/4-c-new/stp-Cr3F-11-662-T.cif,new_H2,stp-Cr3F-11-662-T,48417.3,0.214886,5844.85,1207.18,5617.78,0.0,0.0,0.0,1,0,1.445,42026.2,0.868,4.03936,0.0,0.0,0.0,10000,7432,0.7432,31.1,29.409822389666306,31.1,31.1,31.18602,28.54067,30.70732,True
ttp-Cr3F-4-12-D2h,4-c,Cr3F,new,ttp,4.0,N4,N12,12,Cr3F/4-c-new/ttp-Cr3F-4-12-D2h.cif,new_H2,ttp-Cr3F-4-12-D2h,44592.2,0.564628,8450.15,1894.98,3356.16,0.0,0.0,0.0,1,0,1.445,28204.6,0.6325,1.12021,0.0,0.0,0.0,10000,4474,0.4474,16.1,15.658761734465804,16.1,16.1,16.1543,15.26188,16.15429,True
ttp-Cr3F-5-665-D2h,4-c,Cr3F,new,ttp,5.0,N5,N665,665,Cr3F/4-c-new/ttp-Cr3F-5-665-D2h.cif,new_H2,ttp-Cr3F-5-665-D2h,54658.1,0.497146,10628.1,1944.47,3911.26,0.0,0.0,0.0,1,0,1.445,37238.6,0.6813,1.37042,0.0,0.0,0.0,10000,4846,0.4846,17.1,16.074597606273215,17.1,17.1,17.10973,15.61189,17.10236,True
ttp-Cr3f-6-614-D2d,4-c,Cr3F,new,ttp,6.0,N6,N614,614,Cr3F/4-c-new/ttp-Cr3f-6-614-D2d.cif,new_H2,ttp-Cr3f-6-614-D2d,24222.0,0.331522,3590.26,1482.23,4470.99,0.0,0.0,0.0,1,0,1.445,19740.9,0.815,2.45836,0.0,0.0,0.0,10000,6438,0.6438,24.8,24.071357564461017,24.8,24.8,24.89064,23.72031,24.89064,True
ttp-Cr3F-7-7-D2h-D2d,4-c,Cr3F,new,ttp,7.0,N7,N7,7,Cr3F/4-c-new/ttp-Cr3F-7-7-D2h-D2d.cif,new_H2,ttp-Cr3F-7-7-D2h-D2d,38507.9,0.704072,5951.07,1545.42,2194.97,0.0,0.0,0.0,4,0,1.445,25026.3,0.6499,0.92306,0.0,0.0,0.0,10000,4658,0.4658,16.2,16.151223701159296,16.2,16.2,16.215,15.43736,16.21498,True
ttp-Cr3F-10-607-D2h-D2d,4-c,Cr3F,new,ttp,10.0,N10,N607,607,Cr3F/4-c-new/ttp-Cr3F-10-607-D2h-D2d.cif,new_H2,ttp-Cr3F-10-607-D2h-D2d,19559.9,0.362602,2920.6,1493.16,4117.9,0.0,0.0,0.0,1,0,1.445,15493.4,0.7921,2.18449,0.0,0.0,0.0,10000,6209,0.6209,24.3,23.719826058946694,24.3,24.3,24.38969,22.68609,24.38969,True
ttx-Cr3f-3-1-D2h,4-c,Cr3F,new,ttx,3.0,N3,N1,1,Cr3F/4-c-new/ttx-Cr3f-3-1-D2h.cif,new_H2,ttx-Cr3f-3-1-D2h,32741.0,0.915805,5205.23,1589.82,1735.98,0.0,0.0,0.0,4,0,1.445,18154.9,0.5545,0.605479,0.0,0.0,0.0,10000,3543,0.3543,13.3,13.283601467682756,13.3,13.3,13.39405,10.89375,13.38913,True
ttx-Cr3F-7-7-D2h-D2d,4-c,Cr3F,new,ttx,7.0,N7,N7,7,Cr3F/4-c-new/ttx-Cr3F-7-7-D2h-D2d.cif,new_H2,ttx-Cr3F-7-7-D2h-D2d,32921.1,0.823554,6062.64,1841.57,2236.12,0.0,0.0,0.0,2,0,1.445,18732.1,0.569,0.690908,0.0,0.0,0.0,10000,3646,0.3646,13.2,13.145447065277017,13.2,13.2,13.26779,10.86218,13.10052,True
ttx-Cr3F-8-644-D2h-D2d,4-c,Cr3F,new,ttx,8.0,N8,N644,644,Cr3F/4-c-new/ttx-Cr3F-8-644-D2h-D2d.cif,new_H2,ttx-Cr3F-8-644-D2h-D2d,27115.3,0.701899,5669.06,2090.72,2978.67,0.0,0.0,0.0,1,0,1.445,17288.7,0.6376,0.908392,0.0,0.0,0.0,10000,4054,0.4054,13.5,13.195066600888012,13.5,13.5,13.52367,10.66581,13.45076,True
ttx-Cr3f-9-201-D2h-D2d,4-c,Cr3F,new,ttx,9.0,N9,N201,201,Cr3F/4-c-new/ttx-Cr3f-9-201-D2h-D2d.cif,new_H2,ttx-Cr3f-9-201-D2h-D2d,54294.8,0.519555,10161.2,1871.48,3602.09,0.0403772,0.00743665,0.0143135,1,8,1.445,37637.2,0.6932,1.33422,0.0,0.0,0.0,10000,4936,0.4936,15.7,14.431766612641814,15.7,15.7,15.79382,12.34309,15.79381,True
ttx-Cr3F-10-607-D2h-D2d,4-c,Cr3F,new,ttx,10.0,N10,N607,607,Cr3F/4-c-new/ttx-Cr3F-10-607-D2h-D2d.cif,new_H2,ttx-Cr3F-10-607-D2h-D2d,67211.2,0.4221,12183.4,1812.7,4294.49,0.0,0.0,0.0,1,0,1.445,49353.2,0.7343,1.73964,0.0,0.0,0.0,10000,5530,0.553,18.6,17.555551537070524,18.6,18.6,18.69864,17.79311,18.65297,True
txs-Cr3F-8-644-D2h-D2d,4-c,Cr3F,new,txs,8.0,N8,N644,644,Cr3F/4-c-new/txs-Cr3F-8-644-D2h-D2d.cif,new_H2,txs-Cr3F-8-644-D2h-D2d,48309.6,0.787926,10991.3,2275.18,2887.55,0.0,0.0,0.0,1,0,1.445,28217.7,0.5841,0.741313,0.0,0.0,0.0,10000,3437,0.3437,10.9,10.277684026767531,10.9,11.0,11.01311,7.02351,10.80797,True
txs-Cr3F-9-201-D2h-D2d,4-c,Cr3F,new,txs,9.0,N9,N201,201,Cr3F/4-c-new/txs-Cr3F-9-201-D2h-D2d.cif,new_H2,txs-Cr3F-9-201-D2h-D2d,52192.1,0.540488,10564.5,2024.16,3745.06,0.0,0.0,0.0,1,0,1.445,35208.8,0.6746,1.24813,0.0,0.0,0.0,10000,4549,0.4549,14.9,13.078676632226863,14.9,15.0,15.0033,8.51753,15.00328,True
fsi-TiCo-8-644-D2h-D2d,4-c,TiCo,new,fsi,8.0,N8,N644,644,TiCo/4-c-new/fsi-TiCo-8-644-D2h-D2d.cif,new_H2,fsi-TiCo-8-644-D2h-D2d,47223.8,0.795632,9496.04,2010.86,2527.37,0.0,0.0,0.0,1,0,1.445,24726.4,0.5236,0.658093,0.0,0.0,0.0,10000,3262,0.3262,11.3,10.561649294911097,10.8,11.3,11.32079,9.02021,11.32078,True
fsi-TiCo-9-201-D2h-D2d,4-c,TiCo,new,fsi,9.0,N9,N201,201,TiCo/4-c-new/fsi-TiCo-9-201-D2h-D2d.cif,new_H2,fsi-TiCo-9-201-D2h-D2d,85747.4,0.652225,19973.4,2329.33,3571.36,0.0,0.0,0.0,1,0,1.445,47126.8,0.5496,0.842654,0.0,0.0,0.0,10000,3606,0.3606,9.7,9.12620632279534,9.6,10.5,10.67501,7.57866,10.59288,True
hea-TiCo-8-644-D2h-D2d,4-c,TiCo,new,hea,8.0,N8,N644,644,TiCo/4-c-new/hea-TiCo-8-644-D2h-D2d.cif,new_H2,hea-TiCo-8-644-D2h-D2d,38103.8,0.739547,8531.41,2238.99,3027.51,0.0,0.0,0.0,1,0,1.445,23475.8,0.6161,0.833078,0.0,0.0,0.0,10000,3653,0.3653,12.0,11.348809197919518,12.0,12.0,12.07484,6.99801,12.07466,True
hea-TiCo-9-201-D2h-D2d,4-c,TiCo,new,hea,9.0,N9,N201,201,TiCo/4-c-new/hea-TiCo-9-201-D2h-D2d.cif,new_H2,hea-TiCo-9-201-D2h-D2d,79981.9,0.524431,16371.7,2046.93,3903.14,0.0,0.0,0.0,1,0,1.445,53931.8,0.6743,1.28578,0.0,0.0,0.0,10000,4767,0.4767,14.6,12.836018460247534,14.5,14.7,14.79818,8.52235,14.79816,True
stp-TiCo-11-662-D4h-T,4-c,TiCo,new,stp,11.0,N11,N662,662,TiCo/4-c-new/stp-TiCo-11-662-D4h-T.cif,new_H2,stp-TiCo-11-662-D4h-T,47966.2,0.215625,5914.17,1232.99,5718.19,0.0,0.0,0.0,1,0,1.445,41668.2,0.8687,4.02875,0.0,0.0,0.0,10000,7390,0.739,29.7,27.601299052774017,29.7,29.7,29.7732,26.07526,29.71886,True
ttp-TiCo-4-12-D2h,4-c,TiCo,new,ttp,4.0,N4,N12,12,TiCo/4-c-new/ttp-TiCo-4-12-D2h.cif,new_H2,ttp-TiCo-4-12-D2h,45637.6,0.546308,8763.16,1920.16,3514.8,0.0,0.0,0.0,1,0,1.445,29472.8,0.6458,1.18212,0.0,0.0,0.0,10000,4534,0.4534,16.5,15.87838553153948,16.5,16.5,16.56382,14.97453,16.56381,True
ttp-TiCo-5-665-D2h,4-c,TiCo,new,ttp,5.0,N5,N665,665,TiCo/4-c-new/ttp-TiCo-5-665-D2h.cif,new_H2,ttp-TiCo-5-665-D2h,104808.0,0.385379,16937.7,1616.07,4193.45,0.0,0.0,0.0,1,0,1.445,76709.0,0.7319,1.89917,0.0,0.0,0.0,10000,5882,0.5882,23.6,22.88898333900034,23.6,23.6,23.6316,22.58541,23.62536,True
ttp-TiCo-6-614-D2h,4-c,TiCo,new,ttp,6.0,N6,N614,614,TiCo/4-c-new/ttp-TiCo-6-614-D2h.cif,new_H2,ttp-TiCo-6-614-D2h,94051.6,0.338906,15061.0,1601.35,4725.06,0.0,0.0,0.0,1,0,1.445,73078.1,0.777,2.29267,0.0,0.0,0.0,10000,6227,0.6227,23.4,22.269054119158504,23.4,23.4,23.44517,22.67644,23.43857,True
ttp-TiCo-7-7-D2h-D2d,4-c,TiCo,new,ttp,7.0,N7,N7,7,TiCo/4-c-new/ttp-TiCo-7-7-D2h-D2d.cif,new_H2,ttp-TiCo-7-7-D2h-D2d,37231.6,0.718303,5950.81,1598.32,2225.14,0.0,0.0,0.0,4,0,1.445,23277.2,0.6252,0.870384,0.0,0.0,0.0,10000,4325,0.4325,13.1,12.784,13.1,13.1,13.11762,12.2697,13.11759,True
ttp-TiCo-10-607-D2h-D2d,4-c,TiCo,new,ttp,10.0,N10,N607,607,TiCo/4-c-new/ttp-TiCo-10-607-D2h-D2d.cif,new_H2,ttp-TiCo-10-607-D2h-D2d,19939.7,0.352613,3001.87,1505.47,4269.48,0.0,0.0,0.0,1,2,1.445,15890.0,0.7969,2.25999,0.0,0.0,0.0,10000,6212,0.6212,23.9,23.25618158403091,23.9,23.9,23.9521,22.07725,23.9521,True
ttx-TiCo-3-1-D2h,4-c,TiCo,new,ttx,3.0,N3,N1,1,TiCo/4-c-new/ttx-TiCo-3-1-D2h.cif,new_H2,ttx-TiCo-3-1-D2h,33425.9,0.886007,5119.18,1531.5,1728.54,0.0,0.0,0.0,4,0,1.445,18828.8,0.5633,0.635774,0.0,0.0,0.0,10000,3680,0.368,13.4,13.393505434782611,13.4,13.4,13.41679,11.89863,13.41679,True
ttx-TiCo-7-7-D2h-D2d,4-c,TiCo,new,ttx,7.0,N7,N7,7,TiCo/4-c-new/ttx-TiCo-7-7-D2h-D2d.cif,new_H2,ttx-TiCo-7-7-D2h-D2d,33874.6,0.789486,6202.47,1831.01,2319.24,0.0,0.0,0.0,1,0,1.445,19999.6,0.5904,0.747828,0.0,0.0,0.0,10000,3804,0.3804,13.2,13.131177707676128,13.2,13.2,13.28556,11.73804,13.28552,True
ttx-TiCo-8-644-D2h-D2d,4-c,TiCo,new,ttx,8.0,N8,N644,644,TiCo/4-c-new/ttx-TiCo-8-644-D2h-D2d.cif,new_H2,ttx-TiCo-8-644-D2h-D2d,28053.8,0.669655,5759.02,2052.85,3065.53,0.0,0.0,0.0,1,0,1.445,18302.3,0.6524,0.974232,0.0,0.0,0.0,10000,4177,0.4177,13.6,13.314603782619104,13.6,13.6,13.62669,12.08277,13.60697,True
ttx-TiCo-9-201-D2h-D2d,4-c,TiCo,new,ttx,9.0,N9,N201,201,TiCo/4-c-new/ttx-TiCo-9-201-D2h-D2d.cif,new_H2,ttx-TiCo-9-201-D2h-D2d,52696.1,0.530652,11004.6,2088.32,3935.39,0.0,0.0,0.0,1,0,1.445,35807.0,0.6795,1.2805,0.0,0.0,0.0,10000,4572,0.4572,14.7,12.605008748906387,14.7,14.7,14.77805,9.83775,14.77805,True
ttx-TiCo-10-607-D2h-D2d,4-c,TiCo,new,ttx,10.0,N10,N607,607,TiCo/4-c-new/ttx-TiCo-10-607-D2h-D2d.cif,new_H2,ttx-TiCo-10-607-D2h-D2d,68413.2,0.41109,12435.0,1817.63,4421.5,0.0,0.0,0.0,1,0,1.445,50379.5,0.7364,1.79133,0.0,0.0,0.0,10000,5590,0.559,19.0,17.881610017889088,19.0,19.0,19.05468,18.31854,19.05468,True
txs-TiCo-8-644-D2h-D2d,4-c,TiCo,new,txs,8.0,N8,N644,644,TiCo/4-c-new/txs-TiCo-8-644-D2h-D2d.cif,new_H2,txs-TiCo-8-644-D2h-D2d,50567.0,0.743029,11339.8,2242.53,3018.09,0.0,0.0,0.0,1,0,1.445,30835.8,0.6098,0.820695,0.0,0.0,0.0,10000,3647,0.3647,11.8,11.022922950370166,11.8,11.9,11.99548,7.06708,11.99371,True
txs-TiCo-9-201-D2h-D2d,4-c,TiCo,new,txs,9.0,N9,N201,201,TiCo/4-c-new/txs-TiCo-9-201-D2h-D2d.cif,new_H2,txs-TiCo-9-201-D2h-D2d,53272.5,0.524911,10909.2,2047.8,3901.24,0.0,0.0,0.0,1,0,1.445,36385.1,0.683,1.30117,0.0,0.0,0.0,10000,4627,0.4627,14.9,13.01711692241193,14.9,14.9,14.95202,8.63917,13.71725,True
fsi-TiMg-8-644-D2h-D2d,4-c,TiMg,new,fsi,8.0,N8,N644,644,TiMg/4-c-new/fsi-TiMg-8-644-D2h-D2d.cif,new_H2,fsi-TiMg-8-644-D2h-D2d,52193.1,0.649372,10875.1,2083.63,3208.69,0.0,0.0,0.0,1,1,1.445,28366.9,0.5435,0.836963,0.0,0.0,0.0,10000,3501,0.3501,12.0,11.325821193944586,12.0,12.1,12.17041,9.77671,12.13071,True
fsi-TiMg-9-201-D2h-D2d,4-c,TiMg,new,fsi,9.0,N9,N201,201,TiMg/4-c-new/fsi-TiMg-9-201-D2h-D2d.cif,new_H2,fsi-TiMg-9-201-D2h-D2d,93504.4,0.55876,21306.2,2278.63,4078.01,0.0,0.0,0.0,1,0,1.445,53643.5,0.5737,1.02674,0.0,0.0,0.0,10000,3880,0.388,12.3,10.276211340206187,10.3,12.7,12.79318,7.94003,12.34058,True
hea-TiMg-8-644-D2h-D2d,4-c,TiMg,new,hea,8.0,N8,N644,644,TiMg/4-c-new/hea-TiMg-8-644-D2h-D2d.cif,new_H2,hea-TiMg-8-644-D2h-D2d,42332.9,0.600468,9320.11,2201.63,3666.52,0.0,0.0,0.0,1,0,1.445,27054.9,0.6391,1.06434,0.0,0.0,0.0,10000,3958,0.3958,12.8,11.882920667003539,12.6,13.0,13.02431,7.41334,13.0243,True
hea-TiMg-9-201-D2h-D2d,4-c,TiMg,new,hea,9.0,N9,N201,201,TiMg/4-c-new/hea-TiMg-9-201-D2h-D2d.cif,new_H2,hea-TiMg-9-201-D2h-D2d,83019.5,0.471997,17306.3,2084.61,4416.58,0.0,0.0,0.0,1,0,1.445,56179.3,0.6767,1.4337,0.0,0.0,0.0,10000,4774,0.4774,14.5,12.611332216170926,14.0,14.8,14.81572,8.05807,14.62896,True
stp-TiMg-11-662-D4h-T,4-c,TiMg,new,stp,11.0,N11,N662,662,TiMg/4-c-new/stp-TiMg-11-662-D4h-T.cif,new_H2,stp-TiMg-11-662-D4h-T,51205.6,0.193001,6060.46,1183.56,6132.38,0.0,0.0,0.0,1,0,1.445,44717.8,0.8733,4.52485,0.0,0.0,0.0,10000,7496,0.7496,30.8,28.34159551760939,30.8,30.8,30.8115,26.96969,30.8115,True
ttp-TiMg-4-12-D2h,4-c,TiMg,new,ttp,4.0,N4,N12,12,TiMg/4-c-new/ttp-TiMg-4-12-D2h.cif,new_H2,ttp-TiMg-4-12-D2h,49563.6,0.465909,9757.2,1968.62,4225.33,0.0,0.0,0.0,1,0,1.445,33004.4,0.6659,1.42925,0.0,0.0,0.0,10000,4692,0.4692,16.5,15.434931798806481,16.5,16.5,16.57888,14.65508,16.50283,True
ttp-TiMg-5-665-D2h,4-c,TiMg,new,ttp,5.0,N5,N665,665,TiMg/4-c-new/ttp-TiMg-5-665-D2h.cif,new_H2,ttp-TiMg-5-665-D2h,27020.0,0.348176,4479.25,1657.76,4761.26,0.0,0.0,0.0,1,0,1.445,20883.7,0.7729,2.21986,0.0,0.0,0.0,10000,5912,0.5912,21.7,20.586688092016235,21.7,21.7,21.71761,20.57737,21.71761,True
ttp-TiMg-6-614-D2h,4-c,TiMg,new,ttp,6.0,N6,N614,614,TiMg/4-c-new/ttp-TiMg-6-614-D2h.cif,new_H2,ttp-TiMg-6-614-D2h,25027.1,0.300021,3916.49,1564.9,5215.98,0.0,0.0,0.0,1,0,1.445,20589.8,0.8227,2.74214,0.0,0.0,0.0,10000,6434,0.6434,24.1,22.94299036369288,24.1,24.1,24.12719,23.38922,24.12718,True
ttp-TiMg-7-7-D2h-D2d,4-c,TiMg,new,ttp,7.0,N7,N7,7,TiMg/4-c-new/ttp-TiMg-7-7-D2h-D2d.cif,new_H2,ttp-TiMg-7-7-D2h-D2d,39149.8,0.612608,6446.94,1646.73,2688.07,0.432426,0.110454,0.180301,4,8,1.445,24398.2,0.6232,1.01729,0.0,0.0,0.0,10000,4249,0.4249,12.8,12.301200282419394,12.6,12.8,12.84598,12.09617,12.84598,True
ttp-TiMg-10-607-D2h-D2d,4-c,TiMg,new,ttp,10.0,N10,N607,607,TiMg/4-c-new/ttp-TiMg-10-607-D2h-D2d.cif,new_H2,ttp-TiMg-10-607-D2h-D2d,21294.1,0.308583,3246.0,1524.37,4939.9,0.0,0.0,0.0,1,0,1.445,17371.7,0.8158,2.6437,0.0,0.0,0.0,10000,6417,0.6417,24.5,23.520445691132924,24.5,24.5,24.54748,22.66123,24.54748,True
ttx-TiMg-3-1-D2h,4-c,TiMg,new,ttx,3.0,N3,N1,1,TiMg/4-c-new/ttx-TiMg-3-1-D2h.cif,new_H2,ttx-TiMg-3-1-D2h,35823.1,0.749671,5644.71,1575.72,2101.88,0.0,0.0,0.0,4,0,1.445,19881.8,0.555,0.740324,0.0,0.0,0.0,10000,3582,0.3582,12.5,12.397934115019542,12.5,12.5,12.55513,11.96861,12.52709,True
ttx-TiMg-7-7-D2h-D2d,4-c,TiMg,new,ttx,7.0,N7,N7,7,TiMg/4-c-new/ttx-TiMg-7-7-D2h-D2d.cif,new_H2,ttx-TiMg-7-7-D2h-D2d,35386.1,0.677766,6924.3,1956.79,2887.11,0.0,0.0,0.0,1,0,1.445,21065.3,0.5953,0.878327,0.0,0.0,0.0,10000,3699,0.3699,12.1,11.716409840497432,12.1,12.1,12.11857,11.0884,12.11345,True
ttx-TiMg-8-644-D2h-D2d,4-c,TiMg,new,ttx,8.0,N8,N644,644,TiMg/4-c-new/ttx-TiMg-8-644-D2h-D2d.cif,new_H2,ttx-TiMg-8-644-D2h-D2d,30134.7,0.562354,6111.44,2028.04,3606.35,0.0,0.0,0.0,1,0,1.445,20244.5,0.6718,1.19462,0.0,0.0,0.0,10000,4367,0.4367,14.1,13.752232653995879,14.1,14.1,14.16319,12.98487,14.16305,True
ttx-TiMg-9-201-D2h-D2d,4-c,TiMg,new,ttx,9.0,N9,N201,201,TiMg/4-c-new/ttx-TiMg-9-201-D2h-D2d.cif,new_H2,ttx-TiMg-9-201-D2h-D2d,54064.5,0.483187,11766.3,2176.34,4504.13,0.0,0.0,0.0,1,0,1.445,36639.5,0.6777,1.40256,0.0,0.0,0.0,10000,4512,0.4512,14.1,11.702437943262412,12.8,14.1,14.15635,9.02836,14.15635,True
ttx-TiMg-10-607-D2h-D2d,4-c,TiMg,new,ttx,10.0,N10,N607,607,TiMg/4-c-new/ttx-TiMg-10-607-D2h-D2d.cif,new_H2,ttx-TiMg-10-607-D2h-D2d,70966.8,0.37037,12702.6,1789.94,4832.83,0.0,0.0,0.0,1,0,1.445,52607.7,0.7413,2.00151,0.0,0.0,0.0,10000,5634,0.5634,18.4,17.190592829250974,18.4,18.4,18.44644,17.34487,18.44644,True
txs-TiMg-8-644-D2h-D2d,4-c,TiMg,new,txs,8.0,N8,N644,644,TiMg/4-c-new/txs-TiMg-8-644-D2h-D2d.cif,new_H2,txs-TiMg-8-644-D2h-D2d,56737.9,0.597355,12435.0,2191.65,3668.92,0.0,0.0,0.0,1,0,1.445,35773.3,0.6305,1.05549,0.0,0.0,0.0,10000,3904,0.3904,13.0,11.894364754098362,12.6,13.0,13.08404,7.39155,13.08404,True
txs-TiMg-9-201-D2h-D2d,4-c,TiMg,new,txs,9.0,N9,N201,201,TiMg/4-c-new/txs-TiMg-9-201-D2h-D2d.cif,new_H2,txs-TiMg-9-201-D2h-D2d,56057.2,0.466011,11652.8,2078.74,4460.71,0.0,0.0,0.0,1,0,1.445,38729.9,0.6909,1.48258,0.0,0.0,0.0,10000,4721,0.4721,15.1,12.950243592459225,14.7,15.1,15.16845,8.20186,15.16844,True
fsi-TiNi-8-644-D2h-D2d,4-c,TiNi,new,fsi,8.0,N8,N644,644,TiNi/4-c-new/fsi-TiNi-8-644-D2h-D2d.cif,new_H2,fsi-TiNi-8-644-D2h-D2d,44309.5,0.847386,8777.14,1980.87,2337.62,0.0,0.0,0.0,1,0,1.445,22278.8,0.5028,0.593354,0.0,0.0,0.0,10000,3016,0.3016,10.2,9.998076923076923,10.2,10.7,10.73133,8.43219,10.67252,True
fsi-TiNi-9-201-D2h-D2d,4-c,TiNi,new,fsi,9.0,N9,N201,201,TiNi/4-c-new/fsi-TiNi-9-201-D2h-D2d.cif,new_H2,fsi-TiNi-9-201-D2h-D2d,87611.5,0.638057,20349.0,2322.64,3640.18,0.0,0.0,0.0,1,0,1.445,50052.4,0.5713,0.895374,0.0,0.0,0.0,10000,3746,0.3746,10.8,9.381179925253605,9.8,10.8,10.88779,8.49011,10.88344,True
hea-TiNi-8-644-D2h-D2d,4-c,TiNi,new,hea,8.0,N8,N644,644,TiNi/4-c-new/hea-TiNi-8-644-D2h-D2d.cif,new_H2,hea-TiNi-8-644-D2h-D2d,38065.9,0.739781,8511.16,2235.9,3022.38,0.0,0.0,0.0,1,0,1.445,23635.1,0.6209,0.839302,0.0,0.0,0.0,10000,3709,0.3709,12.0,11.334888110002696,12.0,12.0,12.09768,7.02361,12.04908,True
hea-TiNi-9-201-D2h-D2d,4-c,TiNi,new,hea,9.0,N9,N201,201,TiNi/4-c-new/hea-TiNi-9-201-D2h-D2d.cif,new_H2,hea-TiNi-9-201-D2h-D2d,78405.3,0.534732,16172.4,2062.67,3857.38,0.0,0.0,0.0,1,0,1.445,52751.1,0.6728,1.2582,0.0,0.0,0.0,10000,4696,0.4696,14.4,12.72423339011925,14.4,15.0,15.06347,8.45095,14.43113,True
stp-TiNi-11-662-D4h-T,4-c,TiNi,new,stp,11.0,N11,N662,662,TiNi/4-c-new/stp-TiNi-11-662-D4h-T.cif,new_H2,stp-TiNi-11-662-D4h-T,47615.7,0.217146,5947.24,1249.01,5751.93,0.0,0.0,0.0,1,0,1.445,41292.3,0.8672,3.99363,0.0,0.0,0.0,10000,7396,0.7396,29.1,26.693442401297997,29.1,29.1,29.10213,25.38517,28.66078,True
ttp-TiNi-4-12-D2h,4-c,TiNi,new,ttp,4.0,N4,N12,12,TiNi/4-c-new/ttp-TiNi-4-12-D2h.cif,new_H2,ttp-TiNi-4-12-D2h,44908.4,0.554895,8656.53,1927.6,3473.81,0.0,0.0,0.0,1,0,1.445,28786.3,0.641,1.15517,0.0,0.0,0.0,10000,4520,0.452,16.4,15.793606194690264,16.4,16.4,16.46716,14.46604,16.46159,True
ttp-TiNi-5-665-D2h,4-c,TiNi,new,ttp,5.0,N5,N665,665,TiNi/4-c-new/ttp-TiNi-5-665-D2h.cif,new_H2,ttp-TiNi-5-665-D2h,50311.9,0.401214,8370.67,1663.76,4146.8,0.0,0.0,0.0,1,0,1.445,37784.3,0.751,1.87182,0.0,0.0,0.0,10000,5851,0.5851,21.3,20.496650145274312,21.3,21.3,21.30993,19.98598,21.30993,True
ttp-TiNi-6-614-D2h,4-c,TiNi,new,ttp,6.0,N6,N614,614,TiNi/4-c-new/ttp-TiNi-6-614-D2h.cif,new_H2,ttp-TiNi-6-614-D2h,46249.2,0.344459,7431.22,1606.78,4664.65,0.0,0.0,0.0,1,0,1.445,36874.5,0.7973,2.31465,0.0,0.0,0.0,10000,6281,0.6281,22.7,21.649657697818817,22.7,22.7,22.76193,21.55349,22.60123,True
ttp-TiNi-7-7-D2h-D2d,4-c,TiNi,new,ttp,7.0,N7,N7,7,TiNi/4-c-new/ttp-TiNi-7-7-D2h-D2d.cif,new_H2,ttp-TiNi-7-7-D2h-D2d,35060.7,0.762233,5791.45,1651.84,2167.1,0.0,0.0,0.0,4,0,1.445,21776.2,0.6211,0.814843,0.0,0.0,0.0,10000,4139,0.4139,12.4,11.88231456873641,12.4,12.4,12.4456,11.32098,12.4456,True
ttp-TiNi-10-607-D2h-D2d,4-c,TiNi,new,ttp,10.0,N10,N607,607,TiNi/4-c-new/ttp-TiNi-10-607-D2h-D2d.cif,new_H2,ttp-TiNi-10-607-D2h-D2d,19627.4,0.358062,3010.52,1533.84,4283.72,0.0,0.0,0.0,1,0,1.445,15554.7,0.7925,2.2133,0.0,0.0,0.0,10000,6192,0.6192,23.4,22.579312015503874,23.4,23.4,23.48168,21.50207,23.4612,True
ttx-TiNi-3-1-D2h,4-c,TiNi,new,ttx,3.0,N3,N1,1,TiNi/4-c-new/ttx-TiNi-3-1-D2h.cif,new_H2,ttx-TiNi-3-1-D2h,32821.3,0.901744,5005.24,1524.99,1691.16,0.0,0.0,0.0,4,0,1.445,18721.3,0.5704,0.632552,0.0,0.0,0.0,10000,3711,0.3711,13.2,13.196308272702776,13.2,13.2,13.25456,11.59129,13.25455,True
ttx-TiNi-7-7-D2h-D2d,4-c,TiNi,new,ttx,7.0,N7,N7,7,TiNi/4-c-new/ttx-TiNi-7-7-D2h-D2d.cif,new_H2,ttx-TiNi-7-7-D2h-D2d,32805.4,0.814635,5828.49,1776.69,2180.96,0.0,0.0,0.0,2,0,1.445,19092.7,0.582,0.714431,0.0,0.0,0.0,10000,3739,0.3739,12.6,12.546055094945173,12.6,12.6,12.63549,11.38817,12.61639,True
ttx-TiNi-8-644-D2h-D2d,4-c,TiNi,new,ttx,8.0,N8,N644,644,TiNi/4-c-new/ttx-TiNi-8-644-D2h-D2d.cif,new_H2,ttx-TiNi-8-644-D2h-D2d,27208.6,0.689989,5543.61,2037.45,2952.87,0.0,0.0,0.0,1,0,1.445,17680.1,0.6498,0.941754,0.0,0.0,0.0,10000,4157,0.4157,13.2,12.888020206879961,13.2,13.2,13.22197,11.39131,13.21857,True
ttx-TiNi-9-201-D2h-D2d,4-c,TiNi,new,ttx,9.0,N9,N201,201,TiNi/4-c-new/ttx-TiNi-9-201-D2h-D2d.cif,new_H2,ttx-TiNi-9-201-D2h-D2d,54304.6,0.514699,10636.3,1958.63,3805.39,0.0,0.0,0.0,1,0,1.445,37774.3,0.6956,1.35147,0.0,0.0,0.0,10000,4851,0.4851,15.5,13.681055452484024,15.5,15.5,15.5246,11.07881,15.50382,True
ttx-TiNi-10-607-D2h-D2d,4-c,TiNi,new,ttx,10.0,N10,N607,607,TiNi/4-c-new/ttx-TiNi-10-607-D2h-D2d.cif,new_H2,ttx-TiNi-10-607-D2h-D2d,66254.3,0.424293,12266.5,1851.43,4363.57,0.0,0.0,0.0,1,0,1.445,48948.7,0.7388,1.74125,0.0,0.0,0.0,10000,5507,0.5507,18.0,16.912238968585438,18.0,18.0,18.04293,17.3592,18.04292,True
txs-TiNi-8-644-D2h-D2d,4-c,TiNi,new,txs,8.0,N8,N644,644,TiNi/4-c-new/txs-TiNi-8-644-D2h-D2d.cif,new_H2,txs-TiNi-8-644-D2h-D2d,49773.8,0.754357,11216.0,2253.39,2987.16,0.0,0.0,0.0,1,0,1.445,30381.9,0.6104,0.809166,0.0,0.0,0.0,10000,3599,0.3599,11.8,10.772631286468462,11.6,11.8,11.82172,7.01254,11.8078,True
txs-TiNi-9-201-D2h-D2d,4-c,TiNi,new,txs,9.0,N9,N201,201,TiNi/4-c-new/txs-TiNi-9-201-D2h-D2d.cif,new_H2,txs-TiNi-9-201-D2h-D2d,52052.5,0.536969,10765.7,2068.24,3851.69,0.0,0.0,0.0,1,0,1.445,35458.2,0.6812,1.2686,0.0,0.0,0.0,10000,4582,0.4582,14.9,12.944434744652991,14.9,14.9,14.98169,8.33065,14.9726,True
fsi-Cr3F-7-7-D2h-D2d,4-c,Cr3F,ori,fsi,7.0,N7,N7,7,Cr3F/4-c-ori/fsi-Cr3F-7-7-D2h-D2d.cif,legacy_H2_mapped_to_new_name,fsi-Cr3F-N7-N25-4c-D2d_UFF4MOF_cell_bonded,35999.7,1.00417,7486.47,2079.59,2070.96,0.0,0.0,0.0,1,0,1.445,16408.7,0.4558,0.453908,0.0,0.0,0.0,10000,2369,0.2369,7.6,7.440143520472773,7.6,7.7,7.8825,7.06049,7.72802,True
fsi-Cr3F-10-607-D2h-D2d,4-c,Cr3F,ori,fsi,10.0,N10,N607,607,Cr3F/4-c-ori/fsi-Cr3F-10-607-D2h-D2d.cif,legacy_H2_mapped_to_new_name,fsi-Cr3F-N607-N23-4c-D2d_UFF4MOF_cell_bonded,56276.0,0.50412,11395.9,2025.0,4016.91,0.0,0.0,0.0,1,0,1.445,38155.1,0.678,1.34492,0.0,0.0,0.0,10000,4731,0.4731,14.6,12.718262523779329,13.8,14.6,14.68718,12.46287,14.56328,True
fsi-Cr3F-11-662-D4h-T,4-c,Cr3F,ori,fsi,11.0,N11,N662,662,Cr3F/4-c-ori/fsi-Cr3F-11-662-D4h-T.cif,legacy_H2_mapped_to_new_name,fsi-Cr3F-N662-N21-4c-Td_UFF4MOF_cell_bonded,74471.5,0.279414,11705.6,1571.82,5625.41,0.0,0.0,0.0,1,0,1.445,60798.5,0.8164,2.92183,0.0,0.0,0.0,10000,6582,0.6582,19.5,16.653904588271043,17.1,19.3,19.57683,14.17063,18.27907,True
fsi-Cr3F-12-693-Td,4-c,Cr3F,ori,fsi,12.0,N12,N693,693,Cr3F/4-c-ori/fsi-Cr3F-12-693-Td.cif,legacy_H2_mapped_to_new_name,fsi-Cr3F-N693-N22-4c-Td_UFF4MOF_cell_bonded,23085.3,1.50386,3497.45,1515.01,1007.41,0.0,0.0,0.0,4,0,1.445,4854.85,0.2103,0.13984,0.0,0.0,0.0,10000,570,0.057,5.4,5.257894736842105,5.4,5.4,5.43679,3.35529,5.43641,True
fsi-Cr3F-13-600-Td,4-c,Cr3F,ori,fsi,13.0,N13,N600,600,Cr3F/4-c-ori/fsi-Cr3F-13-600-Td.cif,legacy_H2_mapped_to_new_name,fsi-Cr3F-N600-N20-4c-Td_UFF4MOF_cell_bonded,69256.2,0.713275,15888.5,2294.17,3216.39,0.0,0.0,0.0,1,0,1.445,36401.1,0.5256,0.736883,0.0,0.0,0.0,10000,3262,0.3262,9.8,9.272961373390558,9.8,9.8,9.90864,7.81876,9.87881,True
hea-Cr3F-7-7-D2h-D2d,4-c,Cr3F,ori,hea,7.0,N7,N7,7,Cr3F/4-c-ori/hea-Cr3F-7-7-D2h-D2d.cif,legacy_H2_mapped_to_new_name,hea-Cr3F-N7-N25-4c-D2d_UFF4MOF_cell_bonded,28179.4,0.962133,6119.56,2171.64,2257.11,72.8692,25.859,26.8768,1,4,1.445,14410.9,0.5114,0.531528,53.5408,0.0019,0.00197478,10000,2627,0.2627,9.9,9.246022078416445,9.9,9.9,9.99967,5.56647,9.99967,True
hea-Cr3F-10-607-D2h-D2d,4-c,Cr3F,ori,hea,10.0,N10,N607,607,Cr3F/4-c-ori/hea-Cr3F-10-607-D2h-D2d.cif,legacy_H2_mapped_to_new_name,hea-Cr3F-N607-N23-4c-D2d_UFF4MOF_cell_bonded,85290.8,0.498938,18142.6,2127.15,4263.36,0.0,0.0,0.0,1,0,1.445,57068.0,0.6691,1.34105,0.0,0.0,0.0,10000,4731,0.4731,15.2,13.540329740012682,14.9,15.3,15.31013,8.43293,15.20645,True
hea-Cr3F-11-662-D4h-T,4-c,Cr3F,ori,hea,11.0,N11,N662,662,Cr3F/4-c-ori/hea-Cr3F-11-662-D4h-T.cif,legacy_H2_mapped_to_new_name,hea-Cr3F-N662-N21-4c-Td_UFF4MOF_cell_bonded,60062.6,0.259834,8845.26,1472.67,5667.76,0.0,0.0,0.0,1,0,1.445,49629.7,0.8263,3.18011,0.0,0.0,0.0,10000,6764,0.6764,24.3,21.730410999408633,24.0,24.4,24.43471,14.26235,24.43471,True
hea-Cr3F-12-693-Td,4-c,Cr3F,ori,hea,12.0,N12,N693,693,Cr3F/4-c-ori/hea-Cr3F-12-693-Td.cif,legacy_H2_mapped_to_new_name,hea-Cr3F-N693-N22-4c-Td_UFF4MOF_cell_bonded,32667.3,1.59412,3287.71,1006.42,631.332,0.0,0.0,0.0,2,0,1.445,4096.47,0.1254,0.0786639,0.0,0.0,0.0,10000,362,0.0362,5.7,5.341712707182321,5.7,5.7,5.78442,3.19754,5.78442,True
hea-Cr3F-13-600-Td,4-c,Cr3F,ori,hea,13.0,N13,N600,600,Cr3F/4-c-ori/hea-Cr3F-13-600-Td.cif,legacy_H2_mapped_to_new_name,hea-Cr3F-N600-N20-4c-Td_UFF4MOF_cell_bonded,50398.4,0.735123,11756.6,2332.74,3173.26,0.0,0.0,0.0,1,0,1.445,26968.2,0.5351,0.727905,0.0,0.0,0.0,10000,3063,0.3063,10.8,9.55677440417891,10.7,11.5,11.51477,6.48747,10.49547,True
stp-Cr3F-1-445-D4h,4-c,Cr3F,ori,stp,1.0,N1,N445,445,Cr3F/4-c-ori/stp-Cr3F-1-445-D4h.cif,legacy_H2_mapped_to_new_name,stp-Cr3F-N445-N13-4c-D4h_UFF4MOF_cell_bonded,41226.6,0.975952,6458.47,1566.58,1605.18,0.0,0.0,0.0,4,0,1.445,22897.3,0.5554,0.569086,0.0,0.0,0.0,10000,3793,0.3793,13.6,13.443290271552861,13.6,13.6,13.60849,12.01651,13.56521,True
stp-Cr3F-2-13-D4h,4-c,Cr3F,ori,stp,2.0,N2,N13,13,Cr3F/4-c-ori/stp-Cr3F-2-13-D4h.cif,legacy_H2_mapped_to_new_name,stp-Cr3F-N13-N12-4c-D4h_UFF4MOF_cell_bonded,44472.0,0.819543,6412.31,1441.87,1759.36,0.0,0.0,0.0,4,0,1.445,26385.3,0.5933,0.72394,0.0,0.0,0.0,10000,4196,0.4196,15.8,15.79008579599619,15.8,15.8,15.80315,13.64213,15.78145,True
ttp-Cr3F-3-1-D2h,4-c,Cr3F,ori,ttp,3.0,N3,N1,1,Cr3F/4-c-ori/ttp-Cr3F-3-1-D2h.cif,legacy_H2_mapped_to_new_name,stp-Cr3F-N1-N14-4c-D2h_UFF4MOF_cell_bonded,38981.8,0.769188,5599.46,1436.43,1867.46,0.0,0.0,0.0,4,0,1.445,24667.7,0.6328,0.822686,0.0,0.0,0.0,10000,4540,0.454,16.1,16.092885462555067,16.1,16.1,16.19923,14.44141,16.19923,True
ttp-Cr3F-8-644-D2h-D2d,4-c,Cr3F,ori,ttp,8.0,N8,N644,644,Cr3F/4-c-ori/ttp-Cr3F-8-644-D2h-D2d.cif,legacy_H2_mapped_to_new_name,stp-Cr3F-N644-N18-4c-D2h_UFF4MOF_cell_bonded,56710.9,0.503401,8193.66,1444.81,2870.1,0.0,0.0,0.0,1,0,1.445,41631.5,0.7341,1.45828,0.0,0.0,0.0,10000,5734,0.5734,20.5,20.416219044297176,20.5,20.5,20.52538,19.09772,20.52538,True
ttp-Cr3F-9-201-D2h-D2d,4-c,Cr3F,ori,ttp,9.0,N9,N201,201,Cr3F/4-c-ori/ttp-Cr3F-9-201-D2h-D2d.cif,legacy_H2_mapped_to_new_name,stp-Cr3F-N201-N16-4c-D2h_UFF4MOF_cell_bonded,30712.4,0.344435,3793.18,1235.06,3585.76,0.0,0.0,0.0,1,0,1.445,24870.9,0.8098,2.3511,0.0,0.0,0.0,10000,6628,0.6628,27.3,27.159444779722392,27.3,27.3,27.33868,25.82864,27.33867,True
ttx-Cr3F-4-12-D2h,4-c,Cr3F,ori,ttx,4.0,N4,N12,12,Cr3F/4-c-ori/ttx-Cr3F-4-12-D2h.cif,legacy_H2_mapped_to_new_name,stp-Cr3F-N12-N15-4c-D2h_UFF4MOF_cell_bonded,74314.6,0.508204,13840.0,1862.35,3664.57,0.0,0.0,0.0,1,0,1.445,48690.9,0.6552,1.28924,0.0,0.0,0.0,10000,4900,0.49,18.5,17.90022448979592,18.5,18.5,18.57217,18.06475,18.56973,True
ttx-Cr3F-5-665-D2h,4-c,Cr3F,ori,ttx,5.0,N5,N665,665,Cr3F/4-c-ori/ttx-Cr3F-5-665-D2h.cif,legacy_H2_mapped_to_new_name,stp-Cr3F-N665-N19-4c-D2h_UFF4MOF_cell_bonded,99926.3,0.407897,16551.3,1656.35,4060.71,0.0,0.0,0.0,1,0,1.445,71187.5,0.7124,1.74652,0.0,0.0,0.0,10000,5731,0.5731,21.6,21.003297853777703,21.6,21.6,21.65721,21.13774,21.65721,True
ttx-Cr3F-6-614-D2h,4-c,Cr3F,ori,ttx,6.0,N6,N614,614,Cr3F/4-c-ori/ttx-Cr3F-6-614-D2h.cif,legacy_H2_mapped_to_new_name,stp-Cr3F-N614-N17-4c-D2h_UFF4MOF_cell_bonded,92059.3,0.348911,14788.7,1606.43,4604.13,0.0,0.0,0.0,1,0,1.445,70545.0,0.7663,2.19626,0.0,0.0,0.0,10000,6140,0.614,23.0,21.94444625407166,23.0,23.0,23.07022,22.33819,23.07022,True
txs-Cr3F-7-7-D2h-D2d,4-c,Cr3F,ori,txs,7.0,N7,N7,7,Cr3F/4-c-ori/txs-Cr3F-7-7-D2h-D2d.cif,legacy_H2_mapped_to_new_name,txs-Cr3F-N7-N25-4c-D2d_UFF4MOF_cell_bonded,37698.3,0.958923,8329.88,2209.62,2304.27,0.0,0.0,0.0,1,0,1.445,19177.1,0.5087,0.530491,0.0,0.0,0.0,10000,2615,0.2615,10.3,9.586730401529637,10.3,10.4,10.44955,5.8138,10.44954,True
txs-Cr3F-10-607-D2h-D2d,4-c,Cr3F,ori,txs,10.0,N10,N607,607,Cr3F/4-c-ori/txs-Cr3F-10-607-D2h-D2d.cif,legacy_H2_mapped_to_new_name,txs-Cr3F-N607-N23-4c-D2d_UFF4MOF_cell_bonded,55330.6,0.512733,12081.3,2183.47,4258.48,0.0,0.0,0.0,1,4,1.445,37160.0,0.6716,1.30984,0.0,0.0,0.0,10000,4471,0.4471,13.3,11.358577499440841,12.0,13.4,13.43323,8.68054,13.43323,True
txs-Cr3F-11-662-D4h-T,4-c,Cr3F,ori,txs,11.0,N11,N662,662,Cr3F/4-c-ori/txs-Cr3F-11-662-D4h-T.cif,legacy_H2_mapped_to_new_name,txs-Cr3F-N662-N21-4c-Td_UFF4MOF_cell_bonded,38635.2,0.269293,5885.07,1523.24,5656.45,0.0,0.0,0.0,1,0,1.445,32666.0,0.8455,3.1397,0.0,0.0,0.0,10000,6734,0.6734,23.2,20.312087912087915,22.8,23.2,23.25407,13.67666,23.25407,True
txs-Cr3F-12-693-Td,4-c,Cr3F,ori,txs,12.0,N12,N693,693,Cr3F/4-c-ori/txs-Cr3F-12-693-Td.cif,legacy_H2_mapped_to_new_name,txs-Cr3F-N693-N22-4c-Td_UFF4MOF_cell_bonded,21516.3,1.61352,0.0,0.0,0.0,1751.77,814.158,504.584,0,48,1.445,0.0,0.0,0.0,2547.54,0.1184,0.0733798,10000,0,0.0,,,,,5.56975,2.61851,4.57899,True
txs-Cr3F-13-600-Td,4-c,Cr3F,ori,txs,13.0,N13,N600,600,Cr3F/4-c-ori/txs-Cr3F-13-600-Td.cif,legacy_H2_mapped_to_new_name,txs-Cr3F-N600-N20-4c-Td_UFF4MOF_cell_bonded,63637.8,0.776248,14473.5,2274.35,2929.93,0.0,0.0,0.0,1,0,1.445,30018.0,0.4717,0.607667,0.0,0.0,0.0,10000,2754,0.2754,11.2,9.843899782135075,11.0,11.2,11.2902,5.67986,11.2902,True
fsi-TiCo-7-7-D2h-D2d,4-c,TiCo,ori,fsi,7.0,N7,N7,7,TiCo/4-c-ori/fsi-TiCo-7-7-D2h-D2d.cif,legacy_H2_mapped_to_new_name,fsi-TiCo-N7-N25-4c-D2d_UFF4MOF_cell_bonded,37611.6,0.94806,7731.03,2055.49,2168.1,0.0,0.0,0.0,1,0,1.445,18068.6,0.4804,0.506719,0.0,0.0,0.0,10000,2636,0.2636,8.9,8.591464339908955,8.8,9.1,9.13889,7.65816,8.98756,True
fsi-TiCo-10-607-D2h-D2d,4-c,TiCo,ori,fsi,10.0,N10,N607,607,TiCo/4-c-ori/fsi-TiCo-10-607-D2h-D2d.cif,legacy_H2_mapped_to_new_name,fsi-TiCo-N607-N23-4c-D2d_UFF4MOF_cell_bonded,57963.1,0.485206,11827.0,2040.44,4205.31,0.0,0.0,0.0,1,0,1.445,39525.0,0.6819,1.40538,0.0,0.0,0.0,10000,4795,0.4795,14.3,12.95322210636079,14.0,15.1,15.14087,12.82672,15.14087,True
fsi-TiCo-11-662-D4h-T,4-c,TiCo,ori,fsi,11.0,N11,N662,662,TiCo/4-c-ori/fsi-TiCo-11-662-D4h-T.cif,legacy_H2_mapped_to_new_name,fsi-TiCo-N662-N21-4c-Td_UFF4MOF_cell_bonded,78407.6,0.26382,11953.1,1524.48,5778.51,0.0,0.0,0.0,1,0,1.445,65313.5,0.833,3.15746,0.0,0.0,0.0,10000,6731,0.6731,21.5,17.832164611499035,18.3,21.3,21.52074,14.52083,21.38724,True
fsi-TiCo-12-693-Td,4-c,TiCo,ori,fsi,12.0,N12,N693,693,TiCo/4-c-ori/fsi-TiCo-12-693-Td.cif,legacy_H2_mapped_to_new_name,fsi-TiCo-N693-N22-4c-Td_UFF4MOF_cell_bonded,24703.6,1.38545,3988.32,1614.47,1165.31,0.0,0.0,0.0,4,0,1.445,6326.58,0.2561,0.18485,0.0,0.0,0.0,10000,870,0.087,5.8,5.486091954022988,5.8,5.8,5.87637,4.43808,5.73835,True
fsi-TiCo-13-600-Td,4-c,TiCo,ori,fsi,13.0,N13,N600,600,TiCo/4-c-ori/fsi-TiCo-13-600-Td.cif,legacy_H2_mapped_to_new_name,fsi-TiCo-N600-N20-4c-Td_UFF4MOF_cell_bonded,72237.5,0.677031,16639.7,2303.47,3402.31,0.0,0.0,0.0,1,0,1.445,39167.2,0.5422,0.80085,0.0,0.0,0.0,10000,3414,0.3414,10.3,9.587697715289982,10.2,10.3,10.3885,8.28096,10.32308,True
hea-TiCo-7-7-D2h-D2d,4-c,TiCo,ori,hea,7.0,N7,N7,7,TiCo/4-c-ori/hea-TiCo-7-7-D2h-D2d.cif,legacy_H2_mapped_to_new_name,hea-TiCo-N7-N25-4c-D2d_UFF4MOF_cell_bonded,28948.6,0.92383,6163.84,2129.24,2304.8,54.2237,18.7311,20.2754,1,4,1.445,15386.2,0.5315,0.575322,17.3691,0.0006,0.00064947,10000,2788,0.2788,10.6,10.076721664275466,10.6,10.6,10.6427,5.5755,10.60764,True
hea-TiCo-10-607-D2h-D2d,4-c,TiCo,ori,hea,10.0,N10,N607,607,TiCo/4-c-ori/hea-TiCo-10-607-D2h-D2d.cif,legacy_H2_mapped_to_new_name,hea-TiCo-N607-N23-4c-D2d_UFF4MOF_cell_bonded,86849.5,0.485737,18600.6,2141.71,4409.19,0.0,0.0,0.0,1,2,1.445,58024.1,0.6681,1.37544,0.0,0.0,0.0,10000,4784,0.4784,16.4,15.230121237458192,16.3,16.4,16.43422,8.18967,16.41364,True
hea-TiCo-11-662-D4h-T,4-c,TiCo,ori,hea,11.0,N11,N662,662,TiCo/4-c-ori/hea-TiCo-11-662-D4h-T.cif,legacy_H2_mapped_to_new_name,hea-TiCo-N662-N21-4c-Td_UFF4MOF_cell_bonded,62441.0,0.24846,8985.19,1438.99,5791.63,0.0,0.0,0.0,1,0,1.445,52319.3,0.8379,3.37237,0.0,0.0,0.0,10000,6885,0.6885,24.0,21.661292665214233,23.9,24.3,24.3129,14.78892,24.25724,True
hea-TiCo-12-693-Td,4-c,TiCo,ori,hea,12.0,N12,N693,693,TiCo/4-c-ori/hea-TiCo-12-693-Td.cif,legacy_H2_mapped_to_new_name,hea-TiCo-N693-N22-4c-Td_UFF4MOF_cell_bonded,33046.1,1.55353,4038.25,1222.0,786.598,0.0,0.0,0.0,1,0,1.445,4778.47,0.1446,0.0930783,0.0,0.0,0.0,10000,410,0.041,5.3,4.854146341463414,5.3,5.3,5.35541,3.33028,5.35541,True
hea-TiCo-13-600-Td,4-c,TiCo,ori,hea,13.0,N13,N600,600,TiCo/4-c-ori/hea-TiCo-13-600-Td.cif,legacy_H2_mapped_to_new_name,hea-TiCo-N600-N20-4c-Td_UFF4MOF_cell_bonded,51088.6,0.717974,11703.1,2290.75,3190.57,0.0,0.0,0.0,1,0,1.445,27051.4,0.5295,0.737492,0.0,0.0,0.0,10000,3134,0.3134,11.2,9.849840459476706,11.0,11.4,11.4468,6.1702,11.43275,True
stp-TiCo-1-445-D4h,4-c,TiCo,ori,stp,1.0,N1,N445,445,TiCo/4-c-ori/stp-TiCo-1-445-D4h.cif,legacy_H2_mapped_to_new_name,stp-TiCo-N445-N13-4c-D4h_UFF4MOF_cell_bonded,41800.1,0.953741,5970.33,1428.31,1497.58,0.0,0.0,0.0,4,0,1.445,22789.4,0.5452,0.571644,0.0,0.0,0.0,10000,3743,0.3743,14.3,14.2764360138926,14.3,14.3,14.3583,13.92722,14.3583,True
stp-TiCo-2-13-D4h,4-c,TiCo,ori,stp,2.0,N2,N13,13,TiCo/4-c-ori/stp-TiCo-2-13-D4h.cif,legacy_H2_mapped_to_new_name,stp-TiCo-N13-N12-4c-D4h_UFF4MOF_cell_bonded,45942.1,0.785293,6529.75,1421.3,1809.9,0.0,0.0,0.0,4,0,1.445,27321.8,0.5947,0.757297,0.0,0.0,0.0,10000,4210,0.421,15.8,15.779596199524942,15.8,15.8,15.81347,15.12752,15.81343,True
ttp-TiCo-3-1-D2h,4-c,TiCo,ori,ttp,3.0,N3,N1,1,TiCo/4-c-ori/ttp-TiCo-3-1-D2h.cif,legacy_H2_mapped_to_new_name,stp-TiCo-N1-N14-4c-D2h_UFF4MOF_cell_bonded,39623.8,0.747419,5598.02,1412.79,1890.23,0.0,0.0,0.0,4,0,1.445,25070.0,0.6327,0.846513,0.0,0.0,0.0,10000,4510,0.451,15.6,15.51711751662971,15.6,15.6,15.64301,15.1423,15.64299,True
ttp-TiCo-8-644-D2h-D2d,4-c,TiCo,ori,ttp,8.0,N8,N644,644,TiCo/4-c-ori/ttp-TiCo-8-644-D2h-D2d.cif,legacy_H2_mapped_to_new_name,stp-TiCo-N644-N18-4c-D2h_UFF4MOF_cell_bonded,55094.2,0.51148,8189.32,1486.42,2906.12,0.0,0.0,0.0,1,0,1.445,39706.4,0.7207,1.40905,0.0,0.0,0.0,10000,5545,0.5543,17.5,17.273669972948603,17.5,17.5,17.59156,16.75544,17.59155,True
ttp-TiCo-9-201-D2h-D2d,4-c,TiCo,ori,ttp,9.0,N9,N201,201,TiCo/4-c-ori/ttp-TiCo-9-201-D2h-D2d.cif,legacy_H2_mapped_to_new_name,stp-TiCo-N201-N16-4c-D2h_UFF4MOF_cell_bonded,31314.7,0.334866,3849.97,1229.44,3671.45,0.0,0.0,0.0,1,0,1.445,25364.9,0.81,2.41888,0.0,0.0,0.0,10000,6666,0.6666,26.8,26.604560456045604,26.8,26.8,26.88359,25.24071,26.88359,True
ttx-TiCo-4-12-D2h,4-c,TiCo,ori,ttx,4.0,N4,N12,12,TiCo/4-c-ori/ttx-TiCo-4-12-D2h.cif,legacy_H2_mapped_to_new_name,stp-TiCo-N12-N15-4c-D2h_UFF4MOF_cell_bonded,76667.4,0.487799,14174.0,1848.76,3790.01,0.0,0.0,0.0,1,0,1.445,51298.2,0.6691,1.37167,0.0,0.0,0.0,10000,5033,0.5033,19.8,18.948142261076892,19.8,19.8,19.81351,18.21161,19.81349,True
ttx-TiCo-5-665-D2h,4-c,TiCo,ori,ttx,5.0,N5,N665,665,TiCo/4-c-ori/ttx-TiCo-5-665-D2h.cif,legacy_H2_mapped_to_new_name,stp-TiCo-N665-N19-4c-D2h_UFF4MOF_cell_bonded,101465.0,0.398077,16694.0,1645.3,4133.12,0.0,0.0,0.0,1,0,1.445,72983.7,0.7193,1.80694,0.0,0.0,0.0,10000,5758,0.5758,22.1,21.44230635637374,22.1,22.1,22.14149,21.70359,22.14148,True
ttx-TiCo-6-614-D2h,4-c,TiCo,ori,ttx,6.0,N6,N614,614,TiCo/4-c-ori/ttx-TiCo-6-614-D2h.cif,legacy_H2_mapped_to_new_name,stp-TiCo-N614-N17-4c-D2h_UFF4MOF_cell_bonded,93958.3,0.339242,15092.5,1606.3,4734.97,0.0,0.0,0.0,1,0,1.445,72770.7,0.7745,2.28303,0.0,0.0,0.0,10000,6201,0.6201,23.5,22.40185453959039,23.5,23.5,23.50523,22.48052,23.50523,True
txs-TiCo-7-7-D2h-D2d,4-c,TiCo,ori,txs,7.0,N7,N7,7,TiCo/4-c-ori/txs-TiCo-7-7-D2h-D2d.cif,legacy_H2_mapped_to_new_name,txs-TiCo-N7-N25-4c-D2d_UFF4MOF_cell_bonded,38714.1,0.921061,8504.06,2196.63,2384.89,0.0,0.0,0.0,1,0,1.445,20654.0,0.5335,0.579223,0.0,0.0,0.0,10000,2787,0.2787,10.8,10.187656978830283,10.8,10.9,10.9368,5.93395,10.72817,True
txs-TiCo-10-607-D2h-D2d,4-c,TiCo,ori,txs,10.0,N10,N607,607,TiCo/4-c-ori/txs-TiCo-10-607-D2h-D2d.cif,legacy_H2_mapped_to_new_name,txs-TiCo-N607-N23-4c-D2d_UFF4MOF_cell_bonded,56100.2,0.501318,12343.2,2200.21,4388.85,0.0,0.0,0.0,1,0,1.445,37979.8,0.677,1.35044,0.0,0.0,0.0,10000,4518,0.4518,13.0,10.962571934484284,11.3,13.0,13.06178,8.64248,13.06178,True
txs-TiCo-11-662-D4h-T,4-c,TiCo,ori,txs,11.0,N11,N662,662,TiCo/4-c-ori/txs-TiCo-11-662-D4h-T.cif,legacy_H2_mapped_to_new_name,txs-TiCo-N662-N21-4c-Td_UFF4MOF_cell_bonded,39047.3,0.264877,5937.32,1520.55,5740.57,0.0,0.0,0.0,1,0,1.445,33077.0,0.8471,3.19809,0.0,0.0,0.0,10000,6800,0.68,22.6,19.95741176470588,22.1,22.9,22.92359,13.63273,22.60423,True
txs-TiCo-12-693-Td,4-c,TiCo,ori,txs,12.0,N12,N693,693,TiCo/4-c-ori/txs-TiCo-12-693-Td.cif,legacy_H2_mapped_to_new_name,txs-TiCo-N693-N22-4c-Td_UFF4MOF_cell_bonded,21240.2,1.61136,0.0,0.0,0.0,1805.04,849.824,527.397,0,32,1.445,0.0,0.0,0.0,2812.2,0.1324,0.0821669,10000,0,0.0,,,,,5.52724,2.60825,5.52723,True
txs-TiCo-13-600-Td,4-c,TiCo,ori,txs,13.0,N13,N600,600,TiCo/4-c-ori/txs-TiCo-13-600-Td.cif,legacy_H2_mapped_to_new_name,txs-TiCo-N600-N20-4c-Td_UFF4MOF_cell_bonded,64387.0,0.759579,14209.4,2206.87,2905.38,0.0,0.0,0.0,1,0,1.445,30931.5,0.4804,0.632456,0.0,0.0,0.0,10000,2822,0.2822,10.6,9.428065201984408,10.6,10.7,10.71111,6.0524,10.60682,True
fsi-TiMg-7-7-D2h-D2d,4-c,TiMg,ori,fsi,7.0,N7,N7,7,TiMg/4-c-ori/fsi-TiMg-7-7-D2h-D2d.cif,legacy_H2_mapped_to_new_name,fsi-TiMg-N7-N25-4c-D2d_UFF4MOF_cell_bonded,40180.9,0.795851,8692.19,2163.26,2718.18,0.0,0.0,0.0,1,0,1.445,19769.0,0.492,0.618206,0.0,0.0,0.0,10000,2669,0.2669,9.9,8.639040839265641,9.0,10.0,10.01156,7.01799,10.01156,True
fsi-TiMg-10-607-D2h-D2d,4-c,TiMg,ori,fsi,10.0,N10,N607,607,TiMg/4-c-ori/fsi-TiMg-10-607-D2h-D2d.cif,legacy_H2_mapped_to_new_name,fsi-TiMg-N607-N23-4c-D2d_UFF4MOF_cell_bonded,59991.3,0.438129,12306.7,2051.41,4682.2,0.0,0.0,0.0,1,0,1.445,40530.1,0.6756,1.54201,0.0,0.0,0.0,10000,4775,0.4775,14.7,12.356146596858636,12.8,14.7,14.77553,11.17845,14.24204,True
fsi-TiMg-11-662-D4h-T,4-c,TiMg,ori,fsi,11.0,N11,N662,662,TiMg/4-c-ori/fsi-TiMg-11-662-D4h-T.cif,legacy_H2_mapped_to_new_name,fsi-TiMg-N662-N21-4c-Td_UFF4MOF_cell_bonded,80138.3,0.246642,12313.5,1536.54,6229.83,0.0,0.0,0.0,1,0,1.445,66763.2,0.8331,3.37778,0.0,0.0,0.0,10000,6759,0.6759,19.2,17.424766977363515,18.8,20.0,20.08489,14.61969,19.47638,True
fsi-TiMg-12-693-Td,4-c,TiMg,ori,fsi,12.0,N12,N693,693,TiMg/4-c-ori/fsi-TiMg-12-693-Td.cif,legacy_H2_mapped_to_new_name,fsi-TiMg-N693-N22-4c-Td_UFF4MOF_cell_bonded,27453.5,1.11262,4573.69,1665.98,1497.34,0.0,0.0,0.0,4,0,1.445,8115.26,0.2956,0.265679,0.0,0.0,0.0,10000,1176,0.1176,6.2,6.031377551020408,6.2,6.2,6.2712,5.0572,6.27117,True
fsi-TiMg-13-600-Td,4-c,TiMg,ori,fsi,13.0,N13,N600,600,TiMg/4-c-ori/fsi-TiMg-13-600-Td.cif,legacy_H2_mapped_to_new_name,fsi-TiMg-N600-N20-4c-Td_UFF4MOF_cell_bonded,76497.5,0.591222,17548.9,2294.05,3880.18,0.0,0.0,0.0,1,0,1.445,42165.4,0.5512,0.932307,0.0,0.0,0.0,10000,3570,0.357,10.2,9.8172268907563,10.2,10.6,10.74387,8.41791,10.63993,True
hea-TiMg-7-7-D2h-D2d,4-c,TiMg,ori,hea,7.0,N7,N7,7,TiMg/4-c-ori/hea-TiMg-7-7-D2h-D2d.cif,legacy_H2_mapped_to_new_name,hea-TiMg-N7-N25-4c-D2d_UFF4MOF_cell_bonded,30710.7,0.780949,6619.98,2155.6,2760.23,0.0,0.0,0.0,1,0,1.445,16080.1,0.5236,0.670466,0.0,0.0,0.0,10000,2821,0.2821,10.6,10.101453385324353,10.6,10.6,10.68764,5.05726,10.54397,True
hea-TiMg-10-607-D2h-D2d,4-c,TiMg,ori,hea,10.0,N10,N607,607,TiMg/4-c-ori/hea-TiMg-10-607-D2h-D2d.cif,legacy_H2_mapped_to_new_name,hea-TiMg-N607-N23-4c-D2d_UFF4MOF_cell_bonded,91989.4,0.428592,19525.5,2122.59,4952.46,0.0,0.0,0.0,1,0,1.445,62690.8,0.6815,1.59009,0.0,0.0,0.0,10000,4899,0.4899,18.0,16.667850581751377,17.4,18.0,18.05288,8.47532,17.99997,True
hea-TiMg-11-662-D4h-T,4-c,TiMg,ori,hea,11.0,N11,N662,662,TiMg/4-c-ori/hea-TiMg-11-662-D4h-T.cif,legacy_H2_mapped_to_new_name,hea-TiMg-N662-N21-4c-Td_UFF4MOF_cell_bonded,64662.8,0.229252,9269.8,1433.56,6253.21,0.0,0.0,0.0,1,0,1.445,54387.9,0.8411,3.66889,0.0,0.0,0.0,10000,6909,0.6909,23.6,20.68956433637285,22.5,23.6,23.62857,14.78665,23.62857,True
hea-TiMg-12-693-Td,4-c,TiMg,ori,hea,12.0,N12,N693,693,TiMg/4-c-ori/hea-TiMg-12-693-Td.cif,legacy_H2_mapped_to_new_name,hea-TiMg-N693-N22-4c-Td_UFF4MOF_cell_bonded,35886.5,1.27675,4864.54,1355.53,1061.71,0.141935,0.0395511,0.030978,1,8,1.445,6434.45,0.1793,0.140435,0.0,0.0,0.0,10000,592,0.0592,5.7,5.325844594594594,5.7,5.7,5.79842,3.58642,5.70859,True
hea-TiMg-13-600-Td,4-c,TiMg,ori,hea,13.0,N13,N600,600,TiMg/4-c-ori/hea-TiMg-13-600-Td.cif,legacy_H2_mapped_to_new_name,hea-TiMg-N600-N20-4c-Td_UFF4MOF_cell_bonded,53503.4,0.633983,12127.1,2266.6,3575.17,129.998,24.2971,38.3246,1,4,1.445,28635.0,0.5352,0.844187,58.8537,0.0011,0.00173506,10000,3220,0.322,11.2,10.036739130434782,10.9,11.6,11.68701,6.26348,11.28973,True
stp-TiMg-1-445-D4h,4-c,TiMg,ori,stp,1.0,N1,N445,445,TiMg/4-c-ori/stp-TiMg-1-445-D4h.cif,legacy_H2_mapped_to_new_name,stp-TiMg-N445-N13-4c-D4h_UFF4MOF_cell_bonded,45101.0,0.82274,6743.11,1495.11,1817.24,0.0,0.0,0.0,4,0,1.445,25405.4,0.5633,0.684663,0.0,0.0,0.0,10000,3922,0.3922,14.0,13.851453340132586,14.0,14.0,14.02559,12.87584,14.02558,True
stp-TiMg-2-13-D4h,4-c,TiMg,ori,stp,2.0,N2,N13,13,TiMg/4-c-ori/stp-TiMg-2-13-D4h.cif,legacy_H2_mapped_to_new_name,stp-TiMg-N13-N12-4c-D4h_UFF4MOF_cell_bonded,49331.6,0.675388,7077.16,1434.61,2124.13,0.0323017,0.00654788,0.009695,4,24,1.445,28464.3,0.577,0.854324,0.0,0.0,0.0,10000,4127,0.4127,16.3,16.229609886115824,16.3,16.3,16.33338,15.1194,16.32323,True
ttp-TiMg-3-1-D2h,4-c,TiMg,ori,ttp,3.0,N3,N1,1,TiMg/4-c-ori/ttp-TiMg-3-1-D2h.cif,legacy_H2_mapped_to_new_name,stp-TiMg-N1-N14-4c-D2h_UFF4MOF_cell_bonded,42287.2,0.635075,5910.76,1397.77,2200.95,0.876016,0.207159,0.326196,4,24,1.445,26328.0,0.6226,0.980356,0.0,0.0,0.0,10000,4555,0.4555,16.8,16.793347969264545,16.8,16.8,16.89193,16.65213,16.88383,True
ttp-TiMg-8-644-D2h-D2d,4-c,TiMg,ori,ttp,8.0,N8,N644,644,TiMg/4-c-ori/ttp-TiMg-8-644-D2h-D2d.cif,legacy_H2_mapped_to_new_name,stp-TiMg-N644-N18-4c-D2h_UFF4MOF_cell_bonded,61697.8,0.412,8659.71,1403.57,3406.72,0.0,0.0,0.0,1,0,1.445,45378.7,0.7355,1.78519,0.0,0.0,0.0,10000,5793,0.5793,21.8,21.758846884170552,21.8,21.8,21.8415,21.60331,21.83804,True
ttp-TiMg-9-201-D2h-D2d,4-c,TiMg,ori,ttp,9.0,N9,N201,201,TiMg/4-c-ori/ttp-TiMg-9-201-D2h-D2d.cif,legacy_H2_mapped_to_new_name,stp-TiMg-N201-N16-4c-D2h_UFF4MOF_cell_bonded,32057.0,0.305588,4209.69,1313.19,4297.25,0.0,0.0,0.0,1,0,1.445,25876.4,0.8072,2.64146,0.0,0.0,0.0,10000,6622,0.6622,25.1,24.345107218363037,25.1,25.1,25.14777,23.35751,25.14777,True
ttx-TiMg-4-12-D2h,4-c,TiMg,ori,ttx,4.0,N4,N12,12,TiMg/4-c-ori/ttx-TiMg-4-12-D2h.cif,legacy_H2_mapped_to_new_name,stp-TiMg-N12-N15-4c-D2h_UFF4MOF_cell_bonded,83106.4,0.416793,15078.7,1814.38,4353.2,0.0,0.0,0.0,1,0,1.445,57202.2,0.6883,1.65142,0.0,0.0,0.0,10000,5282,0.5282,20.9,19.977811435062474,20.9,20.9,20.91664,19.20896,20.91635,True
ttx-TiMg-5-665-D2h,4-c,TiMg,ori,ttx,5.0,N5,N665,665,TiMg/4-c-ori/ttx-TiMg-5-665-D2h.cif,legacy_H2_mapped_to_new_name,stp-TiMg-N665-N19-4c-D2h_UFF4MOF_cell_bonded,26747.4,0.351723,4474.43,1672.84,4756.13,0.0,0.0,0.0,1,0,1.445,20820.2,0.7784,2.2131,0.0,0.0,0.0,10000,5869,0.5869,21.5,20.33883114670302,21.5,21.5,21.51228,19.90337,21.51227,True
ttx-TiMg-6-614-D2h,4-c,TiMg,ori,ttx,6.0,N6,N614,614,TiMg/4-c-ori/ttx-TiMg-6-614-D2h.cif,legacy_H2_mapped_to_new_name,stp-TiMg-N614-N17-4c-D2h_UFF4MOF_cell_bonded,24930.5,0.301183,3915.19,1570.44,5214.24,0.0,0.0,0.0,1,0,1.445,20492.9,0.822,2.72923,0.0,0.0,0.0,10000,6424,0.6424,24.0,22.86411892901619,24.0,24.0,24.04196,23.40595,23.96355,True
txs-TiMg-7-7-D2h-D2d,4-c,TiMg,ori,txs,7.0,N7,N7,7,TiMg/4-c-ori/txs-TiMg-7-7-D2h-D2d.cif,legacy_H2_mapped_to_new_name,txs-TiMg-N7-N25-4c-D2d_UFF4MOF_cell_bonded,41435.6,0.771751,9086.43,2192.9,2841.46,0.0,0.0,0.0,1,0,1.445,22201.2,0.5358,0.694266,0.0,0.0,0.0,10000,2937,0.2937,10.7,9.978787878787879,10.7,10.7,10.74604,6.27048,10.74603,True
txs-TiMg-10-607-D2h-D2d,4-c,TiMg,ori,txs,10.0,N10,N607,607,TiMg/4-c-ori/txs-TiMg-10-607-D2h-D2d.cif,legacy_H2_mapped_to_new_name,txs-TiMg-N607-N23-4c-D2d_UFF4MOF_cell_bonded,60016.8,0.437943,12775.9,2128.72,4860.72,0.0,0.0,0.0,1,0,1.445,41441.6,0.6905,1.57669,0.0,0.0,0.0,10000,4743,0.4743,13.7,11.556715159181952,11.8,13.7,13.70746,8.87654,13.70746,True
txs-TiMg-11-662-D4h-T,4-c,TiMg,ori,txs,11.0,N11,N662,662,TiMg/4-c-ori/txs-TiMg-11-662-D4h-T.cif,legacy_H2_mapped_to_new_name,txs-TiMg-N662-N21-4c-Td_UFF4MOF_cell_bonded,42063.7,0.234947,6142.59,1460.31,6215.49,0.0,0.0,0.0,1,0,1.445,35867.7,0.8527,3.62933,0.0,0.0,0.0,10000,6946,0.6946,22.9,20.180593147135042,21.7,22.9,22.91058,14.47868,21.17357,True
txs-TiMg-12-693-Td,4-c,TiMg,ori,txs,12.0,N12,N693,693,TiMg/4-c-ori/txs-TiMg-12-693-Td.cif,legacy_H2_mapped_to_new_name,txs-TiMg-N693-N22-4c-Td_UFF4MOF_cell_bonded,23576.1,1.29561,2470.21,1047.76,808.702,16.1039,6.8306,5.27211,4,19,1.445,3699.08,0.1569,0.121101,0.0,0.0,0.0,10000,516,0.0516,6.0,5.857364341085272,6.0,6.0,6.0761,2.91814,6.04293,True
txs-TiMg-13-600-Td,4-c,TiMg,ori,txs,13.0,N13,N600,600,TiMg/4-c-ori/txs-TiMg-13-600-Td.cif,legacy_H2_mapped_to_new_name,txs-TiMg-N600-N20-4c-Td_UFF4MOF_cell_bonded,68829.8,0.657083,15254.6,2216.28,3372.9,0.0,0.0,0.0,1,0,1.445,34531.9,0.5017,0.763526,0.0,0.0,0.0,10000,3069,0.3069,11.3,9.652166829586184,10.5,11.3,11.38608,6.35406,11.16907,True
fsi-TiNi-7-7-D2h-D2d,4-c,TiNi,ori,fsi,7.0,N7,N7,7,TiNi/4-c-ori/fsi-TiNi-7-7-D2h-D2d.cif,legacy_H2_mapped_to_new_name,fsi-TiNi-N7-N25-4c-D2d_UFF4MOF_cell_bonded,35303.0,1.00933,7087.55,2007.63,1989.07,0.0,0.0,0.0,1,0,1.445,15618.1,0.4424,0.438308,0.0,0.0,0.0,10000,2328,0.2328,8.0,7.927792096219932,8.1,8.4,8.44396,6.21419,8.44395,True
fsi-TiNi-10-607-D2h-D2d,4-c,TiNi,ori,fsi,10.0,N10,N607,607,TiNi/4-c-ori/fsi-TiNi-10-607-D2h-D2d.cif,legacy_H2_mapped_to_new_name,fsi-TiNi-N607-N23-4c-D2d_UFF4MOF_cell_bonded,55534.3,0.506196,11376.0,2048.46,4046.77,0.0,0.0,0.0,1,0,1.445,37557.9,0.6763,1.33604,0.0,0.0,0.0,10000,4687,0.4687,12.9,11.905248559846385,12.9,13.5,13.53593,12.07775,13.53593,True
fsi-TiNi-11-662-D4h-T,4-c,TiNi,ori,fsi,11.0,N11,N662,662,TiNi/4-c-ori/fsi-TiNi-11-662-D4h-T.cif,legacy_H2_mapped_to_new_name,fsi-TiNi-N662-N21-4c-Td_UFF4MOF_cell_bonded,76195.5,0.271395,11921.2,1564.55,5764.84,0.0,0.0,0.0,1,0,1.445,63044.1,0.8274,3.04869,0.0,0.0,0.0,10000,6613,0.6613,18.8,16.984379252986542,18.2,18.9,19.17916,13.27838,18.91424,True
fsi-TiNi-12-693-Td,4-c,TiNi,ori,fsi,12.0,N12,N693,693,TiNi/4-c-ori/fsi-TiNi-12-693-Td.cif,legacy_H2_mapped_to_new_name,fsi-TiNi-N693-N22-4c-Td_UFF4MOF_cell_bonded,23657.7,1.44561,3595.38,1519.75,1051.28,0.0,0.0,0.0,4,0,1.445,6065.84,0.2564,0.177364,0.0,0.0,0.0,10000,856,0.0856,5.4,5.275817757009346,5.4,5.4,5.44606,4.4782,5.3479,True
fsi-TiNi-13-600-Td,4-c,TiNi,ori,fsi,13.0,N13,N600,600,TiNi/4-c-ori/fsi-TiNi-13-600-Td.cif,legacy_H2_mapped_to_new_name,fsi-TiNi-N600-N20-4c-Td_UFF4MOF_cell_bonded,69362.0,0.70473,16111.9,2322.86,3296.1,0.0,0.0,0.0,1,0,1.445,36269.4,0.5229,0.741986,0.0,0.0,0.0,10000,3241,0.3241,10.0,9.22344955260722,9.8,10.0,10.07771,7.96061,10.06364,True
hea-TiNi-7-7-D2h-D2d,4-c,TiNi,ori,hea,7.0,N7,N7,7,TiNi/4-c-ori/hea-TiNi-7-7-D2h-D2d.cif,legacy_H2_mapped_to_new_name,hea-TiNi-N7-N25-4c-D2d_UFF4MOF_cell_bonded,28435.5,0.939826,6028.9,2120.2,2255.95,64.1678,22.5661,24.0109,1,4,1.445,14971.3,0.5265,0.56021,36.9661,0.0013,0.00138323,10000,2770,0.277,10.4,9.922238267148014,10.4,10.4,10.42079,5.33125,10.42079,True
hea-TiNi-10-607-D2h-D2d,4-c,TiNi,ori,hea,10.0,N10,N607,607,TiNi/4-c-ori/hea-TiNi-10-607-D2h-D2d.cif,legacy_H2_mapped_to_new_name,hea-TiNi-N607-N23-4c-D2d_UFF4MOF_cell_bonded,85769.0,0.491633,18449.1,2151.03,4375.27,0.0,0.0,0.0,1,0,1.445,57396.6,0.6692,1.36118,0.0,0.0,0.0,10000,4768,0.4768,16.6,15.391359060402685,16.4,16.6,16.63068,8.13276,16.60184,True
hea-TiNi-11-662-D4h-T,4-c,TiNi,ori,hea,11.0,N11,N662,662,TiNi/4-c-ori/hea-TiNi-11-662-D4h-T.cif,legacy_H2_mapped_to_new_name,hea-TiNi-N662-N21-4c-Td_UFF4MOF_cell_bonded,62054.2,0.249932,8950.56,1442.38,5771.09,0.0,0.0,0.0,1,0,1.445,51920.8,0.8367,3.34772,0.0,0.0,0.0,10000,6861,0.6861,24.2,21.80078705728028,23.7,24.3,24.31778,15.12525,24.12682,True
hea-TiNi-12-693-Td,4-c,TiNi,ori,hea,12.0,N12,N693,693,TiNi/4-c-ori/hea-TiNi-12-693-Td.cif,legacy_H2_mapped_to_new_name,hea-TiNi-N693-N22-4c-Td_UFF4MOF_cell_bonded,33088.8,1.55037,4217.77,1274.68,822.179,0.0,0.0,0.0,1,0,1.445,5373.62,0.1624,0.104749,0.0,0.0,0.0,10000,472,0.0472,5.4,4.858686440677967,5.2,5.4,5.48878,3.54905,5.48878,True
hea-TiNi-13-600-Td,4-c,TiNi,ori,hea,13.0,N13,N600,600,TiNi/4-c-ori/hea-TiNi-13-600-Td.cif,legacy_H2_mapped_to_new_name,hea-TiNi-N600-N20-4c-Td_UFF4MOF_cell_bonded,49650.6,0.738382,11257.5,2267.34,3070.69,0.0,0.0,0.0,1,4,1.445,26295.0,0.5296,0.717244,0.0,0.0,0.0,10000,3087,0.3087,11.1,9.725817946226108,10.9,11.2,11.20305,6.59935,11.20303,True
stp-TiNi-1-445-D4h,4-c,TiNi,ori,stp,1.0,N1,N445,445,TiNi/4-c-ori/stp-TiNi-1-445-D4h.cif,legacy_H2_mapped_to_new_name,stp-TiNi-N445-N13-4c-D4h_UFF4MOF_cell_bonded,42704.9,2.09944,0.0,0.0,0.0,122.02,28.5728,13.6097,0,27,1.445,0.0,0.0,0.0,89.6804,0.0021,0.00100027,10000,0,0.0,,,,,3.53491,1.25589,2.72294,True
stp-TiNi-2-13-D4h,4-c,TiNi,ori,stp,2.0,N2,N13,13,TiNi/4-c-ori/stp-TiNi-2-13-D4h.cif,legacy_H2_mapped_to_new_name,stp-TiNi-N13-N12-4c-D4h_UFF4MOF_cell_bonded,44916.3,0.802802,6416.85,1428.63,1779.55,0.0,0.0,0.0,4,0,1.445,26918.3,0.5993,0.746511,0.0,0.0,0.0,10000,4217,0.4217,15.3,15.258643585487315,15.3,15.3,15.36254,14.84854,15.36252,True
ttp-TiNi-3-1-D2h,4-c,TiNi,ori,ttp,3.0,N3,N1,1,TiNi/4-c-ori/ttp-TiNi-3-1-D2h.cif,legacy_H2_mapped_to_new_name,stp-TiNi-N1-N14-4c-D2h_UFF4MOF_cell_bonded,39186.5,0.755273,5420.08,1383.15,1831.33,0.0,0.0,0.0,4,0,1.445,25149.9,0.6418,0.849759,0.0,0.0,0.0,10000,4619,0.4619,16.4,16.39919896081403,16.4,16.4,16.47824,16.20137,16.47823,True
ttp-TiNi-8-644-D2h-D2d,4-c,TiNi,ori,ttp,8.0,N8,N644,644,TiNi/4-c-ori/ttp-TiNi-8-644-D2h-D2d.cif,legacy_H2_mapped_to_new_name,stp-TiNi-N644-N18-4c-D2h_UFF4MOF_cell_bonded,57309.8,0.491372,8100.25,1413.41,2876.47,0.0,0.0,0.0,1,0,1.445,42197.2,0.7363,1.49846,0.0,0.0,0.0,10000,5753,0.5753,20.8,20.760837823744133,20.8,20.8,20.87146,20.29765,20.87144,True
ttp-TiNi-9-201-D2h-D2d,4-c,TiNi,ori,ttp,9.0,N9,N201,201,TiNi/4-c-ori/ttp-TiNi-9-201-D2h-D2d.cif,legacy_H2_mapped_to_new_name,stp-TiNi-N201-N16-4c-D2h_UFF4MOF_cell_bonded,30868.7,0.33955,3772.26,1222.03,3598.98,0.759091,0.24591,0.724222,1,6,1.445,24969.7,0.8089,2.38227,0.0,0.0,0.0,10000,6660,0.666,26.9,26.761996996996995,26.9,26.9,26.9356,25.15776,26.9356,True
ttx-TiNi-4-12-D2h,4-c,TiNi,ori,ttx,4.0,N4,N12,12,TiNi/4-c-ori/ttx-TiNi-4-12-D2h.cif,legacy_H2_mapped_to_new_name,stp-TiNi-N12-N15-4c-D2h_UFF4MOF_cell_bonded,75104.2,0.497697,13938.9,1855.94,3729.06,0.0,0.0,0.0,1,0,1.445,50169.6,0.668,1.34218,0.0,0.0,0.0,10000,4985,0.4985,18.9,18.200561685055163,18.9,18.9,18.92768,17.90558,18.92768,True
ttx-TiNi-5-665-D2h,4-c,TiNi,ori,ttx,5.0,N5,N665,665,TiNi/4-c-ori/ttx-TiNi-5-665-D2h.cif,legacy_H2_mapped_to_new_name,stp-TiNi-N665-N19-4c-D2h_UFF4MOF_cell_bonded,49882.9,0.404664,8227.19,1649.3,4075.72,0.0,0.0,0.0,1,0,1.445,37980.9,0.7614,1.88156,0.0,0.0,0.0,10000,5841,0.5841,22.0,21.402396849854476,22.0,22.0,22.02095,21.03315,22.02091,True
ttx-TiNi-6-614-D2h,4-c,TiNi,ori,ttx,6.0,N6,N614,614,TiNi/4-c-ori/ttx-TiNi-6-614-D2h.cif,legacy_H2_mapped_to_new_name,stp-TiNi-N614-N17-4c-D2h_UFF4MOF_cell_bonded,46177.3,0.344995,7435.17,1610.14,4667.12,0.0,0.0,0.0,1,0,1.445,36784.8,0.7966,2.30902,0.0,0.0,0.0,10000,6271,0.6271,22.7,21.65279859671504,22.7,22.7,22.78407,21.54934,22.78379,True
txs-TiNi-7-7-D2h-D2d,4-c,TiNi,ori,txs,7.0,N7,N7,7,TiNi/4-c-ori/txs-TiNi-7-7-D2h-D2d.cif,legacy_H2_mapped_to_new_name,txs-TiNi-N7-N25-4c-D2d_UFF4MOF_cell_bonded,38135.0,0.93438,8254.9,2164.65,2316.67,0.0,0.0,0.0,1,0,1.445,20097.1,0.527,0.56401,0.0,0.0,0.0,10000,2818,0.2818,10.6,9.985166784953867,10.6,10.6,10.64138,5.89737,10.64137,True
txs-TiNi-10-607-D2h-D2d,4-c,TiNi,ori,txs,10.0,N10,N607,607,TiNi/4-c-ori/txs-TiNi-10-607-D2h-D2d.cif,legacy_H2_mapped_to_new_name,txs-TiNi-N607-N23-4c-D2d_UFF4MOF_cell_bonded,56592.7,0.496729,12151.8,2147.24,4322.77,0.0,0.0,0.0,1,0,1.445,38760.4,0.6849,1.37882,0.0,0.0,0.0,10000,4649,0.4649,13.5,11.458012475801247,12.1,13.5,13.52187,8.55023,13.51514,True
txs-TiNi-11-662-D4h-T,4-c,TiNi,ori,txs,11.0,N11,N662,662,TiNi/4-c-ori/txs-TiNi-11-662-D4h-T.cif,legacy_H2_mapped_to_new_name,txs-TiNi-N662-N21-4c-Td_UFF4MOF_cell_bonded,39447.6,0.262108,5956.39,1509.95,5760.79,0.0,0.0,0.0,1,0,1.445,33226.7,0.8423,3.21356,0.0,0.0,0.0,10000,6803,0.6803,23.0,20.402484198147878,22.8,23.1,23.15557,13.88044,23.02499,True
txs-TiNi-12-693-Td,4-c,TiNi,ori,txs,12.0,N12,N693,693,TiNi/4-c-ori/txs-TiNi-12-693-Td.cif,legacy_H2_mapped_to_new_name,txs-TiNi-N693-N22-4c-Td_UFF4MOF_cell_bonded,21615.6,1.58218,0.0,0.0,0.0,2050.35,948.548,599.518,0,32,1.445,0.0,0.0,0.0,2993.77,0.1385,0.0875372,10000,0,0.0,,,,,5.42325,2.87527,5.31402,True
txs-TiNi-13-600-Td,4-c,TiNi,ori,txs,13.0,N13,N600,600,TiNi/4-c-ori/txs-TiNi-13-600-Td.cif,legacy_H2_mapped_to_new_name,txs-TiNi-N600-N20-4c-Td_UFF4MOF_cell_bonded,60508.1,0.80785,13595.9,2246.95,2781.39,0.0,0.0,0.0,1,0,1.445,27131.8,0.4484,0.555053,0.0,0.0,0.0,10000,2572,0.2572,9.7,8.639463452566096,9.4,9.8,9.81788,5.12195,9.81788,True
