current_basename,basename,connectivity,topology,organic_linker,metal_node,design_library_member,completed_conditions,complete_all_16_conditions,complete_temperatures,missing_conditions,all_zeopp_outputs_complete,complete_three_metal_combo,descriptor_basename,descriptor_relative_path,result_source,source_basename,cif_relative_path,cif_bytes,cif_sha256
ceq-TiCo-1-10,ceq-TiCo-N10-N1-3c-D3h,"3,6",ceq,N10,TiCo,True,16,True,"77,120,160,200,233,253,273,298",,True,True,ceq-TiCo-1-10,TiCo/3-c/ceq-TiCo-1-10.cif,legacy_H2_mapped_to_new_name,ceq-TiCo-N10-N1-3c-D3h_UFF4MOF_cell_bonded,TiCo/3-c/ceq-TiCo-1-10.cif,109765,ede9c558ea0f180214d34baadbc68ee91d3be6885c193b386b7b0182397fc87c
ceq-TiCo-13-126,ceq-TiCo-N126-N11-3c-C3h,"3,6",ceq,N126,TiCo,True,16,True,"77,120,160,200,233,253,273,298",,True,True,ceq-TiCo-13-126,TiCo/3-c/ceq-TiCo-13-126.cif,legacy_H2_mapped_to_new_name,ceq-TiCo-N126-N11-3c-C3h_UFF4MOF_cell_bonded,TiCo/3-c/ceq-TiCo-13-126.cif,26828,ec721c279fcb271bfed370e2b5c8e1650006cbcce674131867d0b51dce241111
ceq-TiCo-9-130,ceq-TiCo-N130-N10-3c-C3v,"3,6",ceq,N130,TiCo,True,16,True,"77,120,160,200,233,253,273,298",,True,True,ceq-TiCo-9-130,TiCo/3-c/ceq-TiCo-9-130.cif,legacy_H2_mapped_to_new_name,ceq-TiCo-N130-N10-3c-C3v_UFF4MOF_cell_bonded,TiCo/3-c/ceq-TiCo-9-130.cif,118680,544c2487c3e7613c1343a73e77bf437dffbc80a2bf9912ac4132034034b9d70e
ceq-TiCo-2-19,ceq-TiCo-N19-N2-3c-D3h,"3,6",ceq,N19,TiCo,True,16,True,"77,120,160,200,233,253,273,298",,True,True,ceq-TiCo-2-19,TiCo/3-c/ceq-TiCo-2-19.cif,legacy_H2_mapped_to_new_name,ceq-TiCo-N19-N2-3c-D3h_UFF4MOF_cell_bonded,TiCo/3-c/ceq-TiCo-2-19.cif,94546,5a81d402350f9e25523380c1cafaeefc8f43ed7e252f15336d7cccbf95f45e39
ceq-TiCo-3-20,ceq-TiCo-N20-N3-3c-D3h,"3,6",ceq,N20,TiCo,True,16,True,"77,120,160,200,233,253,273,298",,True,True,ceq-TiCo-3-20,TiCo/3-c/ceq-TiCo-3-20.cif,legacy_H2_mapped_to_new_name,ceq-TiCo-N20-N3-3c-D3h_UFF4MOF_cell_bonded,TiCo/3-c/ceq-TiCo-3-20.cif,108501,a4c110ec8394c0899681c023418be54a321d419c815450f65faf3f3f0ab5702a
ceq-TiCo-6-225,ceq-TiCo-N225-N4-3c-D3h,"3,6",ceq,N225,TiCo,True,16,True,"77,120,160,200,233,253,273,298",,True,True,ceq-TiCo-6-225,TiCo/3-c/ceq-TiCo-6-225.cif,legacy_H2_mapped_to_new_name,ceq-TiCo-N225-N4-3c-D3h_UFF4MOF_cell_bonded,TiCo/3-c/ceq-TiCo-6-225.cif,155302,b3f332419e4f68021ba90b5a5b7d9a02071cebdd65f4e940e1b15d36637186da
ceq-TiCo-10-333,ceq-TiCo-N333-N8-3c-D3,"3,6",ceq,N333,TiCo,True,16,True,"77,120,160,200,233,253,273,298",,True,True,ceq-TiCo-10-333,TiCo/3-c/ceq-TiCo-10-333.cif,legacy_H2_mapped_to_new_name,ceq-TiCo-N333-N8-3c-D3_UFF4MOF_cell_bonded,TiCo/3-c/ceq-TiCo-10-333.cif,152411,28dbf4b9db2aa80559983410c598ff025bcbe0edd9704ea7b5cb64b4631888e0
ceq-TiCo-5-386,ceq-TiCo-N386-N5-3c-D3h,"3,6",ceq,N386,TiCo,True,16,True,"77,120,160,200,233,253,273,298",,True,True,ceq-TiCo-5-386,TiCo/3-c/ceq-TiCo-5-386.cif,legacy_H2_mapped_to_new_name,ceq-TiCo-N386-N5-3c-D3h_UFF4MOF_cell_bonded,TiCo/3-c/ceq-TiCo-5-386.cif,24240,03fe0298affd4b371296be55145c71b015d9071e90f0827fb5c3ac98f856ac29
ceq-TiCo-4-410,ceq-TiCo-N410-N9-3c-D3,"3,6",ceq,N410,TiCo,True,16,True,"77,120,160,200,233,253,273,298",,True,True,ceq-TiCo-4-410,TiCo/3-c/ceq-TiCo-4-410.cif,legacy_H2_mapped_to_new_name,ceq-TiCo-N410-N9-3c-D3_UFF4MOF_cell_bonded,TiCo/3-c/ceq-TiCo-4-410.cif,149133,99fe5ced439e11900f430342029d97d29e067704e8dc24e524115e155de7b84e
ceq-TiCo-11-516,ceq-TiCo-N516-N24-3c-C3,"3,6",ceq,N516,TiCo,True,16,True,"77,120,160,200,233,253,273,298",,True,True,ceq-TiCo-11-516,TiCo/3-c/ceq-TiCo-11-516.cif,legacy_H2_mapped_to_new_name,ceq-TiCo-N516-N24-3c-C3_UFF4MOF_cell_bonded,TiCo/3-c/ceq-TiCo-11-516.cif,156347,74c178ce871094a7203d5fae34082deff08fda7008a7bd4a7f7fdf1fa4f68fb7
ceq-TiCo-7-592,ceq-TiCo-N592-N6-3c-D3h,"3,6",ceq,N592,TiCo,True,16,True,"77,120,160,200,233,253,273,298",,True,True,ceq-TiCo-7-592,TiCo/3-c/ceq-TiCo-7-592.cif,legacy_H2_mapped_to_new_name,ceq-TiCo-N592-N6-3c-D3h_UFF4MOF_cell_bonded,TiCo/3-c/ceq-TiCo-7-592.cif,313470,54e3b30808d26b59a4ba5eb8cf82d4af88e22ada71050afa5029945d1267b5be
ceq-TiCo-12-639,ceq-TiCo-N639-N7-3c-D3h,"3,6",ceq,N639,TiCo,True,16,True,"77,120,160,200,233,253,273,298",,True,True,ceq-TiCo-12-639,TiCo/3-c/ceq-TiCo-12-639.cif,legacy_H2_mapped_to_new_name,ceq-TiCo-N639-N7-3c-D3h_UFF4MOF_cell_bonded,TiCo/3-c/ceq-TiCo-12-639.cif,136848,eab831eb53da29bd8851034304922282bc9df1e73e3bfda59a08057ade89aea3
ceq-TiCo-TATB,ceq-TiCo-TATB,"3,6",ceq,TATB,TiCo,True,15,False,"77,120,160,200,233,253,273,298",77K/100bar,True,False,ceq-TiCo-TATB,TiCo/TATB/ceq-TiCo-TATB.cif,new_H2,ceq-TiCo-TATB,TiCo/TATB/ceq-TiCo-TATB.cif,156592,77ac069950c79edf0c91fae87d6958b3180fc9310b37a7fc9dadb24e4fa1e744
ceq-TiMg-1-10,ceq-TiMg-N10-N1-3c-D3h,"3,6",ceq,N10,TiMg,True,16,True,"77,120,160,200,233,253,273,298",,True,True,ceq-TiMg-1-10,TiMg/3-c/ceq-TiMg-1-10.cif,legacy_H2_mapped_to_new_name,ceq-TiMg-N10-N1-3c-D3h_UFF4MOF_cell_bonded,TiMg/3-c/ceq-TiMg-1-10.cif,109765,d5ae26224a0387f472fe8ae7df8e561c8d918b16efa9444a413be364eab1e1ad
ceq-TiMg-13-126,ceq-TiMg-N126-N11-3c-C3h,"3,6",ceq,N126,TiMg,True,16,True,"77,120,160,200,233,253,273,298",,True,True,ceq-TiMg-13-126,TiMg/3-c/ceq-TiMg-13-126.cif,legacy_H2_mapped_to_new_name,ceq-TiMg-N126-N11-3c-C3h_UFF4MOF_cell_bonded,TiMg/3-c/ceq-TiMg-13-126.cif,26828,3a636a24a0458572f0ed36de9ea937d46b60ac79f9ce1b2f9845fc8bad9b6d97
ceq-TiMg-9-130,ceq-TiMg-N130-N10-3c-C3v,"3,6",ceq,N130,TiMg,True,16,True,"77,120,160,200,233,253,273,298",,True,True,ceq-TiMg-9-130,TiMg/3-c/ceq-TiMg-9-130.cif,legacy_H2_mapped_to_new_name,ceq-TiMg-N130-N10-3c-C3v_UFF4MOF_cell_bonded,TiMg/3-c/ceq-TiMg-9-130.cif,118672,7936e7c233b8076abcbb6b9ff166320134d3d3f7db1dbc2074b3fcdcb7de27f2
ceq-TiMg-2-19,ceq-TiMg-N19-N2-3c-D3h,"3,6",ceq,N19,TiMg,True,16,True,"77,120,160,200,233,253,273,298",,True,True,ceq-TiMg-2-19,TiMg/3-c/ceq-TiMg-2-19.cif,legacy_H2_mapped_to_new_name,ceq-TiMg-N19-N2-3c-D3h_UFF4MOF_cell_bonded,TiMg/3-c/ceq-TiMg-2-19.cif,94546,2754d73f17ecd2a42183c4e098ddc7950b66028f67cf191e9e8b776f11f3301f
ceq-TiMg-3-20,ceq-TiMg-N20-N3-3c-D3h,"3,6",ceq,N20,TiMg,True,16,True,"77,120,160,200,233,253,273,298",,True,True,ceq-TiMg-3-20,TiMg/3-c/ceq-TiMg-3-20.cif,legacy_H2_mapped_to_new_name,ceq-TiMg-N20-N3-3c-D3h_UFF4MOF_cell_bonded,TiMg/3-c/ceq-TiMg-3-20.cif,164373,4aff5e1f86738c62dafe1b6f2f8849f9d6d84afd9a85db4ffd5f35fe1f2a5ad2
ceq-TiMg-6-225,ceq-TiMg-N225-N4-3c-D3h,"3,6",ceq,N225,TiMg,True,16,True,"77,120,160,200,233,253,273,298",,True,True,ceq-TiMg-6-225,TiMg/3-c/ceq-TiMg-6-225.cif,legacy_H2_mapped_to_new_name,ceq-TiMg-N225-N4-3c-D3h_UFF4MOF_cell_bonded,TiMg/3-c/ceq-TiMg-6-225.cif,155302,f6598bd628ffa1fb8d9c8f5a5abe24676cf5cb780ba68b09e1b6e3315cf90052
ceq-TiMg-10-333,ceq-TiMg-N333-N8-3c-D3,"3,6",ceq,N333,TiMg,True,16,True,"77,120,160,200,233,253,273,298",,True,True,ceq-TiMg-10-333,TiMg/3-c/ceq-TiMg-10-333.cif,legacy_H2_mapped_to_new_name,ceq-TiMg-N333-N8-3c-D3_UFF4MOF_cell_bonded,TiMg/3-c/ceq-TiMg-10-333.cif,152403,29339faa1b4863af51668444b087b69ba1a3dae125d279843a73330890dde50f
ceq-TiMg-5-386,ceq-TiMg-N386-N5-3c-D3h,"3,6",ceq,N386,TiMg,True,16,True,"77,120,160,200,233,253,273,298",,True,True,ceq-TiMg-5-386,TiMg/3-c/ceq-TiMg-5-386.cif,legacy_H2_mapped_to_new_name,ceq-TiMg-N386-N5-3c-D3h_UFF4MOF_cell_bonded,TiMg/3-c/ceq-TiMg-5-386.cif,24240,5de6cbe52a7fe6d8660f0bede180dc8750b7a2df0ee5633ceaffbd5f7aab560b
ceq-TiMg-4-410,ceq-TiMg-N410-N9-3c-D3,"3,6",ceq,N410,TiMg,True,16,True,"77,120,160,200,233,253,273,298",,True,True,ceq-TiMg-4-410,TiMg/3-c/ceq-TiMg-4-410.cif,legacy_H2_mapped_to_new_name,ceq-TiMg-N410-N9-3c-D3_UFF4MOF_cell_bonded,TiMg/3-c/ceq-TiMg-4-410.cif,149133,578163bbae17068c0ff44a059ea49dd39c66547bb98731b15825558738dcd2c0
ceq-TiMg-11-516,ceq-TiMg-N516-N24-3c-C3,"3,6",ceq,N516,TiMg,True,16,True,"77,120,160,200,233,253,273,298",,True,True,ceq-TiMg-11-516,TiMg/3-c/ceq-TiMg-11-516.cif,legacy_H2_mapped_to_new_name,ceq-TiMg-N516-N24-3c-C3_UFF4MOF_cell_bonded,TiMg/3-c/ceq-TiMg-11-516.cif,156347,3566380abdd46395b7548a04dda82fabb6d7fa0532f4e2074fd4c3d9abba90e0
ceq-TiMg-7-592,ceq-TiMg-N592-N6-3c-D3h,"3,6",ceq,N592,TiMg,True,16,True,"77,120,160,200,233,253,273,298",,True,True,ceq-TiMg-7-592,TiMg/3-c/ceq-TiMg-7-592.cif,legacy_H2_mapped_to_new_name,ceq-TiMg-N592-N6-3c-D3h_UFF4MOF_cell_bonded,TiMg/3-c/ceq-TiMg-7-592.cif,313462,ecca94a6f22b8671505b10f21eb0c9faa1e0e355136bcd52195c608937083d60
ceq-TiMg-12-639,ceq-TiMg-N639-N7-3c-D3h,"3,6",ceq,N639,TiMg,True,16,True,"77,120,160,200,233,253,273,298",,True,True,ceq-TiMg-12-639,TiMg/3-c/ceq-TiMg-12-639.cif,legacy_H2_mapped_to_new_name,ceq-TiMg-N639-N7-3c-D3h_UFF4MOF_cell_bonded,TiMg/3-c/ceq-TiMg-12-639.cif,136848,c7c4be60382f8e9a6343c5ed111c8db28828da11b212a53883d7b157bb30f9b0
ceq-TiMg-TATB,ceq-TiMg-TATB,"3,6",ceq,TATB,TiMg,True,15,False,"77,120,160,200,233,253,273,298",77K/100bar,True,False,ceq-TiMg-TATB,TiMg/TATB/ceq-TiMg-TATB.cif,new_H2,ceq-TiMg-TATB,TiMg/TATB/ceq-TiMg-TATB.cif,157957,bf4c57971b8c3a1d7028141c47788e5e8bd2c1eb92a4743513689d7b21f1bdc3
ceq-TiNi-1-10,ceq-TiNi-N10-N1-3c-D3h,"3,6",ceq,N10,TiNi,True,16,True,"77,120,160,200,233,253,273,298",,True,True,ceq-TiNi-1-10,TiNi/3-c/ceq-TiNi-1-10.cif,legacy_H2_mapped_to_new_name,ceq-TiNi-N10-N1-3c-D3h_UFF4MOF_cell_bonded,TiNi/3-c/ceq-TiNi-1-10.cif,109765,959908f79148b690a6deadf34a454dac4fbdda2db2a684853056cfa37bed0437
ceq-TiNi-13-126,ceq-TiNi-N126-N11-3c-C3h,"3,6",ceq,N126,TiNi,True,16,True,"77,120,160,200,233,253,273,298",,True,True,ceq-TiNi-13-126,TiNi/3-c/ceq-TiNi-13-126.cif,legacy_H2_mapped_to_new_name,ceq-TiNi-N126-N11-3c-C3h_UFF4MOF_cell_bonded,TiNi/3-c/ceq-TiNi-13-126.cif,26828,2ab3658b0504b89a850ca76d24b3b718916283dd87898099b4c57584060eec3a
ceq-TiNi-9-130,ceq-TiNi-N130-N10-3c-C3v,"3,6",ceq,N130,TiNi,True,16,True,"77,120,160,200,233,253,273,298",,True,True,ceq-TiNi-9-130,TiNi/3-c/ceq-TiNi-9-130.cif,legacy_H2_mapped_to_new_name,ceq-TiNi-N130-N10-3c-C3v_UFF4MOF_cell_bonded,TiNi/3-c/ceq-TiNi-9-130.cif,118680,1fd0d461afeed8c86bd9356b0bd0aa4887e0d3135671d4ca1ed057b19978e98f
ceq-TiNi-2-19,ceq-TiNi-N19-N2-3c-D3h,"3,6",ceq,N19,TiNi,True,16,True,"77,120,160,200,233,253,273,298",,True,True,ceq-TiNi-2-19,TiNi/3-c/ceq-TiNi-2-19.cif,legacy_H2_mapped_to_new_name,ceq-TiNi-N19-N2-3c-D3h_UFF4MOF_cell_bonded,TiNi/3-c/ceq-TiNi-2-19.cif,94546,05ec19c50c5cc025d9ce9fdf9dc0c310b7c4d0252a894438d90f17672d0f7646
ceq-TiNi-3-20,ceq-TiNi-N20-N3-3c-D3h,"3,6",ceq,N20,TiNi,True,16,True,"77,120,160,200,233,253,273,298",,True,True,ceq-TiNi-3-20,TiNi/3-c/ceq-TiNi-3-20.cif,legacy_H2_mapped_to_new_name,ceq-TiNi-N20-N3-3c-D3h_UFF4MOF_cell_bonded,TiNi/3-c/ceq-TiNi-3-20.cif,164373,fe8fd621566a800ede6803991d652c9758c8cf50c9768ec9bdb44d6ec9a8922f
ceq-TiNi-6-225,ceq-TiNi-N225-N4-3c-D3h,"3,6",ceq,N225,TiNi,True,16,True,"77,120,160,200,233,253,273,298",,True,True,ceq-TiNi-6-225,TiNi/3-c/ceq-TiNi-6-225.cif,legacy_H2_mapped_to_new_name,ceq-TiNi-N225-N4-3c-D3h_UFF4MOF_cell_bonded,TiNi/3-c/ceq-TiNi-6-225.cif,155302,eee649b57b505ef971166b501fb26a2d46e53efa26ff5dc3a076eaf9dd4ca785
ceq-TiNi-10-333,ceq-TiNi-N333-N8-3c-D3,"3,6",ceq,N333,TiNi,True,16,True,"77,120,160,200,233,253,273,298",,True,True,ceq-TiNi-10-333,TiNi/3-c/ceq-TiNi-10-333.cif,legacy_H2_mapped_to_new_name,ceq-TiNi-N333-N8-3c-D3_UFF4MOF_cell_bonded,TiNi/3-c/ceq-TiNi-10-333.cif,152411,4e899c7cc33e2a3bd4d64cf29a32b1441e2bd6e114d3bb48e8e00a3dea399778
ceq-TiNi-5-386,ceq-TiNi-N386-N5-3c-D3h,"3,6",ceq,N386,TiNi,True,16,True,"77,120,160,200,233,253,273,298",,True,True,ceq-TiNi-5-386,TiNi/3-c/ceq-TiNi-5-386.cif,legacy_H2_mapped_to_new_name,ceq-TiNi-N386-N5-3c-D3h_UFF4MOF_cell_bonded,TiNi/3-c/ceq-TiNi-5-386.cif,24240,4df1e0ea4f1dbfd8dc0ed4439cf597920827db0f123dd1d8e8b7ce595c6347cc
ceq-TiNi-4-410,ceq-TiNi-N410-N9-3c-D3,"3,6",ceq,N410,TiNi,True,16,True,"77,120,160,200,233,253,273,298",,True,True,ceq-TiNi-4-410,TiNi/3-c/ceq-TiNi-4-410.cif,legacy_H2_mapped_to_new_name,ceq-TiNi-N410-N9-3c-D3_UFF4MOF_cell_bonded,TiNi/3-c/ceq-TiNi-4-410.cif,149133,f55b87927439e731b0377d58a808dac451d8fc6a61e2fe18988e7532a34c2aef
ceq-TiNi-11-516,ceq-TiNi-N516-N24-3c-C3,"3,6",ceq,N516,TiNi,True,16,True,"77,120,160,200,233,253,273,298",,True,True,ceq-TiNi-11-516,TiNi/3-c/ceq-TiNi-11-516.cif,legacy_H2_mapped_to_new_name,ceq-TiNi-N516-N24-3c-C3_UFF4MOF_cell_bonded,TiNi/3-c/ceq-TiNi-11-516.cif,156347,37f6d0d5583312b23ca2833e7dc43b1c7029aa324474f6ae79897382e6a137dd
ceq-TiNi-7-592,ceq-TiNi-N592-N6-3c-D3h,"3,6",ceq,N592,TiNi,True,16,True,"77,120,160,200,233,253,273,298",,True,True,ceq-TiNi-7-592,TiNi/3-c/ceq-TiNi-7-592.cif,legacy_H2_mapped_to_new_name,ceq-TiNi-N592-N6-3c-D3h_UFF4MOF_cell_bonded,TiNi/3-c/ceq-TiNi-7-592.cif,313462,c540af39dc14e0f43d549a2ba83d4c554e69c4ad8ab4d60e400b018f28be6186
ceq-TiNi-12-639,ceq-TiNi-N639-N7-3c-D3h,"3,6",ceq,N639,TiNi,True,16,True,"77,120,160,200,233,253,273,298",,True,True,ceq-TiNi-12-639,TiNi/3-c/ceq-TiNi-12-639.cif,legacy_H2_mapped_to_new_name,ceq-TiNi-N639-N7-3c-D3h_UFF4MOF_cell_bonded,TiNi/3-c/ceq-TiNi-12-639.cif,136848,d9f5ba687089e25bf942398a55256a201667ef8a17ab8c003c851cf8a685dfc5
ceq-TiNi-TATB,ceq-TiNi-TATB,"3,6",ceq,TATB,TiNi,True,14,False,"77,120,160,200,233,253,273,298",77K/100bar;120K/100bar,True,False,ceq-TiNi-TATB,TiNi/TATB/ceq-TiNi-TATB.cif,new_H2,ceq-TiNi-TATB,TiNi/TATB/ceq-TiNi-TATB.cif,154309,43d5391a4aa43d70d55df153009c9e309732ec1865a6f10322737d9edd063ee3
cml-TiCo-1-10,cml-TiCo-N10-N1-3c-D3h,"3,6",cml,N10,TiCo,True,16,True,"77,120,160,200,233,253,273,298",,True,True,cml-TiCo-1-10,TiCo/3-c/cml-TiCo-1-10.cif,legacy_H2_mapped_to_new_name,cml-TiCo-N10-N1-3c-D3h_UFF4MOF_cell_bonded,TiCo/3-c/cml-TiCo-1-10.cif,147476,9d7eba757e34b453a92794e45e8a4b6aae743ca41a104476557ca198dcbc4d43
cml-TiCo-13-126,cml-TiCo-N126-N11-3c-C3h,"3,6",cml,N126,TiCo,True,16,True,"77,120,160,200,233,253,273,298",,True,True,cml-TiCo-13-126,TiCo/3-c/cml-TiCo-13-126.cif,legacy_H2_mapped_to_new_name,cml-TiCo-N126-N11-3c-C3h_UFF4MOF_cell_bonded,TiCo/3-c/cml-TiCo-13-126.cif,35562,53601c9a442f5e5eca60173327b285adc48da6d76a4a9a05be7f1b5c6d180706
cml-TiCo-9-130,cml-TiCo-N130-N10-3c-C3v,"3,6",cml,N130,TiCo,True,16,True,"77,120,160,200,233,253,273,298",,True,True,cml-TiCo-9-130,TiCo/3-c/cml-TiCo-9-130.cif,legacy_H2_mapped_to_new_name,cml-TiCo-N130-N10-3c-C3v_UFF4MOF_cell_bonded,TiCo/3-c/cml-TiCo-9-130.cif,159294,e8ba3e5d56e0ad55a8481e8eb2c6e36f79defa70014332f57e56b5b5b251a020
cml-TiCo-2-19,cml-TiCo-N19-N2-3c-D3h,"3,6",cml,N19,TiCo,True,16,True,"77,120,160,200,233,253,273,298",,True,True,cml-TiCo-2-19,TiCo/3-c/cml-TiCo-2-19.cif,legacy_H2_mapped_to_new_name,cml-TiCo-N19-N2-3c-D3h_UFF4MOF_cell_bonded,TiCo/3-c/cml-TiCo-2-19.cif,127200,505ae21fdd28a1323dfd932c7e7ead42633903fcc232c7662068ed88c7dda57c
cml-TiCo-3-20,cml-TiCo-N20-N3-3c-D3h,"3,6",cml,N20,TiCo,True,16,True,"77,120,160,200,233,253,273,298",,True,True,cml-TiCo-3-20,TiCo/3-c/cml-TiCo-3-20.cif,legacy_H2_mapped_to_new_name,cml-TiCo-N20-N3-3c-D3h_UFF4MOF_cell_bonded,TiCo/3-c/cml-TiCo-3-20.cif,145794,2b4af822c6171f116ec1236d17d94b0da0ac252e71884e5a7b08ada3318eff9d
cml-TiCo-6-225,cml-TiCo-N225-N4-3c-D3h,"3,6",cml,N225,TiCo,True,16,True,"77,120,160,200,233,253,273,298",,True,True,cml-TiCo-6-225,TiCo/3-c/cml-TiCo-6-225.cif,legacy_H2_mapped_to_new_name,cml-TiCo-N225-N4-3c-D3h_UFF4MOF_cell_bonded,TiCo/3-c/cml-TiCo-6-225.cif,208246,0c2ae766203d19ca7efe8806f38fbf8f64eb9eafeacad54608d8370eec1bd5c1
cml-TiCo-10-333,cml-TiCo-N333-N8-3c-D3,"3,6",cml,N333,TiCo,True,16,True,"77,120,160,200,233,253,273,298",,True,True,cml-TiCo-10-333,TiCo/3-c/cml-TiCo-10-333.cif,legacy_H2_mapped_to_new_name,cml-TiCo-N333-N8-3c-D3_UFF4MOF_cell_bonded,TiCo/3-c/cml-TiCo-10-333.cif,204911,9f82daacb5ed6d0ffd8dc4d27a51a7b5c341f75733d8a98c26924d323d22680c
cml-TiCo-5-386,cml-TiCo-N386-N5-3c-D3h,"3,6",cml,N386,TiCo,True,16,True,"77,120,160,200,233,253,273,298",,True,True,cml-TiCo-5-386,TiCo/3-c/cml-TiCo-5-386.cif,legacy_H2_mapped_to_new_name,cml-TiCo-N386-N5-3c-D3h_UFF4MOF_cell_bonded,TiCo/3-c/cml-TiCo-5-386.cif,32287,18597378e8f3a75872f0756d9c84f8637b6dd9d98569a5b46ebecaa420d12305
cml-TiCo-4-410,cml-TiCo-N410-N9-3c-D3,"3,6",cml,N410,TiCo,True,16,True,"77,120,160,200,233,253,273,298",,True,True,cml-TiCo-4-410,TiCo/3-c/cml-TiCo-4-410.cif,legacy_H2_mapped_to_new_name,cml-TiCo-N410-N9-3c-D3_UFF4MOF_cell_bonded,TiCo/3-c/cml-TiCo-4-410.cif,200033,c85fbf4dca157897bf89f2afde19aebd80879766b334d66aa032ec8e510bb16d
cml-TiCo-11-516,cml-TiCo-N516-N24-3c-C3,"3,6",cml,N516,TiCo,True,16,True,"77,120,160,200,233,253,273,298",,True,True,cml-TiCo-11-516,TiCo/3-c/cml-TiCo-11-516.cif,legacy_H2_mapped_to_new_name,cml-TiCo-N516-N24-3c-C3_UFF4MOF_cell_bonded,TiCo/3-c/cml-TiCo-11-516.cif,209446,89ee43374cacf85eeb1168041d69ccd51314c31ce817022821b777905a2424fa
cml-TiCo-7-592,cml-TiCo-N592-N6-3c-D3h,"3,6",cml,N592,TiCo,True,16,True,"77,120,160,200,233,253,273,298",,True,True,cml-TiCo-7-592,TiCo/3-c/cml-TiCo-7-592.cif,legacy_H2_mapped_to_new_name,cml-TiCo-N592-N6-3c-D3h_UFF4MOF_cell_bonded,TiCo/3-c/cml-TiCo-7-592.cif,102501,26a6e7d5bb2cb3f633c672ad706bdc7c73b21f7bf8e4633aee3e9fddffd39f80
cml-TiCo-12-639,cml-TiCo-N639-N7-3c-D3h,"3,6",cml,N639,TiCo,True,16,True,"77,120,160,200,233,253,273,298",,True,True,cml-TiCo-12-639,TiCo/3-c/cml-TiCo-12-639.cif,legacy_H2_mapped_to_new_name,cml-TiCo-N639-N7-3c-D3h_UFF4MOF_cell_bonded,TiCo/3-c/cml-TiCo-12-639.cif,183575,7fc375f086c5740e1990e8c78137b20e7364d76841ebee0e930cd8c225363d42
cml-TiCo-TATB,cml-TiCo-TATB,"3,6",cml,TATB,TiCo,True,16,True,"77,120,160,200,233,253,273,298",,True,True,cml-TiCo-TATB,TiCo/TATB/cml-TiCo-TATB.cif,new_H2,cml-TiCo-TATB,TiCo/TATB/cml-TiCo-TATB.cif,52374,fba625d4ecc66550a817d03f53654ef5765f13516ab0d92b6388cb257e0ed9d2
cml-TiMg-1-10,cml-TiMg-N10-N1-3c-D3h,"3,6",cml,N10,TiMg,True,16,True,"77,120,160,200,233,253,273,298",,True,True,cml-TiMg-1-10,TiMg/3-c/cml-TiMg-1-10.cif,legacy_H2_mapped_to_new_name,cml-TiMg-N10-N1-3c-D3h_UFF4MOF_cell_bonded,TiMg/3-c/cml-TiMg-1-10.cif,147476,cc1331f037192567b849de55c605ecdb805c6ed00f9b6fdd9d62b212c6f7e615
cml-TiMg-13-126,cml-TiMg-N126-N11-3c-C3h,"3,6",cml,N126,TiMg,True,16,True,"77,120,160,200,233,253,273,298",,True,True,cml-TiMg-13-126,TiMg/3-c/cml-TiMg-13-126.cif,legacy_H2_mapped_to_new_name,cml-TiMg-N126-N11-3c-C3h_UFF4MOF_cell_bonded,TiMg/3-c/cml-TiMg-13-126.cif,35562,09c801f34cdd129919ac6d8405084ab1ba463d6b950fa6d860779d0cb4aef8fe
cml-TiMg-9-130,cml-TiMg-N130-N10-3c-C3v,"3,6",cml,N130,TiMg,True,16,True,"77,120,160,200,233,253,273,298",,True,True,cml-TiMg-9-130,TiMg/3-c/cml-TiMg-9-130.cif,legacy_H2_mapped_to_new_name,cml-TiMg-N130-N10-3c-C3v_UFF4MOF_cell_bonded,TiMg/3-c/cml-TiMg-9-130.cif,159294,1ed03632aab7b91681e73d880036354d492fbf6960661dc54f70ae9895a27765
cml-TiMg-2-19,cml-TiMg-N19-N2-3c-D3h,"3,6",cml,N19,TiMg,True,16,True,"77,120,160,200,233,253,273,298",,True,True,cml-TiMg-2-19,TiMg/3-c/cml-TiMg-2-19.cif,legacy_H2_mapped_to_new_name,cml-TiMg-N19-N2-3c-D3h_UFF4MOF_cell_bonded,TiMg/3-c/cml-TiMg-2-19.cif,127200,4de81d02db034b203c29c2ebad37e46dffbeb2d6a3653ae452640b476eb35915
cml-TiMg-3-20,cml-TiMg-N20-N3-3c-D3h,"3,6",cml,N20,TiMg,True,16,True,"77,120,160,200,233,253,273,298",,True,True,cml-TiMg-3-20,TiMg/3-c/cml-TiMg-3-20.cif,legacy_H2_mapped_to_new_name,cml-TiMg-N20-N3-3c-D3h_UFF4MOF_cell_bonded,TiMg/3-c/cml-TiMg-3-20.cif,145794,bacbc05c52716a423880e06f98b88a1c450310d12a8a1beb8543a123ab54a06a
cml-TiMg-6-225,cml-TiMg-N225-N4-3c-D3h,"3,6",cml,N225,TiMg,True,16,True,"77,120,160,200,233,253,273,298",,True,True,cml-TiMg-6-225,TiMg/3-c/cml-TiMg-6-225.cif,legacy_H2_mapped_to_new_name,cml-TiMg-N225-N4-3c-D3h_UFF4MOF_cell_bonded,TiMg/3-c/cml-TiMg-6-225.cif,208246,7ecb56001d885109a9d60ad3b2de04d4ff754ea8c0d44b042db632d9a0f89ced
cml-TiMg-10-333,cml-TiMg-N333-N8-3c-D3,"3,6",cml,N333,TiMg,True,16,True,"77,120,160,200,233,253,273,298",,True,True,cml-TiMg-10-333,TiMg/3-c/cml-TiMg-10-333.cif,legacy_H2_mapped_to_new_name,cml-TiMg-N333-N8-3c-D3_UFF4MOF_cell_bonded,TiMg/3-c/cml-TiMg-10-333.cif,204911,5fb548ac18db46606655ca14b31154e4edfc0d469dc3f36cefcd84f454daab3b
cml-TiMg-5-386,cml-TiMg-N386-N5-3c-D3h,"3,6",cml,N386,TiMg,True,16,True,"77,120,160,200,233,253,273,298",,True,True,cml-TiMg-5-386,TiMg/3-c/cml-TiMg-5-386.cif,legacy_H2_mapped_to_new_name,cml-TiMg-N386-N5-3c-D3h_UFF4MOF_cell_bonded,TiMg/3-c/cml-TiMg-5-386.cif,32335,b58ce634f4789c7768d7215d319f96dce42f536f3cd5deb9146e6c2f34d92590
cml-TiMg-4-410,cml-TiMg-N410-N9-3c-D3,"3,6",cml,N410,TiMg,True,16,True,"77,120,160,200,233,253,273,298",,True,True,cml-TiMg-4-410,TiMg/3-c/cml-TiMg-4-410.cif,legacy_H2_mapped_to_new_name,cml-TiMg-N410-N9-3c-D3_UFF4MOF_cell_bonded,TiMg/3-c/cml-TiMg-4-410.cif,200033,5fc7e1e3767ff7e72b894d764fa3a6b6c80dd78762fa8bd3c5a5408011c7d4af
cml-TiMg-11-516,cml-TiMg-N516-N24-3c-C3,"3,6",cml,N516,TiMg,True,16,True,"77,120,160,200,233,253,273,298",,True,True,cml-TiMg-11-516,TiMg/3-c/cml-TiMg-11-516.cif,legacy_H2_mapped_to_new_name,cml-TiMg-N516-N24-3c-C3_UFF4MOF_cell_bonded,TiMg/3-c/cml-TiMg-11-516.cif,209446,7283fcbcdb0e28ebed28704cc00291f6652322323b88a94d6c43d89e184d6140
cml-TiMg-7-592,cml-TiMg-N592-N6-3c-D3h,"3,6",cml,N592,TiMg,True,16,True,"77,120,160,200,233,253,273,298",,True,True,cml-TiMg-7-592,TiMg/3-c/cml-TiMg-7-592.cif,legacy_H2_mapped_to_new_name,cml-TiMg-N592-N6-3c-D3h_UFF4MOF_cell_bonded,TiMg/3-c/cml-TiMg-7-592.cif,102501,2e500db0447d50df24720d4f6134fa4b8eb56851c438a8870d16e48cb0617537
cml-TiMg-12-639,cml-TiMg-N639-N7-3c-D3h,"3,6",cml,N639,TiMg,True,16,True,"77,120,160,200,233,253,273,298",,True,True,cml-TiMg-12-639,TiMg/3-c/cml-TiMg-12-639.cif,legacy_H2_mapped_to_new_name,cml-TiMg-N639-N7-3c-D3h_UFF4MOF_cell_bonded,TiMg/3-c/cml-TiMg-12-639.cif,183575,40e59e066e1fb25889b0d41a8d7ae3063a42424403447cd96ffa9bffcd68da72
cml-TiMg-TATB,cml-TiMg-TATB,"3,6",cml,TATB,TiMg,True,16,True,"77,120,160,200,233,253,273,298",,True,True,cml-TiMg-TATB,TiMg/TATB/cml-TiMg-TATB.cif,new_H2,cml-TiMg-TATB,TiMg/TATB/cml-TiMg-TATB.cif,51753,f911a2cdeaca45b182b856da9b44312b78745566a95bfe3e78ad55f2dae6f3d8
cml-TiNi-1-10,cml-TiNi-N10-N1-3c-D3h,"3,6",cml,N10,TiNi,True,16,True,"77,120,160,200,233,253,273,298",,True,True,cml-TiNi-1-10,TiNi/3-c/cml-TiNi-1-10.cif,legacy_H2_mapped_to_new_name,cml-TiNi-N10-N1-3c-D3h_UFF4MOF_cell_bonded,TiNi/3-c/cml-TiNi-1-10.cif,147476,e15f9f6f62f7113bc8a6a386cddaf2f6ee6700c5f77c6e8e77bf7bb011e0088e
cml-TiNi-13-126,cml-TiNi-N126-N11-3c-C3h,"3,6",cml,N126,TiNi,True,16,True,"77,120,160,200,233,253,273,298",,True,True,cml-TiNi-13-126,TiNi/3-c/cml-TiNi-13-126.cif,legacy_H2_mapped_to_new_name,cml-TiNi-N126-N11-3c-C3h_UFF4MOF_cell_bonded,TiNi/3-c/cml-TiNi-13-126.cif,35562,95672331d6b240bd58a69f83d95c7e558320ad4598121afd88f2c153d3a5ff70
cml-TiNi-9-130,cml-TiNi-N130-N10-3c-C3v,"3,6",cml,N130,TiNi,True,16,True,"77,120,160,200,233,253,273,298",,True,True,cml-TiNi-9-130,TiNi/3-c/cml-TiNi-9-130.cif,legacy_H2_mapped_to_new_name,cml-TiNi-N130-N10-3c-C3v_UFF4MOF_cell_bonded,TiNi/3-c/cml-TiNi-9-130.cif,159294,d511737aacf2592dcd69af09ee03f3cdb11b709013867afa292102f77c34d052
cml-TiNi-2-19,cml-TiNi-N19-N2-3c-D3h,"3,6",cml,N19,TiNi,True,16,True,"77,120,160,200,233,253,273,298",,True,True,cml-TiNi-2-19,TiNi/3-c/cml-TiNi-2-19.cif,legacy_H2_mapped_to_new_name,cml-TiNi-N19-N2-3c-D3h_UFF4MOF_cell_bonded,TiNi/3-c/cml-TiNi-2-19.cif,127200,e26f6149e6f08f03a917406c71ac08e2e065fb7af75b9d739ad993c21884d16c
cml-TiNi-3-20,cml-TiNi-N20-N3-3c-D3h,"3,6",cml,N20,TiNi,True,16,True,"77,120,160,200,233,253,273,298",,True,True,cml-TiNi-3-20,TiNi/3-c/cml-TiNi-3-20.cif,legacy_H2_mapped_to_new_name,cml-TiNi-N20-N3-3c-D3h_UFF4MOF_cell_bonded,TiNi/3-c/cml-TiNi-3-20.cif,145794,b502a5bf022cd3aa4255e9dacf07598529ed0a166c0fe7e88b2b45549560cc0d
cml-TiNi-6-225,cml-TiNi-N225-N4-3c-D3h,"3,6",cml,N225,TiNi,True,16,True,"77,120,160,200,233,253,273,298",,True,True,cml-TiNi-6-225,TiNi/3-c/cml-TiNi-6-225.cif,legacy_H2_mapped_to_new_name,cml-TiNi-N225-N4-3c-D3h_UFF4MOF_cell_bonded,TiNi/3-c/cml-TiNi-6-225.cif,208246,ccbf5df24b9800a69a944d20fc2fd6e40bdfa9d7f17a9f40cbff1623129ab1b7
cml-TiNi-10-333,cml-TiNi-N333-N8-3c-D3,"3,6",cml,N333,TiNi,True,16,True,"77,120,160,200,233,253,273,298",,True,True,cml-TiNi-10-333,TiNi/3-c/cml-TiNi-10-333.cif,legacy_H2_mapped_to_new_name,cml-TiNi-N333-N8-3c-D3_UFF4MOF_cell_bonded,TiNi/3-c/cml-TiNi-10-333.cif,204911,40a4307c1d22a3b7b51d7d2db0f123e85d5723fb6edf9a028e8dde9b28d8cf35
cml-TiNi-5-386,cml-TiNi-N386-N5-3c-D3h,"3,6",cml,N386,TiNi,True,16,True,"77,120,160,200,233,253,273,298",,True,True,cml-TiNi-5-386,TiNi/3-c/cml-TiNi-5-386.cif,legacy_H2_mapped_to_new_name,cml-TiNi-N386-N5-3c-D3h_UFF4MOF_cell_bonded,TiNi/3-c/cml-TiNi-5-386.cif,32335,2c40732d4408639f7cba04a31815e9907c96d2c5994c2c3f6853cff79fadff2f
cml-TiNi-4-410,cml-TiNi-N410-N9-3c-D3,"3,6",cml,N410,TiNi,True,16,True,"77,120,160,200,233,253,273,298",,True,True,cml-TiNi-4-410,TiNi/3-c/cml-TiNi-4-410.cif,legacy_H2_mapped_to_new_name,cml-TiNi-N410-N9-3c-D3_UFF4MOF_cell_bonded,TiNi/3-c/cml-TiNi-4-410.cif,200033,727f3e8975a13e56863b8c0c0e5e4fe08d1aeaab4f599c1696e06e4a799e5874
cml-TiNi-11-516,cml-TiNi-N516-N24-3c-C3,"3,6",cml,N516,TiNi,True,16,True,"77,120,160,200,233,253,273,298",,True,True,cml-TiNi-11-516,TiNi/3-c/cml-TiNi-11-516.cif,legacy_H2_mapped_to_new_name,cml-TiNi-N516-N24-3c-C3_UFF4MOF_cell_bonded,TiNi/3-c/cml-TiNi-11-516.cif,209446,3d4761e1595bd06573f1b2b020aee34ffc935532040328761c3df5e46814d9fb
cml-TiNi-7-592,cml-TiNi-N592-N6-3c-D3h,"3,6",cml,N592,TiNi,True,16,True,"77,120,160,200,233,253,273,298",,True,True,cml-TiNi-7-592,TiNi/3-c/cml-TiNi-7-592.cif,legacy_H2_mapped_to_new_name,cml-TiNi-N592-N6-3c-D3h_UFF4MOF_cell_bonded,TiNi/3-c/cml-TiNi-7-592.cif,102501,861c6e3d5294bf68a9e32a495c84a2fbcd4248a6ff6baa5f37c5d9a1d1efbb39
cml-TiNi-12-639,cml-TiNi-N639-N7-3c-D3h,"3,6",cml,N639,TiNi,True,16,True,"77,120,160,200,233,253,273,298",,True,True,cml-TiNi-12-639,TiNi/3-c/cml-TiNi-12-639.cif,legacy_H2_mapped_to_new_name,cml-TiNi-N639-N7-3c-D3h_UFF4MOF_cell_bonded,TiNi/3-c/cml-TiNi-12-639.cif,183575,5192215e291f5fca6566b65aada15d1e0c60a5c9742ec7c5bdeed8a6f5ca6dd3
cml-TiNi-TATB,cml-TiNi-TATB,"3,6",cml,TATB,TiNi,True,16,True,"77,120,160,200,233,253,273,298",,True,True,cml-TiNi-TATB,TiNi/TATB/cml-TiNi-TATB.cif,new_H2,cml-TiNi-TATB,TiNi/TATB/cml-TiNi-TATB.cif,50331,e2fa3c9d15b2481e84bb214dd3707ef905a80ac515aa6a818488cdafa08a255e
dag-TiCo-1-10,dag-TiCo-N10-N1-3c-D3h,"3,6",dag,N10,TiCo,True,16,True,"77,120,160,200,233,253,273,298",,True,True,dag-TiCo-1-10,TiCo/3-c/dag-TiCo-1-10.cif,legacy_H2_mapped_to_new_name,dag-TiCo-N10-N1-3c-D3h_UFF4MOF_cell_bonded,TiCo/3-c/dag-TiCo-1-10.cif,147438,87a2c0fcac19534f1b7fb3c7282295d70f2e2a7f47101bafffad7f8afbf96439
dag-TiCo-13-126,dag-TiCo-N126-N11-3c-C3h,"3,6",dag,N126,TiCo,True,16,True,"77,120,160,200,233,253,273,298",,True,True,dag-TiCo-13-126,TiCo/3-c/dag-TiCo-13-126.cif,legacy_H2_mapped_to_new_name,dag-TiCo-N126-N11-3c-C3h_UFF4MOF_cell_bonded,TiCo/3-c/dag-TiCo-13-126.cif,35660,d04b71bbc77fe09061ecad3e7d5d5753e857453fa1ea7ba8cbe1777684dea55f
dag-TiCo-9-130,dag-TiCo-N130-N10-3c-C3v,"3,6",dag,N130,TiCo,True,16,True,"77,120,160,200,233,253,273,298",,True,True,dag-TiCo-9-130,TiCo/3-c/dag-TiCo-9-130.cif,legacy_H2_mapped_to_new_name,dag-TiCo-N130-N10-3c-C3v_UFF4MOF_cell_bonded,TiCo/3-c/dag-TiCo-9-130.cif,160015,9aee075fd04d677f179124e0ea1485bc71b444a84f4860cf0befce68e0a7ebd3
dag-TiCo-2-19,dag-TiCo-N19-N2-3c-D3h,"3,6",dag,N19,TiCo,True,16,True,"77,120,160,200,233,253,273,298",,True,True,dag-TiCo-2-19,TiCo/3-c/dag-TiCo-2-19.cif,legacy_H2_mapped_to_new_name,dag-TiCo-N19-N2-3c-D3h_UFF4MOF_cell_bonded,TiCo/3-c/dag-TiCo-2-19.cif,127179,adc8a2085de18bae063881b1cc0d49dd362f7bd845f9e29dc1d75c81bf5da520
dag-TiCo-3-20,dag-TiCo-N20-N3-3c-D3h,"3,6",dag,N20,TiCo,True,16,True,"77,120,160,200,233,253,273,298",,True,True,dag-TiCo-3-20,TiCo/3-c/dag-TiCo-3-20.cif,legacy_H2_mapped_to_new_name,dag-TiCo-N20-N3-3c-D3h_UFF4MOF_cell_bonded,TiCo/3-c/dag-TiCo-3-20.cif,145752,b7eea9f8879eec9251985b28cc4b68a39bc0ce8e9771b6368ba5bd93abfaa3dd
dag-TiCo-6-225,dag-TiCo-N225-N4-3c-D3h,"3,6",dag,N225,TiCo,True,16,True,"77,120,160,200,233,253,273,298",,True,True,dag-TiCo-6-225,TiCo/3-c/dag-TiCo-6-225.cif,legacy_H2_mapped_to_new_name,dag-TiCo-N225-N4-3c-D3h_UFF4MOF_cell_bonded,TiCo/3-c/dag-TiCo-6-225.cif,208664,7f2c126fc7572cac6d4a8a88ceba6b438fa40d9203916c5acc4ab2d5e1de1418
dag-TiCo-10-333,dag-TiCo-N333-N8-3c-D3,"3,6",dag,N333,TiCo,True,16,True,"77,120,160,200,233,253,273,298",,True,True,dag-TiCo-10-333,TiCo/3-c/dag-TiCo-10-333.cif,legacy_H2_mapped_to_new_name,dag-TiCo-N333-N8-3c-D3_UFF4MOF_cell_bonded,TiCo/3-c/dag-TiCo-10-333.cif,204214,9830a7ae915108f60137984e8e5486676a9f03bf571d4ee8e47c1594f4e6ffd3
dag-TiCo-5-386,dag-TiCo-N386-N5-3c-D3h,"3,6",dag,N386,TiCo,True,16,True,"77,120,160,200,233,253,273,298",,True,True,dag-TiCo-5-386,TiCo/3-c/dag-TiCo-5-386.cif,legacy_H2_mapped_to_new_name,dag-TiCo-N386-N5-3c-D3h_UFF4MOF_cell_bonded,TiCo/3-c/dag-TiCo-5-386.cif,32226,a8208bc620f194dc10d203da67c259f8d53a6db327d2728ab0702947be5f572a
dag-TiCo-4-410,dag-TiCo-N410-N9-3c-D3,"3,6",dag,N410,TiCo,True,16,True,"77,120,160,200,233,253,273,298",,True,True,dag-TiCo-4-410,TiCo/3-c/dag-TiCo-4-410.cif,legacy_H2_mapped_to_new_name,dag-TiCo-N410-N9-3c-D3_UFF4MOF_cell_bonded,TiCo/3-c/dag-TiCo-4-410.cif,199666,4bc80e20b69c10d2138f1e0e23a9e648b05c0e6d150a2fb55d25855862252086
dag-TiCo-11-516,dag-TiCo-N516-N24-3c-C3,"3,6",dag,N516,TiCo,True,16,True,"77,120,160,200,233,253,273,298",,True,True,dag-TiCo-11-516,TiCo/3-c/dag-TiCo-11-516.cif,legacy_H2_mapped_to_new_name,dag-TiCo-N516-N24-3c-C3_UFF4MOF_cell_bonded,TiCo/3-c/dag-TiCo-11-516.cif,209453,94e2b9b7c901544567f15a9a6ea96fa8f24350fb72683fb676157e0b19c03330
dag-TiCo-7-592,dag-TiCo-N592-N6-3c-D3h,"3,6",dag,N592,TiCo,True,16,True,"77,120,160,200,233,253,273,298",,True,True,dag-TiCo-7-592,TiCo/3-c/dag-TiCo-7-592.cif,legacy_H2_mapped_to_new_name,dag-TiCo-N592-N6-3c-D3h_UFF4MOF_cell_bonded,TiCo/3-c/dag-TiCo-7-592.cif,207968,f35d309afad0a2ada8918c587d8093fc3085a4e3d6a667257d6603dd53e63e80
dag-TiCo-12-639,dag-TiCo-N639-N7-3c-D3h,"3,6",dag,N639,TiCo,True,16,True,"77,120,160,200,233,253,273,298",,True,True,dag-TiCo-12-639,TiCo/3-c/dag-TiCo-12-639.cif,legacy_H2_mapped_to_new_name,dag-TiCo-N639-N7-3c-D3h_UFF4MOF_cell_bonded,TiCo/3-c/dag-TiCo-12-639.cif,136823,d90c82c8b7afb208fc90bb020e0995ddbd3f37cc1e520662de9e2f9455692908
dag-TiCo-TATB,dag-TiCo-TATB,"3,6",dag,TATB,TiCo,True,16,True,"77,120,160,200,233,253,273,298",,True,True,dag-TiCo-TATB,TiCo/TATB/dag-TiCo-TATB.cif,new_H2,dag-TiCo-TATB,TiCo/TATB/dag-TiCo-TATB.cif,51092,f3af83c680d50071885d7dffa961dd25d780a5af21d8ec5a131978da006b2f5a
dag-TiMg-1-10,dag-TiMg-N10-N1-3c-D3h,"3,6",dag,N10,TiMg,True,16,True,"77,120,160,200,233,253,273,298",,True,True,dag-TiMg-1-10,TiMg/3-c/dag-TiMg-1-10.cif,legacy_H2_mapped_to_new_name,dag-TiMg-N10-N1-3c-D3h_UFF4MOF_cell_bonded,TiMg/3-c/dag-TiMg-1-10.cif,147714,967c89e4ff6dee6069b07da7b26b33da70c603179a46e85284b2371cc57c0d0a
dag-TiMg-13-126,dag-TiMg-N126-N11-3c-C3h,"3,6",dag,N126,TiMg,True,16,True,"77,120,160,200,233,253,273,298",,True,True,dag-TiMg-13-126,TiMg/3-c/dag-TiMg-13-126.cif,legacy_H2_mapped_to_new_name,dag-TiMg-N126-N11-3c-C3h_UFF4MOF_cell_bonded,TiMg/3-c/dag-TiMg-13-126.cif,35662,e5ec0be531dc388cf73c99fcfb797de833af632818f4916b95fe3017fdda6e20
dag-TiMg-9-130,dag-TiMg-N130-N10-3c-C3v,"3,6",dag,N130,TiMg,True,16,True,"77,120,160,200,233,253,273,298",,True,True,dag-TiMg-9-130,TiMg/3-c/dag-TiMg-9-130.cif,legacy_H2_mapped_to_new_name,dag-TiMg-N130-N10-3c-C3v_UFF4MOF_cell_bonded,TiMg/3-c/dag-TiMg-9-130.cif,159239,a11a765fd5419bc6f74149df5459ba93bea71106ea6a589870d5f4a514392a61
dag-TiMg-2-19,dag-TiMg-N19-N2-3c-D3h,"3,6",dag,N19,TiMg,True,16,True,"77,120,160,200,233,253,273,298",,True,True,dag-TiMg-2-19,TiMg/3-c/dag-TiMg-2-19.cif,legacy_H2_mapped_to_new_name,dag-TiMg-N19-N2-3c-D3h_UFF4MOF_cell_bonded,TiMg/3-c/dag-TiMg-2-19.cif,127179,7b8b94fd4f8ed6ca207e425ae5dcef791a1c4e8a0c755b15a87a9c0b15b78079
dag-TiMg-3-20,dag-TiMg-N20-N3-3c-D3h,"3,6",dag,N20,TiMg,True,16,True,"77,120,160,200,233,253,273,298",,True,True,dag-TiMg-3-20,TiMg/3-c/dag-TiMg-3-20.cif,legacy_H2_mapped_to_new_name,dag-TiMg-N20-N3-3c-D3h_UFF4MOF_cell_bonded,TiMg/3-c/dag-TiMg-3-20.cif,145768,8dda43c633f0a9e75a02cca722c30f96e3c60814b0aeb6b1c85a8091a6e31a7d
dag-TiMg-6-225,dag-TiMg-N225-N4-3c-D3h,"3,6",dag,N225,TiMg,True,16,True,"77,120,160,200,233,253,273,298",,True,True,dag-TiMg-6-225,TiMg/3-c/dag-TiMg-6-225.cif,legacy_H2_mapped_to_new_name,dag-TiMg-N225-N4-3c-D3h_UFF4MOF_cell_bonded,TiMg/3-c/dag-TiMg-6-225.cif,208664,d5f8d60ea83e6271d8ef8e99100567f306182a10d850eadb8f02027c589601a7
dag-TiMg-10-333,dag-TiMg-N333-N8-3c-D3,"3,6",dag,N333,TiMg,True,16,True,"77,120,160,200,233,253,273,298",,True,True,dag-TiMg-10-333,TiMg/3-c/dag-TiMg-10-333.cif,legacy_H2_mapped_to_new_name,dag-TiMg-N333-N8-3c-D3_UFF4MOF_cell_bonded,TiMg/3-c/dag-TiMg-10-333.cif,100658,e43be6ff8d9f59b1342593e0df62c2d105b8da1f418307d4dc2cf2934322ee6c
dag-TiMg-5-386,dag-TiMg-N386-N5-3c-D3h,"3,6",dag,N386,TiMg,True,16,True,"77,120,160,200,233,253,273,298",,True,True,dag-TiMg-5-386,TiMg/3-c/dag-TiMg-5-386.cif,legacy_H2_mapped_to_new_name,dag-TiMg-N386-N5-3c-D3h_UFF4MOF_cell_bonded,TiMg/3-c/dag-TiMg-5-386.cif,32225,5331d0c166b4acc97bd65d11b093b32b27fb31972510c630ed7a3be97a6a6346
dag-TiMg-4-410,dag-TiMg-N410-N9-3c-D3,"3,6",dag,N410,TiMg,True,16,True,"77,120,160,200,233,253,273,298",,True,True,dag-TiMg-4-410,TiMg/3-c/dag-TiMg-4-410.cif,legacy_H2_mapped_to_new_name,dag-TiMg-N410-N9-3c-D3_UFF4MOF_cell_bonded,TiMg/3-c/dag-TiMg-4-410.cif,98386,6e3c9d930ed698b1a14a64e40f6e214583e6258f71c7a7d00f9df58c04a30e7c
dag-TiMg-11-516,dag-TiMg-N516-N24-3c-C3,"3,6",dag,N516,TiMg,True,16,True,"77,120,160,200,233,253,273,298",,True,True,dag-TiMg-11-516,TiMg/3-c/dag-TiMg-11-516.cif,legacy_H2_mapped_to_new_name,dag-TiMg-N516-N24-3c-C3_UFF4MOF_cell_bonded,TiMg/3-c/dag-TiMg-11-516.cif,103181,e82a8b5cec8ef9d3ff8cd5b5e4269e9b18d85528d0ad1f11f549b08a293cb528
dag-TiMg-7-592,dag-TiMg-N592-N6-3c-D3h,"3,6",dag,N592,TiMg,True,16,True,"77,120,160,200,233,253,273,298",,True,True,dag-TiMg-7-592,TiMg/3-c/dag-TiMg-7-592.cif,legacy_H2_mapped_to_new_name,dag-TiMg-N592-N6-3c-D3h_UFF4MOF_cell_bonded,TiMg/3-c/dag-TiMg-7-592.cif,102870,3d99ff5b63339b5563e648446925aa58299c4e3fa15949adb0587cec7b7bdb57
dag-TiMg-12-639,dag-TiMg-N639-N7-3c-D3h,"3,6",dag,N639,TiMg,True,16,True,"77,120,160,200,233,253,273,298",,True,True,dag-TiMg-12-639,TiMg/3-c/dag-TiMg-12-639.cif,legacy_H2_mapped_to_new_name,dag-TiMg-N639-N7-3c-D3h_UFF4MOF_cell_bonded,TiMg/3-c/dag-TiMg-12-639.cif,183495,f0a2e354806d1fdf33cee8eabbc31e42977a202cb1a310b336d7c7cf1087b8ee
dag-TiMg-TATB,dag-TiMg-TATB,"3,6",dag,TATB,TiMg,True,16,True,"77,120,160,200,233,253,273,298",,True,True,dag-TiMg-TATB,TiMg/TATB/dag-TiMg-TATB.cif,new_H2,dag-TiMg-TATB,TiMg/TATB/dag-TiMg-TATB.cif,53793,03bef8f4bb8173fee6c8fe62192c97b1112913fa998f7776f76a2cbe434818fe
dag-TiNi-1-10,dag-TiNi-N10-N1-3c-D3h,"3,6",dag,N10,TiNi,True,16,True,"77,120,160,200,233,253,273,298",,True,True,dag-TiNi-1-10,TiNi/3-c/dag-TiNi-1-10.cif,legacy_H2_mapped_to_new_name,dag-TiNi-N10-N1-3c-D3h_UFF4MOF_cell_bonded,TiNi/3-c/dag-TiNi-1-10.cif,97198,72e13ff3ebb03d1a03356496b3724a36bebd8eda1bd86a5e1bd53a6b49dee74a
dag-TiNi-13-126,dag-TiNi-N126-N11-3c-C3h,"3,6",dag,N126,TiNi,True,16,True,"77,120,160,200,233,253,273,298",,True,True,dag-TiNi-13-126,TiNi/3-c/dag-TiNi-13-126.cif,legacy_H2_mapped_to_new_name,dag-TiNi-N126-N11-3c-C3h_UFF4MOF_cell_bonded,TiNi/3-c/dag-TiNi-13-126.cif,35686,4f1a59b587cb2d5e6118b10fb8c2fee8dea40b6920a4b4b4fad0cce7ddad0a70
dag-TiNi-9-130,dag-TiNi-N130-N10-3c-C3v,"3,6",dag,N130,TiNi,True,16,True,"77,120,160,200,233,253,273,298",,True,True,dag-TiNi-9-130,TiNi/3-c/dag-TiNi-9-130.cif,legacy_H2_mapped_to_new_name,dag-TiNi-N130-N10-3c-C3v_UFF4MOF_cell_bonded,TiNi/3-c/dag-TiNi-9-130.cif,160007,e14d4bf3a386fc2afd5b098cf03981b7321b9a45458e3c5eb57848da97699207
dag-TiNi-2-19,dag-TiNi-N19-N2-3c-D3h,"3,6",dag,N19,TiNi,True,16,True,"77,120,160,200,233,253,273,298",,True,True,dag-TiNi-2-19,TiNi/3-c/dag-TiNi-2-19.cif,legacy_H2_mapped_to_new_name,dag-TiNi-N19-N2-3c-D3h_UFF4MOF_cell_bonded,TiNi/3-c/dag-TiNi-2-19.cif,83659,a6c42eff17970b1316624f9d4f99b1935ed0f15ea5ad52e01652d856e8fba82c
dag-TiNi-3-20,dag-TiNi-N20-N3-3c-D3h,"3,6",dag,N20,TiNi,True,16,True,"77,120,160,200,233,253,273,298",,True,True,dag-TiNi-3-20,TiNi/3-c/dag-TiNi-3-20.cif,legacy_H2_mapped_to_new_name,dag-TiNi-N20-N3-3c-D3h_UFF4MOF_cell_bonded,TiNi/3-c/dag-TiNi-3-20.cif,145752,0b6449dd0922b5c00ca64230069940b27dd06a21a2554684c8cb079995aef856
dag-TiNi-6-225,dag-TiNi-N225-N4-3c-D3h,"3,6",dag,N225,TiNi,True,16,True,"77,120,160,200,233,253,273,298",,True,True,dag-TiNi-6-225,TiNi/3-c/dag-TiNi-6-225.cif,legacy_H2_mapped_to_new_name,dag-TiNi-N225-N4-3c-D3h_UFF4MOF_cell_bonded,TiNi/3-c/dag-TiNi-6-225.cif,208652,20bd51ef65ef0fcfe4ba0a2783f91635464f50663967a9fe8f3a0f07f1c1cf3b
dag-TiNi-10-333,dag-TiNi-N333-N8-3c-D3,"3,6",dag,N333,TiNi,True,16,True,"77,120,160,200,233,253,273,298",,True,True,dag-TiNi-10-333,TiNi/3-c/dag-TiNi-10-333.cif,legacy_H2_mapped_to_new_name,dag-TiNi-N333-N8-3c-D3_UFF4MOF_cell_bonded,TiNi/3-c/dag-TiNi-10-333.cif,204214,df0d6d0c98a362992f840f0067a9655403b2d91bac7aa01496697d3518641522
dag-TiNi-5-386,dag-TiNi-N386-N5-3c-D3h,"3,6",dag,N386,TiNi,True,16,True,"77,120,160,200,233,253,273,298",,True,True,dag-TiNi-5-386,TiNi/3-c/dag-TiNi-5-386.cif,legacy_H2_mapped_to_new_name,dag-TiNi-N386-N5-3c-D3h_UFF4MOF_cell_bonded,TiNi/3-c/dag-TiNi-5-386.cif,32225,2548b4320563bc1df20ec8b8c076ed517664aa9174d9cc79ab98b2ed62d6b3e7
dag-TiNi-4-410,dag-TiNi-N410-N9-3c-D3,"3,6",dag,N410,TiNi,True,16,True,"77,120,160,200,233,253,273,298",,True,True,dag-TiNi-4-410,TiNi/3-c/dag-TiNi-4-410.cif,legacy_H2_mapped_to_new_name,dag-TiNi-N410-N9-3c-D3_UFF4MOF_cell_bonded,TiNi/3-c/dag-TiNi-4-410.cif,199666,4d79f6a7ede7dacdd83d3b535587d882fe204e2ed6cc8b802a77b4a966ffee0e
dag-TiNi-11-516,dag-TiNi-N516-N24-3c-C3,"3,6",dag,N516,TiNi,True,16,True,"77,120,160,200,233,253,273,298",,True,True,dag-TiNi-11-516,TiNi/3-c/dag-TiNi-11-516.cif,legacy_H2_mapped_to_new_name,dag-TiNi-N516-N24-3c-C3_UFF4MOF_cell_bonded,TiNi/3-c/dag-TiNi-11-516.cif,209453,ebfbba262b0c77ad5cc9df1cabec439f96de4619b65df38b5364d0a0bae671d3
dag-TiNi-7-592,dag-TiNi-N592-N6-3c-D3h,"3,6",dag,N592,TiNi,True,16,True,"77,120,160,200,233,253,273,298",,True,True,dag-TiNi-7-592,TiNi/3-c/dag-TiNi-7-592.cif,legacy_H2_mapped_to_new_name,dag-TiNi-N592-N6-3c-D3h_UFF4MOF_cell_bonded,TiNi/3-c/dag-TiNi-7-592.cif,102866,d07eacccde80cb2540ba71cd1b8112ca201948e3c155b9941b7596aad08fe390
dag-TiNi-12-639,dag-TiNi-N639-N7-3c-D3h,"3,6",dag,N639,TiNi,True,16,True,"77,120,160,200,233,253,273,298",,True,True,dag-TiNi-12-639,TiNi/3-c/dag-TiNi-12-639.cif,legacy_H2_mapped_to_new_name,dag-TiNi-N639-N7-3c-D3h_UFF4MOF_cell_bonded,TiNi/3-c/dag-TiNi-12-639.cif,183503,1975cef372c9fc3090f491214a1634bf636c62f2d57f9df67cb406c9598b2ccf
dag-TiNi-TATB,dag-TiNi-TATB,"3,6",dag,TATB,TiNi,True,16,True,"77,120,160,200,233,253,273,298",,True,True,dag-TiNi-TATB,TiNi/TATB/dag-TiNi-TATB.cif,new_H2,dag-TiNi-TATB,TiNi/TATB/dag-TiNi-TATB.cif,55156,206493e49c70eec90e9862aaeaf8e18c4e483024324c6de703dbb95462bc133f
fmz-TiCo-1-10,fmz-TiCo-N10-N1-3c-D3h,"3,6",fmz,N10,TiCo,True,16,True,"77,120,160,200,233,253,273,298",,True,True,fmz-TiCo-1-10,TiCo/3-c/fmz-TiCo-1-10.cif,legacy_H2_mapped_to_new_name,fmz-TiCo-N10-N1-3c-D3h_UFF4MOF_cell_bonded,TiCo/3-c/fmz-TiCo-1-10.cif,222901,1417f24f3d2c99a0fb809037b0ef9572482b689799ec90c87095a19fc422d2e1
fmz-TiCo-13-126,fmz-TiCo-N126-N11-3c-C3h,"3,6",fmz,N126,TiCo,True,16,True,"77,120,160,200,233,253,273,298",,True,True,fmz-TiCo-13-126,TiCo/3-c/fmz-TiCo-13-126.cif,legacy_H2_mapped_to_new_name,fmz-TiCo-N126-N11-3c-C3h_UFF4MOF_cell_bonded,TiCo/3-c/fmz-TiCo-13-126.cif,163118,e729950f067c12cffc619e0f628d5af50b9d9a15c6e151921739e1d79f9816b7
fmz-TiCo-9-130,fmz-TiCo-N130-N10-3c-C3v,"3,6",fmz,N130,TiCo,True,16,True,"77,120,160,200,233,253,273,298",,True,True,fmz-TiCo-9-130,TiCo/3-c/fmz-TiCo-9-130.cif,legacy_H2_mapped_to_new_name,fmz-TiCo-N130-N10-3c-C3v_UFF4MOF_cell_bonded,TiCo/3-c/fmz-TiCo-9-130.cif,362371,9a1796db29957d7154da465d55a1ec955537a882ae61b2bca04a5eec8f43b2f6
fmz-TiCo-2-19,fmz-TiCo-N19-N2-3c-D3h,"3,6",fmz,N19,TiCo,True,16,True,"77,120,160,200,233,253,273,298",,True,True,fmz-TiCo-2-19,TiCo/3-c/fmz-TiCo-2-19.cif,legacy_H2_mapped_to_new_name,fmz-TiCo-N19-N2-3c-D3h_UFF4MOF_cell_bonded,TiCo/3-c/fmz-TiCo-2-19.cif,192506,266daebc9ee54997b83690bd918806afd61eeafdef970914bfe63e984afd7f9b
fmz-TiCo-3-20,fmz-TiCo-N20-N3-3c-D3h,"3,6",fmz,N20,TiCo,True,16,True,"77,120,160,200,233,253,273,298",,True,True,fmz-TiCo-3-20,TiCo/3-c/fmz-TiCo-3-20.cif,legacy_H2_mapped_to_new_name,fmz-TiCo-N20-N3-3c-D3h_UFF4MOF_cell_bonded,TiCo/3-c/fmz-TiCo-3-20.cif,332050,d3ea131927cd19e984265d7b5cc4c4caa69491e5fee70fbba10b8602898ba9c1
fmz-TiCo-6-225,fmz-TiCo-N225-N4-3c-D3h,"3,6",fmz,N225,TiCo,True,16,True,"77,120,160,200,233,253,273,298",,True,True,fmz-TiCo-6-225,TiCo/3-c/fmz-TiCo-6-225.cif,legacy_H2_mapped_to_new_name,fmz-TiCo-N225-N4-3c-D3h_UFF4MOF_cell_bonded,TiCo/3-c/fmz-TiCo-6-225.cif,314473,f7c51b1e46a5e42dc09e94ce1730e71ba824148851d6e3a7a1efd16bdc6d84d3
fmz-TiCo-10-333,fmz-TiCo-N333-N8-3c-D3,"3,6",fmz,N333,TiCo,True,16,True,"77,120,160,200,233,253,273,298",,True,False,fmz-TiCo-10-333,TiCo/3-c/fmz-TiCo-10-333.cif,legacy_H2_mapped_to_new_name,fmz-TiCo-N333-N8-3c-D3_UFF4MOF_cell_bonded,TiCo/3-c/fmz-TiCo-10-333.cif,464943,10e4e203b2e075cf495a9e2dcbaf7e258e83921726140d2eaf1f95a4961cdc9d
fmz-TiCo-5-386,fmz-TiCo-N386-N5-3c-D3h,"3,6",fmz,N386,TiCo,True,16,True,"77,120,160,200,233,253,273,298",,True,True,fmz-TiCo-5-386,TiCo/3-c/fmz-TiCo-5-386.cif,legacy_H2_mapped_to_new_name,fmz-TiCo-N386-N5-3c-D3h_UFF4MOF_cell_bonded,TiCo/3-c/fmz-TiCo-5-386.cif,147969,020ab4320bc3afe889a82878850318bc5aea435af6b0db43798c3d523aca578d
fmz-TiCo-4-410,fmz-TiCo-N410-N9-3c-D3,"3,6",fmz,N410,TiCo,True,16,True,"77,120,160,200,233,253,273,298",,True,False,fmz-TiCo-4-410,TiCo/3-c/fmz-TiCo-4-410.cif,legacy_H2_mapped_to_new_name,fmz-TiCo-N410-N9-3c-D3_UFF4MOF_cell_bonded,TiCo/3-c/fmz-TiCo-4-410.cif,453995,97a3b6478c7a2211a39c2402e0c6fd45981b3e224a5137fe96bee83b64116d9b
fmz-TiCo-11-516,fmz-TiCo-N516-N24-3c-C3,"3,6",fmz,N516,TiCo,True,16,True,"77,120,160,200,233,253,273,298",,True,False,fmz-TiCo-11-516,TiCo/3-c/fmz-TiCo-11-516.cif,legacy_H2_mapped_to_new_name,fmz-TiCo-N516-N24-3c-C3_UFF4MOF_cell_bonded,TiCo/3-c/fmz-TiCo-11-516.cif,475392,5fb92f4dc5e770f7cd9603e2aeeb31b2522a2c5deb82b2756658171a09cee70b
fmz-TiCo-7-592,fmz-TiCo-N592-N6-3c-D3h,"3,6",fmz,N592,TiCo,True,16,True,"77,120,160,200,233,253,273,298",,True,True,fmz-TiCo-7-592,TiCo/3-c/fmz-TiCo-7-592.cif,legacy_H2_mapped_to_new_name,fmz-TiCo-N592-N6-3c-D3h_UFF4MOF_cell_bonded,TiCo/3-c/fmz-TiCo-7-592.cif,234285,5553e3c69ebed2c0ea102736bbb5ceb20577776fba3d2ef70a2a60b2996abb2f
fmz-TiCo-12-639,fmz-TiCo-N639-N7-3c-D3h,"3,6",fmz,N639,TiCo,True,16,True,"77,120,160,200,233,253,273,298",,True,True,fmz-TiCo-12-639,TiCo/3-c/fmz-TiCo-12-639.cif,legacy_H2_mapped_to_new_name,fmz-TiCo-N639-N7-3c-D3h_UFF4MOF_cell_bonded,TiCo/3-c/fmz-TiCo-12-639.cif,417022,cccca8021c1eb22f7e8ffdc376c775b3cc51b582f395097c23d99a21008ce0ec
fmz-TiCo-TATB,fmz-TiCo-TATB,"3,6",fmz,TATB,TiCo,True,16,True,"77,120,160,200,233,253,273,298",,True,True,fmz-TiCo-TATB,TiCo/TATB/fmz-TiCo-TATB.cif,new_H2,fmz-TiCo-TATB,TiCo/TATB/fmz-TiCo-TATB.cif,116496,00d21051682ea52c9998d11bfaabd6d7efffe14195694bdd86bd2890e44a7158
fmz-TiMg-1-10,fmz-TiMg-N10-N1-3c-D3h,"3,6",fmz,N10,TiMg,True,16,True,"77,120,160,200,233,253,273,298",,True,True,fmz-TiMg-1-10,TiMg/3-c/fmz-TiMg-1-10.cif,legacy_H2_mapped_to_new_name,fmz-TiMg-N10-N1-3c-D3h_UFF4MOF_cell_bonded,TiMg/3-c/fmz-TiMg-1-10.cif,222901,8c36093db19fb008eceb0026773d6ca9c75222d90b4b6a8bb98292fb2c42bcca
fmz-TiMg-13-126,fmz-TiMg-N126-N11-3c-C3h,"3,6",fmz,N126,TiMg,True,16,True,"77,120,160,200,233,253,273,298",,True,True,fmz-TiMg-13-126,TiMg/3-c/fmz-TiMg-13-126.cif,legacy_H2_mapped_to_new_name,fmz-TiMg-N126-N11-3c-C3h_UFF4MOF_cell_bonded,TiMg/3-c/fmz-TiMg-13-126.cif,163117,2b3d06537c1c54cc0be58c71c33960e1aa9a68ff8730ca140014dfae893bd87e
fmz-TiMg-9-130,fmz-TiMg-N130-N10-3c-C3v,"3,6",fmz,N130,TiMg,True,16,True,"77,120,160,200,233,253,273,298",,True,True,fmz-TiMg-9-130,TiMg/3-c/fmz-TiMg-9-130.cif,legacy_H2_mapped_to_new_name,fmz-TiMg-N130-N10-3c-C3v_UFF4MOF_cell_bonded,TiMg/3-c/fmz-TiMg-9-130.cif,362371,49103ea79284c7731e4779204b9ba3b668157774bfe248bae55328879bb9c436
fmz-TiMg-2-19,fmz-TiMg-N19-N2-3c-D3h,"3,6",fmz,N19,TiMg,True,16,True,"77,120,160,200,233,253,273,298",,True,True,fmz-TiMg-2-19,TiMg/3-c/fmz-TiMg-2-19.cif,legacy_H2_mapped_to_new_name,fmz-TiMg-N19-N2-3c-D3h_UFF4MOF_cell_bonded,TiMg/3-c/fmz-TiMg-2-19.cif,192506,9975576b0318d27dc89d73da63a19ab7948b868153cef9a0c37958f99721fecb
fmz-TiMg-3-20,fmz-TiMg-N20-N3-3c-D3h,"3,6",fmz,N20,TiMg,True,16,True,"77,120,160,200,233,253,273,298",,True,True,fmz-TiMg-3-20,TiMg/3-c/fmz-TiMg-3-20.cif,legacy_H2_mapped_to_new_name,fmz-TiMg-N20-N3-3c-D3h_UFF4MOF_cell_bonded,TiMg/3-c/fmz-TiMg-3-20.cif,332050,7aa6fcb6844c14ccddc51dcb4d13849a45d4c7e11527029e1eb5f3c04e343d13
fmz-TiMg-6-225,fmz-TiMg-N225-N4-3c-D3h,"3,6",fmz,N225,TiMg,True,16,True,"77,120,160,200,233,253,273,298",,True,True,fmz-TiMg-6-225,TiMg/3-c/fmz-TiMg-6-225.cif,legacy_H2_mapped_to_new_name,fmz-TiMg-N225-N4-3c-D3h_UFF4MOF_cell_bonded,TiMg/3-c/fmz-TiMg-6-225.cif,314761,e938a140d027e135a6591ea1f00ddbb4d8a54c507ef61da97819decb8aa3c0fb
fmz-TiMg-10-333,fmz-TiMg-N333-N8-3c-D3,"3,6",fmz,N333,TiMg,True,15,False,"77,120,160,200,233,253,273,298",77K/100bar,True,False,fmz-TiMg-10-333,TiMg/3-c/fmz-TiMg-10-333.cif,legacy_H2_mapped_to_new_name,fmz-TiMg-N333-N8-3c-D3_UFF4MOF_cell_bonded,TiMg/3-c/fmz-TiMg-10-333.cif,464943,7fdfe6f96929bc3b93b3115442f75043ad4ffec12810f3ed38a6a1c253b96404
fmz-TiMg-5-386,fmz-TiMg-N386-N5-3c-D3h,"3,6",fmz,N386,TiMg,True,16,True,"77,120,160,200,233,253,273,298",,True,True,fmz-TiMg-5-386,TiMg/3-c/fmz-TiMg-5-386.cif,legacy_H2_mapped_to_new_name,fmz-TiMg-N386-N5-3c-D3h_UFF4MOF_cell_bonded,TiMg/3-c/fmz-TiMg-5-386.cif,147969,f8baa7e1ca912bdb37960fe8218ba3ff67c9a5be59931914bb0c6be5ee3f8c14
fmz-TiMg-4-410,fmz-TiMg-N410-N9-3c-D3,"3,6",fmz,N410,TiMg,True,15,False,"77,120,160,200,233,253,273,298",77K/100bar,True,False,fmz-TiMg-4-410,TiMg/3-c/fmz-TiMg-4-410.cif,legacy_H2_mapped_to_new_name,fmz-TiMg-N410-N9-3c-D3_UFF4MOF_cell_bonded,TiMg/3-c/fmz-TiMg-4-410.cif,454283,31416805b178f14a286c61012babfec6614510a4c3676775d3e150d737e116d3
fmz-TiMg-11-516,fmz-TiMg-N516-N24-3c-C3,"3,6",fmz,N516,TiMg,True,15,False,"77,120,160,200,233,253,273,298",77K/100bar,True,False,fmz-TiMg-11-516,TiMg/3-c/fmz-TiMg-11-516.cif,legacy_H2_mapped_to_new_name,fmz-TiMg-N516-N24-3c-C3_UFF4MOF_cell_bonded,TiMg/3-c/fmz-TiMg-11-516.cif,475104,9c2a88e285775f6fa760ae36c385a908d938afc8b081c20f0e44e4c14731390a
fmz-TiMg-7-592,fmz-TiMg-N592-N6-3c-D3h,"3,6",fmz,N592,TiMg,True,16,True,"77,120,160,200,233,253,273,298",,True,True,fmz-TiMg-7-592,TiMg/3-c/fmz-TiMg-7-592.cif,legacy_H2_mapped_to_new_name,fmz-TiMg-N592-N6-3c-D3h_UFF4MOF_cell_bonded,TiMg/3-c/fmz-TiMg-7-592.cif,234285,657f15243bd9ad5ce1e643be68e66ab1a822fbdde29bc27cfbf67f9205aea359
fmz-TiMg-12-639,fmz-TiMg-N639-N7-3c-D3h,"3,6",fmz,N639,TiMg,True,16,True,"77,120,160,200,233,253,273,298",,True,True,fmz-TiMg-12-639,TiMg/3-c/fmz-TiMg-12-639.cif,legacy_H2_mapped_to_new_name,fmz-TiMg-N639-N7-3c-D3h_UFF4MOF_cell_bonded,TiMg/3-c/fmz-TiMg-12-639.cif,417022,7104457d61fd144b9c7ee0d202ba3fc776bbfe4b3fd7c82d4744b50e772a5b21
fmz-TiMg-TATB,fmz-TiMg-TATB,"3,6",fmz,TATB,TiMg,True,16,True,"77,120,160,200,233,253,273,298",,True,True,fmz-TiMg-TATB,TiMg/TATB/fmz-TiMg-TATB.cif,new_H2,fmz-TiMg-TATB,TiMg/TATB/fmz-TiMg-TATB.cif,115339,f31c5903ac176653bec6273030affc10f388f1e837e0cdd4b5c26e37b96c056c
fmz-TiNi-1-10,fmz-TiNi-N10-N1-3c-D3h,"3,6",fmz,N10,TiNi,True,16,True,"77,120,160,200,233,253,273,298",,True,True,fmz-TiNi-1-10,TiNi/3-c/fmz-TiNi-1-10.cif,legacy_H2_mapped_to_new_name,fmz-TiNi-N10-N1-3c-D3h_UFF4MOF_cell_bonded,TiNi/3-c/fmz-TiNi-1-10.cif,222901,49e247f80e39008fe8c02e7cad5170d4060d5ff86bf3b22ec2a5b6fc2bc99dc5
fmz-TiNi-13-126,fmz-TiNi-N126-N11-3c-C3h,"3,6",fmz,N126,TiNi,True,16,True,"77,120,160,200,233,253,273,298",,True,True,fmz-TiNi-13-126,TiNi/3-c/fmz-TiNi-13-126.cif,legacy_H2_mapped_to_new_name,fmz-TiNi-N126-N11-3c-C3h_UFF4MOF_cell_bonded,TiNi/3-c/fmz-TiNi-13-126.cif,163118,91b34f29848f1b3eaa7e228c608594f47300479ed6484441842b702b061af2aa
fmz-TiNi-9-130,fmz-TiNi-N130-N10-3c-C3v,"3,6",fmz,N130,TiNi,True,16,True,"77,120,160,200,233,253,273,298",,True,True,fmz-TiNi-9-130,TiNi/3-c/fmz-TiNi-9-130.cif,legacy_H2_mapped_to_new_name,fmz-TiNi-N130-N10-3c-C3v_UFF4MOF_cell_bonded,TiNi/3-c/fmz-TiNi-9-130.cif,362371,2df499d2b76b98fb0db1c5e2a635275ae6296bcea409ab2bd24788b83d57f5c5
fmz-TiNi-2-19,fmz-TiNi-N19-N2-3c-D3h,"3,6",fmz,N19,TiNi,True,16,True,"77,120,160,200,233,253,273,298",,True,True,fmz-TiNi-2-19,TiNi/3-c/fmz-TiNi-2-19.cif,legacy_H2_mapped_to_new_name,fmz-TiNi-N19-N2-3c-D3h_UFF4MOF_cell_bonded,TiNi/3-c/fmz-TiNi-2-19.cif,192506,8abe2d6fddcb066681acade379bfd339dd14070d3a38914ede3742f68c207a85
fmz-TiNi-3-20,fmz-TiNi-N20-N3-3c-D3h,"3,6",fmz,N20,TiNi,True,16,True,"77,120,160,200,233,253,273,298",,True,True,fmz-TiNi-3-20,TiNi/3-c/fmz-TiNi-3-20.cif,legacy_H2_mapped_to_new_name,fmz-TiNi-N20-N3-3c-D3h_UFF4MOF_cell_bonded,TiNi/3-c/fmz-TiNi-3-20.cif,332050,664db8ce915bc6f6ca3c9be999a7d78713e9129afc92ee01c6661aded499df10
fmz-TiNi-6-225,fmz-TiNi-N225-N4-3c-D3h,"3,6",fmz,N225,TiNi,True,16,True,"77,120,160,200,233,253,273,298",,True,True,fmz-TiNi-6-225,TiNi/3-c/fmz-TiNi-6-225.cif,legacy_H2_mapped_to_new_name,fmz-TiNi-N225-N4-3c-D3h_UFF4MOF_cell_bonded,TiNi/3-c/fmz-TiNi-6-225.cif,314473,c43e378eb68856b12808cc63b6c42c9ac09e56702268a202f37b0a297312bfcb
fmz-TiNi-10-333,fmz-TiNi-N333-N8-3c-D3,"3,6",fmz,N333,TiNi,True,16,True,"77,120,160,200,233,253,273,298",,True,False,fmz-TiNi-10-333,TiNi/3-c/fmz-TiNi-10-333.cif,legacy_H2_mapped_to_new_name,fmz-TiNi-N333-N8-3c-D3_UFF4MOF_cell_bonded,TiNi/3-c/fmz-TiNi-10-333.cif,464943,a3d5be045267580794d1c4d2d768eec2e53d67485c214a4d91542d9990f7f87d
fmz-TiNi-5-386,fmz-TiNi-N386-N5-3c-D3h,"3,6",fmz,N386,TiNi,True,16,True,"77,120,160,200,233,253,273,298",,True,True,fmz-TiNi-5-386,TiNi/3-c/fmz-TiNi-5-386.cif,legacy_H2_mapped_to_new_name,fmz-TiNi-N386-N5-3c-D3h_UFF4MOF_cell_bonded,TiNi/3-c/fmz-TiNi-5-386.cif,147969,7d2473a49fd105d32551a7a65092f3eb518eff9ce660ff16fa6e0d242556efcc
fmz-TiNi-4-410,fmz-TiNi-N410-N9-3c-D3,"3,6",fmz,N410,TiNi,True,16,True,"77,120,160,200,233,253,273,298",,True,False,fmz-TiNi-4-410,TiNi/3-c/fmz-TiNi-4-410.cif,legacy_H2_mapped_to_new_name,fmz-TiNi-N410-N9-3c-D3_UFF4MOF_cell_bonded,TiNi/3-c/fmz-TiNi-4-410.cif,453995,99ba79416baec34950c0bf29dfa3da2def3639f59c9ceb2dc67a143f403c6229
fmz-TiNi-11-516,fmz-TiNi-N516-N24-3c-C3,"3,6",fmz,N516,TiNi,True,16,True,"77,120,160,200,233,253,273,298",,True,False,fmz-TiNi-11-516,TiNi/3-c/fmz-TiNi-11-516.cif,legacy_H2_mapped_to_new_name,fmz-TiNi-N516-N24-3c-C3_UFF4MOF_cell_bonded,TiNi/3-c/fmz-TiNi-11-516.cif,475104,4e4ad00b8435588652bbd3fe2adedb73398546042fda7e8337f821849bfa247f
fmz-TiNi-7-592,fmz-TiNi-N592-N6-3c-D3h,"3,6",fmz,N592,TiNi,True,16,True,"77,120,160,200,233,253,273,298",,True,True,fmz-TiNi-7-592,TiNi/3-c/fmz-TiNi-7-592.cif,legacy_H2_mapped_to_new_name,fmz-TiNi-N592-N6-3c-D3h_UFF4MOF_cell_bonded,TiNi/3-c/fmz-TiNi-7-592.cif,234285,3a03e5f97ee040e0e7a9fd33d7f1c0ec2241d7cb5ba61e416fb70b0b3f325f76
fmz-TiNi-12-639,fmz-TiNi-N639-N7-3c-D3h,"3,6",fmz,N639,TiNi,True,16,True,"77,120,160,200,233,253,273,298",,True,True,fmz-TiNi-12-639,TiNi/3-c/fmz-TiNi-12-639.cif,legacy_H2_mapped_to_new_name,fmz-TiNi-N639-N7-3c-D3h_UFF4MOF_cell_bonded,TiNi/3-c/fmz-TiNi-12-639.cif,417022,f5565267f3cc227e79f1bef006ca1ae46880c63db3776e3ecdc09ed042c45a50
fmz-TiNi-TATB,fmz-TiNi-TATB,"3,6",fmz,TATB,TiNi,True,16,True,"77,120,160,200,233,253,273,298",,True,True,fmz-TiNi-TATB,TiNi/TATB/fmz-TiNi-TATB.cif,new_H2,fmz-TiNi-TATB,TiNi/TATB/fmz-TiNi-TATB.cif,115776,37bbc193e47e4cf4680228beca2db6157eb88ab52c6051b37effa422539f2b4f
fsi-TiCo-8-644-D2h-D2d,fsi-TiCo-8-644-D2h-D2d,"4,6",fsi,N644,TiCo,True,16,True,"77,120,160,200,233,253,273,298",,True,True,fsi-TiCo-8-644-D2h-D2d,TiCo/4-c-new/fsi-TiCo-8-644-D2h-D2d.cif,new_H2,fsi-TiCo-8-644-D2h-D2d,TiCo/4-c-new/fsi-TiCo-8-644-D2h-D2d.cif,112255,d8f537d56a0ff019368651d39984998d0122d63ddea8088ae552450387db6aed
fsi-TiCo-9-201-D2h-D2d,fsi-TiCo-9-201-D2h-D2d,"4,6",fsi,N201,TiCo,True,13,False,"120,160,200,233,253,273,298",77K/5bar;77K/100bar;120K/100bar,True,False,fsi-TiCo-9-201-D2h-D2d,TiCo/4-c-new/fsi-TiCo-9-201-D2h-D2d.cif,new_H2,fsi-TiCo-9-201-D2h-D2d,TiCo/4-c-new/fsi-TiCo-9-201-D2h-D2d.cif,198279,456ab7c17d4af508bca1f910e37deb7fa99a57d38d24a5cfc892007cc49168ed
fsi-TiCo-13-600-Td,fsi-TiCo-N600-N20-4c-Td,"4,6",fsi,N600,TiCo,True,16,True,"77,120,160,200,233,253,273,298",,True,True,fsi-TiCo-13-600-Td,TiCo/4-c-ori/fsi-TiCo-13-600-Td.cif,legacy_H2_mapped_to_new_name,fsi-TiCo-N600-N20-4c-Td_UFF4MOF_cell_bonded,TiCo/4-c-ori/fsi-TiCo-13-600-Td.cif,199441,1901e7717776e69ee79fe395014309f0b57f3f2b31c34a068a8b960582ebb6f5
fsi-TiCo-10-607-D2h-D2d,fsi-TiCo-N607-N23-4c-D2d,"4,6",fsi,N607,TiCo,True,16,True,"77,120,160,200,233,253,273,298",,True,True,fsi-TiCo-10-607-D2h-D2d,TiCo/4-c-ori/fsi-TiCo-10-607-D2h-D2d.cif,legacy_H2_mapped_to_new_name,fsi-TiCo-N607-N23-4c-D2d_UFF4MOF_cell_bonded,TiCo/4-c-ori/fsi-TiCo-10-607-D2h-D2d.cif,117282,3b410a175f5cf21bb150f805298de50bd8551586edfac58980d63600166e5fd6
fsi-TiCo-11-662-D4h-T,fsi-TiCo-N662-N21-4c-Td,"4,6",fsi,N662,TiCo,True,16,True,"77,120,160,200,233,253,273,298",,True,True,fsi-TiCo-11-662-D4h-T,TiCo/4-c-ori/fsi-TiCo-11-662-D4h-T.cif,legacy_H2_mapped_to_new_name,fsi-TiCo-N662-N21-4c-Td_UFF4MOF_cell_bonded,TiCo/4-c-ori/fsi-TiCo-11-662-D4h-T.cif,96320,d4d7237055a4b0a7dd7d3442901bf53bf11615ecfbf9104b927f327a71563b5b
fsi-TiCo-12-693-Td,fsi-TiCo-N693-N22-4c-Td,"4,6",fsi,N693,TiCo,True,16,True,"77,120,160,200,233,253,273,298",,True,True,fsi-TiCo-12-693-Td,TiCo/4-c-ori/fsi-TiCo-12-693-Td.cif,legacy_H2_mapped_to_new_name,fsi-TiCo-N693-N22-4c-Td_UFF4MOF_cell_bonded,TiCo/4-c-ori/fsi-TiCo-12-693-Td.cif,133719,8024a24600e0428561b65c7e9fd7efec0b0806e1b383400ef2487c5c34f92e53
fsi-TiCo-7-7-D2h-D2d,fsi-TiCo-N7-N25-4c-D2d,"4,6",fsi,N7,TiCo,True,16,True,"77,120,160,200,233,253,273,298",,True,True,fsi-TiCo-7-7-D2h-D2d,TiCo/4-c-ori/fsi-TiCo-7-7-D2h-D2d.cif,legacy_H2_mapped_to_new_name,fsi-TiCo-N7-N25-4c-D2d_UFF4MOF_cell_bonded,TiCo/4-c-ori/fsi-TiCo-7-7-D2h-D2d.cif,118856,b6e28e996492ffc4d58815d94b68aee0356ec1b0834fd10efba4792ada6971be
fsi-TiMg-8-644-D2h-D2d,fsi-TiMg-8-644-D2h-D2d,"4,6",fsi,N644,TiMg,True,16,True,"77,120,160,200,233,253,273,298",,True,True,fsi-TiMg-8-644-D2h-D2d,TiMg/4-c-new/fsi-TiMg-8-644-D2h-D2d.cif,new_H2,fsi-TiMg-8-644-D2h-D2d,TiMg/4-c-new/fsi-TiMg-8-644-D2h-D2d.cif,112362,0f2acb50111d6055d2b2b12d1b7c7beea3266a5533b2376a4b9ea066e6bc4c2e
fsi-TiMg-9-201-D2h-D2d,fsi-TiMg-9-201-D2h-D2d,"4,6",fsi,N201,TiMg,True,13,False,"120,160,200,233,253,273,298",77K/5bar;77K/100bar;120K/100bar,True,False,fsi-TiMg-9-201-D2h-D2d,TiMg/4-c-new/fsi-TiMg-9-201-D2h-D2d.cif,new_H2,fsi-TiMg-9-201-D2h-D2d,TiMg/4-c-new/fsi-TiMg-9-201-D2h-D2d.cif,194015,b6283b639acdbbf83b5724a20b40e3a67309e6605be5207ceb669287ee40fd33
fsi-TiMg-13-600-Td,fsi-TiMg-N600-N20-4c-Td,"4,6",fsi,N600,TiMg,True,16,True,"77,120,160,200,233,253,273,298",,True,True,fsi-TiMg-13-600-Td,TiMg/4-c-ori/fsi-TiMg-13-600-Td.cif,legacy_H2_mapped_to_new_name,fsi-TiMg-N600-N20-4c-Td_UFF4MOF_cell_bonded,TiMg/4-c-ori/fsi-TiMg-13-600-Td.cif,199441,f08ea97f0b66c5f951f6d26504857a35eecf81586e3c2aec2c10128195088fef
fsi-TiMg-10-607-D2h-D2d,fsi-TiMg-N607-N23-4c-D2d,"4,6",fsi,N607,TiMg,True,16,True,"77,120,160,200,233,253,273,298",,True,True,fsi-TiMg-10-607-D2h-D2d,TiMg/4-c-ori/fsi-TiMg-10-607-D2h-D2d.cif,legacy_H2_mapped_to_new_name,fsi-TiMg-N607-N23-4c-D2d_UFF4MOF_cell_bonded,TiMg/4-c-ori/fsi-TiMg-10-607-D2h-D2d.cif,117282,bf4df3d19f782ec2211de9432ff52335f01cc725a9ccbeb9d0e7f25869dcd213
fsi-TiMg-11-662-D4h-T,fsi-TiMg-N662-N21-4c-Td,"4,6",fsi,N662,TiMg,True,16,True,"77,120,160,200,233,253,273,298",,True,True,fsi-TiMg-11-662-D4h-T,TiMg/4-c-ori/fsi-TiMg-11-662-D4h-T.cif,legacy_H2_mapped_to_new_name,fsi-TiMg-N662-N21-4c-Td_UFF4MOF_cell_bonded,TiMg/4-c-ori/fsi-TiMg-11-662-D4h-T.cif,96320,9273352002b734df29c7e1b36a62cd3a382c6614b269d9fa623a72ab0b7f3ff5
fsi-TiMg-12-693-Td,fsi-TiMg-N693-N22-4c-Td,"4,6",fsi,N693,TiMg,True,16,True,"77,120,160,200,233,253,273,298",,True,True,fsi-TiMg-12-693-Td,TiMg/4-c-ori/fsi-TiMg-12-693-Td.cif,legacy_H2_mapped_to_new_name,fsi-TiMg-N693-N22-4c-Td_UFF4MOF_cell_bonded,TiMg/4-c-ori/fsi-TiMg-12-693-Td.cif,133719,822cdf25927ba4f9739fe51fd40e7d349aae2602aaa3888625bc70f69c8348b1
fsi-TiMg-7-7-D2h-D2d,fsi-TiMg-N7-N25-4c-D2d,"4,6",fsi,N7,TiMg,True,16,True,"77,120,160,200,233,253,273,298",,True,True,fsi-TiMg-7-7-D2h-D2d,TiMg/4-c-ori/fsi-TiMg-7-7-D2h-D2d.cif,legacy_H2_mapped_to_new_name,fsi-TiMg-N7-N25-4c-D2d_UFF4MOF_cell_bonded,TiMg/4-c-ori/fsi-TiMg-7-7-D2h-D2d.cif,118856,e8857adeb3c2dd112e56db017f4370c48bbad32acd2e08d97263acbc8d42064c
fsi-TiNi-8-644-D2h-D2d,fsi-TiNi-8-644-D2h-D2d,"4,6",fsi,N644,TiNi,True,16,True,"77,120,160,200,233,253,273,298",,True,True,fsi-TiNi-8-644-D2h-D2d,TiNi/4-c-new/fsi-TiNi-8-644-D2h-D2d.cif,new_H2,fsi-TiNi-8-644-D2h-D2d,TiNi/4-c-new/fsi-TiNi-8-644-D2h-D2d.cif,108853,c8ca2d69bdffc2a521590d5195ed9bdc8ec0d1b0b20025762f4e25a9509a76e5
fsi-TiNi-9-201-D2h-D2d,fsi-TiNi-9-201-D2h-D2d,"4,6",fsi,N201,TiNi,True,13,False,"120,160,200,233,253,273,298",77K/5bar;77K/100bar;120K/100bar,True,False,fsi-TiNi-9-201-D2h-D2d,TiNi/4-c-new/fsi-TiNi-9-201-D2h-D2d.cif,new_H2,fsi-TiNi-9-201-D2h-D2d,TiNi/4-c-new/fsi-TiNi-9-201-D2h-D2d.cif,198210,e5768d823ef55b8269114529d4d9165120613c7f75ee74eca7e22999396ff2d6
fsi-TiNi-13-600-Td,fsi-TiNi-N600-N20-4c-Td,"4,6",fsi,N600,TiNi,True,16,True,"77,120,160,200,233,253,273,298",,True,True,fsi-TiNi-13-600-Td,TiNi/4-c-ori/fsi-TiNi-13-600-Td.cif,legacy_H2_mapped_to_new_name,fsi-TiNi-N600-N20-4c-Td_UFF4MOF_cell_bonded,TiNi/4-c-ori/fsi-TiNi-13-600-Td.cif,199441,8e23a1f60f1c9facc2a7279a0bcda3bd44a74f4ea7818188243a98d2d4f73499
fsi-TiNi-10-607-D2h-D2d,fsi-TiNi-N607-N23-4c-D2d,"4,6",fsi,N607,TiNi,True,16,True,"77,120,160,200,233,253,273,298",,True,True,fsi-TiNi-10-607-D2h-D2d,TiNi/4-c-ori/fsi-TiNi-10-607-D2h-D2d.cif,legacy_H2_mapped_to_new_name,fsi-TiNi-N607-N23-4c-D2d_UFF4MOF_cell_bonded,TiNi/4-c-ori/fsi-TiNi-10-607-D2h-D2d.cif,117282,a5e82e9768c2b4ec85a57c09c1638553fd30a967c8d3a31cd89f713ad448e594
fsi-TiNi-11-662-D4h-T,fsi-TiNi-N662-N21-4c-Td,"4,6",fsi,N662,TiNi,True,16,True,"77,120,160,200,233,253,273,298",,True,True,fsi-TiNi-11-662-D4h-T,TiNi/4-c-ori/fsi-TiNi-11-662-D4h-T.cif,legacy_H2_mapped_to_new_name,fsi-TiNi-N662-N21-4c-Td_UFF4MOF_cell_bonded,TiNi/4-c-ori/fsi-TiNi-11-662-D4h-T.cif,96320,dd18a3a65d512a03000787ea940973ed7dc40d1a76a084c83382eb75d27ec06c
fsi-TiNi-12-693-Td,fsi-TiNi-N693-N22-4c-Td,"4,6",fsi,N693,TiNi,True,16,True,"77,120,160,200,233,253,273,298",,True,True,fsi-TiNi-12-693-Td,TiNi/4-c-ori/fsi-TiNi-12-693-Td.cif,legacy_H2_mapped_to_new_name,fsi-TiNi-N693-N22-4c-Td_UFF4MOF_cell_bonded,TiNi/4-c-ori/fsi-TiNi-12-693-Td.cif,133719,4ed1d8dbc1afebc2613468a1b8a7b1c6411bdf2b9546433e958ac658eecfb341
fsi-TiNi-7-7-D2h-D2d,fsi-TiNi-N7-N25-4c-D2d,"4,6",fsi,N7,TiNi,True,16,True,"77,120,160,200,233,253,273,298",,True,True,fsi-TiNi-7-7-D2h-D2d,TiNi/4-c-ori/fsi-TiNi-7-7-D2h-D2d.cif,legacy_H2_mapped_to_new_name,fsi-TiNi-N7-N25-4c-D2d_UFF4MOF_cell_bonded,TiNi/4-c-ori/fsi-TiNi-7-7-D2h-D2d.cif,118856,fec07164dcd9d1d3c604d3de17337002a45ec2d34cfde460c422dcf4fce10c83
hea-TiCo-8-644-D2h-D2d,hea-TiCo-8-644-D2h-D2d,"4,6",hea,N644,TiCo,True,16,True,"77,120,160,200,233,253,273,298",,True,True,hea-TiCo-8-644-D2h-D2d,TiCo/4-c-new/hea-TiCo-8-644-D2h-D2d.cif,new_H2,hea-TiCo-8-644-D2h-D2d,TiCo/4-c-new/hea-TiCo-8-644-D2h-D2d.cif,90422,d27e79107275625ea727694fc44347c373e189f1992657e2c6de8aa625f38c57
hea-TiCo-9-201-D2h-D2d,hea-TiCo-9-201-D2h-D2d,"4,6",hea,N201,TiCo,True,15,False,"77,120,160,200,233,253,273,298",77K/100bar,True,False,hea-TiCo-9-201-D2h-D2d,TiCo/4-c-new/hea-TiCo-9-201-D2h-D2d.cif,new_H2,hea-TiCo-9-201-D2h-D2d,TiCo/4-c-new/hea-TiCo-9-201-D2h-D2d.cif,147661,879e5d52557a225153a711187b0a43155f56314972758282479609a9cea23caf
hea-TiCo-13-600-Td,hea-TiCo-N600-N20-4c-Td,"4,6",hea,N600,TiCo,True,16,True,"77,120,160,200,233,253,273,298",,True,True,hea-TiCo-13-600-Td,TiCo/4-c-ori/hea-TiCo-13-600-Td.cif,legacy_H2_mapped_to_new_name,hea-TiCo-N600-N20-4c-Td_UFF4MOF_cell_bonded,TiCo/4-c-ori/hea-TiCo-13-600-Td.cif,148794,b0203abc8867e69c70e7d3f1137adf75176bc23f81e30ee871f5e8022114fad9
hea-TiCo-10-607-D2h-D2d,hea-TiCo-N607-N23-4c-D2d,"4,6",hea,N607,TiCo,True,16,True,"77,120,160,200,233,253,273,298",,True,True,hea-TiCo-10-607-D2h-D2d,TiCo/4-c-ori/hea-TiCo-10-607-D2h-D2d.cif,legacy_H2_mapped_to_new_name,hea-TiCo-N607-N23-4c-D2d_UFF4MOF_cell_bonded,TiCo/4-c-ori/hea-TiCo-10-607-D2h-D2d.cif,177631,eae894ecf4c63e2150c79d921aeb375c961e8fe7d3b78eff37f800ba632c0107
hea-TiCo-11-662-D4h-T,hea-TiCo-N662-N21-4c-Td,"4,6",hea,N662,TiCo,True,16,True,"77,120,160,200,233,253,273,298",,True,True,hea-TiCo-11-662-D4h-T,TiCo/4-c-ori/hea-TiCo-11-662-D4h-T.cif,legacy_H2_mapped_to_new_name,hea-TiCo-N662-N21-4c-Td_UFF4MOF_cell_bonded,TiCo/4-c-ori/hea-TiCo-11-662-D4h-T.cif,71470,f8be9df7220b40abcd2153164357c2d1a738d34b2d59bf8e31396346201bff88
hea-TiCo-12-693-Td,hea-TiCo-N693-N22-4c-Td,"4,6",hea,N693,TiCo,True,16,True,"77,120,160,200,233,253,273,298",,True,True,hea-TiCo-12-693-Td,TiCo/4-c-ori/hea-TiCo-12-693-Td.cif,legacy_H2_mapped_to_new_name,hea-TiCo-N693-N22-4c-Td_UFF4MOF_cell_bonded,TiCo/4-c-ori/hea-TiCo-12-693-Td.cif,202136,58c07a066845b4e86a3555fc3bdc62a3df2fee89ce66e596ff23019f825ad929
hea-TiCo-7-7-D2h-D2d,hea-TiCo-N7-N25-4c-D2d,"4,6",hea,N7,TiCo,True,16,True,"77,120,160,200,233,253,273,298",,True,True,hea-TiCo-7-7-D2h-D2d,TiCo/4-c-ori/hea-TiCo-7-7-D2h-D2d.cif,legacy_H2_mapped_to_new_name,hea-TiCo-N7-N25-4c-D2d_UFF4MOF_cell_bonded,TiCo/4-c-ori/hea-TiCo-7-7-D2h-D2d.cif,88327,dda7010ea5bc4ed0c53beb023286e53ba038264d13fe265d7d8e15c0ebfd61e0
hea-TiMg-8-644-D2h-D2d,hea-TiMg-8-644-D2h-D2d,"4,6",hea,N644,TiMg,True,16,True,"77,120,160,200,233,253,273,298",,True,True,hea-TiMg-8-644-D2h-D2d,TiMg/4-c-new/hea-TiMg-8-644-D2h-D2d.cif,new_H2,hea-TiMg-8-644-D2h-D2d,TiMg/4-c-new/hea-TiMg-8-644-D2h-D2d.cif,84352,5478271bba498d6ec65bc9ded8d67bd5494ba8043f1d254b4b97d5276544952c
hea-TiMg-9-201-D2h-D2d,hea-TiMg-9-201-D2h-D2d,"4,6",hea,N201,TiMg,True,15,False,"77,120,160,200,233,253,273,298",77K/100bar,True,False,hea-TiMg-9-201-D2h-D2d,TiMg/4-c-new/hea-TiMg-9-201-D2h-D2d.cif,new_H2,hea-TiMg-9-201-D2h-D2d,TiMg/4-c-new/hea-TiMg-9-201-D2h-D2d.cif,164991,5a4f4504f1f12bb707a6e0483d396f77441adc2dba947fd98baaeed126564550
hea-TiMg-13-600-Td,hea-TiMg-N600-N20-4c-Td,"4,6",hea,N600,TiMg,True,16,True,"77,120,160,200,233,253,273,298",,True,True,hea-TiMg-13-600-Td,TiMg/4-c-ori/hea-TiMg-13-600-Td.cif,legacy_H2_mapped_to_new_name,hea-TiMg-N600-N20-4c-Td_UFF4MOF_cell_bonded,TiMg/4-c-ori/hea-TiMg-13-600-Td.cif,148794,64cda571e2cc0cbef6995d368cdb14506bdd2c8f2f59d9d5a57ba75f64bc1f40
hea-TiMg-10-607-D2h-D2d,hea-TiMg-N607-N23-4c-D2d,"4,6",hea,N607,TiMg,True,16,True,"77,120,160,200,233,253,273,298",,True,True,hea-TiMg-10-607-D2h-D2d,TiMg/4-c-ori/hea-TiMg-10-607-D2h-D2d.cif,legacy_H2_mapped_to_new_name,hea-TiMg-N607-N23-4c-D2d_UFF4MOF_cell_bonded,TiMg/4-c-ori/hea-TiMg-10-607-D2h-D2d.cif,177631,02fa0739835036480bf27d91f127e59ef1ac6cf45eb02e9819c0432a7dd62ad0
hea-TiMg-11-662-D4h-T,hea-TiMg-N662-N21-4c-Td,"4,6",hea,N662,TiMg,True,16,True,"77,120,160,200,233,253,273,298",,True,True,hea-TiMg-11-662-D4h-T,TiMg/4-c-ori/hea-TiMg-11-662-D4h-T.cif,legacy_H2_mapped_to_new_name,hea-TiMg-N662-N21-4c-Td_UFF4MOF_cell_bonded,TiMg/4-c-ori/hea-TiMg-11-662-D4h-T.cif,71469,1527972d12813821e6737848c6adf572709a3f314409a6f319bd8619f2dd9618
hea-TiMg-12-693-Td,hea-TiMg-N693-N22-4c-Td,"4,6",hea,N693,TiMg,True,16,True,"77,120,160,200,233,253,273,298",,True,True,hea-TiMg-12-693-Td,TiMg/4-c-ori/hea-TiMg-12-693-Td.cif,legacy_H2_mapped_to_new_name,hea-TiMg-N693-N22-4c-Td_UFF4MOF_cell_bonded,TiMg/4-c-ori/hea-TiMg-12-693-Td.cif,202136,218d3eeef0180f56b8ac13f10fee5a107bf0d0e6cee432a6f8d5810c783febb7
hea-TiMg-7-7-D2h-D2d,hea-TiMg-N7-N25-4c-D2d,"4,6",hea,N7,TiMg,True,16,True,"77,120,160,200,233,253,273,298",,True,True,hea-TiMg-7-7-D2h-D2d,TiMg/4-c-ori/hea-TiMg-7-7-D2h-D2d.cif,legacy_H2_mapped_to_new_name,hea-TiMg-N7-N25-4c-D2d_UFF4MOF_cell_bonded,TiMg/4-c-ori/hea-TiMg-7-7-D2h-D2d.cif,88327,efc2d8a2e806481512751b6e341d80a134530da52a263727e23bf50c6095d527
hea-TiNi-8-644-D2h-D2d,hea-TiNi-8-644-D2h-D2d,"4,6",hea,N644,TiNi,True,16,True,"77,120,160,200,233,253,273,298",,True,True,hea-TiNi-8-644-D2h-D2d,TiNi/4-c-new/hea-TiNi-8-644-D2h-D2d.cif,new_H2,hea-TiNi-8-644-D2h-D2d,TiNi/4-c-new/hea-TiNi-8-644-D2h-D2d.cif,91099,4ae650237cd426849cf8fc7ba875a50dcf6af0834525f92409e043f7f32a75a0
hea-TiNi-9-201-D2h-D2d,hea-TiNi-9-201-D2h-D2d,"4,6",hea,N201,TiNi,True,15,False,"77,120,160,200,233,253,273,298",77K/100bar,True,False,hea-TiNi-9-201-D2h-D2d,TiNi/4-c-new/hea-TiNi-9-201-D2h-D2d.cif,new_H2,hea-TiNi-9-201-D2h-D2d,TiNi/4-c-new/hea-TiNi-9-201-D2h-D2d.cif,153673,2cda4c7ae53285376f6657aa53e8d922042a7f302abeab4ce5adb0aed906442c
hea-TiNi-13-600-Td,hea-TiNi-N600-N20-4c-Td,"4,6",hea,N600,TiNi,True,16,True,"77,120,160,200,233,253,273,298",,True,True,hea-TiNi-13-600-Td,TiNi/4-c-ori/hea-TiNi-13-600-Td.cif,legacy_H2_mapped_to_new_name,hea-TiNi-N600-N20-4c-Td_UFF4MOF_cell_bonded,TiNi/4-c-ori/hea-TiNi-13-600-Td.cif,148794,5bbf6e233dc201ce44d4f437f539392b85249f2e2c7ba1064dfaa95a1e838398
hea-TiNi-10-607-D2h-D2d,hea-TiNi-N607-N23-4c-D2d,"4,6",hea,N607,TiNi,True,16,True,"77,120,160,200,233,253,273,298",,True,True,hea-TiNi-10-607-D2h-D2d,TiNi/4-c-ori/hea-TiNi-10-607-D2h-D2d.cif,legacy_H2_mapped_to_new_name,hea-TiNi-N607-N23-4c-D2d_UFF4MOF_cell_bonded,TiNi/4-c-ori/hea-TiNi-10-607-D2h-D2d.cif,177631,d93bb75b1422148be19fd159edcc4f9bc926b275f211d0d62dd3bbe638695398
hea-TiNi-11-662-D4h-T,hea-TiNi-N662-N21-4c-Td,"4,6",hea,N662,TiNi,True,16,True,"77,120,160,200,233,253,273,298",,True,True,hea-TiNi-11-662-D4h-T,TiNi/4-c-ori/hea-TiNi-11-662-D4h-T.cif,legacy_H2_mapped_to_new_name,hea-TiNi-N662-N21-4c-Td_UFF4MOF_cell_bonded,TiNi/4-c-ori/hea-TiNi-11-662-D4h-T.cif,71469,af6569ec64b74518496502e650ebbd6d57f502722e8b5df8b790e0df1008b12d
hea-TiNi-12-693-Td,hea-TiNi-N693-N22-4c-Td,"4,6",hea,N693,TiNi,True,16,True,"77,120,160,200,233,253,273,298",,True,True,hea-TiNi-12-693-Td,TiNi/4-c-ori/hea-TiNi-12-693-Td.cif,legacy_H2_mapped_to_new_name,hea-TiNi-N693-N22-4c-Td_UFF4MOF_cell_bonded,TiNi/4-c-ori/hea-TiNi-12-693-Td.cif,202136,c3fac0a9c7e1a0de998b1b4b47afb805594c13021ed47b06ecf89052b0cac926
hea-TiNi-7-7-D2h-D2d,hea-TiNi-N7-N25-4c-D2d,"4,6",hea,N7,TiNi,True,16,True,"77,120,160,200,233,253,273,298",,True,True,hea-TiNi-7-7-D2h-D2d,TiNi/4-c-ori/hea-TiNi-7-7-D2h-D2d.cif,legacy_H2_mapped_to_new_name,hea-TiNi-N7-N25-4c-D2d_UFF4MOF_cell_bonded,TiNi/4-c-ori/hea-TiNi-7-7-D2h-D2d.cif,88327,26a1f9d7a826809c92976a0dab082b84ec1c9af33a5e1dea1eadc7f95b950f36
hwx-TiCo-1-10,hwx-TiCo-N10-N1-3c-D3h,"3,6",hwx,N10,TiCo,True,16,True,"77,120,160,200,233,253,273,298",,True,True,hwx-TiCo-1-10,TiCo/3-c/hwx-TiCo-1-10.cif,legacy_H2_mapped_to_new_name,hwx-TiCo-N10-N1-3c-D3h_UFF4MOF_cell_bonded,TiCo/3-c/hwx-TiCo-1-10.cif,147438,7e6b1f2f8a48be14a9a9e61e84e35d141a6043318da454ab2dec5a0b9a4e0334
hwx-TiCo-13-126,hwx-TiCo-N126-N11-3c-C3h,"3,6",hwx,N126,TiCo,True,16,True,"77,120,160,200,233,253,273,298",,True,True,hwx-TiCo-13-126,TiCo/3-c/hwx-TiCo-13-126.cif,legacy_H2_mapped_to_new_name,hwx-TiCo-N126-N11-3c-C3h_UFF4MOF_cell_bonded,TiCo/3-c/hwx-TiCo-13-126.cif,71052,bccf12f6e40b673f2bb0e5169c57cbaf1a0374e06710578f98a83155724b11a2
hwx-TiCo-9-130,hwx-TiCo-N130-N10-3c-C3v,"3,6",hwx,N130,TiCo,True,16,True,"77,120,160,200,233,253,273,298",,True,True,hwx-TiCo-9-130,TiCo/3-c/hwx-TiCo-9-130.cif,legacy_H2_mapped_to_new_name,hwx-TiCo-N130-N10-3c-C3v_UFF4MOF_cell_bonded,TiCo/3-c/hwx-TiCo-9-130.cif,241611,5781c1c30e4a6a8fb7e2069fb71d04e85cbb7d8e4c70ebe240e76ea3177296c9
hwx-TiCo-2-19,hwx-TiCo-N19-N2-3c-D3h,"3,6",hwx,N19,TiCo,True,16,True,"77,120,160,200,233,253,273,298",,True,True,hwx-TiCo-2-19,TiCo/3-c/hwx-TiCo-2-19.cif,legacy_H2_mapped_to_new_name,hwx-TiCo-N19-N2-3c-D3h_UFF4MOF_cell_bonded,TiCo/3-c/hwx-TiCo-2-19.cif,127179,40cde521b552ba5ea7600ca16f8244472498e4ddf2fa8a30a654e7ef3640df25
hwx-TiCo-3-20,hwx-TiCo-N20-N3-3c-D3h,"3,6",hwx,N20,TiCo,True,16,True,"77,120,160,200,233,253,273,298",,True,True,hwx-TiCo-3-20,TiCo/3-c/hwx-TiCo-3-20.cif,legacy_H2_mapped_to_new_name,hwx-TiCo-N20-N3-3c-D3h_UFF4MOF_cell_bonded,TiCo/3-c/hwx-TiCo-3-20.cif,220248,6bb739ac47c9f58c8b23e0ba00725e987fa942c19cdfef4a22e6310787e86c08
hwx-TiCo-6-225,hwx-TiCo-N225-N4-3c-D3h,"3,6",hwx,N225,TiCo,True,16,True,"77,120,160,200,233,253,273,298",,True,True,hwx-TiCo-6-225,TiCo/3-c/hwx-TiCo-6-225.cif,legacy_H2_mapped_to_new_name,hwx-TiCo-N225-N4-3c-D3h_UFF4MOF_cell_bonded,TiCo/3-c/hwx-TiCo-6-225.cif,208640,0a5bb919a07a1242b6a0b7c043d6ec46a32bca1a3e53e6083a03f44d1d84f4f5
hwx-TiCo-10-333,hwx-TiCo-N333-N8-3c-D3,"3,6",hwx,N333,TiCo,True,16,True,"77,120,160,200,233,253,273,298",,True,True,hwx-TiCo-10-333,TiCo/3-c/hwx-TiCo-10-333.cif,legacy_H2_mapped_to_new_name,hwx-TiCo-N333-N8-3c-D3_UFF4MOF_cell_bonded,TiCo/3-c/hwx-TiCo-10-333.cif,49827,778aa29f26bf70ce02e6849ed9e9553abb6d13ed936a305d66126376b64095c4
hwx-TiCo-5-386,hwx-TiCo-N386-N5-3c-D3h,"3,6",hwx,N386,TiCo,True,16,True,"77,120,160,200,233,253,273,298",,True,True,hwx-TiCo-5-386,TiCo/3-c/hwx-TiCo-5-386.cif,legacy_H2_mapped_to_new_name,hwx-TiCo-N386-N5-3c-D3h_UFF4MOF_cell_bonded,TiCo/3-c/hwx-TiCo-5-386.cif,64185,2b6c169c0250018dbeea5b6bf9ee06a979de2eb409f3634f5b09e1e7104bd2ba
hwx-TiCo-4-410,hwx-TiCo-N410-N9-3c-D3,"3,6",hwx,N410,TiCo,True,16,True,"77,120,160,200,233,253,273,298",,True,True,hwx-TiCo-4-410,TiCo/3-c/hwx-TiCo-4-410.cif,legacy_H2_mapped_to_new_name,hwx-TiCo-N410-N9-3c-D3_UFF4MOF_cell_bonded,TiCo/3-c/hwx-TiCo-4-410.cif,48702,00818481e25fe864f39430d78b0fcd42ae183fd2e131b63e4682a0ed730dcedf
hwx-TiCo-11-516,hwx-TiCo-N516-N24-3c-C3,"3,6",hwx,N516,TiCo,True,16,True,"77,120,160,200,233,253,273,298",,True,True,hwx-TiCo-11-516,TiCo/3-c/hwx-TiCo-11-516.cif,legacy_H2_mapped_to_new_name,hwx-TiCo-N516-N24-3c-C3_UFF4MOF_cell_bonded,TiCo/3-c/hwx-TiCo-11-516.cif,51334,38293b53e2bf7ea2e1ce3ca2e0255e47fccb5b7871fdf3d2aa61f98933d8ffb7
hwx-TiCo-7-592,hwx-TiCo-N592-N6-3c-D3h,"3,6",hwx,N592,TiCo,True,16,True,"77,120,160,200,233,253,273,298",,True,True,hwx-TiCo-7-592,TiCo/3-c/hwx-TiCo-7-592.cif,legacy_H2_mapped_to_new_name,hwx-TiCo-N592-N6-3c-D3h_UFF4MOF_cell_bonded,TiCo/3-c/hwx-TiCo-7-592.cif,102486,2472e718fc2937009a11678f182e7d252204f13864663015e516cc5797a96efb
hwx-TiCo-12-639,hwx-TiCo-N639-N7-3c-D3h,"3,6",hwx,N639,TiCo,True,16,True,"77,120,160,200,233,253,273,298",,True,True,hwx-TiCo-12-639,TiCo/3-c/hwx-TiCo-12-639.cif,legacy_H2_mapped_to_new_name,hwx-TiCo-N639-N7-3c-D3h_UFF4MOF_cell_bonded,TiCo/3-c/hwx-TiCo-12-639.cif,44851,8429206f305944e37a45b614aa42dc77b886a2f30d5ef381d5603ce54c093d19
hwx-TiCo-TATB,hwx-TiCo-TATB,"3,6",hwx,TATB,TiCo,True,16,True,"77,120,160,200,233,253,273,298",,True,True,hwx-TiCo-TATB,TiCo/TATB/hwx-TiCo-TATB.cif,new_H2,hwx-TiCo-TATB,TiCo/TATB/hwx-TiCo-TATB.cif,48116,70d29dd81b6f60a70066b5351ba120398d92972e0de33294aa391e4c99e17779
hwx-TiMg-1-10,hwx-TiMg-N10-N1-3c-D3h,"3,6",hwx,N10,TiMg,True,16,True,"77,120,160,200,233,253,273,298",,True,True,hwx-TiMg-1-10,TiMg/3-c/hwx-TiMg-1-10.cif,legacy_H2_mapped_to_new_name,hwx-TiMg-N10-N1-3c-D3h_UFF4MOF_cell_bonded,TiMg/3-c/hwx-TiMg-1-10.cif,147438,b689dfa0f15f5bc5266192ca2ba8e03f220df8b07f3f6785b7648f667d403c40
hwx-TiMg-13-126,hwx-TiMg-N126-N11-3c-C3h,"3,6",hwx,N126,TiMg,True,16,True,"77,120,160,200,233,253,273,298",,True,True,hwx-TiMg-13-126,TiMg/3-c/hwx-TiMg-13-126.cif,legacy_H2_mapped_to_new_name,hwx-TiMg-N126-N11-3c-C3h_UFF4MOF_cell_bonded,TiMg/3-c/hwx-TiMg-13-126.cif,71100,2c550f373f249dd99c5dd7ab19219d23c33a6b2b6380be776734a48422200060
hwx-TiMg-9-130,hwx-TiMg-N130-N10-3c-C3v,"3,6",hwx,N130,TiMg,True,16,True,"77,120,160,200,233,253,273,298",,True,True,hwx-TiMg-9-130,TiMg/3-c/hwx-TiMg-9-130.cif,legacy_H2_mapped_to_new_name,hwx-TiMg-N130-N10-3c-C3v_UFF4MOF_cell_bonded,TiMg/3-c/hwx-TiMg-9-130.cif,241647,a24227754da086feed9b63f1afc90ae1945d9b7739e60bcf0809de0b6f85bf72
hwx-TiMg-2-19,hwx-TiMg-N19-N2-3c-D3h,"3,6",hwx,N19,TiMg,True,16,True,"77,120,160,200,233,253,273,298",,True,True,hwx-TiMg-2-19,TiMg/3-c/hwx-TiMg-2-19.cif,legacy_H2_mapped_to_new_name,hwx-TiMg-N19-N2-3c-D3h_UFF4MOF_cell_bonded,TiMg/3-c/hwx-TiMg-2-19.cif,127179,c36d9d56ddc07fd391991ac3034f20821ff064b90357a5fee541e27390a35e7a
hwx-TiMg-3-20,hwx-TiMg-N20-N3-3c-D3h,"3,6",hwx,N20,TiMg,True,16,True,"77,120,160,200,233,253,273,298",,True,True,hwx-TiMg-3-20,TiMg/3-c/hwx-TiMg-3-20.cif,legacy_H2_mapped_to_new_name,hwx-TiMg-N20-N3-3c-D3h_UFF4MOF_cell_bonded,TiMg/3-c/hwx-TiMg-3-20.cif,220248,8a5d2577a29aa5ad8da84c13d781f64412f7426c7d99e3739c3ec384639d80e6
hwx-TiMg-6-225,hwx-TiMg-N225-N4-3c-D3h,"3,6",hwx,N225,TiMg,True,16,True,"77,120,160,200,233,253,273,298",,True,True,hwx-TiMg-6-225,TiMg/3-c/hwx-TiMg-6-225.cif,legacy_H2_mapped_to_new_name,hwx-TiMg-N225-N4-3c-D3h_UFF4MOF_cell_bonded,TiMg/3-c/hwx-TiMg-6-225.cif,208064,b7784425039296c3f693297913e65d50ddba9437282e8532621662dfd3588d93
hwx-TiMg-10-333,hwx-TiMg-N333-N8-3c-D3,"3,6",hwx,N333,TiMg,True,16,True,"77,120,160,200,233,253,273,298",,True,True,hwx-TiMg-10-333,TiMg/3-c/hwx-TiMg-10-333.cif,legacy_H2_mapped_to_new_name,hwx-TiMg-N333-N8-3c-D3_UFF4MOF_cell_bonded,TiMg/3-c/hwx-TiMg-10-333.cif,49825,88777a9710c14cbe0fe5f26fb07e5f0f6c0e970f7c1e620ed86023e1500af254
hwx-TiMg-5-386,hwx-TiMg-N386-N5-3c-D3h,"3,6",hwx,N386,TiMg,True,16,True,"77,120,160,200,233,253,273,298",,True,True,hwx-TiMg-5-386,TiMg/3-c/hwx-TiMg-5-386.cif,legacy_H2_mapped_to_new_name,hwx-TiMg-N386-N5-3c-D3h_UFF4MOF_cell_bonded,TiMg/3-c/hwx-TiMg-5-386.cif,64187,57a69fc81a211cfb4811c7d577988a65ddb0d14563f78df86f985026356f4710
hwx-TiMg-4-410,hwx-TiMg-N410-N9-3c-D3,"3,6",hwx,N410,TiMg,True,16,True,"77,120,160,200,233,253,273,298",,True,True,hwx-TiMg-4-410,TiMg/3-c/hwx-TiMg-4-410.cif,legacy_H2_mapped_to_new_name,hwx-TiMg-N410-N9-3c-D3_UFF4MOF_cell_bonded,TiMg/3-c/hwx-TiMg-4-410.cif,48708,e8f5dd4df58fd5b030f505880ae9a8fe773e52e665c9f5c33afce10e73526cf5
hwx-TiMg-11-516,hwx-TiMg-N516-N24-3c-C3,"3,6",hwx,N516,TiMg,True,16,True,"77,120,160,200,233,253,273,298",,True,True,hwx-TiMg-11-516,TiMg/3-c/hwx-TiMg-11-516.cif,legacy_H2_mapped_to_new_name,hwx-TiMg-N516-N24-3c-C3_UFF4MOF_cell_bonded,TiMg/3-c/hwx-TiMg-11-516.cif,51335,89b6af776a525436245b886a5e4dce40d19be41e0dea1cd4a809ef2d398a7b66
hwx-TiMg-7-592,hwx-TiMg-N592-N6-3c-D3h,"3,6",hwx,N592,TiMg,True,16,True,"77,120,160,200,233,253,273,298",,True,True,hwx-TiMg-7-592,TiMg/3-c/hwx-TiMg-7-592.cif,legacy_H2_mapped_to_new_name,hwx-TiMg-N592-N6-3c-D3h_UFF4MOF_cell_bonded,TiMg/3-c/hwx-TiMg-7-592.cif,102874,464d180fe47660e3b927f554e5739d067380f4b6c7b4d5914aa5513df04805cd
hwx-TiMg-12-639,hwx-TiMg-N639-N7-3c-D3h,"3,6",hwx,N639,TiMg,True,16,True,"77,120,160,200,233,253,273,298",,True,True,hwx-TiMg-12-639,TiMg/3-c/hwx-TiMg-12-639.cif,legacy_H2_mapped_to_new_name,hwx-TiMg-N639-N7-3c-D3h_UFF4MOF_cell_bonded,TiMg/3-c/hwx-TiMg-12-639.cif,44851,56a6f24fbef8c7777b5d7448c2de3fa9cd0e16ad39eba8d700e0a614e09faa4b
hwx-TiMg-TATB,hwx-TiMg-TATB,"3,6",hwx,TATB,TiMg,True,16,True,"77,120,160,200,233,253,273,298",,True,True,hwx-TiMg-TATB,TiMg/TATB/hwx-TiMg-TATB.cif,new_H2,hwx-TiMg-TATB,TiMg/TATB/hwx-TiMg-TATB.cif,49356,1982e020d039d5b1b377e43bdab19ea4e5b5662b9d5766fb583f0bd0a6f5e9a0
hwx-TiNi-1-10,hwx-TiNi-N10-N1-3c-D3h,"3,6",hwx,N10,TiNi,True,16,True,"77,120,160,200,233,253,273,298",,True,True,hwx-TiNi-1-10,TiNi/3-c/hwx-TiNi-1-10.cif,legacy_H2_mapped_to_new_name,hwx-TiNi-N10-N1-3c-D3h_UFF4MOF_cell_bonded,TiNi/3-c/hwx-TiNi-1-10.cif,147438,361b5ed895aadc581cce98795ca3e05ecd281b017617d01f8920569407a30195
hwx-TiNi-13-126,hwx-TiNi-N126-N11-3c-C3h,"3,6",hwx,N126,TiNi,True,16,True,"77,120,160,200,233,253,273,298",,True,True,hwx-TiNi-13-126,TiNi/3-c/hwx-TiNi-13-126.cif,legacy_H2_mapped_to_new_name,hwx-TiNi-N126-N11-3c-C3h_UFF4MOF_cell_bonded,TiNi/3-c/hwx-TiNi-13-126.cif,71054,4aa1526d3ae269df07e82fc47ed1596bbd02118cde2b744f6ac18437fd380736
hwx-TiNi-9-130,hwx-TiNi-N130-N10-3c-C3v,"3,6",hwx,N130,TiNi,True,16,True,"77,120,160,200,233,253,273,298",,True,True,hwx-TiNi-9-130,TiNi/3-c/hwx-TiNi-9-130.cif,legacy_H2_mapped_to_new_name,hwx-TiNi-N130-N10-3c-C3v_UFF4MOF_cell_bonded,TiNi/3-c/hwx-TiNi-9-130.cif,240543,0201f0fdbe0ccebacbb6f22e6be1f5fb464b9f8180cd6436b46fad4d5cde512d
hwx-TiNi-2-19,hwx-TiNi-N19-N2-3c-D3h,"3,6",hwx,N19,TiNi,True,16,True,"77,120,160,200,233,253,273,298",,True,True,hwx-TiNi-2-19,TiNi/3-c/hwx-TiNi-2-19.cif,legacy_H2_mapped_to_new_name,hwx-TiNi-N19-N2-3c-D3h_UFF4MOF_cell_bonded,TiNi/3-c/hwx-TiNi-2-19.cif,127179,1e2243c13af1be5a5233b936a7dc6fb06e2339456d7b6801038f0628eaa7c432
hwx-TiNi-3-20,hwx-TiNi-N20-N3-3c-D3h,"3,6",hwx,N20,TiNi,True,16,True,"77,120,160,200,233,253,273,298",,True,True,hwx-TiNi-3-20,TiNi/3-c/hwx-TiNi-3-20.cif,legacy_H2_mapped_to_new_name,hwx-TiNi-N20-N3-3c-D3h_UFF4MOF_cell_bonded,TiNi/3-c/hwx-TiNi-3-20.cif,220248,2490eaa88c5d49898b8817837d6b182bebf8391d7b74f42a8feedd40213fe70a
hwx-TiNi-6-225,hwx-TiNi-N225-N4-3c-D3h,"3,6",hwx,N225,TiNi,True,16,True,"77,120,160,200,233,253,273,298",,True,True,hwx-TiNi-6-225,TiNi/3-c/hwx-TiNi-6-225.cif,legacy_H2_mapped_to_new_name,hwx-TiNi-N225-N4-3c-D3h_UFF4MOF_cell_bonded,TiNi/3-c/hwx-TiNi-6-225.cif,208076,a2f4f328f7c04fa8eb809e3f5435ee2910aa63ee94da2b3fde69bb29f1133d34
hwx-TiNi-10-333,hwx-TiNi-N333-N8-3c-D3,"3,6",hwx,N333,TiNi,True,16,True,"77,120,160,200,233,253,273,298",,True,True,hwx-TiNi-10-333,TiNi/3-c/hwx-TiNi-10-333.cif,legacy_H2_mapped_to_new_name,hwx-TiNi-N333-N8-3c-D3_UFF4MOF_cell_bonded,TiNi/3-c/hwx-TiNi-10-333.cif,49783,36b4204125dbcec4fdfe24d14e6a6d7d8333f97f56e17f6add58c2c40a70acac
hwx-TiNi-5-386,hwx-TiNi-N386-N5-3c-D3h,"3,6",hwx,N386,TiNi,True,16,True,"77,120,160,200,233,253,273,298",,True,True,hwx-TiNi-5-386,TiNi/3-c/hwx-TiNi-5-386.cif,legacy_H2_mapped_to_new_name,hwx-TiNi-N386-N5-3c-D3h_UFF4MOF_cell_bonded,TiNi/3-c/hwx-TiNi-5-386.cif,64185,feec4f816a7225fa800a7fa3eee131f69cd2c2ed3ca42d42dd5200164742bc1c
hwx-TiNi-4-410,hwx-TiNi-N410-N9-3c-D3,"3,6",hwx,N410,TiNi,True,16,True,"77,120,160,200,233,253,273,298",,True,True,hwx-TiNi-4-410,TiNi/3-c/hwx-TiNi-4-410.cif,legacy_H2_mapped_to_new_name,hwx-TiNi-N410-N9-3c-D3_UFF4MOF_cell_bonded,TiNi/3-c/hwx-TiNi-4-410.cif,48704,c1b8e5dea0b59652c93f039bc22f7cdd6aa4a3049dbbfa2a13b476876d617854
hwx-TiNi-11-516,hwx-TiNi-N516-N24-3c-C3,"3,6",hwx,N516,TiNi,True,16,True,"77,120,160,200,233,253,273,298",,True,True,hwx-TiNi-11-516,TiNi/3-c/hwx-TiNi-11-516.cif,legacy_H2_mapped_to_new_name,hwx-TiNi-N516-N24-3c-C3_UFF4MOF_cell_bonded,TiNi/3-c/hwx-TiNi-11-516.cif,51050,bf8795a562293c27d98ea92e1f377489abf745d401d2960fcff1d54bec96e978
hwx-TiNi-7-592,hwx-TiNi-N592-N6-3c-D3h,"3,6",hwx,N592,TiNi,True,16,True,"77,120,160,200,233,253,273,298",,True,True,hwx-TiNi-7-592,TiNi/3-c/hwx-TiNi-7-592.cif,legacy_H2_mapped_to_new_name,hwx-TiNi-N592-N6-3c-D3h_UFF4MOF_cell_bonded,TiNi/3-c/hwx-TiNi-7-592.cif,102866,55a2444ab6d10384094b35eb9851dd52679c79ecf8f50f3fe9e8616821e0c067
hwx-TiNi-12-639,hwx-TiNi-N639-N7-3c-D3h,"3,6",hwx,N639,TiNi,True,16,True,"77,120,160,200,233,253,273,298",,True,True,hwx-TiNi-12-639,TiNi/3-c/hwx-TiNi-12-639.cif,legacy_H2_mapped_to_new_name,hwx-TiNi-N639-N7-3c-D3h_UFF4MOF_cell_bonded,TiNi/3-c/hwx-TiNi-12-639.cif,183495,e5604541c0cda8c29f632096e4b04bf601e8bb85e33f51b09a07dd4aaea1ed74
hwx-TiNi-TATB,hwx-TiNi-TATB,"3,6",hwx,TATB,TiNi,True,16,True,"77,120,160,200,233,253,273,298",,True,True,hwx-TiNi-TATB,TiNi/TATB/hwx-TiNi-TATB.cif,new_H2,hwx-TiNi-TATB,TiNi/TATB/hwx-TiNi-TATB.cif,51037,271b480c7d449d643626d4e1ce30b386c64bad3361a78981e0e182ce09d876d6
sab-TiCo-1-10,sab-TiCo-N10-N1-3c-D3h,"3,6",sab,N10,TiCo,True,16,True,"77,120,160,200,233,253,273,298",,True,True,sab-TiCo-1-10,TiCo/3-c/sab-TiCo-1-10.cif,legacy_H2_mapped_to_new_name,sab-TiCo-N10-N1-3c-D3h_UFF4MOF_cell_bonded,TiCo/3-c/sab-TiCo-1-10.cif,197726,0bc1f32f7ce6b25e14e15635c4d3cf5ae308846c61db6ba07c6ecbd68f89bcde
sab-TiCo-13-126,sab-TiCo-N126-N11-3c-C3h,"3,6",sab,N126,TiCo,True,16,True,"77,120,160,200,233,253,273,298",,True,True,sab-TiCo-13-126,TiCo/3-c/sab-TiCo-13-126.cif,legacy_H2_mapped_to_new_name,sab-TiCo-N126-N11-3c-C3h_UFF4MOF_cell_bonded,TiCo/3-c/sab-TiCo-13-126.cif,70839,eb569daa1283127be631b34dfdf7f113fd3e7e1f8e4039c835594e5b99138655
sab-TiCo-9-130,sab-TiCo-N130-N10-3c-C3v,"3,6",sab,N130,TiCo,True,16,True,"77,120,160,200,233,253,273,298",,True,True,sab-TiCo-9-130,TiCo/3-c/sab-TiCo-9-130.cif,legacy_H2_mapped_to_new_name,sab-TiCo-N130-N10-3c-C3v_UFF4MOF_cell_bonded,TiCo/3-c/sab-TiCo-9-130.cif,321726,804288d44d12579722622900657b4da44480439f3e7c6f26717e5ba830ea7cbf
sab-TiCo-2-19,sab-TiCo-N19-N2-3c-D3h,"3,6",sab,N19,TiCo,True,16,True,"77,120,160,200,233,253,273,298",,True,True,sab-TiCo-2-19,TiCo/3-c/sab-TiCo-2-19.cif,legacy_H2_mapped_to_new_name,sab-TiCo-N19-N2-3c-D3h_UFF4MOF_cell_bonded,TiCo/3-c/sab-TiCo-2-19.cif,170730,98a2a75131271ae89f6c5f08fa0b03b4d2f92b6d5be6b54d13157033fbe762a5
sab-TiCo-3-20,sab-TiCo-N20-N3-3c-D3h,"3,6",sab,N20,TiCo,True,16,True,"77,120,160,200,233,253,273,298",,True,True,sab-TiCo-3-20,TiCo/3-c/sab-TiCo-3-20.cif,legacy_H2_mapped_to_new_name,sab-TiCo-N20-N3-3c-D3h_UFF4MOF_cell_bonded,TiCo/3-c/sab-TiCo-3-20.cif,294786,7f1b335ea10c2adddbc6834a2907cbc5c4c3fcad9ba51853acfc2860134f03ae
sab-TiCo-6-225,sab-TiCo-N225-N4-3c-D3h,"3,6",sab,N225,TiCo,True,16,True,"77,120,160,200,233,253,273,298",,True,True,sab-TiCo-6-225,TiCo/3-c/sab-TiCo-6-225.cif,legacy_H2_mapped_to_new_name,sab-TiCo-N225-N4-3c-D3h_UFF4MOF_cell_bonded,TiCo/3-c/sab-TiCo-6-225.cif,278678,463840231ce8625af8c2a1047aa6be31909323578ae2bd2d2b441ba65d231af8
sab-TiCo-10-333,sab-TiCo-N333-N8-3c-D3,"3,6",sab,N333,TiCo,True,16,True,"77,120,160,200,233,253,273,298",,True,True,sab-TiCo-10-333,TiCo/3-c/sab-TiCo-10-333.cif,legacy_H2_mapped_to_new_name,sab-TiCo-N333-N8-3c-D3_UFF4MOF_cell_bonded,TiCo/3-c/sab-TiCo-10-333.cif,100960,7175550aa7ad36ebb251c513d0141de90a18140914f749e7d70b30bd4e3e7ba9
sab-TiCo-5-386,sab-TiCo-N386-N5-3c-D3h,"3,6",sab,N386,TiCo,True,16,True,"77,120,160,200,233,253,273,298",,True,True,sab-TiCo-5-386,TiCo/3-c/sab-TiCo-5-386.cif,legacy_H2_mapped_to_new_name,sab-TiCo-N386-N5-3c-D3h_UFF4MOF_cell_bonded,TiCo/3-c/sab-TiCo-5-386.cif,64199,e1149c412afc7ccd10de36c4839bf468a910acc1ececd10ab6d322a82c6aab3f
sab-TiCo-4-410,sab-TiCo-N410-N9-3c-D3,"3,6",sab,N410,TiCo,True,16,True,"77,120,160,200,233,253,273,298",,True,True,sab-TiCo-4-410,TiCo/3-c/sab-TiCo-4-410.cif,legacy_H2_mapped_to_new_name,sab-TiCo-N410-N9-3c-D3_UFF4MOF_cell_bonded,TiCo/3-c/sab-TiCo-4-410.cif,98538,030606c3c7381e926befda55aeaeb5c2ee71901127b91b1b1916a319a1684b62
sab-TiCo-11-516,sab-TiCo-N516-N24-3c-C3,"3,6",sab,N516,TiCo,True,16,True,"77,120,160,200,233,253,273,298",,True,True,sab-TiCo-11-516,TiCo/3-c/sab-TiCo-11-516.cif,legacy_H2_mapped_to_new_name,sab-TiCo-N516-N24-3c-C3_UFF4MOF_cell_bonded,TiCo/3-c/sab-TiCo-11-516.cif,103234,a6dea143a2b9f7751654c3a991b224cffb2a0a4651245fd6166777e03782ee9c
sab-TiCo-7-592,sab-TiCo-N592-N6-3c-D3h,"3,6",sab,N592,TiCo,True,16,True,"77,120,160,200,233,253,273,298",,True,True,sab-TiCo-7-592,TiCo/3-c/sab-TiCo-7-592.cif,legacy_H2_mapped_to_new_name,sab-TiCo-N592-N6-3c-D3h_UFF4MOF_cell_bonded,TiCo/3-c/sab-TiCo-7-592.cif,102537,7d3e8e1d41098eb180e07cddd02e3193fa2a1b2ba39416e753c223374b5e5e54
sab-TiCo-12-639,sab-TiCo-N639-N7-3c-D3h,"3,6",sab,N639,TiCo,True,16,True,"77,120,160,200,233,253,273,298",,True,True,sab-TiCo-12-639,TiCo/3-c/sab-TiCo-12-639.cif,legacy_H2_mapped_to_new_name,sab-TiCo-N639-N7-3c-D3h_UFF4MOF_cell_bonded,TiCo/3-c/sab-TiCo-12-639.cif,90261,3489f2680121f578d5b193e9c79f4839fb729f46a2995962bd781d0b26e212f9
sab-TiCo-TATB,sab-TiCo-TATB,"3,6",sab,TATB,TiCo,True,16,True,"77,120,160,200,233,253,273,298",,True,True,sab-TiCo-TATB,TiCo/TATB/sab-TiCo-TATB.cif,new_H2,sab-TiCo-TATB,TiCo/TATB/sab-TiCo-TATB.cif,48869,e82cbd02c4b8ce957f3dc76b3de97041a9abb110dd95cacb21255169007d8d75
sab-TiMg-1-10,sab-TiMg-N10-N1-3c-D3h,"3,6",sab,N10,TiMg,True,16,True,"77,120,160,200,233,253,273,298",,True,True,sab-TiMg-1-10,TiMg/3-c/sab-TiMg-1-10.cif,legacy_H2_mapped_to_new_name,sab-TiMg-N10-N1-3c-D3h_UFF4MOF_cell_bonded,TiMg/3-c/sab-TiMg-1-10.cif,197726,13292b7dd2ebbfa7eb9e209249a8aa10118e17ff62e771247d949b85d9777f0f
sab-TiMg-13-126,sab-TiMg-N126-N11-3c-C3h,"3,6",sab,N126,TiMg,True,16,True,"77,120,160,200,233,253,273,298",,True,True,sab-TiMg-13-126,TiMg/3-c/sab-TiMg-13-126.cif,legacy_H2_mapped_to_new_name,sab-TiMg-N126-N11-3c-C3h_UFF4MOF_cell_bonded,TiMg/3-c/sab-TiMg-13-126.cif,70839,302edbd7ac9f196235c6cf49ade262a2836bcc0fb8b6be2e116837ad4baaba8c
sab-TiMg-9-130,sab-TiMg-N130-N10-3c-C3v,"3,6",sab,N130,TiMg,True,16,True,"77,120,160,200,233,253,273,298",,True,True,sab-TiMg-9-130,TiMg/3-c/sab-TiMg-9-130.cif,legacy_H2_mapped_to_new_name,sab-TiMg-N130-N10-3c-C3v_UFF4MOF_cell_bonded,TiMg/3-c/sab-TiMg-9-130.cif,321726,2cc30cbb10823fdef9b8a15380ba083626b907137314f070bed8e62c1cba3f5f
sab-TiMg-2-19,sab-TiMg-N19-N2-3c-D3h,"3,6",sab,N19,TiMg,True,16,True,"77,120,160,200,233,253,273,298",,True,True,sab-TiMg-2-19,TiMg/3-c/sab-TiMg-2-19.cif,legacy_H2_mapped_to_new_name,sab-TiMg-N19-N2-3c-D3h_UFF4MOF_cell_bonded,TiMg/3-c/sab-TiMg-2-19.cif,170730,dd85a28fa54b2e6d2a477b48479741508b9ffb66e4424bf8166d5083868904a2
sab-TiMg-3-20,sab-TiMg-N20-N3-3c-D3h,"3,6",sab,N20,TiMg,True,16,True,"77,120,160,200,233,253,273,298",,True,True,sab-TiMg-3-20,TiMg/3-c/sab-TiMg-3-20.cif,legacy_H2_mapped_to_new_name,sab-TiMg-N20-N3-3c-D3h_UFF4MOF_cell_bonded,TiMg/3-c/sab-TiMg-3-20.cif,294786,e1f5755ce26c6453a9cc583e596607e9cd906d39f71a3e2c8a11d4f6a2915133
sab-TiMg-6-225,sab-TiMg-N225-N4-3c-D3h,"3,6",sab,N225,TiMg,True,16,True,"77,120,160,200,233,253,273,298",,True,True,sab-TiMg-6-225,TiMg/3-c/sab-TiMg-6-225.cif,legacy_H2_mapped_to_new_name,sab-TiMg-N225-N4-3c-D3h_UFF4MOF_cell_bonded,TiMg/3-c/sab-TiMg-6-225.cif,278678,23c4267dc9a4be55c261542be6d510d88aff9df2b6fdbf7de3e1a7ff51b97ffe
sab-TiMg-10-333,sab-TiMg-N333-N8-3c-D3,"3,6",sab,N333,TiMg,True,16,True,"77,120,160,200,233,253,273,298",,True,True,sab-TiMg-10-333,TiMg/3-c/sab-TiMg-10-333.cif,legacy_H2_mapped_to_new_name,sab-TiMg-N333-N8-3c-D3_UFF4MOF_cell_bonded,TiMg/3-c/sab-TiMg-10-333.cif,100960,1f7a1d1d5cde9cdaa83e269765530363d24beef83dbaca82326c992df76d9d45
sab-TiMg-5-386,sab-TiMg-N386-N5-3c-D3h,"3,6",sab,N386,TiMg,True,16,True,"77,120,160,200,233,253,273,298",,True,True,sab-TiMg-5-386,TiMg/3-c/sab-TiMg-5-386.cif,legacy_H2_mapped_to_new_name,sab-TiMg-N386-N5-3c-D3h_UFF4MOF_cell_bonded,TiMg/3-c/sab-TiMg-5-386.cif,64199,65b04ece664abc9c3a619aa6c034988e5ef41324018c444903c12487fc040ad2
sab-TiMg-4-410,sab-TiMg-N410-N9-3c-D3,"3,6",sab,N410,TiMg,True,16,True,"77,120,160,200,233,253,273,298",,True,True,sab-TiMg-4-410,TiMg/3-c/sab-TiMg-4-410.cif,legacy_H2_mapped_to_new_name,sab-TiMg-N410-N9-3c-D3_UFF4MOF_cell_bonded,TiMg/3-c/sab-TiMg-4-410.cif,98538,a6c4597728a24c20f81aaa1d4f8a232679ead3c0f831e82a60c45630fb881540
sab-TiMg-11-516,sab-TiMg-N516-N24-3c-C3,"3,6",sab,N516,TiMg,True,16,True,"77,120,160,200,233,253,273,298",,True,True,sab-TiMg-11-516,TiMg/3-c/sab-TiMg-11-516.cif,legacy_H2_mapped_to_new_name,sab-TiMg-N516-N24-3c-C3_UFF4MOF_cell_bonded,TiMg/3-c/sab-TiMg-11-516.cif,103234,63e959b8c8db8442c5bf8b56c54e3145b8f63f036c15a53d4219c01b0ff0fb49
sab-TiMg-7-592,sab-TiMg-N592-N6-3c-D3h,"3,6",sab,N592,TiMg,True,16,True,"77,120,160,200,233,253,273,298",,True,True,sab-TiMg-7-592,TiMg/3-c/sab-TiMg-7-592.cif,legacy_H2_mapped_to_new_name,sab-TiMg-N592-N6-3c-D3h_UFF4MOF_cell_bonded,TiMg/3-c/sab-TiMg-7-592.cif,102536,1dd6f2ad2e70337315478f1edaa346bd9cf6b216b9a619130dabf10abee1dfb0
sab-TiMg-12-639,sab-TiMg-N639-N7-3c-D3h,"3,6",sab,N639,TiMg,True,16,True,"77,120,160,200,233,253,273,298",,True,True,sab-TiMg-12-639,TiMg/3-c/sab-TiMg-12-639.cif,legacy_H2_mapped_to_new_name,sab-TiMg-N639-N7-3c-D3h_UFF4MOF_cell_bonded,TiMg/3-c/sab-TiMg-12-639.cif,90261,1d62107762415163b8543bfbaa4804e2257b5f2f23aca1338042dd02baa5e49a
sab-TiMg-TATB,sab-TiMg-TATB,"3,6",sab,TATB,TiMg,True,16,True,"77,120,160,200,233,253,273,298",,True,True,sab-TiMg-TATB,TiMg/TATB/sab-TiMg-TATB.cif,new_H2,sab-TiMg-TATB,TiMg/TATB/sab-TiMg-TATB.cif,48810,94104ee317ea363673602cf05816c2f607f38a2d79cd8242072d0d06249c2193
sab-TiNi-1-10,sab-TiNi-N10-N1-3c-D3h,"3,6",sab,N10,TiNi,True,16,True,"77,120,160,200,233,253,273,298",,True,True,sab-TiNi-1-10,TiNi/3-c/sab-TiNi-1-10.cif,legacy_H2_mapped_to_new_name,sab-TiNi-N10-N1-3c-D3h_UFF4MOF_cell_bonded,TiNi/3-c/sab-TiNi-1-10.cif,197726,f74ccefb2585dd3fb2d8f2dad9573e83ed55437fc347f0d19202dc7d5edd902a
sab-TiNi-13-126,sab-TiNi-N126-N11-3c-C3h,"3,6",sab,N126,TiNi,True,16,True,"77,120,160,200,233,253,273,298",,True,True,sab-TiNi-13-126,TiNi/3-c/sab-TiNi-13-126.cif,legacy_H2_mapped_to_new_name,sab-TiNi-N126-N11-3c-C3h_UFF4MOF_cell_bonded,TiNi/3-c/sab-TiNi-13-126.cif,70839,061649471a280ec28f5d7740ce3d3fe87eb90475b41181311e1a75536e95340e
sab-TiNi-9-130,sab-TiNi-N130-N10-3c-C3v,"3,6",sab,N130,TiNi,True,16,True,"77,120,160,200,233,253,273,298",,True,True,sab-TiNi-9-130,TiNi/3-c/sab-TiNi-9-130.cif,legacy_H2_mapped_to_new_name,sab-TiNi-N130-N10-3c-C3v_UFF4MOF_cell_bonded,TiNi/3-c/sab-TiNi-9-130.cif,321726,e0de704a3d50ef602a4e921565acd7b86c155a3b4697b550eb3c4b213af3d178
sab-TiNi-2-19,sab-TiNi-N19-N2-3c-D3h,"3,6",sab,N19,TiNi,True,16,True,"77,120,160,200,233,253,273,298",,True,True,sab-TiNi-2-19,TiNi/3-c/sab-TiNi-2-19.cif,legacy_H2_mapped_to_new_name,sab-TiNi-N19-N2-3c-D3h_UFF4MOF_cell_bonded,TiNi/3-c/sab-TiNi-2-19.cif,170730,ca38c58a27c61d59546a6f6bb07006b55dca4c230deac363dbaaaf24846ba6b8
sab-TiNi-3-20,sab-TiNi-N20-N3-3c-D3h,"3,6",sab,N20,TiNi,True,16,True,"77,120,160,200,233,253,273,298",,True,True,sab-TiNi-3-20,TiNi/3-c/sab-TiNi-3-20.cif,legacy_H2_mapped_to_new_name,sab-TiNi-N20-N3-3c-D3h_UFF4MOF_cell_bonded,TiNi/3-c/sab-TiNi-3-20.cif,145794,8869eefb088881f5ad3b9fd42d721e5ea980cfaec5b6dc4704cdf0ca7b1bc453
sab-TiNi-6-225,sab-TiNi-N225-N4-3c-D3h,"3,6",sab,N225,TiNi,True,16,True,"77,120,160,200,233,253,273,298",,True,True,sab-TiNi-6-225,TiNi/3-c/sab-TiNi-6-225.cif,legacy_H2_mapped_to_new_name,sab-TiNi-N225-N4-3c-D3h_UFF4MOF_cell_bonded,TiNi/3-c/sab-TiNi-6-225.cif,278678,7adaf7cdaf176921da065790a00feca450b2a7ca4dac3b606ae6f930fed5f362
sab-TiNi-10-333,sab-TiNi-N333-N8-3c-D3,"3,6",sab,N333,TiNi,True,16,True,"77,120,160,200,233,253,273,298",,True,True,sab-TiNi-10-333,TiNi/3-c/sab-TiNi-10-333.cif,legacy_H2_mapped_to_new_name,sab-TiNi-N333-N8-3c-D3_UFF4MOF_cell_bonded,TiNi/3-c/sab-TiNi-10-333.cif,100960,c2a2ae041e114437c1cdfaf1e5c0e08789b717d0e3f90afc9588d7a1f5d3659c
sab-TiNi-5-386,sab-TiNi-N386-N5-3c-D3h,"3,6",sab,N386,TiNi,True,16,True,"77,120,160,200,233,253,273,298",,True,True,sab-TiNi-5-386,TiNi/3-c/sab-TiNi-5-386.cif,legacy_H2_mapped_to_new_name,sab-TiNi-N386-N5-3c-D3h_UFF4MOF_cell_bonded,TiNi/3-c/sab-TiNi-5-386.cif,64199,690ba1cec6d25c82c55f996963691dc1d0b37413deefca7a50a4ea080a366d6b
sab-TiNi-4-410,sab-TiNi-N410-N9-3c-D3,"3,6",sab,N410,TiNi,True,16,True,"77,120,160,200,233,253,273,298",,True,True,sab-TiNi-4-410,TiNi/3-c/sab-TiNi-4-410.cif,legacy_H2_mapped_to_new_name,sab-TiNi-N410-N9-3c-D3_UFF4MOF_cell_bonded,TiNi/3-c/sab-TiNi-4-410.cif,98538,40cff701326f39aab6ae34be9b8816b286040ccd7a75fca7b246d4bb8880fa16
sab-TiNi-11-516,sab-TiNi-N516-N24-3c-C3,"3,6",sab,N516,TiNi,True,16,True,"77,120,160,200,233,253,273,298",,True,True,sab-TiNi-11-516,TiNi/3-c/sab-TiNi-11-516.cif,legacy_H2_mapped_to_new_name,sab-TiNi-N516-N24-3c-C3_UFF4MOF_cell_bonded,TiNi/3-c/sab-TiNi-11-516.cif,103234,c76a8eb3e48f2e20b753910301e24e86149c5acb5fa8a42d9e7e53ba3af10b71
sab-TiNi-7-592,sab-TiNi-N592-N6-3c-D3h,"3,6",sab,N592,TiNi,True,16,True,"77,120,160,200,233,253,273,298",,True,True,sab-TiNi-7-592,TiNi/3-c/sab-TiNi-7-592.cif,legacy_H2_mapped_to_new_name,sab-TiNi-N592-N6-3c-D3h_UFF4MOF_cell_bonded,TiNi/3-c/sab-TiNi-7-592.cif,102537,bd77d2e8eef686665ee3e9aead2ecc897eb9812f92601821ab23fa6ec48203c9
sab-TiNi-12-639,sab-TiNi-N639-N7-3c-D3h,"3,6",sab,N639,TiNi,True,16,True,"77,120,160,200,233,253,273,298",,True,True,sab-TiNi-12-639,TiNi/3-c/sab-TiNi-12-639.cif,legacy_H2_mapped_to_new_name,sab-TiNi-N639-N7-3c-D3h_UFF4MOF_cell_bonded,TiNi/3-c/sab-TiNi-12-639.cif,90261,9ddfa69b41f2d96e3cb87b89a75d28d4a4d709f39dc2c6ebb1ffac4046a83f53
sab-TiNi-TATB,sab-TiNi-TATB,"3,6",sab,TATB,TiNi,True,16,True,"77,120,160,200,233,253,273,298",,True,True,sab-TiNi-TATB,TiNi/TATB/sab-TiNi-TATB.cif,new_H2,sab-TiNi-TATB,TiNi/TATB/sab-TiNi-TATB.cif,49368,d2696f030685c327bd0fdbcd7a1effde4efa0d7636f3f84a7bbe1b1a17224b48
sit-TiCo-1-10,sit-TiCo-N10-N1-3c-D3h,"3,6",sit,N10,TiCo,True,16,True,"77,120,160,200,233,253,273,298",,True,True,sit-TiCo-1-10,TiCo/3-c/sit-TiCo-1-10.cif,legacy_H2_mapped_to_new_name,sit-TiCo-N10-N1-3c-D3h_UFF4MOF_cell_bonded,TiCo/3-c/sit-TiCo-1-10.cif,72240,d539efe7391810114cf9534d1ca42589e58cda9ad1de1e209a626902df6d4c55
sit-TiCo-13-126,sit-TiCo-N126-N11-3c-C3h,"3,6",sit,N126,TiCo,True,16,True,"77,120,160,200,233,253,273,298",,True,True,sit-TiCo-13-126,TiCo/3-c/sit-TiCo-13-126.cif,legacy_H2_mapped_to_new_name,sit-TiCo-N126-N11-3c-C3h_UFF4MOF_cell_bonded,TiCo/3-c/sit-TiCo-13-126.cif,35562,1823f018d3a54f06fb7b56a78520d93a0514a80bde71b616ec189ee32a3636c2
sit-TiCo-9-130,sit-TiCo-N130-N10-3c-C3v,"3,6",sit,N130,TiCo,True,16,True,"77,120,160,200,233,253,273,298",,True,True,sit-TiCo-9-130,TiCo/3-c/sit-TiCo-9-130.cif,legacy_H2_mapped_to_new_name,sit-TiCo-N130-N10-3c-C3v_UFF4MOF_cell_bonded,TiCo/3-c/sit-TiCo-9-130.cif,118672,21be0ef7226c25dc60c48da89a71f59275b630a231d1c511214d76242b5caae5
sit-TiCo-2-19,sit-TiCo-N19-N2-3c-D3h,"3,6",sit,N19,TiCo,True,16,True,"77,120,160,200,233,253,273,298",,True,True,sit-TiCo-2-19,TiCo/3-c/sit-TiCo-2-19.cif,legacy_H2_mapped_to_new_name,sit-TiCo-N19-N2-3c-D3h_UFF4MOF_cell_bonded,TiCo/3-c/sit-TiCo-2-19.cif,62581,5da26bfa73c9b051a506523d2e840c2a7b3a9ec4d4bab64054c94067167efb2e
sit-TiCo-3-20,sit-TiCo-N20-N3-3c-D3h,"3,6",sit,N20,TiCo,True,16,True,"77,120,160,200,233,253,273,298",,True,True,sit-TiCo-3-20,TiCo/3-c/sit-TiCo-3-20.cif,legacy_H2_mapped_to_new_name,sit-TiCo-N20-N3-3c-D3h_UFF4MOF_cell_bonded,TiCo/3-c/sit-TiCo-3-20.cif,108538,4cd8336da01a065e4e93c0fb792de426de7876ec6742ebf1b96cb4f9ffad718d
sit-TiCo-6-225,sit-TiCo-N225-N4-3c-D3h,"3,6",sit,N225,TiCo,True,16,True,"77,120,160,200,233,253,273,298",,True,True,sit-TiCo-6-225,TiCo/3-c/sit-TiCo-6-225.cif,legacy_H2_mapped_to_new_name,sit-TiCo-N225-N4-3c-D3h_UFF4MOF_cell_bonded,TiCo/3-c/sit-TiCo-6-225.cif,155342,f62923329a985a0b27c1ebbb19b310decc9d9f8d08fe28265ba90d1ad5d1c341
sit-TiCo-10-333,sit-TiCo-N333-N8-3c-D3,"3,6",sit,N333,TiCo,True,16,True,"77,120,160,200,233,253,273,298",,True,True,sit-TiCo-10-333,TiCo/3-c/sit-TiCo-10-333.cif,legacy_H2_mapped_to_new_name,sit-TiCo-N333-N8-3c-D3_UFF4MOF_cell_bonded,TiCo/3-c/sit-TiCo-10-333.cif,100943,280e5a92ba34f73969fefb359c09bd4902401c671a0bae6d8ce84e21a9dc957f
sit-TiCo-5-386,sit-TiCo-N386-N5-3c-D3h,"3,6",sit,N386,TiCo,True,16,True,"77,120,160,200,233,253,273,298",,True,True,sit-TiCo-5-386,TiCo/3-c/sit-TiCo-5-386.cif,legacy_H2_mapped_to_new_name,sit-TiCo-N386-N5-3c-D3h_UFF4MOF_cell_bonded,TiCo/3-c/sit-TiCo-5-386.cif,32335,3c0c5a6b984d8f831ea518a760bdd447a48366126db05928476ac63c264c06f5
sit-TiCo-4-410,sit-TiCo-N410-N9-3c-D3,"3,6",sit,N410,TiCo,True,16,True,"77,120,160,200,233,253,273,298",,True,True,sit-TiCo-4-410,TiCo/3-c/sit-TiCo-4-410.cif,legacy_H2_mapped_to_new_name,sit-TiCo-N410-N9-3c-D3_UFF4MOF_cell_bonded,TiCo/3-c/sit-TiCo-4-410.cif,98369,e4d094907bb51d461cba3a4902def2a3b2f8ceda320ebec11ed70f804504c725
sit-TiCo-11-516,sit-TiCo-N516-N24-3c-C3,"3,6",sit,N516,TiCo,True,16,True,"77,120,160,200,233,253,273,298",,True,True,sit-TiCo-11-516,TiCo/3-c/sit-TiCo-11-516.cif,legacy_H2_mapped_to_new_name,sit-TiCo-N516-N24-3c-C3_UFF4MOF_cell_bonded,TiCo/3-c/sit-TiCo-11-516.cif,156310,ccfd59dde8e496f863204795bc33358ee91d66b926da8bee17984565460624c7
sit-TiCo-7-592,sit-TiCo-N592-N6-3c-D3h,"3,6",sit,N592,TiCo,True,16,True,"77,120,160,200,233,253,273,298",,True,True,sit-TiCo-7-592,TiCo/3-c/sit-TiCo-7-592.cif,legacy_H2_mapped_to_new_name,sit-TiCo-N592-N6-3c-D3h_UFF4MOF_cell_bonded,TiCo/3-c/sit-TiCo-7-592.cif,102499,a9300a7a2d90c7669c373326baf81e255fb46ddf4f0527aafd99c904390c955a
sit-TiCo-12-639,sit-TiCo-N639-N7-3c-D3h,"3,6",sit,N639,TiCo,True,16,True,"77,120,160,200,233,253,273,298",,True,True,sit-TiCo-12-639,TiCo/3-c/sit-TiCo-12-639.cif,legacy_H2_mapped_to_new_name,sit-TiCo-N639-N7-3c-D3h_UFF4MOF_cell_bonded,TiCo/3-c/sit-TiCo-12-639.cif,90231,7b2bd73dc632233b01512ea0f99abfaed8730ec75f36c4ac2e0bf9eeca71d28d
sit-TiCo-TATB,sit-TiCo-TATB,"3,6",sit,TATB,TiCo,True,16,True,"77,120,160,200,233,253,273,298",,True,True,sit-TiCo-TATB,TiCo/TATB/sit-TiCo-TATB.cif,new_H2,sit-TiCo-TATB,TiCo/TATB/sit-TiCo-TATB.cif,112994,ae299d7fce7d2f30cb6ad8f92fd051e32c230c1c6e3b19b27308cb7f9b7b62d6
sit-TiMg-1-10,sit-TiMg-N10-N1-3c-D3h,"3,6",sit,N10,TiMg,True,16,True,"77,120,160,200,233,253,273,298",,True,True,sit-TiMg-1-10,TiMg/3-c/sit-TiMg-1-10.cif,legacy_H2_mapped_to_new_name,sit-TiMg-N10-N1-3c-D3h_UFF4MOF_cell_bonded,TiMg/3-c/sit-TiMg-1-10.cif,72240,f55e2c246437bc5712ae99bec7221e060f5e3239744443d23aaa98c1663a5571
sit-TiMg-13-126,sit-TiMg-N126-N11-3c-C3h,"3,6",sit,N126,TiMg,True,16,True,"77,120,160,200,233,253,273,298",,True,True,sit-TiMg-13-126,TiMg/3-c/sit-TiMg-13-126.cif,legacy_H2_mapped_to_new_name,sit-TiMg-N126-N11-3c-C3h_UFF4MOF_cell_bonded,TiMg/3-c/sit-TiMg-13-126.cif,35562,8ef9325938f5374e6d05315361d0d0b0e78a4a3275f2dc2d27c5c28c003d7bf2
sit-TiMg-9-130,sit-TiMg-N130-N10-3c-C3v,"3,6",sit,N130,TiMg,True,16,True,"77,120,160,200,233,253,273,298",,True,True,sit-TiMg-9-130,TiMg/3-c/sit-TiMg-9-130.cif,legacy_H2_mapped_to_new_name,sit-TiMg-N130-N10-3c-C3v_UFF4MOF_cell_bonded,TiMg/3-c/sit-TiMg-9-130.cif,118672,c1d781e6bc9593e1781edd16d7224c4c0a5226e17a93bd81ab4740a5c4fdf49a
sit-TiMg-2-19,sit-TiMg-N19-N2-3c-D3h,"3,6",sit,N19,TiMg,True,16,True,"77,120,160,200,233,253,273,298",,True,True,sit-TiMg-2-19,TiMg/3-c/sit-TiMg-2-19.cif,legacy_H2_mapped_to_new_name,sit-TiMg-N19-N2-3c-D3h_UFF4MOF_cell_bonded,TiMg/3-c/sit-TiMg-2-19.cif,94553,7ddc28b99d71fcdaeab4562d0d469cc757f7790c2e8feed642ba7fb30da86368
sit-TiMg-3-20,sit-TiMg-N20-N3-3c-D3h,"3,6",sit,N20,TiMg,True,16,True,"77,120,160,200,233,253,273,298",,True,True,sit-TiMg-3-20,TiMg/3-c/sit-TiMg-3-20.cif,legacy_H2_mapped_to_new_name,sit-TiMg-N20-N3-3c-D3h_UFF4MOF_cell_bonded,TiMg/3-c/sit-TiMg-3-20.cif,108538,7346f98a5580f7b32ba625f917339e3bb8d0cf0992b73dc53f498fd35569b01c
sit-TiMg-6-225,sit-TiMg-N225-N4-3c-D3h,"3,6",sit,N225,TiMg,True,16,True,"77,120,160,200,233,253,273,298",,True,True,sit-TiMg-6-225,TiMg/3-c/sit-TiMg-6-225.cif,legacy_H2_mapped_to_new_name,sit-TiMg-N225-N4-3c-D3h_UFF4MOF_cell_bonded,TiMg/3-c/sit-TiMg-6-225.cif,155342,f1a22f509e97b8fe2dfc1abee2a9b010a39f4b1070bc77bf79f8e2ac7fbc0eb6
sit-TiMg-10-333,sit-TiMg-N333-N8-3c-D3,"3,6",sit,N333,TiMg,True,16,True,"77,120,160,200,233,253,273,298",,True,True,sit-TiMg-10-333,TiMg/3-c/sit-TiMg-10-333.cif,legacy_H2_mapped_to_new_name,sit-TiMg-N333-N8-3c-D3_UFF4MOF_cell_bonded,TiMg/3-c/sit-TiMg-10-333.cif,100751,ae746bea701c841a06e157fea72f0d9d03da6e652a90e12a0bae3e1325737b54
sit-TiMg-5-386,sit-TiMg-N386-N5-3c-D3h,"3,6",sit,N386,TiMg,True,16,True,"77,120,160,200,233,253,273,298",,True,True,sit-TiMg-5-386,TiMg/3-c/sit-TiMg-5-386.cif,legacy_H2_mapped_to_new_name,sit-TiMg-N386-N5-3c-D3h_UFF4MOF_cell_bonded,TiMg/3-c/sit-TiMg-5-386.cif,32287,5f3fa01a34e5c2545c958ec19306517ccfe0d741388a1469d2ba49a12aa71bf9
sit-TiMg-4-410,sit-TiMg-N410-N9-3c-D3,"3,6",sit,N410,TiMg,True,16,True,"77,120,160,200,233,253,273,298",,True,True,sit-TiMg-4-410,TiMg/3-c/sit-TiMg-4-410.cif,legacy_H2_mapped_to_new_name,sit-TiMg-N410-N9-3c-D3_UFF4MOF_cell_bonded,TiMg/3-c/sit-TiMg-4-410.cif,98369,834a60561cd9076a0d4f463a5cd217195e3f85dcc2c6d11faebbfd22b2135fc6
sit-TiMg-11-516,sit-TiMg-N516-N24-3c-C3,"3,6",sit,N516,TiMg,True,16,True,"77,120,160,200,233,253,273,298",,True,True,sit-TiMg-11-516,TiMg/3-c/sit-TiMg-11-516.cif,legacy_H2_mapped_to_new_name,sit-TiMg-N516-N24-3c-C3_UFF4MOF_cell_bonded,TiMg/3-c/sit-TiMg-11-516.cif,103198,9cd757d84ec6ae55d9ff5a0702b9584d17b7a227ca77d6e1fe13e1fb75eb9b29
sit-TiMg-7-592,sit-TiMg-N592-N6-3c-D3h,"3,6",sit,N592,TiMg,True,16,True,"77,120,160,200,233,253,273,298",,True,True,sit-TiMg-7-592,TiMg/3-c/sit-TiMg-7-592.cif,legacy_H2_mapped_to_new_name,sit-TiMg-N592-N6-3c-D3h_UFF4MOF_cell_bonded,TiMg/3-c/sit-TiMg-7-592.cif,102499,6129d8abdd3257b239180df44e90a533523793fea9cbcdf12551eefeffc7dce2
sit-TiMg-12-639,sit-TiMg-N639-N7-3c-D3h,"3,6",sit,N639,TiMg,True,16,True,"77,120,160,200,233,253,273,298",,True,True,sit-TiMg-12-639,TiMg/3-c/sit-TiMg-12-639.cif,legacy_H2_mapped_to_new_name,sit-TiMg-N639-N7-3c-D3h_UFF4MOF_cell_bonded,TiMg/3-c/sit-TiMg-12-639.cif,90231,eb55c305dc91c5ac9754dc39440227ce139a2d60c52cf0fb0d47a6bff582e8cf
sit-TiMg-TATB,sit-TiMg-TATB,"3,6",sit,TATB,TiMg,True,16,True,"77,120,160,200,233,253,273,298",,True,True,sit-TiMg-TATB,TiMg/TATB/sit-TiMg-TATB.cif,new_H2,sit-TiMg-TATB,TiMg/TATB/sit-TiMg-TATB.cif,51957,2ccd22bb26e53086075bb9e8258de2f544b37a9ac6d9043f9a8e767da6ff6f6e
sit-TiNi-1-10,sit-TiNi-N10-N1-3c-D3h,"3,6",sit,N10,TiNi,True,16,True,"77,120,160,200,233,253,273,298",,True,True,sit-TiNi-1-10,TiNi/3-c/sit-TiNi-1-10.cif,legacy_H2_mapped_to_new_name,sit-TiNi-N10-N1-3c-D3h_UFF4MOF_cell_bonded,TiNi/3-c/sit-TiNi-1-10.cif,72240,a9c646520a22ef5799d077dd88d4413b970f1b38abc830137e8e431f4c10c97e
sit-TiNi-13-126,sit-TiNi-N126-N11-3c-C3h,"3,6",sit,N126,TiNi,True,16,True,"77,120,160,200,233,253,273,298",,True,True,sit-TiNi-13-126,TiNi/3-c/sit-TiNi-13-126.cif,legacy_H2_mapped_to_new_name,sit-TiNi-N126-N11-3c-C3h_UFF4MOF_cell_bonded,TiNi/3-c/sit-TiNi-13-126.cif,35562,5dd1e001a26602c4afb1ba16c83a421a3f9cd66ee009bd00dc3eaf0c8c4ed67d
sit-TiNi-9-130,sit-TiNi-N130-N10-3c-C3v,"3,6",sit,N130,TiNi,True,16,True,"77,120,160,200,233,253,273,298",,True,True,sit-TiNi-9-130,TiNi/3-c/sit-TiNi-9-130.cif,legacy_H2_mapped_to_new_name,sit-TiNi-N130-N10-3c-C3v_UFF4MOF_cell_bonded,TiNi/3-c/sit-TiNi-9-130.cif,118672,0a893e5ac52c8527ddf5eff09e8b1d3d84f644a3ab217c3855f8687780727239
sit-TiNi-2-19,sit-TiNi-N19-N2-3c-D3h,"3,6",sit,N19,TiNi,True,16,True,"77,120,160,200,233,253,273,298",,True,True,sit-TiNi-2-19,TiNi/3-c/sit-TiNi-2-19.cif,legacy_H2_mapped_to_new_name,sit-TiNi-N19-N2-3c-D3h_UFF4MOF_cell_bonded,TiNi/3-c/sit-TiNi-2-19.cif,94553,ace46eb89d8f8f3727e350e361c074c365de8dba24aca499e3a45e5ce58cd389
sit-TiNi-3-20,sit-TiNi-N20-N3-3c-D3h,"3,6",sit,N20,TiNi,True,16,True,"77,120,160,200,233,253,273,298",,True,True,sit-TiNi-3-20,TiNi/3-c/sit-TiNi-3-20.cif,legacy_H2_mapped_to_new_name,sit-TiNi-N20-N3-3c-D3h_UFF4MOF_cell_bonded,TiNi/3-c/sit-TiNi-3-20.cif,108538,30bd91bfccb9a2847c1ab16fa69af90f9857ec4a324de9f9daef5062f8882d5b
sit-TiNi-6-225,sit-TiNi-N225-N4-3c-D3h,"3,6",sit,N225,TiNi,True,16,True,"77,120,160,200,233,253,273,298",,True,True,sit-TiNi-6-225,TiNi/3-c/sit-TiNi-6-225.cif,legacy_H2_mapped_to_new_name,sit-TiNi-N225-N4-3c-D3h_UFF4MOF_cell_bonded,TiNi/3-c/sit-TiNi-6-225.cif,155342,0abddf84aaa36420645ef8d886eec67a1f9a5b2e40ba55136c880be78ba92d2e
sit-TiNi-10-333,sit-TiNi-N333-N8-3c-D3,"3,6",sit,N333,TiNi,True,16,True,"77,120,160,200,233,253,273,298",,True,True,sit-TiNi-10-333,TiNi/3-c/sit-TiNi-10-333.cif,legacy_H2_mapped_to_new_name,sit-TiNi-N333-N8-3c-D3_UFF4MOF_cell_bonded,TiNi/3-c/sit-TiNi-10-333.cif,152639,b57a045487c8285c49800e54c7bd928f34a53a07025d2941feb93aa33a3be50f
sit-TiNi-5-386,sit-TiNi-N386-N5-3c-D3h,"3,6",sit,N386,TiNi,True,16,True,"77,120,160,200,233,253,273,298",,True,True,sit-TiNi-5-386,TiNi/3-c/sit-TiNi-5-386.cif,legacy_H2_mapped_to_new_name,sit-TiNi-N386-N5-3c-D3h_UFF4MOF_cell_bonded,TiNi/3-c/sit-TiNi-5-386.cif,32335,be06724eec4741a74efefc91fde0df553be8a92baafbc3332f71f82cbabc995a
sit-TiNi-4-410,sit-TiNi-N410-N9-3c-D3,"3,6",sit,N410,TiNi,True,16,True,"77,120,160,200,233,253,273,298",,True,True,sit-TiNi-4-410,TiNi/3-c/sit-TiNi-4-410.cif,legacy_H2_mapped_to_new_name,sit-TiNi-N410-N9-3c-D3_UFF4MOF_cell_bonded,TiNi/3-c/sit-TiNi-4-410.cif,98369,e9f5b1ee990a47372f75270631cdb769b1b288e8220f6088bbcb50dcb0c7fecf
sit-TiNi-11-516,sit-TiNi-N516-N24-3c-C3,"3,6",sit,N516,TiNi,True,16,True,"77,120,160,200,233,253,273,298",,True,True,sit-TiNi-11-516,TiNi/3-c/sit-TiNi-11-516.cif,legacy_H2_mapped_to_new_name,sit-TiNi-N516-N24-3c-C3_UFF4MOF_cell_bonded,TiNi/3-c/sit-TiNi-11-516.cif,103198,9dbc9c845bf67f6e1a37db80ea4dd9f56c90ebd78e6a8191eed0ddb58dd29405
sit-TiNi-7-592,sit-TiNi-N592-N6-3c-D3h,"3,6",sit,N592,TiNi,True,16,True,"77,120,160,200,233,253,273,298",,True,True,sit-TiNi-7-592,TiNi/3-c/sit-TiNi-7-592.cif,legacy_H2_mapped_to_new_name,sit-TiNi-N592-N6-3c-D3h_UFF4MOF_cell_bonded,TiNi/3-c/sit-TiNi-7-592.cif,102499,cad9c2bcfcbd424bc90388f3f361ae883c457fc3c0096570c4769b24769c5ca3
sit-TiNi-12-639,sit-TiNi-N639-N7-3c-D3h,"3,6",sit,N639,TiNi,True,16,True,"77,120,160,200,233,253,273,298",,True,True,sit-TiNi-12-639,TiNi/3-c/sit-TiNi-12-639.cif,legacy_H2_mapped_to_new_name,sit-TiNi-N639-N7-3c-D3h_UFF4MOF_cell_bonded,TiNi/3-c/sit-TiNi-12-639.cif,90231,054279248b0772742b9eff353e97a3698952c6e1f8bc3cac31d0fcff645c95b9
sit-TiNi-TATB,sit-TiNi-TATB,"3,6",sit,TATB,TiNi,True,16,True,"77,120,160,200,233,253,273,298",,True,True,sit-TiNi-TATB,TiNi/TATB/sit-TiNi-TATB.cif,new_H2,sit-TiNi-TATB,TiNi/TATB/sit-TiNi-TATB.cif,103929,806651b08097a003f8e9771a909f38a47564e4b2c24c9824950b9853dc42af94
stp-TiCo-11-662-D4h-T,stp-TiCo-11-662-D4h-T,"4,6",stp,N662,TiCo,True,16,True,"77,120,160,200,233,253,273,298",,True,True,stp-TiCo-11-662-D4h-T,TiCo/4-c-new/stp-TiCo-11-662-D4h-T.cif,new_H2,stp-TiCo-11-662-D4h-T,TiCo/4-c-new/stp-TiCo-11-662-D4h-T.cif,44949,20d44d3d97fc5a7e74e3ab324fb4603147de370ebcdd26804e2ff0ea18f868a4
ttp-TiCo-3-1-D2h,stp-TiCo-N1-N14-4c-D2h,"4,6",stp,N1,TiCo,True,16,True,"77,120,160,200,233,253,273,298",,True,True,ttp-TiCo-3-1-D2h,TiCo/4-c-ori/ttp-TiCo-3-1-D2h.cif,legacy_H2_mapped_to_new_name,stp-TiCo-N1-N14-4c-D2h_UFF4MOF_cell_bonded,TiCo/4-c-ori/ttp-TiCo-3-1-D2h.cif,100408,41446cefb6833dc2b134a149a076e0ceada5f8c3c9e537a1f3a96e8b31325448
ttx-TiCo-4-12-D2h,stp-TiCo-N12-N15-4c-D2h,"4,6",stp,N12,TiCo,True,16,True,"77,120,160,200,233,253,273,298",,True,True,ttx-TiCo-4-12-D2h,TiCo/4-c-ori/ttx-TiCo-4-12-D2h.cif,legacy_H2_mapped_to_new_name,stp-TiCo-N12-N15-4c-D2h_UFF4MOF_cell_bonded,TiCo/4-c-ori/ttx-TiCo-4-12-D2h.cif,151084,4b9bb1234ed7993f23b5e4e14ff220cc5dd7a33a9c142f99976509881b361004
stp-TiCo-2-13-D4h,stp-TiCo-N13-N12-4c-D4h,"4,6",stp,N13,TiCo,True,16,True,"77,120,160,200,233,253,273,298",,True,True,stp-TiCo-2-13-D4h,TiCo/4-c-ori/stp-TiCo-2-13-D4h.cif,legacy_H2_mapped_to_new_name,stp-TiCo-N13-N12-4c-D4h_UFF4MOF_cell_bonded,TiCo/4-c-ori/stp-TiCo-2-13-D4h.cif,132057,7119606f07a35690878438cbe6a4bfbec427ff8f28f69644a989b241cb5c38eb
ttp-TiCo-9-201-D2h-D2d,stp-TiCo-N201-N16-4c-D2h,"4,6",stp,N201,TiCo,True,16,True,"77,120,160,200,233,253,273,298",,True,True,ttp-TiCo-9-201-D2h-D2d,TiCo/4-c-ori/ttp-TiCo-9-201-D2h-D2d.cif,legacy_H2_mapped_to_new_name,stp-TiCo-N201-N16-4c-D2h_UFF4MOF_cell_bonded,TiCo/4-c-ori/ttp-TiCo-9-201-D2h-D2d.cif,41483,274f0a4cf6623ba360912223e4e1920326e8b54ae7333ea2d8857c27d9f1620c
stp-TiCo-1-445-D4h,stp-TiCo-N445-N13-4c-D4h,"4,6",stp,N445,TiCo,True,16,True,"77,120,160,200,233,253,273,298",,True,True,stp-TiCo-1-445-D4h,TiCo/4-c-ori/stp-TiCo-1-445-D4h.cif,legacy_H2_mapped_to_new_name,stp-TiCo-N445-N13-4c-D4h_UFF4MOF_cell_bonded,TiCo/4-c-ori/stp-TiCo-1-445-D4h.cif,133017,0912c2cbf64394345f59bec1a75a1641f543076f819f83b6af5a5012a09cd952
ttx-TiCo-6-614-D2h,stp-TiCo-N614-N17-4c-D2h,"4,6",stp,N614,TiCo,True,16,True,"77,120,160,200,233,253,273,298",,True,True,ttx-TiCo-6-614-D2h,TiCo/4-c-ori/ttx-TiCo-6-614-D2h.cif,legacy_H2_mapped_to_new_name,stp-TiCo-N614-N17-4c-D2h_UFF4MOF_cell_bonded,TiCo/4-c-ori/ttx-TiCo-6-614-D2h.cif,136081,c8931ef16602fd71bc0bdc3a29c35a8326d98bb39f57b53892d02b3bd571c7a9
ttp-TiCo-8-644-D2h-D2d,stp-TiCo-N644-N18-4c-D2h,"4,6",stp,N644,TiCo,True,16,True,"77,120,160,200,233,253,273,298",,True,True,ttp-TiCo-8-644-D2h-D2d,TiCo/4-c-ori/ttp-TiCo-8-644-D2h-D2d.cif,legacy_H2_mapped_to_new_name,stp-TiCo-N644-N18-4c-D2h_UFF4MOF_cell_bonded,TiCo/4-c-ori/ttp-TiCo-8-644-D2h-D2d.cif,93449,4be8106b1140efea3235dc3efcffb5de51c68cfbb3b6828c5f85953714211939
ttx-TiCo-5-665-D2h,stp-TiCo-N665-N19-4c-D2h,"4,6",stp,N665,TiCo,True,16,True,"77,120,160,200,233,253,273,298",,True,True,ttx-TiCo-5-665-D2h,TiCo/4-c-ori/ttx-TiCo-5-665-D2h.cif,legacy_H2_mapped_to_new_name,stp-TiCo-N665-N19-4c-D2h_UFF4MOF_cell_bonded,TiCo/4-c-ori/ttx-TiCo-5-665-D2h.cif,167251,52e6f401060f32641554a21ec3a37ebfaa786d7c5ae4b7031c2497401be50f42
stp-TiMg-11-662-D4h-T,stp-TiMg-11-662-D4h-T,"4,6",stp,N662,TiMg,True,16,True,"77,120,160,200,233,253,273,298",,True,True,stp-TiMg-11-662-D4h-T,TiMg/4-c-new/stp-TiMg-11-662-D4h-T.cif,new_H2,stp-TiMg-11-662-D4h-T,TiMg/4-c-new/stp-TiMg-11-662-D4h-T.cif,47058,ae0281806c0802b0666b2a06142b7749315d56c54baedde1e2f54721070aab3e
ttp-TiMg-3-1-D2h,stp-TiMg-N1-N14-4c-D2h,"4,6",stp,N1,TiMg,True,16,True,"77,120,160,200,233,253,273,298",,True,True,ttp-TiMg-3-1-D2h,TiMg/4-c-ori/ttp-TiMg-3-1-D2h.cif,legacy_H2_mapped_to_new_name,stp-TiMg-N1-N14-4c-D2h_UFF4MOF_cell_bonded,TiMg/4-c-ori/ttp-TiMg-3-1-D2h.cif,100408,ef04530889647bea71c5c0dce98fec92ae185476f623670487f3bf67bec65dcf
ttx-TiMg-4-12-D2h,stp-TiMg-N12-N15-4c-D2h,"4,6",stp,N12,TiMg,True,16,True,"77,120,160,200,233,253,273,298",,True,True,ttx-TiMg-4-12-D2h,TiMg/4-c-ori/ttx-TiMg-4-12-D2h.cif,legacy_H2_mapped_to_new_name,stp-TiMg-N12-N15-4c-D2h_UFF4MOF_cell_bonded,TiMg/4-c-ori/ttx-TiMg-4-12-D2h.cif,151084,3e77a6b433cc3caa52c6c10cd42a34eb8e0644427e510a4bdc0861b7c7bb68bb
stp-TiMg-2-13-D4h,stp-TiMg-N13-N12-4c-D4h,"4,6",stp,N13,TiMg,True,16,True,"77,120,160,200,233,253,273,298",,True,True,stp-TiMg-2-13-D4h,TiMg/4-c-ori/stp-TiMg-2-13-D4h.cif,legacy_H2_mapped_to_new_name,stp-TiMg-N13-N12-4c-D4h_UFF4MOF_cell_bonded,TiMg/4-c-ori/stp-TiMg-2-13-D4h.cif,132345,21d174b6e2970752eb369ac9034046babd9a9ed7db6685c0bd2e6fc7bd53e413
ttp-TiMg-9-201-D2h-D2d,stp-TiMg-N201-N16-4c-D2h,"4,6",stp,N201,TiMg,True,16,True,"77,120,160,200,233,253,273,298",,True,True,ttp-TiMg-9-201-D2h-D2d,TiMg/4-c-ori/ttp-TiMg-9-201-D2h-D2d.cif,legacy_H2_mapped_to_new_name,stp-TiMg-N201-N16-4c-D2h_UFF4MOF_cell_bonded,TiMg/4-c-ori/ttp-TiMg-9-201-D2h-D2d.cif,41483,a3f74a03336f54119374e007e94eea8d2d15a1b30b85c4e691e15868561492ec
stp-TiMg-1-445-D4h,stp-TiMg-N445-N13-4c-D4h,"4,6",stp,N445,TiMg,True,16,True,"77,120,160,200,233,253,273,298",,True,True,stp-TiMg-1-445-D4h,TiMg/4-c-ori/stp-TiMg-1-445-D4h.cif,legacy_H2_mapped_to_new_name,stp-TiMg-N445-N13-4c-D4h_UFF4MOF_cell_bonded,TiMg/4-c-ori/stp-TiMg-1-445-D4h.cif,133017,19214f96d0e94168188cfeac9e46ed33224f19713e7b25b12a9bb84c8fa77108
ttx-TiMg-6-614-D2h,stp-TiMg-N614-N17-4c-D2h,"4,6",stp,N614,TiMg,True,16,True,"77,120,160,200,233,253,273,298",,True,True,ttx-TiMg-6-614-D2h,TiMg/4-c-ori/ttx-TiMg-6-614-D2h.cif,legacy_H2_mapped_to_new_name,stp-TiMg-N614-N17-4c-D2h_UFF4MOF_cell_bonded,TiMg/4-c-ori/ttx-TiMg-6-614-D2h.cif,33553,ec06091f959fa91cf2c17a09f74476a22f108f0031a32c8fcef525611699943c
ttp-TiMg-8-644-D2h-D2d,stp-TiMg-N644-N18-4c-D2h,"4,6",stp,N644,TiMg,True,16,True,"77,120,160,200,233,253,273,298",,True,True,ttp-TiMg-8-644-D2h-D2d,TiMg/4-c-ori/ttp-TiMg-8-644-D2h-D2d.cif,legacy_H2_mapped_to_new_name,stp-TiMg-N644-N18-4c-D2h_UFF4MOF_cell_bonded,TiMg/4-c-ori/ttp-TiMg-8-644-D2h-D2d.cif,93449,562ce76bdf6a72ac4c8ee1286bc1af05d2e741adb5983b0379e3ad20615b3743
ttx-TiMg-5-665-D2h,stp-TiMg-N665-N19-4c-D2h,"4,6",stp,N665,TiMg,True,16,True,"77,120,160,200,233,253,273,298",,True,True,ttx-TiMg-5-665-D2h,TiMg/4-c-ori/ttx-TiMg-5-665-D2h.cif,legacy_H2_mapped_to_new_name,stp-TiMg-N665-N19-4c-D2h_UFF4MOF_cell_bonded,TiMg/4-c-ori/ttx-TiMg-5-665-D2h.cif,41001,f89dfacebc7e6589657dbb8243ef576f8902496a4292fce8e7d25f7017191236
stp-TiNi-11-662-D4h-T,stp-TiNi-11-662-D4h-T,"4,6",stp,N662,TiNi,True,16,True,"77,120,160,200,233,253,273,298",,True,True,stp-TiNi-11-662-D4h-T,TiNi/4-c-new/stp-TiNi-11-662-D4h-T.cif,new_H2,stp-TiNi-11-662-D4h-T,TiNi/4-c-new/stp-TiNi-11-662-D4h-T.cif,48330,a86cb6edf9b4ed2b8cb810f6e1d1c195f11a364ecd30f6141987581228054838
ttp-TiNi-3-1-D2h,stp-TiNi-N1-N14-4c-D2h,"4,6",stp,N1,TiNi,True,16,True,"77,120,160,200,233,253,273,298",,True,True,ttp-TiNi-3-1-D2h,TiNi/4-c-ori/ttp-TiNi-3-1-D2h.cif,legacy_H2_mapped_to_new_name,stp-TiNi-N1-N14-4c-D2h_UFF4MOF_cell_bonded,TiNi/4-c-ori/ttp-TiNi-3-1-D2h.cif,100408,e8f1426ff5c4f0f0b94bb57b418511b4f6e9b35f29e35ffe05ba5cf26aa995dc
ttx-TiNi-4-12-D2h,stp-TiNi-N12-N15-4c-D2h,"4,6",stp,N12,TiNi,True,16,True,"77,120,160,200,233,253,273,298",,True,True,ttx-TiNi-4-12-D2h,TiNi/4-c-ori/ttx-TiNi-4-12-D2h.cif,legacy_H2_mapped_to_new_name,stp-TiNi-N12-N15-4c-D2h_UFF4MOF_cell_bonded,TiNi/4-c-ori/ttx-TiNi-4-12-D2h.cif,151084,95489ab73c492838388a1eaa5dc7b8513e7498943e9611cdf51d02b7ec74deb4
stp-TiNi-2-13-D4h,stp-TiNi-N13-N12-4c-D4h,"4,6",stp,N13,TiNi,True,16,True,"77,120,160,200,233,253,273,298",,True,True,stp-TiNi-2-13-D4h,TiNi/4-c-ori/stp-TiNi-2-13-D4h.cif,legacy_H2_mapped_to_new_name,stp-TiNi-N13-N12-4c-D4h_UFF4MOF_cell_bonded,TiNi/4-c-ori/stp-TiNi-2-13-D4h.cif,132345,c9f807997c9b5ea27e63903ba196ba88eef7c55910eefadf3f94c87b1e4e59a0
ttp-TiNi-9-201-D2h-D2d,stp-TiNi-N201-N16-4c-D2h,"4,6",stp,N201,TiNi,True,16,True,"77,120,160,200,233,253,273,298",,True,True,ttp-TiNi-9-201-D2h-D2d,TiNi/4-c-ori/ttp-TiNi-9-201-D2h-D2d.cif,legacy_H2_mapped_to_new_name,stp-TiNi-N201-N16-4c-D2h_UFF4MOF_cell_bonded,TiNi/4-c-ori/ttp-TiNi-9-201-D2h-D2d.cif,41483,36868e11af918eb2ad3913c2c6a8ce49d0e4beb1e179b9f43782faa80a935c71
stp-TiNi-1-445-D4h,stp-TiNi-N445-N13-4c-D4h,"4,6",stp,N445,TiNi,True,16,True,"77,120,160,200,233,253,273,298",,True,True,stp-TiNi-1-445-D4h,TiNi/4-c-ori/stp-TiNi-1-445-D4h.cif,legacy_H2_mapped_to_new_name,stp-TiNi-N445-N13-4c-D4h_UFF4MOF_cell_bonded,TiNi/4-c-ori/stp-TiNi-1-445-D4h.cif,303432,c302ed1d4176e87f1b87bf9215eb6ebc4a2cdd47c51bf183ca403f8907b7bde8
ttx-TiNi-6-614-D2h,stp-TiNi-N614-N17-4c-D2h,"4,6",stp,N614,TiNi,True,16,True,"77,120,160,200,233,253,273,298",,True,True,ttx-TiNi-6-614-D2h,TiNi/4-c-ori/ttx-TiNi-6-614-D2h.cif,legacy_H2_mapped_to_new_name,stp-TiNi-N614-N17-4c-D2h_UFF4MOF_cell_bonded,TiNi/4-c-ori/ttx-TiNi-6-614-D2h.cif,66779,1ddbdeb487fc7bb01b5184eaf6022f1eabca2c97b2deddc7a6edc811a3b4700b
ttp-TiNi-8-644-D2h-D2d,stp-TiNi-N644-N18-4c-D2h,"4,6",stp,N644,TiNi,True,16,True,"77,120,160,200,233,253,273,298",,True,True,ttp-TiNi-8-644-D2h-D2d,TiNi/4-c-ori/ttp-TiNi-8-644-D2h-D2d.cif,legacy_H2_mapped_to_new_name,stp-TiNi-N644-N18-4c-D2h_UFF4MOF_cell_bonded,TiNi/4-c-ori/ttp-TiNi-8-644-D2h-D2d.cif,93449,9f467591d99bcc5f931a1f7bf5912288bdd8f654dd4d73524d3e6413030f7122
ttx-TiNi-5-665-D2h,stp-TiNi-N665-N19-4c-D2h,"4,6",stp,N665,TiNi,True,16,True,"77,120,160,200,233,253,273,298",,True,True,ttx-TiNi-5-665-D2h,TiNi/4-c-ori/ttx-TiNi-5-665-D2h.cif,legacy_H2_mapped_to_new_name,stp-TiNi-N665-N19-4c-D2h_UFF4MOF_cell_bonded,TiNi/4-c-ori/ttx-TiNi-5-665-D2h.cif,82123,3eb630a9c54b6ca36754ecd83de94bb883454663951b639cace241b1d3531724
ttp-TiCo-10-607-D2h-D2d,ttp-TiCo-10-607-D2h-D2d,"3,6",ttp,N607,TiCo,True,16,True,"77,120,160,200,233,253,273,298",,True,True,ttp-TiCo-10-607-D2h-D2d,TiCo/4-c-new/ttp-TiCo-10-607-D2h-D2d.cif,new_H2,ttp-TiCo-10-607-D2h-D2d,TiCo/4-c-new/ttp-TiCo-10-607-D2h-D2d.cif,27923,95d6b604b71b2b058dd38b49bfef364e4d9b5adece3fb1ebc5aa0bbfe1003ee7
ttp-TiCo-4-12-D2h,ttp-TiCo-4-12-D2h,"3,6",ttp,N12,TiCo,True,16,True,"77,120,160,200,233,253,273,298",,True,True,ttp-TiCo-4-12-D2h,TiCo/4-c-new/ttp-TiCo-4-12-D2h.cif,new_H2,ttp-TiCo-4-12-D2h,TiCo/4-c-new/ttp-TiCo-4-12-D2h.cif,93267,ccde163b018456fe2d2dbbdcb3e7b7e97c3c59a04adedf1a2cf4731a5a99938e
ttp-TiCo-5-665-D2h,ttp-TiCo-5-665-D2h,"3,6",ttp,N665,TiCo,True,15,False,"77,120,160,200,233,253,273,298",77K/100bar,True,False,ttp-TiCo-5-665-D2h,TiCo/4-c-new/ttp-TiCo-5-665-D2h.cif,new_H2,ttp-TiCo-5-665-D2h,TiCo/4-c-new/ttp-TiCo-5-665-D2h.cif,150296,03a6f944745f8e04957c8dcb762360159bb79bada569e2baedf571ca8a19a5e8
ttp-TiCo-6-614-D2h,ttp-TiCo-6-614-D2h,"3,6",ttp,N614,TiCo,True,15,False,"77,120,160,200,233,253,273,298",77K/100bar,True,False,ttp-TiCo-6-614-D2h,TiCo/4-c-new/ttp-TiCo-6-614-D2h.cif,new_H2,ttp-TiCo-6-614-D2h,TiCo/4-c-new/ttp-TiCo-6-614-D2h.cif,130592,ae4a2b222c55a9995f4ec488cd5c0095da6d9edb98a122c41e41857de2d3bfd2
ttp-TiCo-7-7-D2h-D2d,ttp-TiCo-7-7-D2h-D2d,"3,6",ttp,N7,TiCo,True,15,False,"77,120,160,200,233,253,273,298",77K/100bar,True,False,ttp-TiCo-7-7-D2h-D2d,TiCo/4-c-new/ttp-TiCo-7-7-D2h-D2d.cif,new_H2,ttp-TiCo-7-7-D2h-D2d,TiCo/4-c-new/ttp-TiCo-7-7-D2h-D2d.cif,79762,98a8a8c3c9600d9a8a2fe4b7e39b96fa727c5f53cb5c7158ff6112810954d305
ttp-TiMg-10-607-D2h-D2d,ttp-TiMg-10-607-D2h-D2d,"3,6",ttp,N607,TiMg,True,16,True,"77,120,160,200,233,253,273,298",,True,True,ttp-TiMg-10-607-D2h-D2d,TiMg/4-c-new/ttp-TiMg-10-607-D2h-D2d.cif,new_H2,ttp-TiMg-10-607-D2h-D2d,TiMg/4-c-new/ttp-TiMg-10-607-D2h-D2d.cif,27672,bea8d96c5abe1812382fb7a884fd7bccf457e4dacbb223f47b80ec42c44f7076
ttp-TiMg-4-12-D2h,ttp-TiMg-4-12-D2h,"3,6",ttp,N12,TiMg,True,16,True,"77,120,160,200,233,253,273,298",,True,True,ttp-TiMg-4-12-D2h,TiMg/4-c-new/ttp-TiMg-4-12-D2h.cif,new_H2,ttp-TiMg-4-12-D2h,TiMg/4-c-new/ttp-TiMg-4-12-D2h.cif,94424,71b91cd2cbb4cdf8bfec773ba2df691fcbd1eaec7e40b13a8da51993845c4977
ttp-TiMg-5-665-D2h,ttp-TiMg-5-665-D2h,"3,6",ttp,N665,TiMg,True,16,True,"77,120,160,200,233,253,273,298",,True,False,ttp-TiMg-5-665-D2h,TiMg/4-c-new/ttp-TiMg-5-665-D2h.cif,new_H2,ttp-TiMg-5-665-D2h,TiMg/4-c-new/ttp-TiMg-5-665-D2h.cif,38980,ef07449525a7ba1cac26de1cca598cbbec4c10eb781d48a2c6b637b9333e8490
ttp-TiMg-6-614-D2h,ttp-TiMg-6-614-D2h,"3,6",ttp,N614,TiMg,True,16,True,"77,120,160,200,233,253,273,298",,True,False,ttp-TiMg-6-614-D2h,TiMg/4-c-new/ttp-TiMg-6-614-D2h.cif,new_H2,ttp-TiMg-6-614-D2h,TiMg/4-c-new/ttp-TiMg-6-614-D2h.cif,31990,37df25635e078c11d29b908919d5a28ea2d66203d26a29c1b5210e77437c6b6a
ttp-TiMg-7-7-D2h-D2d,ttp-TiMg-7-7-D2h-D2d,"3,6",ttp,N7,TiMg,True,16,True,"77,120,160,200,233,253,273,298",,True,False,ttp-TiMg-7-7-D2h-D2d,TiMg/4-c-new/ttp-TiMg-7-7-D2h-D2d.cif,new_H2,ttp-TiMg-7-7-D2h-D2d,TiMg/4-c-new/ttp-TiMg-7-7-D2h-D2d.cif,80011,5502aa254afa268fafbcd49500bd86c9abbfb965b51fd79723f600f9abfaaa5f
ttp-TiNi-10-607-D2h-D2d,ttp-TiNi-10-607-D2h-D2d,"3,6",ttp,N607,TiNi,True,16,True,"77,120,160,200,233,253,273,298",,True,True,ttp-TiNi-10-607-D2h-D2d,TiNi/4-c-new/ttp-TiNi-10-607-D2h-D2d.cif,new_H2,ttp-TiNi-10-607-D2h-D2d,TiNi/4-c-new/ttp-TiNi-10-607-D2h-D2d.cif,27869,26a1475d23b04ca31c0647d4d218ca2d6cb0c7eb411306e3715648c3f89b5e25
ttp-TiNi-4-12-D2h,ttp-TiNi-4-12-D2h,"3,6",ttp,N12,TiNi,True,16,True,"77,120,160,200,233,253,273,298",,True,True,ttp-TiNi-4-12-D2h,TiNi/4-c-new/ttp-TiNi-4-12-D2h.cif,new_H2,ttp-TiNi-4-12-D2h,TiNi/4-c-new/ttp-TiNi-4-12-D2h.cif,97012,2d0c093cfc284272ac2d65155e8e3882623c3a07f02f6532e1e8c0e961e5153e
ttp-TiNi-5-665-D2h,ttp-TiNi-5-665-D2h,"3,6",ttp,N665,TiNi,True,15,False,"77,120,160,200,233,253,273,298",77K/100bar,True,False,ttp-TiNi-5-665-D2h,TiNi/4-c-new/ttp-TiNi-5-665-D2h.cif,new_H2,ttp-TiNi-5-665-D2h,TiNi/4-c-new/ttp-TiNi-5-665-D2h.cif,79707,e366b52bbaf79ee42650ac04aefeb23054db6cf9ddcd4bd094915f53efdf918b
ttp-TiNi-6-614-D2h,ttp-TiNi-6-614-D2h,"3,6",ttp,N614,TiNi,True,15,False,"77,120,160,200,233,253,273,298",77K/100bar,True,False,ttp-TiNi-6-614-D2h,TiNi/4-c-new/ttp-TiNi-6-614-D2h.cif,new_H2,ttp-TiNi-6-614-D2h,TiNi/4-c-new/ttp-TiNi-6-614-D2h.cif,62260,6ba7436f3833f273bf6fd7ec5779ad4b6c01eb627ee31ca72cef3646e0ebef91
ttp-TiNi-7-7-D2h-D2d,ttp-TiNi-7-7-D2h-D2d,"3,6",ttp,N7,TiNi,True,15,False,"77,120,160,200,233,253,273,298",77K/100bar,True,False,ttp-TiNi-7-7-D2h-D2d,TiNi/4-c-new/ttp-TiNi-7-7-D2h-D2d.cif,new_H2,ttp-TiNi-7-7-D2h-D2d,TiNi/4-c-new/ttp-TiNi-7-7-D2h-D2d.cif,80675,b834fda6fe655ce8cfef9df621e7c0e52a36b056e3a61187dca87d7e6cbc504b
ttx-TiCo-10-607-D2h-D2d,ttx-TiCo-10-607-D2h-D2d,"3,6",ttx,N607,TiCo,True,16,True,"77,120,160,200,233,253,273,298",,True,True,ttx-TiCo-10-607-D2h-D2d,TiCo/4-c-new/ttx-TiCo-10-607-D2h-D2d.cif,new_H2,ttx-TiCo-10-607-D2h-D2d,TiCo/4-c-new/ttx-TiCo-10-607-D2h-D2d.cif,112401,b5e4cc355d0fa80ef6b254c3e1e75057b950de464456059089b473b956baefb3
ttx-TiCo-3-1-D2h,ttx-TiCo-3-1-D2h,"3,6",ttx,N1,TiCo,True,16,True,"77,120,160,200,233,253,273,298",,True,True,ttx-TiCo-3-1-D2h,TiCo/4-c-new/ttx-TiCo-3-1-D2h.cif,new_H2,ttx-TiCo-3-1-D2h,TiCo/4-c-new/ttx-TiCo-3-1-D2h.cif,97307,e232fb333fb0cf5cfe255420760c18535de9bd61db5438ca884d67e5fe58390e
ttx-TiCo-7-7-D2h-D2d,ttx-TiCo-7-7-D2h-D2d,"3,6",ttx,N7,TiCo,True,16,True,"77,120,160,200,233,253,273,298",,True,True,ttx-TiCo-7-7-D2h-D2d,TiCo/4-c-new/ttx-TiCo-7-7-D2h-D2d.cif,new_H2,ttx-TiCo-7-7-D2h-D2d,TiCo/4-c-new/ttx-TiCo-7-7-D2h-D2d.cif,82338,b64c644e82a3f687bf8e7f6f0bc0d5800b300a1a346486c09497020965afae76
ttx-TiCo-8-644-D2h-D2d,ttx-TiCo-8-644-D2h-D2d,"3,6",ttx,N644,TiCo,True,16,True,"77,120,160,200,233,253,273,298",,True,True,ttx-TiCo-8-644-D2h-D2d,TiCo/4-c-new/ttx-TiCo-8-644-D2h-D2d.cif,new_H2,ttx-TiCo-8-644-D2h-D2d,TiCo/4-c-new/ttx-TiCo-8-644-D2h-D2d.cif,62732,898a137ce75f5c45c8346a7944746a351a6b9e32e7c91c54e7ad096f614315cf
ttx-TiCo-9-201-D2h-D2d,ttx-TiCo-9-201-D2h-D2d,"3,6",ttx,N201,TiCo,True,16,True,"77,120,160,200,233,253,273,298",,True,False,ttx-TiCo-9-201-D2h-D2d,TiCo/4-c-new/ttx-TiCo-9-201-D2h-D2d.cif,new_H2,ttx-TiCo-9-201-D2h-D2d,TiCo/4-c-new/ttx-TiCo-9-201-D2h-D2d.cif,105422,98baabf4d7e8d16b30721010f5b6a9d66488162a367743e573402fd47df6da73
ttx-TiMg-10-607-D2h-D2d,ttx-TiMg-10-607-D2h-D2d,"3,6",ttx,N607,TiMg,True,16,True,"77,120,160,200,233,253,273,298",,True,True,ttx-TiMg-10-607-D2h-D2d,TiMg/4-c-new/ttx-TiMg-10-607-D2h-D2d.cif,new_H2,ttx-TiMg-10-607-D2h-D2d,TiMg/4-c-new/ttx-TiMg-10-607-D2h-D2d.cif,117763,070c1579598288f4486e92f7901f7cde207be74637145d4e40e6b9b1cecfda11
ttx-TiMg-3-1-D2h,ttx-TiMg-3-1-D2h,"3,6",ttx,N1,TiMg,True,16,True,"77,120,160,200,233,253,273,298",,True,True,ttx-TiMg-3-1-D2h,TiMg/4-c-new/ttx-TiMg-3-1-D2h.cif,new_H2,ttx-TiMg-3-1-D2h,TiMg/4-c-new/ttx-TiMg-3-1-D2h.cif,94108,31a762f697aafe491f31e0cd8f1e90ff1e56dce99b3f5b7cbe843061315a96dd
ttx-TiMg-7-7-D2h-D2d,ttx-TiMg-7-7-D2h-D2d,"3,6",ttx,N7,TiMg,True,16,True,"77,120,160,200,233,253,273,298",,True,True,ttx-TiMg-7-7-D2h-D2d,TiMg/4-c-new/ttx-TiMg-7-7-D2h-D2d.cif,new_H2,ttx-TiMg-7-7-D2h-D2d,TiMg/4-c-new/ttx-TiMg-7-7-D2h-D2d.cif,81789,c7db35cbf6fe3c2d34dd6ea7816e7deb0c2b0b0e678e5db6ec7fe7311ef11f4b
ttx-TiMg-8-644-D2h-D2d,ttx-TiMg-8-644-D2h-D2d,"3,6",ttx,N644,TiMg,True,16,True,"77,120,160,200,233,253,273,298",,True,True,ttx-TiMg-8-644-D2h-D2d,TiMg/4-c-new/ttx-TiMg-8-644-D2h-D2d.cif,new_H2,ttx-TiMg-8-644-D2h-D2d,TiMg/4-c-new/ttx-TiMg-8-644-D2h-D2d.cif,59063,13ba2649f7c3959bed3c0269a5d3919a5c685a2c9c2ea39109f4c6c2b6fae323
ttx-TiMg-9-201-D2h-D2d,ttx-TiMg-9-201-D2h-D2d,"3,6",ttx,N201,TiMg,True,16,True,"77,120,160,200,233,253,273,298",,True,False,ttx-TiMg-9-201-D2h-D2d,TiMg/4-c-new/ttx-TiMg-9-201-D2h-D2d.cif,new_H2,ttx-TiMg-9-201-D2h-D2d,TiMg/4-c-new/ttx-TiMg-9-201-D2h-D2d.cif,102717,8145eb333a164611dd12ca6571c15ca0c17e891ef1ee539628f738d66f044242
ttx-TiNi-10-607-D2h-D2d,ttx-TiNi-10-607-D2h-D2d,"3,6",ttx,N607,TiNi,True,16,True,"77,120,160,200,233,253,273,298",,True,True,ttx-TiNi-10-607-D2h-D2d,TiNi/4-c-new/ttx-TiNi-10-607-D2h-D2d.cif,new_H2,ttx-TiNi-10-607-D2h-D2d,TiNi/4-c-new/ttx-TiNi-10-607-D2h-D2d.cif,106843,f01cdfa7bc9d80cd5d6892093b561efd2948e6d4b532fe2a2666d0af45eaae4b
ttx-TiNi-3-1-D2h,ttx-TiNi-3-1-D2h,"3,6",ttx,N1,TiNi,True,16,True,"77,120,160,200,233,253,273,298",,True,True,ttx-TiNi-3-1-D2h,TiNi/4-c-new/ttx-TiNi-3-1-D2h.cif,new_H2,ttx-TiNi-3-1-D2h,TiNi/4-c-new/ttx-TiNi-3-1-D2h.cif,98872,77374623551a73c5c4c271b9570cf6b733a92c9a8fd00c19aebbc2d20d67208f
ttx-TiNi-7-7-D2h-D2d,ttx-TiNi-7-7-D2h-D2d,"3,6",ttx,N7,TiNi,True,16,True,"77,120,160,200,233,253,273,298",,True,True,ttx-TiNi-7-7-D2h-D2d,TiNi/4-c-new/ttx-TiNi-7-7-D2h-D2d.cif,new_H2,ttx-TiNi-7-7-D2h-D2d,TiNi/4-c-new/ttx-TiNi-7-7-D2h-D2d.cif,81886,e4e8351bd87d2d0a6cab5ef2cf500cd1c8489ef9886fb657248cc1b85cbf69e7
ttx-TiNi-8-644-D2h-D2d,ttx-TiNi-8-644-D2h-D2d,"3,6",ttx,N644,TiNi,True,16,True,"77,120,160,200,233,253,273,298",,True,True,ttx-TiNi-8-644-D2h-D2d,TiNi/4-c-new/ttx-TiNi-8-644-D2h-D2d.cif,new_H2,ttx-TiNi-8-644-D2h-D2d,TiNi/4-c-new/ttx-TiNi-8-644-D2h-D2d.cif,54974,53ac3597922bbd3d8e829f4e49a5b138cbc361b8a03916cd3ef4eaeb2af8d0da
ttx-TiNi-9-201-D2h-D2d,ttx-TiNi-9-201-D2h-D2d,"3,6",ttx,N201,TiNi,True,14,False,"120,160,200,233,253,273,298",77K/5bar;77K/100bar,True,False,ttx-TiNi-9-201-D2h-D2d,TiNi/4-c-new/ttx-TiNi-9-201-D2h-D2d.cif,new_H2,ttx-TiNi-9-201-D2h-D2d,TiNi/4-c-new/ttx-TiNi-9-201-D2h-D2d.cif,103705,03c02c47fc0254440817dd48d28e99a133d4166773249aff3065f172b147cf42
txs-TiCo-8-644-D2h-D2d,txs-TiCo-8-644-D2h-D2d,"4,6",txs,N644,TiCo,True,14,False,"120,160,200,233,253,273,298",77K/5bar;77K/100bar,True,False,txs-TiCo-8-644-D2h-D2d,TiCo/4-c-new/txs-TiCo-8-644-D2h-D2d.cif,new_H2,txs-TiCo-8-644-D2h-D2d,TiCo/4-c-new/txs-TiCo-8-644-D2h-D2d.cif,123246,efe9726ba9267a27c2db18eb30cb86c5582b0740f83d64d70e014112947b1b62
txs-TiCo-9-201-D2h-D2d,txs-TiCo-9-201-D2h-D2d,"4,6",txs,N201,TiCo,True,14,False,"120,160,200,233,253,273,298",77K/5bar;77K/100bar,True,False,txs-TiCo-9-201-D2h-D2d,TiCo/4-c-new/txs-TiCo-9-201-D2h-D2d.cif,new_H2,txs-TiCo-9-201-D2h-D2d,TiCo/4-c-new/txs-TiCo-9-201-D2h-D2d.cif,98233,de70d372175fb7e4fc1760638f29c826dd64ae1bcf1f09c80d76a6c676964dce
txs-TiCo-13-600-Td,txs-TiCo-N600-N20-4c-Td,"4,6",txs,N600,TiCo,True,16,True,"77,120,160,200,233,253,273,298",,True,True,txs-TiCo-13-600-Td,TiCo/4-c-ori/txs-TiCo-13-600-Td.cif,legacy_H2_mapped_to_new_name,txs-TiCo-N600-N20-4c-Td_UFF4MOF_cell_bonded,TiCo/4-c-ori/txs-TiCo-13-600-Td.cif,199233,aad40af2d2edf889bc152a5dc963ce67e1aecb4b1b05c94a72098e1c211b7541
txs-TiCo-10-607-D2h-D2d,txs-TiCo-N607-N23-4c-D2d,"4,6",txs,N607,TiCo,True,16,True,"77,120,160,200,233,253,273,298",,True,True,txs-TiCo-10-607-D2h-D2d,TiCo/4-c-ori/txs-TiCo-10-607-D2h-D2d.cif,legacy_H2_mapped_to_new_name,txs-TiCo-N607-N23-4c-D2d_UFF4MOF_cell_bonded,TiCo/4-c-ori/txs-TiCo-10-607-D2h-D2d.cif,117173,f664e49067a29bdca1632bbafb33ded06e613e0f4638372bbe3b419866406b46
txs-TiCo-11-662-D4h-T,txs-TiCo-N662-N21-4c-Td,"4,6",txs,N662,TiCo,True,16,True,"77,120,160,200,233,253,273,298",,True,True,txs-TiCo-11-662-D4h-T,TiCo/4-c-ori/txs-TiCo-11-662-D4h-T.cif,legacy_H2_mapped_to_new_name,txs-TiCo-N662-N21-4c-Td_UFF4MOF_cell_bonded,TiCo/4-c-ori/txs-TiCo-11-662-D4h-T.cif,47657,45f841f05a80d63119a6c775409a6ef4e8409bf9e16b1a16104aad0b44bfc35a
txs-TiCo-12-693-Td,txs-TiCo-N693-N22-4c-Td,"4,6",txs,N693,TiCo,True,16,True,"77,120,160,200,233,253,273,298",,True,True,txs-TiCo-12-693-Td,TiCo/4-c-ori/txs-TiCo-12-693-Td.cif,legacy_H2_mapped_to_new_name,txs-TiCo-N693-N22-4c-Td_UFF4MOF_cell_bonded,TiCo/4-c-ori/txs-TiCo-12-693-Td.cif,133722,011c84f501df2a74d789b3c7b5532ef96b1e36f04e75c33a898088dc5e2a9032
txs-TiCo-7-7-D2h-D2d,txs-TiCo-N7-N25-4c-D2d,"4,6",txs,N7,TiCo,True,16,True,"77,120,160,200,233,253,273,298",,True,True,txs-TiCo-7-7-D2h-D2d,TiCo/4-c-ori/txs-TiCo-7-7-D2h-D2d.cif,legacy_H2_mapped_to_new_name,txs-TiCo-N7-N25-4c-D2d_UFF4MOF_cell_bonded,TiCo/4-c-ori/txs-TiCo-7-7-D2h-D2d.cif,118793,e75a24f22e6f0a3117bdeacb658f3ce2ca67de0544bced6e36e8832d5d053387
txs-TiMg-8-644-D2h-D2d,txs-TiMg-8-644-D2h-D2d,"4,6",txs,N644,TiMg,True,14,False,"120,160,200,233,253,273,298",77K/5bar;77K/100bar,True,False,txs-TiMg-8-644-D2h-D2d,TiMg/4-c-new/txs-TiMg-8-644-D2h-D2d.cif,new_H2,txs-TiMg-8-644-D2h-D2d,TiMg/4-c-new/txs-TiMg-8-644-D2h-D2d.cif,127070,8a967d58bb7b37c5201e8642131d50d5d56c88182f0a61199e43b3d6770ee6c2
txs-TiMg-9-201-D2h-D2d,txs-TiMg-9-201-D2h-D2d,"4,6",txs,N201,TiMg,True,14,False,"120,160,200,233,253,273,298",77K/5bar;77K/100bar,True,False,txs-TiMg-9-201-D2h-D2d,TiMg/4-c-new/txs-TiMg-9-201-D2h-D2d.cif,new_H2,txs-TiMg-9-201-D2h-D2d,TiMg/4-c-new/txs-TiMg-9-201-D2h-D2d.cif,103055,c0751f04061f5a4531331827ef2709bae3c093900d1a8fac3bd74aa371f4a579
txs-TiMg-13-600-Td,txs-TiMg-N600-N20-4c-Td,"4,6",txs,N600,TiMg,True,16,True,"77,120,160,200,233,253,273,298",,True,True,txs-TiMg-13-600-Td,TiMg/4-c-ori/txs-TiMg-13-600-Td.cif,legacy_H2_mapped_to_new_name,txs-TiMg-N600-N20-4c-Td_UFF4MOF_cell_bonded,TiMg/4-c-ori/txs-TiMg-13-600-Td.cif,199225,6f2a9efed5e66ad7c52d2a4c923b6b28c854d1805c9fec16e3be85848aaed842
txs-TiMg-10-607-D2h-D2d,txs-TiMg-N607-N23-4c-D2d,"4,6",txs,N607,TiMg,True,16,True,"77,120,160,200,233,253,273,298",,True,True,txs-TiMg-10-607-D2h-D2d,TiMg/4-c-ori/txs-TiMg-10-607-D2h-D2d.cif,legacy_H2_mapped_to_new_name,txs-TiMg-N607-N23-4c-D2d_UFF4MOF_cell_bonded,TiMg/4-c-ori/txs-TiMg-10-607-D2h-D2d.cif,117169,f9392f3539d0a9d90a46bbaabeb1cb8e5e6c5ae8794bea31465d981e2b575bd2
txs-TiMg-11-662-D4h-T,txs-TiMg-N662-N21-4c-Td,"4,6",txs,N662,TiMg,True,16,True,"77,120,160,200,233,253,273,298",,True,True,txs-TiMg-11-662-D4h-T,TiMg/4-c-ori/txs-TiMg-11-662-D4h-T.cif,legacy_H2_mapped_to_new_name,txs-TiMg-N662-N21-4c-Td_UFF4MOF_cell_bonded,TiMg/4-c-ori/txs-TiMg-11-662-D4h-T.cif,47657,0339e5de28a2e7fd721a47e9f554908b129f2e829be01a978c5f393f456706a0
txs-TiMg-12-693-Td,txs-TiMg-N693-N22-4c-Td,"4,6",txs,N693,TiMg,True,16,True,"77,120,160,200,233,253,273,298",,True,True,txs-TiMg-12-693-Td,TiMg/4-c-ori/txs-TiMg-12-693-Td.cif,legacy_H2_mapped_to_new_name,txs-TiMg-N693-N22-4c-Td_UFF4MOF_cell_bonded,TiMg/4-c-ori/txs-TiMg-12-693-Td.cif,133690,1f28a3017bdef221336c4ac0b23eeb463488203b929c29b2c549dcbb17e5be59
txs-TiMg-7-7-D2h-D2d,txs-TiMg-N7-N25-4c-D2d,"4,6",txs,N7,TiMg,True,16,True,"77,120,160,200,233,253,273,298",,True,True,txs-TiMg-7-7-D2h-D2d,TiMg/4-c-ori/txs-TiMg-7-7-D2h-D2d.cif,legacy_H2_mapped_to_new_name,txs-TiMg-N7-N25-4c-D2d_UFF4MOF_cell_bonded,TiMg/4-c-ori/txs-TiMg-7-7-D2h-D2d.cif,118793,c36a5a2365b54aae1935022830c5ee3fc13f23b4d5fc838fb79b73e7515ebe86
txs-TiNi-8-644-D2h-D2d,txs-TiNi-8-644-D2h-D2d,"4,6",txs,N644,TiNi,True,14,False,"120,160,200,233,253,273,298",77K/5bar;77K/100bar,True,False,txs-TiNi-8-644-D2h-D2d,TiNi/4-c-new/txs-TiNi-8-644-D2h-D2d.cif,new_H2,txs-TiNi-8-644-D2h-D2d,TiNi/4-c-new/txs-TiNi-8-644-D2h-D2d.cif,115810,feef0693936fb8f3127143b2f7afe573aee2deac8569a61b534f2e3c24c482a2
txs-TiNi-9-201-D2h-D2d,txs-TiNi-9-201-D2h-D2d,"4,6",txs,N201,TiNi,True,14,False,"120,160,200,233,253,273,298",77K/5bar;77K/100bar,True,False,txs-TiNi-9-201-D2h-D2d,TiNi/4-c-new/txs-TiNi-9-201-D2h-D2d.cif,new_H2,txs-TiNi-9-201-D2h-D2d,TiNi/4-c-new/txs-TiNi-9-201-D2h-D2d.cif,101629,54a7413dc27a5086f1cfe688f04ccd0496eced27f01b3cfdbf0a03971716996f
txs-TiNi-13-600-Td,txs-TiNi-N600-N20-4c-Td,"4,6",txs,N600,TiNi,True,16,True,"77,120,160,200,233,253,273,298",,True,True,txs-TiNi-13-600-Td,TiNi/4-c-ori/txs-TiNi-13-600-Td.cif,legacy_H2_mapped_to_new_name,txs-TiNi-N600-N20-4c-Td_UFF4MOF_cell_bonded,TiNi/4-c-ori/txs-TiNi-13-600-Td.cif,199209,3aeb64ef55a9265d900b467049d0e750aa207142c2aa27fef73d398c3015bd64
txs-TiNi-10-607-D2h-D2d,txs-TiNi-N607-N23-4c-D2d,"4,6",txs,N607,TiNi,True,16,True,"77,120,160,200,233,253,273,298",,True,True,txs-TiNi-10-607-D2h-D2d,TiNi/4-c-ori/txs-TiNi-10-607-D2h-D2d.cif,legacy_H2_mapped_to_new_name,txs-TiNi-N607-N23-4c-D2d_UFF4MOF_cell_bonded,TiNi/4-c-ori/txs-TiNi-10-607-D2h-D2d.cif,117165,90cb0e0f5c95c2d6623cee916596533db6721964be0795d180b6e580c5924a0e
txs-TiNi-11-662-D4h-T,txs-TiNi-N662-N21-4c-Td,"4,6",txs,N662,TiNi,True,16,True,"77,120,160,200,233,253,273,298",,True,True,txs-TiNi-11-662-D4h-T,TiNi/4-c-ori/txs-TiNi-11-662-D4h-T.cif,legacy_H2_mapped_to_new_name,txs-TiNi-N662-N21-4c-Td_UFF4MOF_cell_bonded,TiNi/4-c-ori/txs-TiNi-11-662-D4h-T.cif,47655,d56312b52b640bfa84c8c99f5ca56e93be3d7ef873d830936f1f2b0f1c2c372f
txs-TiNi-12-693-Td,txs-TiNi-N693-N22-4c-Td,"4,6",txs,N693,TiNi,True,16,True,"77,120,160,200,233,253,273,298",,True,True,txs-TiNi-12-693-Td,TiNi/4-c-ori/txs-TiNi-12-693-Td.cif,legacy_H2_mapped_to_new_name,txs-TiNi-N693-N22-4c-Td_UFF4MOF_cell_bonded,TiNi/4-c-ori/txs-TiNi-12-693-Td.cif,133690,8cda34065f573bf0b2d20be635a22fd1b82884c1db473bcf7f7e446bf86b113f
txs-TiNi-7-7-D2h-D2d,txs-TiNi-N7-N25-4c-D2d,"4,6",txs,N7,TiNi,True,16,True,"77,120,160,200,233,253,273,298",,True,True,txs-TiNi-7-7-D2h-D2d,TiNi/4-c-ori/txs-TiNi-7-7-D2h-D2d.cif,legacy_H2_mapped_to_new_name,txs-TiNi-N7-N25-4c-D2d_UFF4MOF_cell_bonded,TiNi/4-c-ori/txs-TiNi-7-7-D2h-D2d.cif,118785,97a1727d3738faac1cd06189064aaec412b1106cab1b3653941c8bc3a67b994a
ydq-TiCo-1-10,ydq-TiCo-N10-N1-3c-D3h,"3,6",ydq,N10,TiCo,True,16,True,"77,120,160,200,233,253,273,298",,True,True,ydq-TiCo-1-10,TiCo/3-c/ydq-TiCo-1-10.cif,legacy_H2_mapped_to_new_name,ydq-TiCo-N10-N1-3c-D3h_UFF4MOF_cell_bonded,TiCo/3-c/ydq-TiCo-1-10.cif,147263,eda4dda65789bd96be62acbffcfe009098c7b4c7d5e5c55d376827b94caad329
ydq-TiCo-13-126,ydq-TiCo-N126-N11-3c-C3h,"3,6",ydq,N126,TiCo,True,13,False,"77,120,160,200,233,253,273,298",77K/100bar;120K/100bar;160K/100bar,True,False,ydq-TiCo-13-126,TiCo/3-c/ydq-TiCo-13-126.cif,legacy_H2_mapped_to_new_name,ydq-TiCo-N126-N11-3c-C3h_UFF4MOF_cell_bonded,TiCo/3-c/ydq-TiCo-13-126.cif,440747,162e6717ede415212acca21cce7d5475ef204788f9b4df29ae1502d9a4fca0d1
ydq-TiCo-9-130,ydq-TiCo-N130-N10-3c-C3v,"3,6",ydq,N130,TiCo,True,16,True,"77,120,160,200,233,253,273,298",,True,True,ydq-TiCo-9-130,TiCo/3-c/ydq-TiCo-9-130.cif,legacy_H2_mapped_to_new_name,ydq-TiCo-N130-N10-3c-C3v_UFF4MOF_cell_bonded,TiCo/3-c/ydq-TiCo-9-130.cif,240235,80867501b88a856da5e5b2e0eeb2b741beae42e75ba1982f9856e5cf5a7312bb
ydq-TiCo-2-19,ydq-TiCo-N19-N2-3c-D3h,"3,6",ydq,N19,TiCo,True,16,True,"77,120,160,200,233,253,273,298",,True,True,ydq-TiCo-2-19,TiCo/3-c/ydq-TiCo-2-19.cif,legacy_H2_mapped_to_new_name,ydq-TiCo-N19-N2-3c-D3h_UFF4MOF_cell_bonded,TiCo/3-c/ydq-TiCo-2-19.cif,127103,04e9ed530ca05277e751be75b56dac9c9e0df224c18a59eea739b7509c708187
ydq-TiCo-3-20,ydq-TiCo-N20-N3-3c-D3h,"3,6",ydq,N20,TiCo,True,16,True,"77,120,160,200,233,253,273,298",,True,True,ydq-TiCo-3-20,TiCo/3-c/ydq-TiCo-3-20.cif,legacy_H2_mapped_to_new_name,ydq-TiCo-N20-N3-3c-D3h_UFF4MOF_cell_bonded,TiCo/3-c/ydq-TiCo-3-20.cif,220031,9fb659c1de508e8db0dde4594e8e3d726e84d7813808d7aaffd99813e3352481
ydq-TiCo-6-225,ydq-TiCo-N225-N4-3c-D3h,"3,6",ydq,N225,TiCo,True,16,True,"77,120,160,200,233,253,273,298",,True,True,ydq-TiCo-6-225,TiCo/3-c/ydq-TiCo-6-225.cif,legacy_H2_mapped_to_new_name,ydq-TiCo-N225-N4-3c-D3h_UFF4MOF_cell_bonded,TiCo/3-c/ydq-TiCo-6-225.cif,207762,277ebcfd9319131f783f8d0c9079e27359e9e6f52f89aed4e064af074c66edfa
ydq-TiCo-10-333,ydq-TiCo-N333-N8-3c-D3,"3,6",ydq,N333,TiCo,True,16,True,"77,120,160,200,233,253,273,298",,True,True,ydq-TiCo-10-333,TiCo/3-c/ydq-TiCo-10-333.cif,legacy_H2_mapped_to_new_name,ydq-TiCo-N333-N8-3c-D3_UFF4MOF_cell_bonded,TiCo/3-c/ydq-TiCo-10-333.cif,307504,759137702b8ab388f714435ebcf09a9e2d015b9e9a35739f89f02c2c6cda8c02
ydq-TiCo-5-386,ydq-TiCo-N386-N5-3c-D3h,"3,6",ydq,N386,TiCo,True,13,False,"77,120,160,200,233,253,273,298",77K/100bar;120K/100bar;160K/100bar,True,False,ydq-TiCo-5-386,TiCo/3-c/ydq-TiCo-5-386.cif,legacy_H2_mapped_to_new_name,ydq-TiCo-N386-N5-3c-D3h_UFF4MOF_cell_bonded,TiCo/3-c/ydq-TiCo-5-386.cif,397834,f07065d66073e7c6065d3e3c3a45a70d81c123d160bf8be6fdc1bbf1e5ed6a08
ydq-TiCo-4-410,ydq-TiCo-N410-N9-3c-D3,"3,6",ydq,N410,TiCo,True,16,True,"77,120,160,200,233,253,273,298",,True,True,ydq-TiCo-4-410,TiCo/3-c/ydq-TiCo-4-410.cif,legacy_H2_mapped_to_new_name,ydq-TiCo-N410-N9-3c-D3_UFF4MOF_cell_bonded,TiCo/3-c/ydq-TiCo-4-410.cif,300677,58b8c6c3e44a2e1c21650b807436ab35ff752a74cf231dde5991d58d31e86c13
ydq-TiCo-11-516,ydq-TiCo-N516-N24-3c-C3,"3,6",ydq,N516,TiCo,True,16,True,"77,120,160,200,233,253,273,298",,True,True,ydq-TiCo-11-516,TiCo/3-c/ydq-TiCo-11-516.cif,legacy_H2_mapped_to_new_name,ydq-TiCo-N516-N24-3c-C3_UFF4MOF_cell_bonded,TiCo/3-c/ydq-TiCo-11-516.cif,315360,802524241df21cf912d7353e6e199fcc9afb33fcd3eafba8dbdd804bca7c6b3b
ydq-TiCo-7-592,ydq-TiCo-N592-N6-3c-D3h,"3,6",ydq,N592,TiCo,True,14,False,"77,120,160,200,233,253,273,298",77K/100bar;120K/100bar,True,False,ydq-TiCo-7-592,TiCo/3-c/ydq-TiCo-7-592.cif,legacy_H2_mapped_to_new_name,ydq-TiCo-N592-N6-3c-D3h_UFF4MOF_cell_bonded,TiCo/3-c/ydq-TiCo-7-592.cif,629423,c5dbc57f9c2e89f6d77f638e792db76b9a038b9a243e9b74c316355d3b8706eb
ydq-TiCo-12-639,ydq-TiCo-N639-N7-3c-D3h,"3,6",ydq,N639,TiCo,True,16,True,"77,120,160,200,233,253,273,298",,True,True,ydq-TiCo-12-639,TiCo/3-c/ydq-TiCo-12-639.cif,legacy_H2_mapped_to_new_name,ydq-TiCo-N639-N7-3c-D3h_UFF4MOF_cell_bonded,TiCo/3-c/ydq-TiCo-12-639.cif,276576,8f72b7cd588ff788f77dfd9ceccb50c66e0924d8f83873042825080a0aeab63e
ydq-TiCo-TATB,ydq-TiCo-TATB,"3,6",ydq,TATB,TiCo,True,7,False,"120,160,200,233,253,273,298",77K/5bar;77K/100bar;120K/100bar;160K/100bar;200K/100bar;233K/100bar;253K/100bar;273K/100bar;298K/100bar,True,False,ydq-TiCo-TATB,TiCo/TATB/ydq-TiCo-TATB.cif,new_H2,ydq-TiCo-TATB,TiCo/TATB/ydq-TiCo-TATB.cif,314928,33002b9dd34bdc05ba84ef66c9710ae06a5ffc47c24e73b041f7f42263f16c15
ydq-TiMg-1-10,ydq-TiMg-N10-N1-3c-D3h,"3,6",ydq,N10,TiMg,True,16,True,"77,120,160,200,233,253,273,298",,True,True,ydq-TiMg-1-10,TiMg/3-c/ydq-TiMg-1-10.cif,legacy_H2_mapped_to_new_name,ydq-TiMg-N10-N1-3c-D3h_UFF4MOF_cell_bonded,TiMg/3-c/ydq-TiMg-1-10.cif,147263,190ef36f4777b9306bb585d0a424762efb09dd7642468641129e7fa25a2c60c6
ydq-TiMg-13-126,ydq-TiMg-N126-N11-3c-C3h,"3,6",ydq,N126,TiMg,True,13,False,"77,120,160,200,233,253,273,298",77K/100bar;120K/100bar;160K/100bar,True,False,ydq-TiMg-13-126,TiMg/3-c/ydq-TiMg-13-126.cif,legacy_H2_mapped_to_new_name,ydq-TiMg-N126-N11-3c-C3h_UFF4MOF_cell_bonded,TiMg/3-c/ydq-TiMg-13-126.cif,440746,a915a80ed55c36473088a5eaeca4ba916febc910b5fa8e4cc5ddffe97bc74e35
ydq-TiMg-9-130,ydq-TiMg-N130-N10-3c-C3v,"3,6",ydq,N130,TiMg,True,16,True,"77,120,160,200,233,253,273,298",,True,True,ydq-TiMg-9-130,TiMg/3-c/ydq-TiMg-9-130.cif,legacy_H2_mapped_to_new_name,ydq-TiMg-N130-N10-3c-C3v_UFF4MOF_cell_bonded,TiMg/3-c/ydq-TiMg-9-130.cif,240236,ed256569988f96d544f9fb6f998dfa76654846200f4f3b8b500804609cf9050b
ydq-TiMg-2-19,ydq-TiMg-N19-N2-3c-D3h,"3,6",ydq,N19,TiMg,True,16,True,"77,120,160,200,233,253,273,298",,True,True,ydq-TiMg-2-19,TiMg/3-c/ydq-TiMg-2-19.cif,legacy_H2_mapped_to_new_name,ydq-TiMg-N19-N2-3c-D3h_UFF4MOF_cell_bonded,TiMg/3-c/ydq-TiMg-2-19.cif,127103,8c8b2782ae736e00da30f726cb8aa7248cb7ad2ac90d293b9565b4cc2b809cee
ydq-TiMg-3-20,ydq-TiMg-N20-N3-3c-D3h,"3,6",ydq,N20,TiMg,True,16,True,"77,120,160,200,233,253,273,298",,True,True,ydq-TiMg-3-20,TiMg/3-c/ydq-TiMg-3-20.cif,legacy_H2_mapped_to_new_name,ydq-TiMg-N20-N3-3c-D3h_UFF4MOF_cell_bonded,TiMg/3-c/ydq-TiMg-3-20.cif,220031,7e3ceb30c38527c98e0f1d9efaeeb29c3714adb569d19c86287a1f37d67e9628
ydq-TiMg-6-225,ydq-TiMg-N225-N4-3c-D3h,"3,6",ydq,N225,TiMg,True,16,True,"77,120,160,200,233,253,273,298",,True,True,ydq-TiMg-6-225,TiMg/3-c/ydq-TiMg-6-225.cif,legacy_H2_mapped_to_new_name,ydq-TiMg-N225-N4-3c-D3h_UFF4MOF_cell_bonded,TiMg/3-c/ydq-TiMg-6-225.cif,207764,acad8b44312f164b3ffabd136ca9d8a0e81e1725a1aff6a178aba7422cdc7dc0
ydq-TiMg-10-333,ydq-TiMg-N333-N8-3c-D3,"3,6",ydq,N333,TiMg,True,16,True,"77,120,160,200,233,253,273,298",,True,True,ydq-TiMg-10-333,TiMg/3-c/ydq-TiMg-10-333.cif,legacy_H2_mapped_to_new_name,ydq-TiMg-N333-N8-3c-D3_UFF4MOF_cell_bonded,TiMg/3-c/ydq-TiMg-10-333.cif,307505,4224f3252d1082d1c97469f4f6cf66b0b7b86f167445482a70686621d77ec502
ydq-TiMg-5-386,ydq-TiMg-N386-N5-3c-D3h,"3,6",ydq,N386,TiMg,True,13,False,"77,120,160,200,233,253,273,298",77K/100bar;120K/100bar;160K/100bar,True,False,ydq-TiMg-5-386,TiMg/3-c/ydq-TiMg-5-386.cif,legacy_H2_mapped_to_new_name,ydq-TiMg-N386-N5-3c-D3h_UFF4MOF_cell_bonded,TiMg/3-c/ydq-TiMg-5-386.cif,397833,8a4bdff5108c2d127c602cf6cad394db63d6aeb3e9401b554a2b0dac6f83e403
ydq-TiMg-4-410,ydq-TiMg-N410-N9-3c-D3,"3,6",ydq,N410,TiMg,True,16,True,"77,120,160,200,233,253,273,298",,True,True,ydq-TiMg-4-410,TiMg/3-c/ydq-TiMg-4-410.cif,legacy_H2_mapped_to_new_name,ydq-TiMg-N410-N9-3c-D3_UFF4MOF_cell_bonded,TiMg/3-c/ydq-TiMg-4-410.cif,300678,1c0f88bc5879953e9a9b1574561428c32d50bf4a859082df19c3086da44ecfba
ydq-TiMg-11-516,ydq-TiMg-N516-N24-3c-C3,"3,6",ydq,N516,TiMg,True,16,True,"77,120,160,200,233,253,273,298",,True,True,ydq-TiMg-11-516,TiMg/3-c/ydq-TiMg-11-516.cif,legacy_H2_mapped_to_new_name,ydq-TiMg-N516-N24-3c-C3_UFF4MOF_cell_bonded,TiMg/3-c/ydq-TiMg-11-516.cif,315360,4e681527017b5b72e469a4941750bebdb12a95209a4db1ec825bb144caf2574f
ydq-TiMg-7-592,ydq-TiMg-N592-N6-3c-D3h,"3,6",ydq,N592,TiMg,True,14,False,"77,120,160,200,233,253,273,298",77K/100bar;120K/100bar,True,False,ydq-TiMg-7-592,TiMg/3-c/ydq-TiMg-7-592.cif,legacy_H2_mapped_to_new_name,ydq-TiMg-N592-N6-3c-D3h_UFF4MOF_cell_bonded,TiMg/3-c/ydq-TiMg-7-592.cif,629426,01632f0b9acc9b227616344f938424855d23c55b2a92119dcc73ae6805d88449
ydq-TiMg-12-639,ydq-TiMg-N639-N7-3c-D3h,"3,6",ydq,N639,TiMg,True,16,True,"77,120,160,200,233,253,273,298",,True,True,ydq-TiMg-12-639,TiMg/3-c/ydq-TiMg-12-639.cif,legacy_H2_mapped_to_new_name,ydq-TiMg-N639-N7-3c-D3h_UFF4MOF_cell_bonded,TiMg/3-c/ydq-TiMg-12-639.cif,276576,784177c76f8b9a651f2217d44a256175b1adb2fdb235aafd7a456e4f86889c4f
ydq-TiMg-TATB,ydq-TiMg-TATB,"3,6",ydq,TATB,TiMg,True,7,False,"120,160,200,233,253,273,298",77K/5bar;77K/100bar;120K/100bar;160K/100bar;200K/100bar;233K/100bar;253K/100bar;273K/100bar;298K/100bar,True,False,ydq-TiMg-TATB,TiMg/TATB/ydq-TiMg-TATB.cif,new_H2,ydq-TiMg-TATB,TiMg/TATB/ydq-TiMg-TATB.cif,295542,8738151cbd5a3811dca0f0e1373c0136ffa6484967a33275199b757d812b6e73
ydq-TiNi-1-10,ydq-TiNi-N10-N1-3c-D3h,"3,6",ydq,N10,TiNi,True,16,True,"77,120,160,200,233,253,273,298",,True,True,ydq-TiNi-1-10,TiNi/3-c/ydq-TiNi-1-10.cif,legacy_H2_mapped_to_new_name,ydq-TiNi-N10-N1-3c-D3h_UFF4MOF_cell_bonded,TiNi/3-c/ydq-TiNi-1-10.cif,147263,b78d8f8d7db6f6bb953fb0bb188fee0ca68b4ef98827ac3b0868d071c44eeda3
ydq-TiNi-13-126,ydq-TiNi-N126-N11-3c-C3h,"3,6",ydq,N126,TiNi,True,13,False,"77,120,160,200,233,253,273,298",77K/100bar;120K/100bar;160K/100bar,True,False,ydq-TiNi-13-126,TiNi/3-c/ydq-TiNi-13-126.cif,legacy_H2_mapped_to_new_name,ydq-TiNi-N126-N11-3c-C3h_UFF4MOF_cell_bonded,TiNi/3-c/ydq-TiNi-13-126.cif,440748,fb016864d8c517d0211624e68fd4a748a288eaa03ccfcec3413ec91c4d48ebec
ydq-TiNi-9-130,ydq-TiNi-N130-N10-3c-C3v,"3,6",ydq,N130,TiNi,True,16,True,"77,120,160,200,233,253,273,298",,True,True,ydq-TiNi-9-130,TiNi/3-c/ydq-TiNi-9-130.cif,legacy_H2_mapped_to_new_name,ydq-TiNi-N130-N10-3c-C3v_UFF4MOF_cell_bonded,TiNi/3-c/ydq-TiNi-9-130.cif,240235,49f406cc03a482df38293e0a54431ba4c57b82def65693d8ead98f47a6b6ef14
ydq-TiNi-2-19,ydq-TiNi-N19-N2-3c-D3h,"3,6",ydq,N19,TiNi,True,16,True,"77,120,160,200,233,253,273,298",,True,True,ydq-TiNi-2-19,TiNi/3-c/ydq-TiNi-2-19.cif,legacy_H2_mapped_to_new_name,ydq-TiNi-N19-N2-3c-D3h_UFF4MOF_cell_bonded,TiNi/3-c/ydq-TiNi-2-19.cif,127103,d0afd4cb0a16c7b09fe44a85f3ff6a478626290725a2303bdd450a8f49a264cb
ydq-TiNi-3-20,ydq-TiNi-N20-N3-3c-D3h,"3,6",ydq,N20,TiNi,True,16,True,"77,120,160,200,233,253,273,298",,True,True,ydq-TiNi-3-20,TiNi/3-c/ydq-TiNi-3-20.cif,legacy_H2_mapped_to_new_name,ydq-TiNi-N20-N3-3c-D3h_UFF4MOF_cell_bonded,TiNi/3-c/ydq-TiNi-3-20.cif,220031,a85efc0842bf14fd0eab6de987217a8284658039e530a9876fb7c18446f24843
ydq-TiNi-6-225,ydq-TiNi-N225-N4-3c-D3h,"3,6",ydq,N225,TiNi,True,16,True,"77,120,160,200,233,253,273,298",,True,True,ydq-TiNi-6-225,TiNi/3-c/ydq-TiNi-6-225.cif,legacy_H2_mapped_to_new_name,ydq-TiNi-N225-N4-3c-D3h_UFF4MOF_cell_bonded,TiNi/3-c/ydq-TiNi-6-225.cif,207762,590f7e6b1498b7d2b22f145cebe7e7e3ba7c7de39dc4299c00ff367773575130
ydq-TiNi-10-333,ydq-TiNi-N333-N8-3c-D3,"3,6",ydq,N333,TiNi,True,16,True,"77,120,160,200,233,253,273,298",,True,True,ydq-TiNi-10-333,TiNi/3-c/ydq-TiNi-10-333.cif,legacy_H2_mapped_to_new_name,ydq-TiNi-N333-N8-3c-D3_UFF4MOF_cell_bonded,TiNi/3-c/ydq-TiNi-10-333.cif,307505,6a0dcffd86b9896cbf2f4582bd4f3dd1138b9bac078890aaa0605e03d20da855
ydq-TiNi-5-386,ydq-TiNi-N386-N5-3c-D3h,"3,6",ydq,N386,TiNi,True,13,False,"77,120,160,200,233,253,273,298",77K/100bar;120K/100bar;160K/100bar,True,False,ydq-TiNi-5-386,TiNi/3-c/ydq-TiNi-5-386.cif,legacy_H2_mapped_to_new_name,ydq-TiNi-N386-N5-3c-D3h_UFF4MOF_cell_bonded,TiNi/3-c/ydq-TiNi-5-386.cif,397834,c211060485ec5236f0401a7ad84be5eb168b9d76584b175de28408ac7f8f3ba9
ydq-TiNi-4-410,ydq-TiNi-N410-N9-3c-D3,"3,6",ydq,N410,TiNi,True,16,True,"77,120,160,200,233,253,273,298",,True,True,ydq-TiNi-4-410,TiNi/3-c/ydq-TiNi-4-410.cif,legacy_H2_mapped_to_new_name,ydq-TiNi-N410-N9-3c-D3_UFF4MOF_cell_bonded,TiNi/3-c/ydq-TiNi-4-410.cif,300680,7df8aaa10ddb91d548fc318fcd43fe6432e986730d441ceedd6e36bc88d6b302
ydq-TiNi-11-516,ydq-TiNi-N516-N24-3c-C3,"3,6",ydq,N516,TiNi,True,16,True,"77,120,160,200,233,253,273,298",,True,True,ydq-TiNi-11-516,TiNi/3-c/ydq-TiNi-11-516.cif,legacy_H2_mapped_to_new_name,ydq-TiNi-N516-N24-3c-C3_UFF4MOF_cell_bonded,TiNi/3-c/ydq-TiNi-11-516.cif,315360,f4430775c813b0a7e790aebfb161003f6f60b1b96696f45b5bac8bcf24622b44
ydq-TiNi-7-592,ydq-TiNi-N592-N6-3c-D3h,"3,6",ydq,N592,TiNi,True,14,False,"77,120,160,200,233,253,273,298",77K/100bar;120K/100bar,True,False,ydq-TiNi-7-592,TiNi/3-c/ydq-TiNi-7-592.cif,legacy_H2_mapped_to_new_name,ydq-TiNi-N592-N6-3c-D3h_UFF4MOF_cell_bonded,TiNi/3-c/ydq-TiNi-7-592.cif,629421,3b66723166986c37e5fb08dc332a93abf01d04eaa5b5033ba8b839cf20104aa4
ydq-TiNi-12-639,ydq-TiNi-N639-N7-3c-D3h,"3,6",ydq,N639,TiNi,True,16,True,"77,120,160,200,233,253,273,298",,True,True,ydq-TiNi-12-639,TiNi/3-c/ydq-TiNi-12-639.cif,legacy_H2_mapped_to_new_name,ydq-TiNi-N639-N7-3c-D3h_UFF4MOF_cell_bonded,TiNi/3-c/ydq-TiNi-12-639.cif,276576,8e918fa39afa8d7e2e17465e5e71e9533246c59e4e4ccd2b32632922f53e56a9
ydq-TiNi-TATB,ydq-TiNi-TATB,"3,6",ydq,TATB,TiNi,True,7,False,"120,160,200,233,253,273,298",77K/5bar;77K/100bar;120K/100bar;160K/100bar;200K/100bar;233K/100bar;253K/100bar;273K/100bar;298K/100bar,True,False,ydq-TiNi-TATB,TiNi/TATB/ydq-TiNi-TATB.cif,new_H2,ydq-TiNi-TATB,TiNi/TATB/ydq-TiNi-TATB.cif,316728,6e0709a1ffb5e88747f99249b476a103233a99223240bb5a48e6d384f8a92dfc
