current_basename,temperature_K,loading_5bar_mg_g,loading_100bar_mg_g,working_capacity_mg_g,working_capacity_wt_percent,connectivity,topology,metal_node,organic_linker,density_g_cm3,H2_ASA_m2_g,H2_POAV_cm3_g,H2_POAV_fraction,H2_PSD_accessible_samples,H2_PSD_accessible_fraction,H2_PSD_mode_A,H2_PSD_mean_A,H2_PSD_median_A,H2_PSD_p90_A,LCD_A,PLD_A,LFPD_A,H2_probe_radius_A
ceq-TiCo-1-10,77,21.42095,32.5621,11.14115,1.114115,"3,6",ceq,TiCo,N10,1.21459,1806.77,0.294667,0.3579,1257,0.1257,5.8,5.718536197295147,5.8,6.0,6.07217,5.10152,5.90439,1.445
ceq-TiCo-10-333,77,38.44921,86.11961,47.670399999999994,4.76704,"3,6",ceq,TiCo,N333,0.578443,4032.75,1.06527,0.6162,4033,0.4033,11.5,10.359112323332509,11.5,11.9,11.90475,9.51036,11.85231,1.445
ceq-TiCo-11-516,77,36.53026,79.52706,42.99680000000001,4.29968,"3,6",ceq,TiCo,N516,0.613734,3864.6,0.964587,0.592,3797,0.3797,11.0,9.572004213853042,10.7,11.1,11.1373,8.62506,11.07183,1.445
ceq-TiCo-12-639,77,42.21511,68.14208,25.926970000000004,2.5926970000000003,"3,6",ceq,TiCo,N639,0.728084,3494.73,0.779168,0.5673,3099,0.3099,8.2,7.877767021619878,7.9,8.5,8.54564,6.7773,8.43775,1.445
ceq-TiCo-13-126,77,36.52124,175.1625,138.64126,13.864125999999999,"3,6",ceq,TiCo,N126,0.282249,5631.87,3.01861,0.852,6689,0.6689,17.0,16.569143369711465,17.0,17.8,17.82836,15.14346,17.0768,1.445
ceq-TiCo-2-19,77,22.0738,32.65906,10.585259999999998,1.0585259999999999,"3,6",ceq,TiCo,N19,1.26274,1828.82,0.314476,0.3971,1431,0.1431,5.7,5.618099231306778,5.7,5.8,5.87712,5.09131,5.71078,1.445
ceq-TiCo-3-20,77,36.67377,53.7368,17.063030000000005,1.7063030000000006,"3,6",ceq,TiCo,N20,0.892794,2849.38,0.545702,0.4872,2243,0.2243,6.9,6.838074008024967,6.9,7.1,7.13199,5.83361,7.13198,1.445
ceq-TiCo-4-410,77,38.64043,88.45673,49.81629999999999,4.981629999999999,"3,6",ceq,TiCo,N410,0.569958,4134.54,1.1171,0.6367,4082,0.4082,11.6,10.210828025477708,10.6,11.6,11.67421,8.69689,10.92577,1.445
ceq-TiCo-5-386,77,37.43466,210.2404,172.80574,17.280573999999998,"3,6",ceq,TiCo,N386,0.229929,6225.07,3.7977,0.8732,7117,0.7117,19.0,18.878445974427425,19.2,19.9,19.96274,18.54632,19.86965,1.445
ceq-TiCo-6-225,77,11.71036,14.6085,2.8981399999999997,0.28981399999999996,"3,6",ceq,TiCo,N225,1.40473,0.0,0.0,0.0,0,0.0,,,,,5.12443,2.67376,5.03088,1.445
ceq-TiCo-7-592,77,33.45484,65.88828,32.43344,3.2433439999999996,"3,6",ceq,TiCo,N592,0.646386,3318.02,0.729131,0.4713,2952,0.2952,10.1,8.784552845528456,8.6,10.1,10.11715,6.58071,10.01828,1.445
ceq-TiCo-9-130,77,15.66342,20.98089,5.317469999999998,0.5317469999999999,"3,6",ceq,TiCo,N130,1.33936,1018.01,0.157314,0.2107,703,0.0703,5.8,5.334992887624467,5.5,5.8,5.86327,4.40667,5.86327,1.445
ceq-TiMg-1-10,77,27.03873,39.05872,12.01999,1.201999,"3,6",ceq,TiMg,N10,0.999417,2183.97,0.358209,0.358,1238,0.1238,5.3,5.409046849757674,5.3,5.7,5.76054,4.86205,5.59945,1.445
ceq-TiMg-10-333,77,41.62515,98.79019,57.16504,5.716504,"3,6",ceq,TiMg,N333,0.50131,4609.14,1.25371,0.6285,4180,0.418,11.5,9.872129186602873,10.2,11.5,11.50666,9.24878,11.50662,1.445
ceq-TiMg-11-516,77,40.56196,92.49006,51.9281,5.19281,"3,6",ceq,TiMg,N516,0.529068,4435.28,1.15996,0.6137,4023,0.4023,11.1,9.475416355953268,10.1,11.1,11.17092,8.48825,11.17092,1.445
ceq-TiMg-12-639,77,45.58774,71.90429,26.316550000000007,2.6316550000000007,"3,6",ceq,TiMg,N639,0.675461,3936.03,0.769104,0.5195,2717,0.2717,7.5,7.25218991534781,7.4,7.7,7.74596,6.00017,7.57434,1.445
ceq-TiMg-13-126,77,39.54844,190.3929,150.84446,15.084446,"3,6",ceq,TiMg,N126,0.259373,6149.23,3.27213,0.8487,6700,0.67,15.6,15.80183582089552,15.8,16.8,16.87693,14.13515,16.15173,1.445
ceq-TiMg-2-19,77,26.1182,37.73451,11.616309999999999,1.1616309999999999,"3,6",ceq,TiMg,N19,1.05993,2112.33,0.355305,0.3766,1319,0.1319,5.4,5.367778620166793,5.4,5.5,5.53585,4.72529,5.47927,1.445
ceq-TiMg-3-20,77,38.91558,58.2896,19.37402,1.937402,"3,6",ceq,TiMg,N20,0.800093,3125.83,0.531938,0.4256,2059,0.2059,6.7,6.687421078193298,6.8,7.3,7.36617,5.49468,7.35004,1.445
ceq-TiMg-4-410,77,41.73055,99.75873,58.02818,5.802818,"3,6",ceq,TiMg,N410,0.498421,4696.9,1.2983,0.6471,4225,0.4225,12.2,10.21921893491124,10.0,12.2,12.26322,8.50743,10.40681,1.445
ceq-TiMg-5-386,77,40.81916,237.2192,196.40004,19.640003999999998,"3,6",ceq,TiMg,N386,0.202052,6879.94,4.35384,0.8797,7229,0.7229,20.1,19.248651265735237,19.6,20.1,20.15893,18.90877,20.1296,1.445
ceq-TiMg-6-225,77,16.61243,20.17612,3.563690000000001,0.3563690000000001,"3,6",ceq,TiMg,N225,1.16287,0.0,0.0,0.0,0,0.0,,,,,4.8881,2.55958,4.84413,1.445
ceq-TiMg-7-592,77,33.18793,63.28066,30.092729999999996,3.0092729999999994,"3,6",ceq,TiMg,N592,0.643583,3123.88,0.704494,0.4534,2754,0.2754,8.4,8.558678286129267,8.4,9.5,9.50685,7.31293,8.48236,1.445
ceq-TiMg-9-130,77,21.04101,28.61693,7.57592,0.757592,"3,6",ceq,TiMg,N130,1.08754,1389.18,0.228314,0.2483,914,0.0914,6.1,5.6263676148796495,5.5,6.1,6.19372,4.75481,6.19372,1.445
ceq-TiNi-1-10,77,19.41562,27.14054,7.724920000000001,0.7724920000000001,"3,6",ceq,TiNi,N10,1.25523,1648.79,0.262582,0.3296,1063,0.1063,5.4,5.327657572906866,5.4,5.6,5.63377,4.79273,5.44483,1.445
ceq-TiNi-10-333,77,37.51248,85.89857,48.38609000000001,4.838609000000001,"3,6",ceq,TiNi,N333,0.578021,3948.95,1.0856,0.6275,4090,0.409,11.6,10.184938875305624,10.8,11.6,11.62502,9.82685,11.51194,1.445
ceq-TiNi-11-516,77,36.78026,81.18096,44.4007,4.44007,"3,6",ceq,TiNi,N516,0.603256,3844.9,1.0072,0.6076,3918,0.3918,11.5,10.105308831036243,11.3,11.7,11.70534,9.14203,11.70534,1.445
ceq-TiNi-12-639,77,41.61106,63.14741,21.53635,2.153635,"3,6",ceq,TiNi,N639,0.768359,3409.49,0.700974,0.5386,2800,0.28,7.8,7.382821428571429,7.5,7.8,7.89292,6.0888,7.89291,1.445
ceq-TiNi-13-126,77,36.07975,173.4054,137.32565,13.732565,"3,6",ceq,TiNi,N126,0.28464,5593.12,2.98623,0.85,6652,0.6652,18.5,16.755532170775705,16.7,18.5,18.50525,15.08543,16.74324,1.445
ceq-TiNi-2-19,77,20.1643,29.25643,9.092130000000001,0.909213,"3,6",ceq,TiNi,N19,1.29692,1725.09,0.296317,0.3843,1295,0.1295,5.6,5.436370656370657,5.5,5.6,5.65403,4.88846,5.65401,1.445
ceq-TiNi-3-20,77,34.67649,50.77986,16.103369999999998,1.610337,"3,6",ceq,TiNi,N20,0.92957,2724.87,0.459245,0.4269,1997,0.1997,6.8,6.723234852278418,6.8,7.0,7.02113,5.65976,6.97516,1.445
ceq-TiNi-4-410,77,37.48848,84.11659,46.62811,4.662811,"3,6",ceq,TiNi,N410,0.584759,3979.43,1.08216,0.6328,4046,0.4046,10.5,9.636109738012852,10.0,10.5,10.54301,8.61505,10.23889,1.445
ceq-TiNi-5-386,77,36.7693,209.5023,172.733,17.2733,"3,6",ceq,TiNi,N386,0.230448,6195.6,3.79609,0.8748,7114,0.7114,20.0,18.872968793927463,19.4,20.0,20.06167,18.62337,20.01355,1.445
ceq-TiNi-6-225,77,9.449416,11.94928,2.4998640000000005,0.24998640000000005,"3,6",ceq,TiNi,N225,1.45155,0.0,0.0,0.0,0,0.0,,,,,4.88946,2.45688,4.47613,1.445
ceq-TiNi-7-592,77,30.74005,55.53351,24.79346,2.479346,"3,6",ceq,TiNi,N592,0.708424,2843.28,0.621097,0.44,2647,0.2647,8.6,8.395428787306383,8.6,8.7,8.85232,7.24919,8.77799,1.445
ceq-TiNi-9-130,77,13.99866,18.51107,4.512410000000001,0.4512410000000001,"3,6",ceq,TiNi,N130,1.37823,1002.84,0.159044,0.2192,688,0.0688,5.7,5.196366279069768,5.5,5.7,5.79581,4.23042,5.79581,1.445
cml-TiCo-1-10,77,23.7053,36.17706,12.471759999999996,1.2471759999999996,"3,6",cml,TiCo,N10,1.16205,1942.61,0.315219,0.3663,1498,0.1498,6.2,6.0211615487316426,6.1,6.3,6.3685,5.2944,6.05631,1.445
cml-TiCo-10-333,77,38.93919,84.32104,45.38184999999999,4.5381849999999995,"3,6",cml,TiCo,N333,0.584696,4099.28,1.01266,0.5921,3906,0.3906,10.7,9.745340501792114,10.6,10.7,10.73541,8.93998,10.73307,1.445
cml-TiCo-11-516,77,38.4436,82.12206,43.67846,4.367846,"3,6",cml,TiCo,N516,0.601103,4026.1,0.970051,0.5831,3821,0.3821,10.7,9.919759225333683,10.7,10.9,10.90541,9.04566,10.89506,1.445
cml-TiCo-12-639,77,43.55268,76.19689,32.644209999999994,3.2644209999999996,"3,6",cml,TiCo,N639,0.676516,3565.9,0.853047,0.5771,3517,0.3517,10.2,9.5130508956497,9.8,10.2,10.25777,8.06113,10.25777,1.445
cml-TiCo-13-126,77,36.48682,177.8416,141.35478,14.135478,"3,6",cml,TiCo,N126,0.276747,5638.2,3.03418,0.8397,6688,0.6688,18.2,17.171471291866027,17.7,18.2,18.25286,16.12155,18.24016,1.445
cml-TiCo-2-19,77,23.2149,35.9355,12.720599999999997,1.2720599999999997,"3,6",cml,TiCo,N19,1.20709,1946.24,0.330714,0.3992,1686,0.1686,6.0,5.906049822064057,6.0,6.1,6.11684,5.61048,6.09402,1.445
cml-TiCo-3-20,77,37.86844,56.56716,18.69872,1.8698720000000002,"3,6",cml,TiCo,N20,0.826141,3000.73,0.626769,0.5178,2763,0.2763,8.0,7.668584871516467,7.8,8.0,8.06832,6.93764,8.0683,1.445
cml-TiCo-4-410,77,38.44591,87.92927,49.483360000000005,4.948336,"3,6",cml,TiCo,N410,0.566539,4140.67,1.09348,0.6195,4096,0.4096,11.5,10.5462646484375,11.4,11.6,11.64015,9.07515,11.59593,1.445
cml-TiCo-5-386,77,37.34346,210.5991,173.25564,17.325564,"3,6",cml,TiCo,N386,0.229126,6236.61,3.77042,0.8639,7035,0.7035,20.4,19.92220326936745,20.4,20.7,20.78995,17.39186,20.62732,1.445
cml-TiCo-6-225,77,14.43256,18.54277,4.11021,0.411021,"3,6",cml,TiCo,N225,1.37322,389.57,0.0411441,0.0565,171,0.0171,4.8,4.780701754385965,4.8,4.9,4.91775,2.93043,4.91773,1.445
cml-TiCo-7-592,77,36.00839,73.87827,37.86988,3.786988,"3,6",cml,TiCo,N592,0.603861,3849.93,0.934321,0.5642,3210,0.321,10.6,9.292679127725856,9.1,10.6,10.61994,6.94469,10.61994,1.445
cml-TiCo-9-130,77,16.71744,21.17563,4.458190000000002,0.4458190000000002,"3,6",cml,TiCo,N130,1.33376,1007.35,0.146578,0.1955,631,0.0631,6.4,5.823137876386689,6.4,6.4,6.40893,3.50975,6.40893,1.445
cml-TiCo-TATB,77,38.48988,124.9254,86.43552,8.643552,"3,6",cml,TiCo,TATB,0.414437,4817.61,1.85987,0.7708,5469,0.5469,13.5,12.831230572316692,13.4,13.5,13.52714,11.86424,13.51283,1.445
cml-TiMg-1-10,77,34.71898,49.24798,14.528999999999996,1.4528999999999996,"3,6",cml,TiMg,N10,0.933001,2524.02,0.422186,0.3939,1699,0.1699,6.5,6.25868157739847,6.5,6.5,6.52241,5.39507,6.52199,1.445
cml-TiMg-10-333,77,42.78827,96.32187,53.53360000000001,5.35336,"3,6",cml,TiMg,N333,0.511183,4575.93,1.18529,0.6059,4045,0.4045,10.5,9.816390605686031,10.5,10.6,10.64759,8.90567,10.63716,1.445
cml-TiMg-11-516,77,42.76683,98.21804,55.45121,5.545121,"3,6",cml,TiMg,N516,0.51348,4599.37,1.17882,0.6053,4050,0.405,11.0,10.252913580246911,10.9,11.2,11.22253,9.35689,11.16292,1.445
cml-TiMg-12-639,77,48.26065,86.02634,37.765690000000006,3.7765690000000007,"3,6",cml,TiMg,N639,0.597277,4158.84,0.967725,0.578,3521,0.3521,9.7,8.94260153365521,9.2,9.8,9.86581,7.72449,9.8658,1.445
cml-TiMg-13-126,77,39.38185,192.8378,153.45594999999997,15.345594999999998,"3,6",cml,TiMg,N126,0.254967,6149.36,3.30043,0.8415,6674,0.6674,17.7,16.78602037758466,17.3,17.8,17.82744,14.91026,17.56278,1.445
cml-TiMg-2-19,77,34.96972,50.71508,15.745359999999998,1.5745359999999997,"3,6",cml,TiMg,N19,0.926059,2610.09,0.482582,0.4469,2040,0.204,6.8,6.617254901960784,6.8,6.8,6.84489,5.96493,6.8253,1.445
cml-TiMg-3-20,77,43.28278,66.95147,23.668689999999998,2.366869,"3,6",cml,TiMg,N20,0.722174,3579.34,0.709386,0.5123,2721,0.2721,7.3,7.204593899301727,7.3,7.4,7.40872,6.29341,7.40872,1.445
cml-TiMg-4-410,77,42.09482,101.9205,59.825680000000006,5.9825680000000006,"3,6",cml,TiMg,N410,0.485733,4766.07,1.31554,0.639,4300,0.43,12.0,10.83760465116279,11.6,12.0,12.02028,8.77457,11.76449,1.445
cml-TiMg-5-386,77,40.74198,239.7221,198.98012,19.898012,"3,6",cml,TiMg,N386,0.199411,6888.8,4.37538,0.8725,7209,0.7209,21.3,20.56200582605077,21.1,21.3,21.34949,17.83222,21.28587,1.445
cml-TiMg-6-225,77,22.97878,28.89999,5.9212099999999985,0.5921209999999999,"3,6",cml,TiMg,N225,1.11178,647.03,0.08248,0.0917,327,0.0327,5.7,5.614984709480122,5.7,5.8,5.84892,2.95804,5.84425,1.445
cml-TiMg-7-592,77,36.45161,76.6334,40.18178999999999,4.018178999999999,"3,6",cml,TiMg,N592,0.567836,3888.61,0.974225,0.5532,3223,0.3223,8.5,9.117871548246976,9.0,10.4,10.45984,7.26225,9.59027,1.445
cml-TiMg-9-130,77,19.3148,25.23114,5.916339999999998,0.5916339999999998,"3,6",cml,TiMg,N130,1.17222,1182.3,0.179658,0.2106,709,0.0709,6.7,6.080677009873062,6.7,6.7,6.79459,3.6301,6.79062,1.445
cml-TiMg-TATB,77,42.82664,140.1953,97.36866,9.736866000000001,"3,6",cml,TiMg,TATB,0.369747,5348.44,2.09873,0.776,5544,0.5544,13.2,12.722384559884558,12.8,13.2,13.29024,11.50404,13.17249,1.445
cml-TiNi-1-10,77,21.73906,33.55842,11.81936,1.1819359999999999,"3,6",cml,TiNi,N10,1.19101,1877.72,0.29941,0.3566,1462,0.1462,6.1,5.896306429548563,5.9,6.2,6.29312,5.31812,6.24892,1.445
cml-TiNi-10-333,77,38.51575,83.76526,45.24951,4.524951,"3,6",cml,TiNi,N333,0.58601,4034.13,1.0237,0.5999,3953,0.3953,10.3,9.579762205919556,10.1,10.6,10.62039,8.88533,10.62036,1.445
cml-TiNi-11-516,77,37.97893,81.18387,43.20494,4.320494,"3,6",cml,TiNi,N516,0.606744,3911.71,0.969931,0.5885,3824,0.3824,11.0,9.784649581589958,10.3,11.0,11.0055,9.03656,10.38494,1.445
cml-TiNi-12-639,77,42.06388,72.86078,30.796900000000008,3.0796900000000007,"3,6",cml,TiNi,N639,0.701724,3417.66,0.802595,0.5632,3380,0.338,9.7,9.099023668639052,9.2,9.7,9.78649,7.91527,9.78649,1.445
cml-TiNi-13-126,77,36.46369,172.9701,136.50641000000002,13.650641000000002,"3,6",cml,TiNi,N126,0.28491,5546.33,2.9304,0.8349,6607,0.6607,18.7,17.734054790373847,18.7,18.7,18.79896,16.44162,18.74173,1.445
cml-TiNi-2-19,77,22.22308,34.3458,12.122719999999997,1.2122719999999998,"3,6",cml,TiNi,N19,1.21881,1949.97,0.334424,0.4076,1688,0.1688,6.0,5.960367298578199,6.0,6.1,6.14656,5.6318,6.14655,1.445
cml-TiNi-3-20,77,36.26334,53.43238,17.169040000000003,1.7169040000000002,"3,6",cml,TiNi,N20,0.867378,2871.73,0.580139,0.5032,2541,0.2541,7.2,7.021015348288076,7.2,7.2,7.29836,6.22077,7.29378,1.445
cml-TiNi-4-410,77,37.68934,86.19257,48.50323,4.850323,"3,6",cml,TiNi,N410,0.572716,4010.23,1.08937,0.6239,4108,0.4108,11.2,10.156694255111976,10.4,11.2,11.28593,8.61146,11.23079,1.445
cml-TiNi-5-386,77,37.68858,211.1836,173.49502,17.349502,"3,6",cml,TiNi,N386,0.228688,6242.37,3.79381,0.8676,7098,0.7098,20.8,19.916948436179204,20.6,20.8,20.89682,17.56226,20.60162,1.445
cml-TiNi-6-225,77,16.79251,21.10326,4.310749999999999,0.4310749999999999,"3,6",cml,TiNi,N225,1.38173,842.43,0.098789,0.1365,441,0.0441,5.3,5.17641723356009,5.3,5.3,5.32369,2.9634,4.95622,1.445
cml-TiNi-7-592,77,34.63163,68.42432,33.79268999999999,3.3792689999999994,"3,6",cml,TiNi,N592,0.63158,3618.96,0.866557,0.5473,3001,0.3001,10.1,8.717060979673443,8.6,10.1,10.1279,6.85832,10.11279,1.445
cml-TiNi-9-130,77,15.30399,19.13609,3.8320999999999987,0.3832099999999999,"3,6",cml,TiNi,N130,1.36733,966.539,0.136397,0.1865,579,0.0579,5.9,5.437478411053541,5.9,5.9,5.95411,3.58426,5.95411,1.445
cml-TiNi-TATB,77,38.00199,123.8463,85.84431000000001,8.584431,"3,6",cml,TiNi,TATB,0.415941,4741.39,1.85771,0.7727,5505,0.5505,13.5,12.988555858310626,13.4,13.6,13.60761,11.89081,13.57223,1.445
dag-TiCo-1-10,77,20.51368,28.4231,7.909420000000001,0.790942,"3,6",dag,TiCo,N10,1.29647,1767.89,0.232863,0.3019,1068,0.1068,5.2,5.00430711610487,5.2,5.4,5.48272,4.12478,5.2922,1.445
dag-TiCo-10-333,77,31.97782,83.02586,51.04803999999999,5.104804,"3,6",dag,TiCo,N333,0.576718,3669.66,1.04887,0.6049,4142,0.4142,10.8,9.735707387735392,10.1,11.1,11.1053,7.75906,11.10527,1.445
dag-TiCo-11-516,77,32.266,82.83479,50.56879,5.056879,"3,6",dag,TiCo,N516,0.582735,3631.57,1.03752,0.6046,4117,0.4117,10.9,9.789409764391548,10.0,10.9,10.9744,8.32015,10.97439,1.445
dag-TiCo-12-639,77,25.1916,44.07298,18.88138,1.888138,"3,6",dag,TiCo,N639,0.894058,2024.11,0.457017,0.4086,2325,0.2325,10.5,9.616559139784949,10.2,10.5,10.58409,9.55729,10.58408,1.445
dag-TiCo-13-126,77,36.63046,177.8676,141.23714,14.123714000000001,"3,6",dag,TiCo,N126,0.271097,5605.35,3.11586,0.8447,6799,0.6799,18.1,16.674422709221947,17.6,18.2,18.28833,13.97007,17.59921,1.445
dag-TiCo-2-19,77,21.59973,30.34409,8.74436,0.874436,"3,6",dag,TiCo,N19,1.33479,1887.77,0.267083,0.3565,1339,0.1339,5.4,5.128454070201643,5.2,5.6,5.60098,4.579,5.47424,1.445
dag-TiCo-3-20,77,33.07383,53.87213,20.798299999999998,2.07983,"3,6",dag,TiCo,N20,0.855219,2771.12,0.610487,0.5221,2891,0.2891,8.2,7.504877205119334,7.6,8.2,8.29728,6.99242,8.29728,1.445
dag-TiCo-4-410,77,32.0763,91.48624,59.40993999999999,5.940993999999999,"3,6",dag,TiCo,N410,0.535347,3779.32,1.19044,0.6373,4517,0.4517,10.5,10.46139030329865,10.5,11.4,11.48861,9.26388,10.59211,1.445
dag-TiCo-5-386,77,38.48902,218.5582,180.06918000000002,18.006918000000002,"3,6",dag,TiCo,N386,0.216023,6150.83,4.04773,0.8744,7324,0.7324,19.9,18.91104587657018,19.3,19.9,19.99936,17.02249,19.99936,1.445
dag-TiCo-6-225,77,9.353381,11.31052,1.9571389999999997,0.19571389999999997,"3,6",dag,TiCo,N225,1.46314,405.445,0.0333528,0.0488,131,0.0131,4.5,4.244274809160306,4.3,4.5,4.52434,3.32648,4.52328,1.445
dag-TiCo-7-592,77,30.95043,61.92744,30.977009999999996,3.097701,"3,6",dag,TiCo,N592,0.66248,3242.03,0.734362,0.4865,2907,0.2907,9.7,8.292294461644309,8.2,10.3,10.30939,7.82852,10.30939,1.445
dag-TiCo-9-130,77,10.86238,15.985,5.1226199999999995,0.512262,"3,6",dag,TiCo,N130,1.40457,874.07,0.131215,0.1843,613,0.0613,5.6,5.230179445350733,5.2,5.6,5.60727,4.59668,5.60726,1.445
dag-TiCo-TATB,77,36.88851,120.3411,83.45259,8.345259,"3,6",dag,TiCo,TATB,0.424642,4772.08,1.75277,0.7443,5369,0.5369,13.5,12.066138945799963,12.7,13.5,13.58545,9.64033,13.57868,1.445
dag-TiMg-1-10,77,26.54995,37.94727,11.397320000000004,1.1397320000000004,"3,6",dag,TiMg,N10,0.995801,2476.01,0.367041,0.3655,1544,0.1544,5.8,5.531347150259067,5.8,6.1,6.15759,5.06407,6.15752,1.445
dag-TiMg-10-333,77,37.16932,94.61051,57.441190000000006,5.744119,"3,6",dag,TiMg,N333,0.502284,4414.86,1.27916,0.6425,4184,0.4184,11.3,10.148685468451244,10.8,11.5,11.51644,8.07817,11.35223,1.445
dag-TiMg-11-516,77,35.7942,95.298,59.503800000000005,5.950380000000001,"3,6",dag,TiMg,N516,0.504207,4086.54,1.28717,0.649,4358,0.4358,12.2,10.6869894446994,11.2,12.2,12.20949,9.62165,11.48941,1.445
dag-TiMg-12-639,77,40.83319,75.80776,34.97457,3.497457,"3,6",dag,TiMg,N639,0.634821,3772.52,0.838346,0.5322,3301,0.3301,9.0,8.007209936382912,8.3,9.0,9.09256,8.12199,9.04987,1.445
dag-TiMg-13-126,77,40.00421,190.2994,150.29519,15.029518999999999,"3,6",dag,TiMg,N126,0.25501,6162.01,3.31634,0.8457,6760,0.676,16.2,15.271760355029588,16.0,16.6,16.64817,13.93856,16.1848,1.445
dag-TiMg-2-19,77,26.36605,39.78801,13.421959999999999,1.342196,"3,6",dag,TiMg,N19,1.01878,2543.03,0.399005,0.4065,1758,0.1758,6.6,5.809158134243458,6.2,6.6,6.60472,4.44545,6.60472,1.445
dag-TiMg-3-20,77,37.77158,61.52333,23.75175,2.375175,"3,6",dag,TiMg,N20,0.746657,3175.62,0.664294,0.496,2800,0.28,7.9,7.356464285714285,7.8,8.0,8.03636,7.0795,7.9081,1.445
dag-TiMg-4-410,77,35.24447,104.1755,68.93102999999999,6.893102999999999,"3,6",dag,TiMg,N410,0.463907,4461.47,1.46883,0.6814,4683,0.4683,11.8,10.612812299807816,11.0,11.8,11.83433,9.55656,11.35175,1.445
dag-TiMg-5-386,77,42.20581,242.9023,200.69648999999998,20.069649,"3,6",dag,TiMg,N386,0.193876,6790.06,4.54929,0.882,7401,0.7401,19.4,18.633671125523577,19.2,19.7,19.70331,17.43081,19.21695,1.445
dag-TiMg-6-225,77,13.7325,16.5463,2.8137999999999987,0.28137999999999985,"3,6",dag,TiMg,N225,1.23565,406.191,0.0388458,0.048,163,0.0163,5.1,4.725153374233129,5.1,5.1,5.22263,3.00135,5.19368,1.445
dag-TiMg-7-592,77,32.01942,78.58189,46.562470000000005,4.6562470000000005,"3,6",dag,TiMg,N592,0.548087,3706.77,1.06625,0.5844,3722,0.3722,12.0,10.28036002149382,11.1,12.0,12.09333,10.0498,12.09333,1.445
dag-TiMg-9-130,77,15.96521,24.75184,8.78663,0.8786630000000001,"3,6",dag,TiMg,N130,1.12164,1391.35,0.217272,0.2437,888,0.0888,5.9,5.619144144144143,5.9,5.9,5.92581,4.39528,5.92365,1.445
dag-TiMg-TATB,77,41.65803,136.0797,94.42167,9.442167000000001,"3,6",dag,TiMg,TATB,0.369549,5286.87,2.12259,0.7844,5598,0.5598,14.9,13.11793497677742,14.3,15.0,15.09412,12.54666,14.92459,1.445
dag-TiNi-1-10,77,20.86443,29.92933,9.064900000000002,0.9064900000000001,"3,6",dag,TiNi,N10,1.23582,1977.48,0.323994,0.4004,1488,0.1488,5.1,5.268481182795699,5.2,5.8,5.82699,4.92958,5.50954,1.445
dag-TiNi-10-333,77,33.75631,81.73332,47.97701000000001,4.797701000000001,"3,6",dag,TiNi,N333,0.585687,3621.7,1.02444,0.6,4083,0.4083,10.6,9.577614499142786,9.8,10.9,10.91643,7.82188,10.91639,1.445
dag-TiNi-11-516,77,33.03076,81.90744,48.87667999999999,4.887668,"3,6",dag,TiNi,N516,0.591353,3552.34,1.01783,0.6019,4141,0.4141,10.8,9.945278918135717,10.7,11.1,11.11959,8.30923,11.11957,1.445
dag-TiNi-12-639,77,36.98284,66.58602,29.603180000000002,2.960318,"3,6",dag,TiNi,N639,0.72569,3118.1,0.76851,0.5577,3394,0.3394,11.0,9.133028874484385,9.3,11.0,11.0006,6.907,11.0006,1.445
dag-TiNi-13-126,77,36.79639,162.0116,125.21520999999998,12.521520999999998,"3,6",dag,TiNi,N126,0.304624,5546.56,2.72139,0.829,6421,0.6421,17.0,15.392415511602554,16.1,17.1,17.15143,11.99538,16.62368,1.445
dag-TiNi-2-19,77,20.4518,28.79704,8.34524,0.834524,"3,6",dag,TiNi,N19,1.33249,1880.89,0.309647,0.4126,1465,0.1465,5.2,5.216109215017064,5.2,5.6,5.66539,4.40032,5.25391,1.445
dag-TiNi-3-20,77,30.49729,48.05255,17.555259999999997,1.7555259999999997,"3,6",dag,TiNi,N20,0.918479,2686.56,0.531205,0.4879,2476,0.2476,7.9,7.037116316639742,7.2,8.0,8.00487,5.20838,7.9026,1.445
dag-TiNi-4-410,77,32.17751,89.43823,57.260720000000006,5.726072,"3,6",dag,TiNi,N410,0.547448,3716.59,1.14915,0.6291,4433,0.4433,10.3,10.386104218362284,10.3,11.4,11.41215,9.18285,10.51005,1.445
dag-TiNi-5-386,77,37.92132,200.7363,162.81498,16.281498,"3,6",dag,TiNi,N386,0.239176,6065.48,3.6124,0.864,7043,0.7043,19.0,17.566292772966065,18.1,19.0,19.08996,15.88512,19.07822,1.445
dag-TiNi-6-225,77,8.046962,9.722541,1.675578999999999,0.1675578999999999,"3,6",dag,TiNi,N225,1.58442,0.0,0.0,0.0,0,0.0,,,,,4.9233,2.52938,4.92328,1.445
dag-TiNi-7-592,77,29.81235,63.75325,33.9409,3.39409,"3,6",dag,TiNi,N592,0.647708,3257.96,0.83618,0.5416,3159,0.3159,9.2,8.541500474833807,8.8,10.1,10.1623,8.24914,10.15387,1.445
dag-TiNi-9-130,77,10.7064,15.67094,4.9645399999999995,0.49645399999999995,"3,6",dag,TiNi,N130,1.39941,915.521,0.144989,0.2029,699,0.0699,5.6,5.406151645207439,5.5,5.6,5.68646,4.74743,5.60369,1.445
dag-TiNi-TATB,77,36.72066,118.6783,81.95764,8.195764,"3,6",dag,TiNi,TATB,0.42658,4712.27,1.78138,0.7599,5439,0.5439,13.7,11.971575657289945,12.5,13.7,13.72168,9.48703,13.70638,1.445
fmz-TiCo-1-10,77,12.86174,14.68762,1.8258800000000015,0.18258800000000014,"3,6",fmz,TiCo,N10,1.4674,0.0,0.0,0.0,0,0.0,,,,,6.4092,2.77121,6.07221,1.445
fmz-TiCo-12-639,77,37.81734,55.93539,18.118049999999997,1.8118049999999997,"3,6",fmz,TiCo,N639,0.826356,2921.11,0.463118,0.3827,2390,0.239,7.7,7.924476987447699,8.0,9.7,9.98152,5.10866,9.84949,1.445
fmz-TiCo-13-126,77,37.48572,161.0234,123.53768000000001,12.353768,"3,6",fmz,TiCo,N126,0.310604,5516.74,2.56146,0.7956,6370,0.637,20.5,17.06478806907378,16.9,20.5,20.60361,10.76861,20.48295,1.445
fmz-TiCo-2-19,77,15.56803,19.62566,4.05763,0.405763,"3,6",fmz,TiCo,N19,1.53033,0.0,0.0,0.0,0,0.0,,,,,6.40132,2.57472,6.22418,1.445
fmz-TiCo-3-20,77,31.5924,43.1393,11.546899999999997,1.1546899999999998,"3,6",fmz,TiCo,N20,1.00454,2307.05,0.303421,0.3048,1693,0.1693,8.9,7.321264028352038,7.3,8.9,8.97784,4.12861,8.95958,1.445
fmz-TiCo-5-386,77,37.4825,191.3478,153.8653,15.386529999999999,"3,6",fmz,TiCo,N386,0.258482,6047.29,3.21647,0.8314,6802,0.6802,22.3,18.55035283740077,18.3,22.3,22.35204,12.24878,22.35204,1.445
fmz-TiCo-6-225,77,10.1125,11.3041,1.1915999999999993,0.11915999999999993,"3,6",fmz,TiCo,N225,1.60617,0.0,0.0,0.0,0,0.0,,,,,4.49415,1.79367,4.4383,1.445
fmz-TiCo-7-592,77,30.52083,56.95849,26.437659999999997,2.643766,"3,6",fmz,TiCo,N592,0.702361,2733.27,0.612933,0.4305,2591,0.2591,10.8,11.088382863759168,11.0,13.2,13.59167,5.62422,13.5086,1.445
fmz-TiCo-9-130,77,11.4178,14.05116,2.6333599999999997,0.26333599999999996,"3,6",fmz,TiCo,N130,1.49749,0.0,0.0,0.0,0,0.0,,,,,6.67178,2.41779,6.67027,1.445
fmz-TiCo-TATB,77,40.47755,111.1446,70.66704999999999,7.066704999999999,"3,6",fmz,TiCo,TATB,0.465852,4604.39,1.53182,0.7136,4989,0.4989,15.3,12.649228302264984,12.9,15.3,15.3962,7.9656,15.3962,1.445
fmz-TiMg-1-10,77,23.25933,25.17397,1.9146400000000021,0.19146400000000022,"3,6",fmz,TiMg,N10,1.17503,0.0,0.0,0.0,0,0.0,,,,,6.3311,2.70845,6.26873,1.445
fmz-TiMg-12-639,77,43.56591,65.78676,22.22085,2.222085,"3,6",fmz,TiMg,N639,0.718271,3477.38,0.545198,0.3916,2501,0.2501,8.8,7.779768092762897,8.0,9.2,9.61338,5.33865,9.28667,1.445
fmz-TiMg-13-126,77,40.50403,176.2199,135.71587,13.571587,"3,6",fmz,TiMg,N126,0.282207,6072.11,2.83941,0.8013,6473,0.6473,19.9,16.776981306967404,16.9,19.9,20.39645,10.89458,19.85289,1.445
fmz-TiMg-2-19,77,22.96955,24.59767,1.6281199999999991,0.1628119999999999,"3,6",fmz,TiMg,N19,1.22197,0.0,0.0,0.0,0,0.0,,,,,6.38667,2.78977,6.30931,1.445
fmz-TiMg-3-20,77,37.20006,51.96337,14.763309999999997,1.4763309999999996,"3,6",fmz,TiMg,N20,0.839558,2929.37,0.395089,0.3317,1873,0.1873,8.8,7.063587827015484,6.9,8.8,8.94215,4.41042,8.86581,1.445
fmz-TiMg-5-386,77,40.91639,215.4598,174.54341,17.454341,"3,6",fmz,TiMg,N386,0.227315,6728.4,3.672,0.8347,6933,0.6933,21.7,18.80777441223136,18.7,22.3,22.42654,13.00062,22.32203,1.445
fmz-TiMg-6-225,77,12.44165,12.82899,0.38734,0.038734000000000005,"3,6",fmz,TiMg,N225,1.34744,0.0,0.0,0.0,0,0.0,,,,,4.5953,1.61294,4.53464,1.445
fmz-TiMg-7-592,77,33.09208,61.47784,28.385759999999998,2.8385759999999998,"3,6",fmz,TiMg,N592,0.657994,2933.61,0.663076,0.4363,2672,0.2672,13.2,11.133233532934131,12.2,13.5,13.53011,5.71084,13.21657,1.445
fmz-TiMg-9-130,77,17.464,19.85669,2.3926900000000018,0.23926900000000018,"3,6",fmz,TiMg,N130,1.27442,0.0,0.0,0.0,0,0.0,,,,,6.51678,2.36768,6.34593,1.445
fmz-TiMg-TATB,77,44.45301,124.1713,79.71829,7.971829,"3,6",fmz,TiMg,TATB,0.414882,5274.37,1.73085,0.7181,5016,0.5016,13.0,12.352551834130782,13.0,15.3,15.36406,8.12098,15.35961,1.445
fmz-TiNi-1-10,77,12.29248,13.52092,1.2284400000000009,0.12284400000000009,"3,6",fmz,TiNi,N10,1.6173,0.0,0.0,0.0,0,0.0,,,,,6.27785,2.25281,6.27784,1.445
fmz-TiNi-12-639,77,35.21516,50.60638,15.391220000000004,1.5391220000000003,"3,6",fmz,TiNi,N639,0.88183,2603.48,0.390438,0.3443,2128,0.2128,9.3,7.752913533834587,7.8,9.5,9.80932,5.05858,9.35665,1.445
fmz-TiNi-13-126,77,37.56193,157.6201,120.05817000000002,12.005817000000002,"3,6",fmz,TiNi,N126,0.318234,5498.46,2.47836,0.7887,6308,0.6308,16.2,16.79592580849715,16.2,20.5,20.88778,10.98757,20.54031,1.445
fmz-TiNi-2-19,77,13.0197,17.32876,4.309059999999999,0.4309059999999999,"3,6",fmz,TiNi,N19,1.66996,0.0,0.0,0.0,0,0.0,,,,,6.34411,2.28442,6.34004,1.445
fmz-TiNi-3-20,77,28.21052,35.25599,7.045469999999998,0.7045469999999998,"3,6",fmz,TiNi,N20,1.09539,1849.21,0.214992,0.2355,1239,0.1239,8.6,7.408878127522196,8.5,8.7,8.78163,3.58342,8.60118,1.445
fmz-TiNi-5-386,77,37.56372,185.0564,147.49268,14.749268,"3,6",fmz,TiNi,N386,0.268342,6010.33,3.05841,0.8207,6709,0.6709,21.2,17.792323744224177,16.6,21.9,22.21564,11.74057,22.16362,1.445
fmz-TiNi-6-225,77,8.27401,10.15876,1.8847499999999986,0.18847499999999986,"3,6",fmz,TiNi,N225,1.65998,0.0,0.0,0.0,0,0.0,,,,,4.15134,1.52897,3.91271,1.445
fmz-TiNi-7-592,77,30.73616,56.38004,25.64388,2.564388,"3,6",fmz,TiNi,N592,0.707455,2744.77,0.61276,0.4335,2598,0.2598,12.3,10.71682063125481,11.1,12.5,13.13791,5.73553,11.27296,1.445
fmz-TiNi-9-130,77,13.22831,15.29698,2.068669999999999,0.2068669999999999,"3,6",fmz,TiNi,N130,1.51601,0.0,0.0,0.0,0,0.0,,,,,6.58558,2.52268,6.58128,1.445
fmz-TiNi-TATB,77,40.77338,107.6841,66.91072,6.691072,"3,6",fmz,TiNi,TATB,0.481487,4525.75,1.46525,0.7055,4830,0.483,15.5,12.347681159420288,11.8,15.5,15.57204,7.90781,15.57204,1.445
fsi-TiCo-10-607-D2h-D2d,77,38.29526,101.0629,62.76764,6.276764,"4,6",fsi,TiCo,N607,0.485206,4205.31,1.40538,0.6819,4795,0.4795,14.3,12.95322210636079,14.0,15.1,15.14087,12.82672,15.14087,1.445
fsi-TiCo-11-662-D4h-T,77,39.3298,185.0998,145.76999999999998,14.576999999999998,"4,6",fsi,TiCo,N662,0.26382,5778.51,3.15746,0.833,6731,0.6731,21.5,17.832164611499035,18.3,21.3,21.52074,14.52083,21.38724,1.445
fsi-TiCo-12-693-Td,77,18.43089,24.34183,5.91094,0.591094,"4,6",fsi,TiCo,N693,1.38545,1165.31,0.18485,0.2561,870,0.087,5.8,5.486091954022988,5.8,5.8,5.87637,4.43808,5.73835,1.445
fsi-TiCo-13-600-Td,77,37.07119,70.9568,33.88561,3.388561,"4,6",fsi,TiCo,N600,0.677031,3402.31,0.80085,0.5422,3414,0.3414,10.3,9.587697715289982,10.2,10.3,10.3885,8.28096,10.32308,1.445
fsi-TiCo-7-7-D2h-D2d,77,29.35415,47.30335,17.9492,1.79492,"4,6",fsi,TiCo,N7,0.94806,2168.1,0.506719,0.4804,2636,0.2636,8.9,8.591464339908955,8.8,9.1,9.13889,7.65816,8.98756,1.445
fsi-TiCo-8-644-D2h-D2d,77,29.66521,59.68108,30.015870000000003,3.0015870000000002,"4,6",fsi,TiCo,N644,0.795632,2527.37,0.658093,0.5236,3262,0.3262,11.3,10.561649294911096,10.8,11.3,11.32079,9.02021,11.32078,1.445
fsi-TiMg-10-607-D2h-D2d,77,41.59307,112.3618,70.76873,7.076873000000001,"4,6",fsi,TiMg,N607,0.438129,4682.2,1.54201,0.6756,4775,0.4775,14.7,12.356146596858636,12.8,14.7,14.77553,11.17845,14.24204,1.445
fsi-TiMg-11-662-D4h-T,77,41.54796,197.6094,156.06144,15.606144,"4,6",fsi,TiMg,N662,0.246642,6229.83,3.37778,0.8331,6759,0.6759,19.2,17.424766977363515,18.8,20.0,20.08489,14.61969,19.47638,1.445
fsi-TiMg-12-693-Td,77,22.81451,31.65169,8.83718,0.883718,"4,6",fsi,TiMg,N693,1.11262,1497.34,0.265679,0.2956,1176,0.1176,6.2,6.031377551020408,6.2,6.2,6.2712,5.0572,6.27117,1.445
fsi-TiMg-13-600-Td,77,39.99105,80.22699,40.23594,4.023594,"4,6",fsi,TiMg,N600,0.591222,3880.18,0.932307,0.5512,3570,0.357,10.2,9.8172268907563,10.2,10.6,10.74387,8.41791,10.63993,1.445
fsi-TiMg-7-7-D2h-D2d,77,35.09045,56.85658,21.766130000000004,2.1766130000000006,"4,6",fsi,TiMg,N7,0.795851,2718.18,0.618206,0.492,2669,0.2669,9.9,8.639040839265641,9.0,10.0,10.01156,7.01799,10.01156,1.445
fsi-TiMg-8-644-D2h-D2d,77,37.25722,73.12151,35.864290000000004,3.5864290000000003,"4,6",fsi,TiMg,N644,0.649372,3208.69,0.836963,0.5435,3501,0.3501,12.0,11.325821193944586,12.0,12.1,12.17041,9.77671,12.13071,1.445
fsi-TiNi-10-607-D2h-D2d,77,37.63285,96.86444,59.231590000000004,5.923159,"4,6",fsi,TiNi,N607,0.506196,4046.77,1.33604,0.6763,4687,0.4687,12.9,11.905248559846385,12.9,13.5,13.53593,12.07775,13.53593,1.445
fsi-TiNi-11-662-D4h-T,77,39.08821,180.9388,141.85058999999998,14.185058999999999,"4,6",fsi,TiNi,N662,0.271395,5764.84,3.04869,0.8274,6613,0.6613,18.8,16.984379252986542,18.2,18.9,19.17916,13.27838,18.91424,1.445
fsi-TiNi-12-693-Td,77,15.78492,21.04132,5.256399999999999,0.5256399999999999,"4,6",fsi,TiNi,N693,1.44561,1051.28,0.177364,0.2564,856,0.0856,5.4,5.275817757009346,5.4,5.4,5.44606,4.4782,5.3479,1.445
fsi-TiNi-13-600-Td,77,35.4366,65.682,30.245400000000004,3.0245400000000005,"4,6",fsi,TiNi,N600,0.70473,3296.1,0.741986,0.5229,3241,0.3241,10.0,9.22344955260722,9.8,10.0,10.07771,7.96061,10.06364,1.445
fsi-TiNi-7-7-D2h-D2d,77,26.63024,42.49786,15.867620000000002,1.5867620000000002,"4,6",fsi,TiNi,N7,1.00933,1989.07,0.438308,0.4424,2328,0.2328,8.0,7.927792096219932,8.1,8.4,8.44396,6.21419,8.44395,1.445
fsi-TiNi-8-644-D2h-D2d,77,28.7421,55.14283,26.400729999999996,2.6400729999999997,"4,6",fsi,TiNi,N644,0.847386,2337.62,0.593354,0.5028,3016,0.3016,10.2,9.998076923076924,10.2,10.7,10.73133,8.43219,10.67252,1.445
hea-TiCo-10-607-D2h-D2d,77,38.38537,101.2641,62.87873,6.287872999999999,"4,6",hea,TiCo,N607,0.485737,4409.19,1.37544,0.6681,4784,0.4784,16.4,15.230121237458192,16.3,16.4,16.43422,8.18967,16.41364,1.445
hea-TiCo-11-662-D4h-T,77,38.73728,193.9805,155.24322,15.524322000000002,"4,6",hea,TiCo,N662,0.24846,5791.63,3.37237,0.8379,6885,0.6885,24.0,21.661292665214237,23.9,24.3,24.3129,14.78892,24.25724,1.445
hea-TiCo-12-693-Td,77,13.89285,14.62536,0.7325100000000013,0.07325100000000014,"4,6",hea,TiCo,N693,1.55353,786.598,0.0930783,0.1446,410,0.041,5.3,4.854146341463414,5.3,5.3,5.35541,3.33028,5.35541,1.445
hea-TiCo-13-600-Td,77,35.98362,65.12206,29.138440000000003,2.913844,"4,6",hea,TiCo,N600,0.717974,3190.57,0.737492,0.5295,3134,0.3134,11.2,9.849840459476706,11.0,11.4,11.4468,6.1702,11.43275,1.445
hea-TiCo-7-7-D2h-D2d,77,32.13447,49.08612,16.95165,1.695165,"4,6",hea,TiCo,N7,0.92383,2304.8,0.575322,0.5315,2788,0.2788,10.6,10.076721664275466,10.6,10.6,10.6427,5.5755,10.60764,1.445
hea-TiCo-8-644-D2h-D2d,77,35.43479,66.51216,31.077369999999995,3.1077369999999993,"4,6",hea,TiCo,N644,0.739547,3027.51,0.833078,0.6161,3653,0.3653,12.0,11.348809197919518,12.0,12.0,12.07484,6.99801,12.07466,1.445
hea-TiMg-10-607-D2h-D2d,77,42.28242,114.4783,72.19588,7.219588,"4,6",hea,TiMg,N607,0.428592,4952.46,1.59009,0.6815,4899,0.4899,18.0,16.667850581751377,17.4,18.0,18.05288,8.47532,17.99997,1.445
hea-TiMg-11-662-D4h-T,77,41.44018,209.6766,168.23642,16.823642,"4,6",hea,TiMg,N662,0.229252,6253.21,3.66889,0.8411,6909,0.6909,23.6,20.68956433637285,22.5,23.6,23.62857,14.78665,23.62857,1.445
hea-TiMg-12-693-Td,77,12.86572,17.42492,4.559200000000001,0.45592000000000005,"4,6",hea,TiMg,N693,1.27675,1061.71,0.140435,0.1793,592,0.0592,5.7,5.325844594594594,5.7,5.7,5.79842,3.58642,5.70859,1.445
hea-TiMg-13-600-Td,77,40.35885,74.89683,34.53798,3.453798,"4,6",hea,TiMg,N600,0.633983,3575.17,0.844187,0.5352,3220,0.322,11.2,10.036739130434782,10.9,11.6,11.68701,6.26348,11.28973,1.445
hea-TiMg-7-7-D2h-D2d,77,36.86098,57.11639,20.255410000000005,2.0255410000000005,"4,6",hea,TiMg,N7,0.780949,2760.23,0.670466,0.5236,2821,0.2821,10.6,10.101453385324351,10.6,10.6,10.68764,5.05726,10.54397,1.445
hea-TiMg-8-644-D2h-D2d,77,40.0613,81.65608,41.59478,4.159478,"4,6",hea,TiMg,N644,0.600468,3666.52,1.06434,0.6391,3958,0.3958,12.8,11.88292066700354,12.6,13.0,13.02431,7.41334,13.0243,1.445
hea-TiNi-10-607-D2h-D2d,77,38.37108,99.24367,60.872589999999995,6.0872589999999995,"4,6",hea,TiNi,N607,0.491633,4375.27,1.36118,0.6692,4768,0.4768,16.6,15.391359060402683,16.4,16.6,16.63068,8.13276,16.60184,1.445
hea-TiNi-11-662-D4h-T,77,38.76496,192.6922,153.92724,15.392724000000001,"4,6",hea,TiNi,N662,0.249932,5771.09,3.34772,0.8367,6861,0.6861,24.2,21.80078705728028,23.7,24.3,24.31778,15.12525,24.12682,1.445
hea-TiNi-12-693-Td,77,13.81629,14.47302,0.6567299999999996,0.06567299999999995,"4,6",hea,TiNi,N693,1.55037,822.179,0.104749,0.1624,472,0.0472,5.4,4.858686440677967,5.2,5.4,5.48878,3.54905,5.48878,1.445
hea-TiNi-13-600-Td,77,35.54115,63.18914,27.64799,2.764799,"4,6",hea,TiNi,N600,0.738382,3070.69,0.717244,0.5296,3087,0.3087,11.1,9.725817946226108,10.9,11.2,11.20305,6.59935,11.20303,1.445
hea-TiNi-7-7-D2h-D2d,77,31.71044,47.75644,16.046,1.6046,"4,6",hea,TiNi,N7,0.939826,2255.95,0.56021,0.5265,2770,0.277,10.4,9.922238267148014,10.4,10.4,10.42079,5.33125,10.42079,1.445
hea-TiNi-8-644-D2h-D2d,77,34.82173,65.9035,31.08176999999999,3.108176999999999,"4,6",hea,TiNi,N644,0.739781,3022.38,0.839302,0.6209,3709,0.3709,12.0,11.334888110002696,12.0,12.0,12.09768,7.02361,12.04908,1.445
hwx-TiCo-1-10,77,25.02862,32.3009,7.2722799999999985,0.7272279999999999,"3,6",hwx,TiCo,N10,1.19115,2044.66,0.279394,0.3328,1268,0.1268,6.8,5.501261829652997,5.2,6.8,6.87995,4.69636,5.13362,1.445
hwx-TiCo-10-333,77,40.24519,82.46317,42.217980000000004,4.221798000000001,"3,6",hwx,TiCo,N333,0.607011,4065.43,1.06835,0.6485,3627,0.3627,9.7,8.874276261373035,9.2,9.7,9.76903,9.14203,9.66015,1.445
hwx-TiCo-11-516,77,39.15937,77.79728,38.63791,3.863791,"3,6",hwx,TiCo,N516,0.6353,3800.39,1.0022,0.6367,3570,0.357,8.9,8.534845938375348,8.9,9.4,9.40048,7.90875,8.87685,1.445
hwx-TiCo-12-639,77,42.62365,72.33928,29.715630000000004,2.9715630000000006,"3,6",hwx,TiCo,N639,0.704566,3431.59,0.87671,0.6177,3320,0.332,9.9,8.60237951807229,8.4,9.9,9.93603,7.68399,9.22029,1.445
hwx-TiCo-13-126,77,36.4095,169.4366,133.0271,13.30271,"3,6",hwx,TiCo,N126,0.296312,5618.18,2.77309,0.8217,6420,0.642,15.2,14.748348909657322,15.1,15.9,15.93974,12.46516,15.93974,1.445
hwx-TiCo-2-19,77,24.7103,33.24876,8.538459999999997,0.8538459999999997,"3,6",hwx,TiCo,N19,1.22682,1976.51,0.318547,0.3908,1564,0.1564,7.0,5.791560102301791,5.6,7.0,7.06822,4.75144,5.61265,1.445
hwx-TiCo-3-20,77,39.5165,59.08068,19.56418,1.956418,"3,6",hwx,TiCo,N20,0.839593,3009.54,0.582544,0.4891,2677,0.2677,8.4,7.238027642883825,7.2,8.4,8.46483,6.56824,7.91103,1.445
hwx-TiCo-4-410,77,38.86497,88.62084,49.75587,4.975587,"3,6",hwx,TiCo,N410,0.574856,4041.9,1.18256,0.6798,4083,0.4083,10.5,9.435880480039186,9.8,10.5,10.5088,8.75554,9.98755,1.445
hwx-TiCo-5-386,77,37.20891,205.3804,168.17149,16.817149,"3,6",hwx,TiCo,N386,0.238511,6182.43,3.58349,0.8547,6994,0.6994,17.0,16.75261652845296,16.9,18.1,18.13947,16.89355,18.13947,1.445
hwx-TiCo-6-225,77,6.509065,7.317052,0.8079870000000007,0.08079870000000007,"3,6",hwx,TiCo,N225,1.66969,0.0,0.0,0.0,0,0.0,,,,,3.24829,1.96397,3.22765,1.445
hwx-TiCo-7-592,77,27.43277,41.09236,13.659589999999998,1.3659589999999997,"3,6",hwx,TiCo,N592,0.842223,2140.88,0.419248,0.3531,1532,0.1532,8.3,7.509856396866841,8.1,8.3,8.37686,5.18731,8.17054,1.445
hwx-TiCo-9-130,77,15.88726,20.13178,4.24452,0.42445199999999994,"3,6",hwx,TiCo,N130,1.3951,1019.76,0.112393,0.1568,497,0.0497,5.8,5.024748490945674,4.9,5.8,5.85925,3.4863,4.95818,1.445
hwx-TiCo-TATB,77,38.85658,127.5527,88.69612000000001,8.869612,"3,6",hwx,TiCo,TATB,0.405404,4717.38,1.91019,0.7744,5531,0.5531,12.5,13.51325257638763,13.9,14.7,14.73471,14.27184,14.48369,1.445
hwx-TiMg-1-10,77,28.57743,37.67726,9.099829999999997,0.9099829999999998,"3,6",hwx,TiMg,N10,1.0575,1961.12,0.251159,0.2656,969,0.0969,5.4,5.59329205366357,5.4,6.3,6.30848,4.20949,6.30846,1.445
hwx-TiMg-10-333,77,42.50405,93.3432,50.83915,5.083914999999999,"3,6",hwx,TiMg,N333,0.524324,4554.53,1.27078,0.6663,3920,0.392,10.3,9.182806122448982,9.3,10.3,10.35097,8.37075,10.16149,1.445
hwx-TiMg-11-516,77,41.46793,85.90803,44.440099999999994,4.44401,"3,6",hwx,TiMg,N516,0.562088,4276.94,1.13772,0.6395,3660,0.366,9.5,8.78032786885246,9.1,9.8,9.84025,7.81361,9.53216,1.445
hwx-TiMg-12-639,77,48.18151,80.98014,32.79863,3.279863,"3,6",hwx,TiMg,N639,0.625379,4108.84,0.992519,0.6207,3179,0.3179,8.6,7.779993708713431,8.1,8.7,8.76322,6.14553,8.4312,1.445
hwx-TiMg-13-126,77,39.12388,185.4673,146.34341999999998,14.634341999999998,"3,6",hwx,TiMg,N126,0.268703,6160.61,3.07887,0.8273,6506,0.6506,16.3,14.859790962188749,15.0,16.3,16.32851,12.45903,16.26908,1.445
hwx-TiMg-2-19,77,29.50254,38.51346,9.010920000000002,0.9010920000000002,"3,6",hwx,TiMg,N19,1.06319,2155.54,0.281416,0.2992,1060,0.106,6.1,5.345754716981132,5.2,6.1,6.17653,4.16801,5.566,1.445
hwx-TiMg-3-20,77,40.87787,64.93445,24.056579999999997,2.405658,"3,6",hwx,TiMg,N20,0.721452,3441.77,0.661167,0.477,2662,0.2662,8.2,7.679676934635612,8.0,8.4,8.41902,6.1291,8.41899,1.445
hwx-TiMg-4-410,77,42.96657,96.29445,53.32788,5.332788,"3,6",hwx,TiMg,N410,0.51094,4763.2,1.32794,0.6785,4010,0.401,9.3,9.475087281795512,9.9,11.0,11.03616,7.455,10.40652,1.445
hwx-TiMg-5-386,77,40.84161,235.2361,194.39449,19.439449,"3,6",hwx,TiMg,N386,0.204742,6844.25,4.20384,0.8607,7140,0.714,20.5,18.5909243697479,18.7,20.5,20.51839,18.01053,19.60428,1.445
hwx-TiMg-6-225,77,9.076562,9.845024,0.7684620000000013,0.07684620000000013,"3,6",hwx,TiMg,N225,1.45677,0.0,0.0,0.0,0,0.0,,,,,3.65635,1.57486,3.15449,1.445
hwx-TiMg-7-592,77,29.26245,45.39411,16.131659999999997,1.6131659999999997,"3,6",hwx,TiMg,N592,0.775019,2366.98,0.489536,0.3794,1705,0.1705,8.8,8.025454545454547,8.8,8.8,8.88309,5.11677,8.81145,1.445
hwx-TiMg-9-130,77,20.04447,24.52042,4.475950000000001,0.4475950000000001,"3,6",hwx,TiMg,N130,1.17295,1292.62,0.159257,0.1868,683,0.0683,5.9,5.215812591508053,5.2,5.9,5.95055,3.7696,5.31471,1.445
hwx-TiMg-TATB,77,42.14491,146.5567,104.41179,10.441179,"3,6",hwx,TiMg,TATB,0.349895,5376.92,2.23896,0.7834,5735,0.5735,16.0,14.428683522231912,15.2,16.0,16.08012,12.78286,16.08012,1.445
hwx-TiNi-1-10,77,24.93125,33.13465,8.203400000000002,0.8203400000000002,"3,6",hwx,TiNi,N10,1.21773,1931.51,0.271899,0.3311,1231,0.1231,5.9,5.342485783915516,5.3,5.9,5.94713,4.14336,5.4609,1.445
hwx-TiNi-10-333,77,38.72898,82.11039,43.381409999999995,4.338140999999999,"3,6",hwx,TiNi,N333,0.59913,4048.16,1.09175,0.6541,3795,0.3795,9.7,8.878181818181819,9.3,10.1,10.10056,8.96697,9.73208,1.445
hwx-TiNi-11-516,77,38.14974,76.66585,38.516110000000005,3.8516110000000006,"3,6",hwx,TiNi,N516,0.638535,3846.76,0.993524,0.6344,3592,0.3592,9.1,8.466759465478843,8.7,9.6,9.68293,8.61834,9.3079,1.445
hwx-TiNi-12-639,77,41.31516,65.00089,23.68573,2.368573,"3,6",hwx,TiNi,N639,0.756999,3378.78,0.705681,0.5342,2967,0.2967,8.3,7.46943040107853,7.7,8.5,8.51905,6.00382,8.4501,1.445
hwx-TiNi-13-126,77,36.20472,168.1862,131.98148,13.198148,"3,6",hwx,TiNi,N126,0.296503,5604.41,2.78513,0.8258,6461,0.6461,16.4,14.895465098282,15.2,16.4,16.46606,11.98994,15.85799,1.445
hwx-TiNi-2-19,77,23.21466,32.42042,9.205760000000001,0.9205760000000002,"3,6",hwx,TiNi,N19,1.25598,1858.85,0.305101,0.3832,1588,0.1588,6.1,5.99647355163728,6.1,6.4,6.49399,4.41568,6.18075,1.445
hwx-TiNi-3-20,77,36.44101,55.1222,18.68119,1.868119,"3,6",hwx,TiNi,N20,0.845889,2767.9,0.575489,0.4868,2745,0.2745,7.8,8.91799635701275,9.7,10.4,10.43903,7.51,10.43903,1.445
hwx-TiNi-4-410,77,37.63934,86.53655,48.89721000000001,4.889721000000001,"3,6",hwx,TiNi,N410,0.57164,3967.08,1.17889,0.6739,4125,0.4125,11.6,10.041163636363637,10.6,11.6,11.66485,10.0854,11.66485,1.445
hwx-TiNi-5-386,77,37.57661,209.3679,171.79129,17.179129,"3,6",hwx,TiNi,N386,0.231267,6209.15,3.71303,0.8587,7058,0.7058,18.7,17.908628506659113,18.4,19.6,19.61202,18.34204,19.49116,1.445
hwx-TiNi-6-225,77,5.932035,5.932652,0.0006170000000000897,6.170000000000897e-05,"3,6",hwx,TiNi,N225,1.70466,0.0,0.0,0.0,0,0.0,,,,,3.1539,2.09877,3.12195,1.445
hwx-TiNi-7-592,77,27.28712,41.1559,13.868780000000001,1.386878,"3,6",hwx,TiNi,N592,0.85063,2181.98,0.444377,0.378,1695,0.1695,8.7,7.900353982300884,8.4,8.7,8.79194,5.29444,8.52252,1.445
hwx-TiNi-9-130,77,17.09409,21.43135,4.337259999999997,0.4337259999999997,"3,6",hwx,TiNi,N130,1.42753,975.547,0.0954796,0.1363,453,0.0453,5.3,4.798454746136865,4.9,5.3,5.39848,3.51828,5.39848,1.445
hwx-TiNi-TATB,77,38.50564,121.9455,83.43986,8.343986,"3,6",hwx,TiNi,TATB,0.42116,4671.42,1.81119,0.7628,5425,0.5425,15.4,13.940663594470047,14.6,15.8,15.88845,11.53722,15.42289,1.445
sab-TiCo-1-10,77,21.18162,29.77792,8.596300000000003,0.8596300000000003,"3,6",sab,TiCo,N10,1.24596,1489.99,0.211644,0.2637,1139,0.1139,7.0,6.601053555750659,7.0,7.2,7.24673,6.33654,7.24671,1.445
sab-TiCo-10-333,77,36.87233,81.42626,44.55393,4.455393,"3,6",sab,TiCo,N333,0.598762,3835.96,1.0495,0.6284,3842,0.3842,12.2,10.155856324830816,9.6,12.2,12.23574,8.88189,12.21962,1.445
sab-TiCo-11-516,77,37.11727,77.71153,40.59426,4.059426,"3,6",sab,TiCo,N516,0.626216,3758.48,0.976819,0.6117,3724,0.3724,11.3,9.756310418904404,9.6,11.4,11.4447,7.64495,9.67267,1.445
sab-TiCo-12-639,77,41.33839,70.15123,28.81284,2.881284,"3,6",sab,TiCo,N639,0.711715,3523.25,0.816479,0.5811,3176,0.3176,11.5,9.205541561712844,10.1,11.5,11.57035,9.16696,11.50443,1.445
sab-TiCo-13-126,77,37.18831,169.8203,132.63199,13.263199,"3,6",sab,TiCo,N126,0.293115,5574.99,2.80129,0.8211,6521,0.6521,19.0,16.544226345652508,16.5,18.8,19.04507,15.86801,18.54726,1.445
sab-TiCo-2-19,77,21.41245,30.19236,8.779910000000001,0.8779910000000001,"3,6",sab,TiCo,N19,1.26932,1641.68,0.24202,0.3072,1368,0.1368,8.4,7.475511695906433,7.8,8.4,8.46101,6.81318,8.46101,1.445
sab-TiCo-3-20,77,35.7423,55.81727,20.07497,2.007497,"3,6",sab,TiCo,N20,0.854046,2795.66,0.49646,0.424,2473,0.2473,9.8,8.318156085725839,9.8,9.8,9.88469,8.04776,9.88469,1.445
sab-TiCo-4-410,77,37.1243,83.46113,46.33683,4.6336829999999996,"3,6",sab,TiCo,N410,0.592894,3943.55,1.06528,0.6316,3946,0.3946,9.8,10.248656867714145,10.0,11.9,12.23993,8.63072,11.73382,1.445
sab-TiCo-5-386,77,37.71383,204.4625,166.74867,16.674867,"3,6",sab,TiCo,N386,0.238244,6217.44,3.58289,0.8536,6974,0.6974,17.5,18.87242615428735,18.2,21.9,21.9009,18.75297,21.85784,1.445
sab-TiCo-6-225,77,11.28603,14.69452,3.4084900000000005,0.34084900000000007,"3,6",sab,TiCo,N225,1.41234,418.585,0.0509794,0.072,287,0.0287,6.1,5.690940766550522,6.1,6.2,6.27207,3.96322,6.18597,1.445
sab-TiCo-7-592,77,33.04181,71.37395,38.332139999999995,3.8332139999999995,"3,6",sab,TiCo,N592,0.623662,3629.17,0.847574,0.5286,3015,0.3015,10.8,10.500630182421228,10.8,12.1,12.20124,8.02385,10.95233,1.445
sab-TiCo-9-130,77,15.21722,18.8512,3.6339799999999993,0.36339799999999994,"3,6",sab,TiCo,N130,1.39677,821.664,0.0885615,0.1237,500,0.05,5.8,5.4808,5.8,5.8,5.85816,4.65587,5.85816,1.445
sab-TiCo-TATB,77,39.02602,120.3278,81.30178,8.130177999999999,"3,6",sab,TiCo,TATB,0.429977,4738.51,1.7594,0.7565,5296,0.5296,15.5,13.051321752265862,12.0,15.5,15.53615,13.36206,15.53615,1.445
sab-TiMg-1-10,77,18.18539,26.71491,8.529519999999998,0.8529519999999998,"3,6",sab,TiMg,N10,1.10923,1448.38,0.136311,0.1512,570,0.057,5.3,4.909473684210527,5.0,5.5,5.57297,3.38342,5.17122,1.445
sab-TiMg-10-333,77,40.56653,94.01024,53.443709999999996,5.344371,"3,6",sab,TiMg,N333,0.517588,4431.24,1.22916,0.6362,3966,0.3966,11.8,10.200428643469492,9.9,12.1,12.17418,7.73017,12.17418,1.445
sab-TiMg-11-516,77,40.38516,88.65081,48.26565000000001,4.826565,"3,6",sab,TiMg,N516,0.544632,4307.42,1.14628,0.6243,3848,0.3848,11.0,9.533549896049896,9.3,11.3,11.40071,7.07072,9.28344,1.445
sab-TiMg-12-639,77,46.77871,80.91535,34.13664000000001,3.4136640000000007,"3,6",sab,TiMg,N639,0.623328,4103.8,0.941399,0.5868,3208,0.3208,10.8,8.685754364089776,9.1,10.6,10.83042,8.6317,10.74414,1.445
sab-TiMg-13-126,77,39.94588,184.3061,144.36021999999997,14.436021999999998,"3,6",sab,TiMg,N126,0.269783,6160.76,3.05912,0.8253,6531,0.6531,14.9,15.220379727453684,14.9,17.6,17.85941,14.21589,16.55613,1.445
sab-TiMg-2-19,77,26.17911,42.15069,15.971579999999996,1.5971579999999996,"3,6",sab,TiMg,N19,1.00325,2207.97,0.345177,0.3463,1644,0.1644,8.9,7.809063260340633,8.3,8.9,8.97412,7.50541,8.97411,1.445
sab-TiMg-3-20,77,39.92399,64.23669,24.312699999999992,2.431269999999999,"3,6",sab,TiMg,N20,0.728269,3351.23,0.587832,0.4281,2609,0.2609,9.4,8.12265235722499,9.0,9.4,9.47946,7.46207,9.45964,1.445
sab-TiMg-4-410,77,41.95106,96.89992,54.948859999999996,5.494885999999999,"3,6",sab,TiMg,N410,0.51345,4637.08,1.24822,0.6409,4048,0.4048,9.4,9.888636363636364,9.7,11.7,11.79677,8.13313,11.75544,1.445
sab-TiMg-5-386,77,41.06869,224.1982,183.12951,18.312951,"3,6",sab,TiMg,N386,0.215976,6765.71,3.96525,0.8564,7019,0.7019,23.6,19.08821769482832,20.5,23.6,23.62757,20.3749,23.57278,1.445
sab-TiMg-6-225,77,15.85596,19.48635,3.630390000000002,0.3630390000000002,"3,6",sab,TiMg,N225,1.1798,611.165,0.0715378,0.0844,342,0.0342,5.7,5.454093567251462,5.7,5.9,5.91455,3.92031,5.91453,1.445
sab-TiMg-7-592,77,38.61644,78.49575,39.879310000000004,3.9879310000000006,"3,6",sab,TiMg,N592,0.571997,4128.87,0.946508,0.5414,3059,0.3059,10.5,9.018764302059497,8.6,10.7,10.7175,6.92552,10.7175,1.445
sab-TiMg-9-130,77,18.57426,23.24886,4.674600000000002,0.46746000000000015,"3,6",sab,TiMg,N130,1.17702,1014.79,0.118944,0.14,611,0.0611,6.3,5.895744680851064,6.3,6.3,6.37083,4.91883,6.37051,1.445
sab-TiMg-TATB,77,42.90513,136.5762,93.67107,9.367107,"3,6",sab,TiMg,TATB,0.380194,5329.42,2.02002,0.768,5431,0.5431,16.0,13.370079175105872,12.0,16.0,16.05888,13.34307,16.05806,1.445
sab-TiNi-1-10,77,16.42461,22.58919,6.164579999999997,0.6164579999999997,"3,6",sab,TiNi,N10,1.36688,1213.41,0.122688,0.1677,629,0.0629,5.7,5.2365659777424485,5.5,5.8,5.87158,4.10673,5.87158,1.445
sab-TiNi-10-333,77,36.98532,79.38808,42.40276,4.240276,"3,6",sab,TiNi,N333,0.616763,3562.33,1.00654,0.6208,3757,0.3757,12.9,10.859063082246474,11.2,12.9,12.93751,8.89491,12.90564,1.445
sab-TiNi-11-516,77,36.42574,77.07636,40.650619999999996,4.065061999999999,"3,6",sab,TiNi,N516,0.62835,3641.4,0.979709,0.6156,3782,0.3782,11.9,9.97043892120571,9.5,11.9,11.90452,6.98931,9.50469,1.445
sab-TiNi-12-639,77,41.80967,69.37439,27.56472000000001,2.756472000000001,"3,6",sab,TiNi,N639,0.724499,3431.63,0.796965,0.5774,3123,0.3123,11.2,9.134229907140568,10.4,11.2,11.29991,9.16515,11.29991,1.445
sab-TiNi-13-126,77,36.86042,166.6349,129.77447999999998,12.977447999999999,"3,6",sab,TiNi,N126,0.298121,5509.77,2.7509,0.8201,6462,0.6462,19.0,16.833101207056636,16.8,19.0,19.05607,15.6323,19.05607,1.445
sab-TiNi-2-19,77,19.87409,28.72984,8.85575,0.885575,"3,6",sab,TiNi,N19,1.31723,1529.88,0.221905,0.2923,1255,0.1255,8.1,7.1904382470119526,7.6,8.1,8.19303,6.74583,8.19301,1.445
sab-TiNi-3-20,77,35.14505,53.70819,18.563140000000004,1.8563140000000005,"3,6",sab,TiNi,N20,0.874642,2751.27,0.560686,0.4904,2558,0.2558,9.7,8.171774824081314,9.6,9.7,9.74737,8.2084,9.74737,1.445
sab-TiNi-4-410,77,37.0243,81.34134,44.317040000000006,4.431704000000001,"3,6",sab,TiNi,N410,0.603679,3829.57,1.03847,0.6269,3886,0.3886,9.2,10.231343283582088,10.0,12.0,12.30596,8.16797,12.30596,1.445
sab-TiNi-5-386,77,37.9172,200.5168,162.59959999999998,16.25996,"3,6",sab,TiNi,N386,0.243951,6187.63,3.47898,0.8487,6925,0.6925,21.2,18.576953068592054,17.6,21.8,21.83145,18.41343,21.79078,1.445
sab-TiNi-6-225,77,10.05766,11.80402,1.7463599999999992,0.17463599999999993,"3,6",sab,TiNi,N225,1.52992,343.009,0.040525,0.062,211,0.0211,4.9,4.616587677725119,4.8,4.9,4.99768,4.17654,4.99764,1.445
sab-TiNi-7-592,77,33.93308,70.79678,36.8637,3.68637,"3,6",sab,TiNi,N592,0.624623,3548.91,0.853315,0.533,3080,0.308,8.7,10.323214285714286,10.4,12.0,12.10103,7.77494,10.52186,1.445
sab-TiNi-9-130,77,14.40784,17.54498,3.1371399999999987,0.3137139999999999,"3,6",sab,TiNi,N130,1.43564,781.522,0.0842827,0.121,476,0.0476,5.9,5.468067226890756,5.9,5.9,5.94813,4.61295,5.94434,1.445
sab-TiNi-TATB,77,38.73651,117.3818,78.64528999999999,7.864528999999999,"3,6",sab,TiNi,TATB,0.438862,4652.38,1.71922,0.7545,5240,0.524,11.0,13.22333969465649,12.3,15.9,15.90779,13.29064,15.88301,1.445
sit-TiCo-1-10,77,24.23536,33.04522,8.80986,0.880986,"3,6",sit,TiCo,N10,1.18385,1879.16,0.340584,0.4032,1417,0.1417,6.2,5.91729004940014,6.2,6.2,6.22383,4.99344,6.18718,1.445
sit-TiCo-10-333,77,39.57173,87.82141,48.24968,4.824968,"3,6",sit,TiCo,N333,0.567545,4158.35,1.16255,0.6598,4048,0.4048,11.5,10.60679347826087,11.5,11.7,11.71205,8.62522,11.71205,1.445
sit-TiCo-11-516,77,39.12808,83.28152,44.15344,4.415344,"3,6",sit,TiCo,N516,0.59169,4079.49,1.0421,0.6166,3887,0.3887,11.1,10.10398765114484,11.1,11.2,11.24012,7.77213,11.05538,1.445
sit-TiCo-12-639,77,43.3055,76.101,32.7955,3.2795499999999995,"3,6",sit,TiCo,N639,0.679036,3629.17,0.890379,0.6046,3398,0.3398,9.7,9.198351971748089,9.7,9.8,9.80592,8.19188,9.76203,1.445
sit-TiCo-13-126,77,36.27275,177.68,141.40725,14.140725,"3,6",sit,TiCo,N126,0.277101,5596.62,3.06423,0.8491,6751,0.6751,19.1,17.860391053177306,17.9,19.1,19.11926,16.50628,19.11926,1.445
sit-TiCo-2-19,77,24.34209,33.8561,9.514009999999999,0.9514009999999999,"3,6",sit,TiCo,N19,1.22669,1924.22,0.365619,0.4485,1639,0.1639,6.4,6.116229408175717,6.4,6.5,6.5331,5.25496,6.53308,1.445
sit-TiCo-3-20,77,39.30227,62.74845,23.44618,2.3446179999999996,"3,6",sit,TiCo,N20,0.788956,3021.7,0.730205,0.5761,3090,0.309,8.7,8.386310679611649,8.7,8.7,8.77307,7.72745,8.70378,1.445
sit-TiCo-4-410,77,39.92525,87.53242,47.60717,4.7607170000000005,"3,6",sit,TiCo,N410,0.576303,4085.76,1.14714,0.6611,4046,0.4046,11.6,10.732081067721206,11.6,11.6,11.65761,9.10221,11.62446,1.445
sit-TiCo-5-386,77,37.38873,208.5993,171.21057,17.121057,"3,6",sit,TiCo,N386,0.233473,6188.07,3.72121,0.8688,7100,0.71,20.5,19.512591549295774,19.8,20.5,20.51763,16.54881,20.51761,1.445
sit-TiCo-6-225,77,4.31272,4.738894,0.4261740000000005,0.04261740000000005,"3,6",sit,TiCo,N225,1.69055,0.0,0.0,0.0,0,0.0,,,,,3.61665,1.61853,3.46422,1.445
sit-TiCo-7-592,77,35.52074,73.01283,37.49208999999999,3.749208999999999,"3,6",sit,TiCo,N592,0.611781,3768.91,0.893621,0.5467,3098,0.3098,8.8,8.861168495803744,8.9,9.5,9.56763,6.90732,8.93421,1.445
sit-TiCo-9-130,77,18.18241,21.1166,2.9341899999999974,0.29341899999999976,"3,6",sit,TiCo,N130,1.33859,1168.6,0.186465,0.2496,711,0.0711,5.7,5.30450070323488,5.7,5.7,5.74959,3.87094,5.74943,1.445
sit-TiCo-TATB,77,38.90536,127.0504,88.14504,8.814504,"3,6",sit,TiCo,TATB,0.408716,4759.05,1.85606,0.7586,5572,0.5572,14.1,13.552763819095478,14.1,14.1,14.17876,12.02535,14.06781,1.445
sit-TiMg-1-10,77,33.44692,46.22726,12.780340000000002,1.2780340000000003,"3,6",sit,TiMg,N10,0.931336,2688.83,0.466534,0.4345,1600,0.16,6.3,5.934437500000001,5.9,6.3,6.32754,4.90782,6.31117,1.445
sit-TiMg-10-333,77,43.11411,98.58423,55.47012000000001,5.5470120000000005,"3,6",sit,TiMg,N333,0.503705,4800.58,1.30553,0.6576,4068,0.4068,10.4,9.428048180924288,9.9,10.4,10.48253,7.93405,10.35727,1.445
sit-TiMg-11-516,77,42.65009,94.82726,52.17717,5.2177169999999995,"3,6",sit,TiMg,N516,0.522792,4695.47,1.2351,0.6457,3963,0.3963,10.5,9.470047943477164,10.0,10.5,10.568,7.45602,10.56737,1.445
sit-TiMg-12-639,77,48.09666,84.66222,36.565560000000005,3.6565560000000006,"3,6",sit,TiMg,N639,0.608441,4362.68,1.0024,0.6099,3353,0.3353,8.4,7.755263942737847,7.8,8.4,8.46108,6.85394,8.46108,1.445
sit-TiMg-13-126,77,39.27773,193.5313,154.25357,15.425357,"3,6",sit,TiMg,N126,0.254059,6177.86,3.34096,0.8488,6742,0.6742,17.2,16.040121625630377,16.5,17.2,17.21905,14.56337,17.21905,1.445
sit-TiMg-2-19,77,29.31829,41.76573,12.447439999999997,1.2447439999999996,"3,6",sit,TiMg,N19,1.01571,2485.9,0.372842,0.3787,1364,0.1364,5.7,5.834970674486804,6.2,6.3,6.32903,4.49462,6.32551,1.445
sit-TiMg-3-20,77,43.01616,66.61341,23.597250000000003,2.359725,"3,6",sit,TiMg,N20,0.711476,3596.61,0.765872,0.5449,2804,0.2804,7.4,7.02339514978602,7.3,7.5,7.56235,6.03294,7.56234,1.445
sit-TiMg-4-410,77,42.13542,99.824,57.688579999999995,5.768858,"3,6",sit,TiMg,N410,0.498089,4749.86,1.34133,0.6681,4230,0.423,11.1,9.859810874704491,10.5,11.1,11.12394,8.90536,11.12394,1.445
sit-TiMg-5-386,77,41.15987,233.7863,192.62643000000003,19.262643000000004,"3,6",sit,TiMg,N386,0.205974,6765.41,4.23646,0.8726,7227,0.7227,21.1,20.578386605783862,21.1,21.2,21.21349,17.33348,21.11846,1.445
sit-TiMg-6-225,77,13.81961,17.08237,3.26276,0.326276,"3,6",sit,TiMg,N225,1.17969,0.0,0.0,0.0,0,0.0,,,,,4.74607,2.17114,4.74422,1.445
sit-TiMg-7-592,77,39.71095,80.65748,40.94653000000001,4.094653000000001,"3,6",sit,TiMg,N592,0.568969,4206.67,0.972285,0.5532,3199,0.3199,8.9,8.28333854329478,8.7,9.1,9.18036,6.88116,8.98653,1.445
sit-TiMg-9-130,77,24.6393,31.06678,6.427480000000003,0.6427480000000003,"3,6",sit,TiMg,N130,1.0862,1554.05,0.280152,0.3043,1023,0.1023,6.3,5.844868035190616,6.3,6.3,6.36127,4.3782,6.29053,1.445
sit-TiMg-TATB,77,42.6249,140.7315,98.10660000000001,9.810660000000002,"3,6",sit,TiMg,TATB,0.370322,5420.68,2.08386,0.7717,5489,0.5489,13.0,12.1279468026963,12.9,13.0,13.03376,10.63548,12.9711,1.445
sit-TiNi-1-10,77,22.38343,31.32398,8.940549999999998,0.8940549999999998,"3,6",sit,TiNi,N10,1.21565,1837.09,0.309629,0.3764,1247,0.1247,5.9,5.611788291900561,5.9,5.9,5.96492,4.62584,5.64587,1.445
sit-TiNi-10-333,77,39.00311,85.11094,46.10783,4.610783,"3,6",sit,TiNi,N333,0.581384,4090.71,1.07795,0.6267,3957,0.3957,10.5,9.593682082385644,10.5,10.5,10.58147,8.08044,10.51111,1.445
sit-TiNi-11-516,77,38.74912,80.33533,41.58621,4.158621,"3,6",sit,TiNi,N516,0.609748,3994.22,1.03994,0.6341,3762,0.3762,10.5,9.349149388623072,10.2,10.5,10.50443,7.40962,10.25604,1.445
sit-TiNi-12-639,77,41.83983,71.53143,29.6916,2.96916,"3,6",sit,TiNi,N639,0.705643,3523.54,0.845328,0.5965,3245,0.3245,9.0,8.350107858243453,8.5,9.0,9.01902,7.39381,8.84388,1.445
sit-TiNi-13-126,77,36.32104,172.0839,135.76286,13.576286,"3,6",sit,TiNi,N126,0.286333,5622.5,2.95809,0.847,6659,0.6659,17.4,15.969244631326026,16.4,17.4,17.47982,14.6314,17.47982,1.445
sit-TiNi-2-19,77,21.02528,30.87594,9.850660000000001,0.9850660000000001,"3,6",sit,TiNi,N19,1.23427,1953.78,0.34012,0.4198,1604,0.1604,6.2,5.899750623441397,6.2,6.3,6.34922,4.97518,6.16739,1.445
sit-TiNi-3-20,77,37.229,56.90885,19.679850000000002,1.967985,"3,6",sit,TiNi,N20,0.845523,2927.95,0.636647,0.5383,2697,0.2697,7.4,7.173044123099739,7.3,7.4,7.49212,6.34258,7.49211,1.445
sit-TiNi-4-410,77,38.28977,80.87976,42.58999000000001,4.258999000000001,"3,6",sit,TiNi,N410,0.606456,3928.94,1.0441,0.6332,3821,0.3821,10.4,9.500026171159382,10.0,10.4,10.40981,9.02056,10.40979,1.445
sit-TiNi-5-386,77,37.74282,208.0814,170.33858,17.033858000000002,"3,6",sit,TiNi,N386,0.233896,6193.03,3.7243,0.8711,7106,0.7106,20.5,19.788967070081625,20.3,20.5,20.53749,16.46344,20.28088,1.445
sit-TiNi-6-225,77,5.737408,7.159857,1.4224489999999994,0.14224489999999995,"3,6",sit,TiNi,N225,1.58981,0.0,0.0,0.0,0,0.0,,,,,3.41505,1.66443,3.10283,1.445
sit-TiNi-7-592,77,35.11081,69.62965,34.51884,3.4518839999999997,"3,6",sit,TiNi,N592,0.626115,3783.9,0.866774,0.5427,3066,0.3066,8.9,8.267025440313112,8.5,9.2,9.29062,6.73968,9.29062,1.445
sit-TiNi-9-130,77,19.30385,22.92782,3.62397,0.36239699999999997,"3,6",sit,TiNi,N130,1.35523,1155.76,0.194727,0.2639,754,0.0754,5.8,5.408488063660477,5.8,5.8,5.84018,3.95739,5.8171,1.445
sit-TiNi-TATB,77,38.11857,123.8216,85.70303000000001,8.570303000000001,"3,6",sit,TiNi,TATB,0.416062,4758.33,1.80742,0.752,5489,0.5489,13.1,12.563654581891054,13.1,13.2,13.2161,11.40352,13.21608,1.445
stp-TiCo-1-445-D4h,77,25.78643,47.21553,21.429100000000002,2.14291,"4,6",stp,TiCo,N445,0.953741,1497.58,0.571644,0.5452,3743,0.3743,14.3,14.2764360138926,14.3,14.3,14.3583,13.92722,14.3583,1.445
stp-TiCo-11-662-D4h-T,77,40.81952,213.8014,172.98188,17.298188,"4,6",stp,TiCo,N662,0.215625,5718.19,4.02875,0.8687,7390,0.739,29.7,27.601299052774017,29.7,29.7,29.7732,26.07526,29.71886,1.445
stp-TiCo-2-13-D4h,77,31.05892,60.41882,29.359899999999996,2.9359899999999994,"4,6",stp,TiCo,N13,0.785293,1809.9,0.757297,0.5947,4210,0.421,15.8,15.779596199524942,15.8,15.8,15.81347,15.12752,15.81343,1.445
stp-TiMg-1-445-D4h,77,30.15169,56.78902,26.637330000000002,2.663733,"4,6",stp,TiMg,N445,0.82274,1817.24,0.684663,0.5633,3922,0.3922,14.0,13.851453340132586,14.0,14.0,14.02559,12.87584,14.02558,1.445
stp-TiMg-11-662-D4h-T,77,42.98308,237.1644,194.18132,19.418132,"4,6",stp,TiMg,N662,0.193001,6132.38,4.52485,0.8733,7496,0.7496,30.8,28.34159551760939,30.8,30.8,30.8115,26.96969,30.8115,1.445
stp-TiMg-2-13-D4h,77,33.01673,67.30172,34.28499,3.428499,"4,6",stp,TiMg,N13,0.675388,2124.13,0.854324,0.577,4127,0.4127,16.3,16.229609886115824,16.3,16.3,16.33338,15.1194,16.32323,1.445
stp-TiNi-1-445-D4h,77,2.987322,3.023732,0.03641000000000005,0.0036410000000000053,"4,6",stp,TiNi,N445,2.09944,0.0,0.0,0.0,0,0.0,,,,,3.53491,1.25589,2.72294,1.445
stp-TiNi-11-662-D4h-T,77,40.83995,213.4546,172.61464999999998,17.261464999999998,"4,6",stp,TiNi,N662,0.217146,5751.93,3.99363,0.8672,7396,0.7396,29.1,26.693442401298,29.1,29.1,29.10213,25.38517,28.66078,1.445
stp-TiNi-2-13-D4h,77,31.55716,59.65095,28.093790000000002,2.8093790000000003,"4,6",stp,TiNi,N13,0.802802,1779.55,0.746511,0.5993,4217,0.4217,15.3,15.258643585487317,15.3,15.3,15.36254,14.84854,15.36252,1.445
ttp-TiCo-10-607-D2h-D2d,77,36.96698,132.9534,95.98641999999998,9.598641999999998,"3,6",ttp,TiCo,N607,0.352613,4269.48,2.25999,0.7969,6212,0.6212,23.9,23.25618158403091,23.9,23.9,23.9521,22.07725,23.9521,1.445
ttp-TiCo-3-1-D2h,77,31.11851,63.25653,32.13802,3.213802,"4,6",stp,TiCo,N1,0.747419,1890.23,0.846513,0.6327,4510,0.451,15.6,15.51711751662971,15.6,15.6,15.64301,15.1423,15.64299,1.445
ttp-TiCo-4-12-D2h,77,34.18221,85.23675,51.05454,5.105454,"3,6",ttp,TiCo,N12,0.546308,3514.8,1.18212,0.6458,4534,0.4534,16.5,15.87838553153948,16.5,16.5,16.56382,14.97453,16.56381,1.445
ttp-TiCo-8-644-D2h-D2d,77,28.8174,91.68742,62.870020000000004,6.287002,"4,6",stp,TiCo,N644,0.51148,2906.12,1.40905,0.7207,5545,0.5543,17.5,17.273669972948603,17.5,17.5,17.59156,16.75544,17.59155,1.445
ttp-TiCo-9-201-D2h-D2d,77,37.53654,139.1471,101.61055999999999,10.161055999999999,"4,6",stp,TiCo,N201,0.334866,3671.45,2.41888,0.81,6666,0.6666,26.8,26.604560456045604,26.8,26.8,26.88359,25.24071,26.88359,1.445
ttp-TiMg-10-607-D2h-D2d,77,41.03594,151.8703,110.83435999999999,11.083435999999999,"3,6",ttp,TiMg,N607,0.308583,4939.9,2.6437,0.8158,6417,0.6417,24.5,23.520445691132924,24.5,24.5,24.54748,22.66123,24.54748,1.445
ttp-TiMg-3-1-D2h,77,33.87679,72.84502,38.968230000000005,3.8968230000000004,"4,6",stp,TiMg,N1,0.635075,2200.95,0.980356,0.6226,4555,0.4555,16.8,16.793347969264545,16.8,16.8,16.89193,16.65213,16.88383,1.445
ttp-TiMg-4-12-D2h,77,39.53461,102.1751,62.64049,6.264049,"3,6",ttp,TiMg,N12,0.465909,4225.33,1.42925,0.6659,4692,0.4692,16.5,15.43493179880648,16.5,16.5,16.57888,14.65508,16.50283,1.445
ttp-TiMg-8-644-D2h-D2d,77,34.76374,111.6267,76.86296,7.6862960000000005,"4,6",stp,TiMg,N644,0.412,3406.72,1.78519,0.7355,5793,0.5793,21.8,21.758846884170552,21.8,21.8,21.8415,21.60331,21.83804,1.445
ttp-TiMg-9-201-D2h-D2d,77,42.44063,155.5167,113.07606999999999,11.307606999999999,"4,6",stp,TiMg,N201,0.305588,4297.25,2.64146,0.8072,6622,0.6622,25.1,24.34510721836304,25.1,25.1,25.14777,23.35751,25.14777,1.445
ttp-TiNi-10-607-D2h-D2d,77,36.41015,131.3577,94.94754999999999,9.494755,"3,6",ttp,TiNi,N607,0.358062,4283.72,2.2133,0.7925,6192,0.6192,23.4,22.579312015503877,23.4,23.4,23.48168,21.50207,23.4612,1.445
ttp-TiNi-3-1-D2h,77,31.20521,63.6434,32.43819,3.243819,"4,6",stp,TiNi,N1,0.755273,1831.33,0.849759,0.6418,4619,0.4619,16.4,16.39919896081403,16.4,16.4,16.47824,16.20137,16.47823,1.445
ttp-TiNi-4-12-D2h,77,34.31299,84.0999,49.786910000000006,4.978691,"3,6",ttp,TiNi,N12,0.554895,3473.81,1.15517,0.641,4520,0.452,16.4,15.793606194690264,16.4,16.4,16.46716,14.46604,16.46159,1.445
ttp-TiNi-8-644-D2h-D2d,77,29.98932,94.8407,64.85138,6.485138000000001,"4,6",stp,TiNi,N644,0.491372,2876.47,1.49846,0.7363,5753,0.5753,20.8,20.760837823744133,20.8,20.8,20.87146,20.29765,20.87144,1.445
ttp-TiNi-9-201-D2h-D2d,77,38.22396,137.8346,99.61063999999999,9.961063999999999,"4,6",stp,TiNi,N201,0.33955,3598.98,2.38227,0.8089,6660,0.666,26.9,26.761996996996995,26.9,26.9,26.9356,25.15776,26.9356,1.445
ttx-TiCo-10-607-D2h-D2d,77,37.46404,117.4864,80.02236,8.002236,"3,6",ttx,TiCo,N607,0.41109,4421.5,1.79133,0.7364,5590,0.559,19.0,17.881610017889088,19.0,19.0,19.05468,18.31854,19.05468,1.445
ttx-TiCo-3-1-D2h,77,31.45063,55.21975,23.769119999999997,2.376912,"3,6",ttx,TiCo,N1,0.886007,1728.54,0.635774,0.5633,3680,0.368,13.4,13.393505434782613,13.4,13.4,13.41679,11.89863,13.41679,1.445
ttx-TiCo-4-12-D2h,77,33.03379,95.66343,62.62964,6.262964,"4,6",stp,TiCo,N12,0.487799,3790.01,1.37167,0.6691,5033,0.5033,19.8,18.94814226107689,19.8,19.8,19.81351,18.21161,19.81349,1.445
ttx-TiCo-5-665-D2h,77,37.74952,117.9225,80.17298,8.017298,"4,6",stp,TiCo,N665,0.398077,4133.12,1.80694,0.7193,5758,0.5758,22.1,21.44230635637374,22.1,22.1,22.14149,21.70359,22.14148,1.445
ttx-TiCo-6-614-D2h,77,42.40905,143.5776,101.16854999999998,10.116854999999997,"4,6",stp,TiCo,N614,0.339242,4734.97,2.28303,0.7745,6201,0.6201,23.5,22.40185453959039,23.5,23.5,23.50523,22.48052,23.50523,1.445
ttx-TiCo-7-7-D2h-D2d,77,31.83678,62.15114,30.314359999999997,3.031436,"3,6",ttx,TiCo,N7,0.789486,2319.24,0.747828,0.5904,3804,0.3804,13.2,13.131177707676128,13.2,13.2,13.28556,11.73804,13.28552,1.445
ttx-TiCo-8-644-D2h-D2d,77,32.26093,74.00506,41.74413,4.1744129999999995,"3,6",ttx,TiCo,N644,0.669655,3065.53,0.974232,0.6524,4177,0.4177,13.6,13.314603782619104,13.6,13.6,13.62669,12.08277,13.60697,1.445
ttx-TiMg-10-607-D2h-D2d,77,41.84384,130.9824,89.13856000000001,8.913856000000001,"3,6",ttx,TiMg,N607,0.37037,4832.83,2.00151,0.7413,5634,0.5634,18.4,17.190592829250974,18.4,18.4,18.44644,17.34487,18.44644,1.445
ttx-TiMg-3-1-D2h,77,34.90678,60.48375,25.576970000000003,2.557697,"3,6",ttx,TiMg,N1,0.749671,2101.88,0.740324,0.555,3582,0.3582,12.5,12.397934115019542,12.5,12.5,12.55513,11.96861,12.52709,1.445
ttx-TiMg-4-12-D2h,77,37.7247,114.0512,76.3265,7.63265,"4,6",stp,TiMg,N12,0.416793,4353.2,1.65142,0.6883,5282,0.5282,20.9,19.977811435062478,20.9,20.9,20.91664,19.20896,20.91635,1.445
ttx-TiMg-5-665-D2h,77,40.59835,133.6903,93.09195,9.309194999999999,"4,6",stp,TiMg,N665,0.351723,4756.13,2.2131,0.7784,5869,0.5869,21.5,20.33883114670302,21.5,21.5,21.51228,19.90337,21.51227,1.445
ttx-TiMg-6-614-D2h,77,46.18767,161.4913,115.30363,11.530363,"4,6",stp,TiMg,N614,0.301183,5214.24,2.72923,0.822,6424,0.6424,24.0,22.86411892901619,24.0,24.0,24.04196,23.40595,23.96355,1.445
ttx-TiMg-7-7-D2h-D2d,77,37.2388,69.39544,32.156639999999996,3.2156639999999994,"3,6",ttx,TiMg,N7,0.677766,2887.11,0.878327,0.5953,3699,0.3699,12.1,11.716409840497432,12.1,12.1,12.11857,11.0884,12.11345,1.445
ttx-TiMg-8-644-D2h-D2d,77,39.29736,88.86298,49.565619999999996,4.956562,"3,6",ttx,TiMg,N644,0.562354,3606.35,1.19462,0.6718,4367,0.4367,14.1,13.75223265399588,14.1,14.1,14.16319,12.98487,14.16305,1.445
ttx-TiNi-10-607-D2h-D2d,77,36.93343,113.568,76.63457,7.663456999999999,"3,6",ttx,TiNi,N607,0.424293,4363.57,1.74125,0.7388,5507,0.5507,18.0,16.912238968585438,18.0,18.0,18.04293,17.3592,18.04292,1.445
ttx-TiNi-3-1-D2h,77,31.70533,54.46819,22.76286,2.276286,"3,6",ttx,TiNi,N1,0.901744,1691.16,0.632552,0.5704,3711,0.3711,13.2,13.196308272702776,13.2,13.2,13.25456,11.59129,13.25455,1.445
ttx-TiNi-4-12-D2h,77,33.5167,93.03354,59.51684,5.951684,"4,6",stp,TiNi,N12,0.497697,3729.06,1.34218,0.668,4985,0.4985,18.9,18.200561685055163,18.9,18.9,18.92768,17.90558,18.92768,1.445
ttx-TiNi-5-665-D2h,77,38.19722,116.1993,78.00207999999999,7.800208,"4,6",stp,TiNi,N665,0.404664,4075.72,1.88156,0.7614,5841,0.5841,22.0,21.40239684985448,22.0,22.0,22.02095,21.03315,22.02091,1.445
ttx-TiNi-6-614-D2h,77,42.36829,141.0427,98.67441,9.867441,"4,6",stp,TiNi,N614,0.344995,4667.12,2.30902,0.7966,6271,0.6271,22.7,21.65279859671504,22.7,22.7,22.78407,21.54934,22.78379,1.445
ttx-TiNi-7-7-D2h-D2d,77,31.50761,60.55986,29.05225,2.905225,"3,6",ttx,TiNi,N7,0.814635,2180.96,0.714431,0.582,3739,0.3739,12.6,12.546055094945173,12.6,12.6,12.63549,11.38817,12.61639,1.445
ttx-TiNi-8-644-D2h-D2d,77,32.43478,71.72451,39.28972999999999,3.928972999999999,"3,6",ttx,TiNi,N644,0.689989,2952.87,0.941754,0.6498,4157,0.4157,13.2,12.88802020687996,13.2,13.2,13.22197,11.39131,13.21857,1.445
txs-TiCo-10-607-D2h-D2d,77,38.02773,99.09184,61.06411000000001,6.1064110000000005,"4,6",txs,TiCo,N607,0.501318,4388.85,1.35044,0.677,4518,0.4518,13.0,10.962571934484284,11.3,13.0,13.06178,8.64248,13.06178,1.445
txs-TiCo-11-662-D4h-T,77,39.28748,184.8042,145.51672000000002,14.551672000000002,"4,6",txs,TiCo,N662,0.264877,5740.57,3.19809,0.8471,6800,0.68,22.6,19.95741176470588,22.1,22.9,22.92359,13.63273,22.60423,1.445
txs-TiCo-12-693-Td,77,11.07726,12.57903,1.5017699999999987,0.15017699999999987,"4,6",txs,TiCo,N693,1.61136,0.0,0.0,0.0,0,0.0,,,,,5.52724,2.60825,5.52723,1.445
txs-TiCo-13-600-Td,77,35.10261,59.8917,24.78909,2.4789090000000003,"4,6",txs,TiCo,N600,0.759579,2905.38,0.632456,0.4804,2822,0.2822,10.6,9.428065201984408,10.6,10.7,10.71111,6.0524,10.60682,1.445
txs-TiCo-7-7-D2h-D2d,77,32.87591,51.76312,18.887210000000003,1.8887210000000003,"4,6",txs,TiCo,N7,0.921061,2384.89,0.579223,0.5335,2787,0.2787,10.8,10.187656978830285,10.8,10.9,10.9368,5.93395,10.72817,1.445
txs-TiMg-10-607-D2h-D2d,77,41.14846,113.3807,72.23224,7.223224,"4,6",txs,TiMg,N607,0.437943,4860.72,1.57669,0.6905,4743,0.4743,13.7,11.556715159181952,11.8,13.7,13.70746,8.87654,13.70746,1.445
txs-TiMg-11-662-D4h-T,77,41.86599,205.6422,163.77621,16.377620999999998,"4,6",txs,TiMg,N662,0.234947,6215.49,3.62933,0.8527,6946,0.6946,22.9,20.18059314713504,21.7,22.9,22.91058,14.47868,21.17357,1.445
txs-TiMg-12-693-Td,77,14.30906,18.96151,4.65245,0.465245,"4,6",txs,TiMg,N693,1.29561,808.702,0.121101,0.1569,516,0.0516,6.0,5.857364341085272,6.0,6.0,6.0761,2.91814,6.04293,1.445
txs-TiMg-13-600-Td,77,39.54421,70.87388,31.32967,3.132967,"4,6",txs,TiMg,N600,0.657083,3372.9,0.763526,0.5017,3069,0.3069,11.3,9.652166829586184,10.5,11.3,11.38608,6.35406,11.16907,1.445
txs-TiMg-7-7-D2h-D2d,77,37.83258,60.71851,22.885930000000002,2.288593,"4,6",txs,TiMg,N7,0.771751,2841.46,0.694266,0.5358,2937,0.2937,10.7,9.97878787878788,10.7,10.7,10.74604,6.27048,10.74603,1.445
txs-TiNi-10-607-D2h-D2d,77,37.49879,99.34705,61.848259999999996,6.184825999999999,"4,6",txs,TiNi,N607,0.496729,4322.77,1.37882,0.6849,4649,0.4649,13.5,11.458012475801247,12.1,13.5,13.52187,8.55023,13.51514,1.445
txs-TiNi-11-662-D4h-T,77,38.95701,185.9451,146.98809,14.698809,"4,6",txs,TiNi,N662,0.262108,5760.79,3.21356,0.8423,6803,0.6803,23.0,20.40248419814788,22.8,23.1,23.15557,13.88044,23.02499,1.445
txs-TiNi-12-693-Td,77,10.92028,12.57487,1.6545900000000007,0.16545900000000008,"4,6",txs,TiNi,N693,1.58218,0.0,0.0,0.0,0,0.0,,,,,5.42325,2.87527,5.31402,1.445
txs-TiNi-13-600-Td,77,35.52801,56.1122,20.58419,2.0584189999999998,"4,6",txs,TiNi,N600,0.80785,2781.39,0.555053,0.4484,2572,0.2572,9.7,8.639463452566096,9.4,9.8,9.81788,5.12195,9.81788,1.445
txs-TiNi-7-7-D2h-D2d,77,31.98954,49.77699,17.787449999999996,1.7787449999999996,"4,6",txs,TiNi,N7,0.93438,2316.67,0.56401,0.527,2818,0.2818,10.6,9.985166784953869,10.6,10.6,10.64138,5.89737,10.64137,1.445
ydq-TiCo-1-10,77,26.28366,43.76033,17.476670000000002,1.7476670000000003,"3,6",ydq,TiCo,N10,0.986036,1947.45,0.514788,0.5076,3025,0.3025,13.2,11.636694214876034,13.2,13.2,13.30802,9.66222,13.28912,1.445
ydq-TiCo-10-333,77,33.34229,101.2978,67.95551,6.795551000000001,"3,6",ydq,TiCo,N333,0.457473,3504.42,1.46019,0.668,5399,0.5399,22.3,19.53332098536766,21.7,22.4,22.4432,17.14855,22.42413,1.445
ydq-TiCo-11-516,77,32.26032,96.68793,64.42760999999999,6.442760999999999,"3,6",ydq,TiCo,N516,0.474775,3329.02,1.39982,0.6646,5369,0.5369,22.2,19.341329856584093,21.6,22.2,22.35167,17.34095,22.35167,1.445
ydq-TiCo-12-639,77,37.9959,90.18025,52.18435,5.218435,"3,6",ydq,TiCo,N639,0.544202,3193.82,1.20617,0.6564,5043,0.5043,20.7,17.824905810033712,20.4,20.7,20.89292,14.58616,20.72827,1.445
ydq-TiCo-2-19,77,23.14912,40.17484,17.025720000000003,1.7025720000000004,"3,6",ydq,TiCo,N19,1.03988,1910.67,0.493901,0.5136,3026,0.3026,12.8,11.345076007931263,12.8,12.8,12.88606,9.35414,12.87491,1.445
ydq-TiCo-3-20,77,35.16738,76.79696,41.62958,4.162958,"3,6",ydq,TiCo,N20,0.647083,2763.28,0.977,0.6322,4575,0.4575,18.6,16.334775956284155,18.6,18.6,18.65818,14.06525,18.65628,1.445
ydq-TiCo-4-410,77,34.70185,103.683,68.98115000000001,6.8981150000000016,"3,6",ydq,TiCo,N410,0.456596,3768.02,1.47548,0.6737,5398,0.5398,21.2,18.353593923675437,20.0,21.2,21.34159,16.3895,21.34159,1.445
ydq-TiCo-6-225,77,18.98393,30.61258,11.62865,1.162865,"3,6",ydq,TiCo,N225,1.15363,947.284,0.239246,0.276,1562,0.1562,11.4,10.664084507042253,11.4,11.6,11.62918,7.23497,11.5892,1.445
ydq-TiCo-9-130,77,18.41854,31.31075,12.892209999999999,1.289221,"3,6",ydq,TiCo,N130,1.12948,1315.42,0.343611,0.3881,2359,0.2359,10.8,10.072742687579485,10.3,10.9,10.91578,8.7188,10.90627,1.445
ydq-TiMg-1-10,77,30.91085,55.21553,24.30468,2.4304680000000003,"3,6",ydq,TiMg,N10,0.788299,2460.65,0.665991,0.525,3207,0.3207,13.5,11.677517929529156,13.4,13.5,13.53719,9.63205,13.53719,1.445
ydq-TiMg-10-333,77,37.03535,110.6736,73.63825,7.363825,"3,6",ydq,TiMg,N333,0.419295,3966.24,1.58766,0.6657,5354,0.5354,21.5,18.484049308927904,20.2,21.7,21.95549,16.41706,21.95549,1.445
ydq-TiMg-11-516,77,35.45903,104.4608,69.00177000000001,6.900177000000001,"3,6",ydq,TiMg,N516,0.439664,3756.22,1.48272,0.6519,5265,0.5265,21.2,18.109458689458688,20.0,21.2,21.43087,15.8282,21.12522,1.445
ydq-TiMg-12-639,77,41.83764,102.5387,60.701060000000005,6.070106000000001,"3,6",ydq,TiMg,N639,0.47648,3736.7,1.36165,0.6488,5041,0.5041,20.3,17.31354889902797,20.1,20.5,20.77857,14.4792,20.36645,1.445
ydq-TiMg-2-19,77,27.95169,51.93724,23.985550000000003,2.3985550000000004,"3,6",ydq,TiMg,N19,0.820228,2435.86,0.653843,0.5363,3244,0.3244,13.2,11.5557336621455,13.1,13.2,13.27091,9.34153,13.23105,1.445
ydq-TiMg-3-20,77,39.23047,88.21151,48.98104000000001,4.898104000000001,"3,6",ydq,TiMg,N20,0.555828,3317.29,1.13021,0.6282,4537,0.4537,18.1,15.677738593784438,18.1,18.1,18.13843,13.68978,18.1131,1.445
ydq-TiMg-4-410,77,39.16157,115.3082,76.14663,7.614663,"3,6",ydq,TiMg,N410,0.409787,4264.44,1.64354,0.6735,5354,0.5354,20.6,17.976802390735898,19.2,20.7,20.7959,16.08742,20.7959,1.445
ydq-TiMg-6-225,77,24.56197,39.6864,15.12443,1.512443,"3,6",ydq,TiMg,N225,0.947059,1602.03,0.365869,0.3465,1928,0.1928,11.9,10.493724066390042,11.8,12.1,12.36943,7.62615,12.36943,1.445
ydq-TiMg-9-130,77,23.60206,40.65556,17.0535,1.70535,"3,6",ydq,TiMg,N130,0.912345,1713.48,0.457064,0.417,2613,0.2613,11.6,10.687562189054727,10.9,11.6,11.6691,9.51028,11.6579,1.445
ydq-TiNi-1-10,77,25.37044,43.49192,18.121480000000002,1.812148,"3,6",ydq,TiNi,N10,1.01125,1867.34,0.504127,0.5098,3049,0.3049,12.9,11.4710068875041,12.9,12.9,12.99211,9.46299,12.99131,1.445
ydq-TiNi-10-333,77,32.80643,97.97245,65.16602,6.516602000000001,"3,6",ydq,TiNi,N333,0.469127,3397.89,1.43884,0.675,5414,0.5414,21.7,19.300849649057994,21.2,21.9,22.02846,16.82469,21.67767,1.445
ydq-TiNi-11-516,77,31.75017,94.44524,62.69507,6.269507,"3,6",ydq,TiNi,N516,0.48409,3249.84,1.37247,0.6644,5360,0.536,21.3,19.614962686567168,21.3,22.4,22.60809,17.412,22.27173,1.445
ydq-TiNi-12-639,77,36.44741,88.05445,51.607040000000005,5.160704000000001,"3,6",ydq,TiNi,N639,0.551742,3085.8,1.19621,0.66,5099,0.5099,20.8,18.275720729554813,20.8,21.2,21.32626,14.93399,21.31429,1.445
ydq-TiNi-2-19,77,22.91313,40.20039,17.28726,1.728726,"3,6",ydq,TiNi,N19,1.06089,1834.22,0.490062,0.5199,3076,0.3076,12.6,11.23920676202861,12.5,12.6,12.6531,9.22797,12.65047,1.445
ydq-TiNi-3-20,77,32.62537,73.84253,41.21716,4.121716,"3,6",ydq,TiNi,N20,0.658581,2686.06,0.966928,0.6368,4611,0.4611,18.5,16.340555194101064,18.4,18.5,18.54896,13.88383,18.54896,1.445
ydq-TiNi-4-410,77,34.09526,100.946,66.85074,6.685074,"3,6",ydq,TiNi,N410,0.464223,3624.08,1.44995,0.6731,5403,0.5403,21.2,18.595687580973536,20.1,21.3,21.3245,16.65107,21.3245,1.445
ydq-TiNi-6-225,77,18.93979,29.52708,10.587290000000003,1.0587290000000003,"3,6",ydq,TiNi,N225,1.16371,1169.14,0.283403,0.3298,1833,0.1833,11.9,10.902182214948173,11.9,12.1,12.21175,7.56936,12.21175,1.445
ydq-TiNi-9-130,77,19.07793,32.64988,13.571950000000005,1.3571950000000004,"3,6",ydq,TiNi,N130,1.13696,1291.2,0.351551,0.3997,2438,0.2438,11.0,10.320959803117308,10.5,11.0,11.11627,8.80065,11.11627,1.445
ceq-TiCo-1-10,120,9.12612,21.20654,12.08042,1.208042,"3,6",ceq,TiCo,N10,1.21459,1806.77,0.294667,0.3579,1257,0.1257,5.8,5.718536197295147,5.8,6.0,6.07217,5.10152,5.90439,1.445
ceq-TiCo-10-333,120,10.27536,52.65054,42.37518,4.237518,"3,6",ceq,TiCo,N333,0.578443,4032.75,1.06527,0.6162,4033,0.4033,11.5,10.359112323332509,11.5,11.9,11.90475,9.51036,11.85231,1.445
ceq-TiCo-11-516,120,9.964339,48.65442,38.690081,3.8690081,"3,6",ceq,TiCo,N516,0.613734,3864.6,0.964587,0.592,3797,0.3797,11.0,9.572004213853042,10.7,11.1,11.1373,8.62506,11.07183,1.445
ceq-TiCo-12-639,120,13.54303,46.19271,32.64968,3.2649679999999996,"3,6",ceq,TiCo,N639,0.728084,3494.73,0.779168,0.5673,3099,0.3099,8.2,7.877767021619878,7.9,8.5,8.54564,6.7773,8.43775,1.445
ceq-TiCo-13-126,120,10.09895,93.85946,83.76051,8.376051,"3,6",ceq,TiCo,N126,0.282249,5631.87,3.01861,0.852,6689,0.6689,17.0,16.569143369711465,17.0,17.8,17.82836,15.14346,17.0768,1.445
ceq-TiCo-2-19,120,8.4281,21.90308,13.474979999999999,1.3474979999999999,"3,6",ceq,TiCo,N19,1.26274,1828.82,0.314476,0.3971,1431,0.1431,5.7,5.618099231306778,5.7,5.8,5.87712,5.09131,5.71078,1.445
ceq-TiCo-3-20,120,12.35465,36.97758,24.622930000000004,2.4622930000000003,"3,6",ceq,TiCo,N20,0.892794,2849.38,0.545702,0.4872,2243,0.2243,6.9,6.838074008024967,6.9,7.1,7.13199,5.83361,7.13198,1.445
ceq-TiCo-4-410,120,9.992438,53.66955,43.677112,4.3677112000000005,"3,6",ceq,TiCo,N410,0.569958,4134.54,1.1171,0.6367,4082,0.4082,11.6,10.210828025477708,10.6,11.6,11.67421,8.69689,10.92577,1.445
ceq-TiCo-5-386,120,11.18351,110.7885,99.60499,9.960499,"3,6",ceq,TiCo,N386,0.229929,6225.07,3.7977,0.8732,7117,0.7117,19.0,18.878445974427425,19.2,19.9,19.96274,18.54632,19.86965,1.445
ceq-TiCo-6-225,120,5.42731,10.7579,5.330589999999999,0.533059,"3,6",ceq,TiCo,N225,1.40473,0.0,0.0,0.0,0,0.0,,,,,5.12443,2.67376,5.03088,1.445
ceq-TiCo-7-592,120,8.047219,40.7472,32.699981,3.2699981,"3,6",ceq,TiCo,N592,0.646386,3318.02,0.729131,0.4713,2952,0.2952,10.1,8.784552845528456,8.6,10.1,10.11715,6.58071,10.01828,1.445
ceq-TiCo-9-130,120,7.100687,14.91554,7.814853,0.7814853,"3,6",ceq,TiCo,N130,1.33936,1018.01,0.157314,0.2107,703,0.0703,5.8,5.334992887624467,5.5,5.8,5.86327,4.40667,5.86327,1.445
ceq-TiMg-1-10,120,14.06834,27.19721,13.12887,1.312887,"3,6",ceq,TiMg,N10,0.999417,2183.97,0.358209,0.358,1238,0.1238,5.3,5.409046849757674,5.3,5.7,5.76054,4.86205,5.59945,1.445
ceq-TiMg-10-333,120,14.50495,60.32506,45.82011,4.582011,"3,6",ceq,TiMg,N333,0.50131,4609.14,1.25371,0.6285,4180,0.418,11.5,9.872129186602873,10.2,11.5,11.50666,9.24878,11.50662,1.445
ceq-TiMg-11-516,120,14.10687,57.15976,43.05289,4.305289,"3,6",ceq,TiMg,N516,0.529068,4435.28,1.15996,0.6137,4023,0.4023,11.1,9.475416355953268,10.1,11.1,11.17092,8.48825,11.17092,1.445
ceq-TiMg-12-639,120,18.20346,49.56971,31.36625,3.136625,"3,6",ceq,TiMg,N639,0.675461,3936.03,0.769104,0.5195,2717,0.2717,7.5,7.25218991534781,7.4,7.7,7.74596,6.00017,7.57434,1.445
ceq-TiMg-13-126,120,13.53106,102.7469,89.21584,8.921584,"3,6",ceq,TiMg,N126,0.259373,6149.23,3.27213,0.8487,6700,0.67,15.6,15.80183582089552,15.8,16.8,16.87693,14.13515,16.15173,1.445
ceq-TiMg-2-19,120,11.5884,25.79874,14.210339999999999,1.421034,"3,6",ceq,TiMg,N19,1.05993,2112.33,0.355305,0.3766,1319,0.1319,5.4,5.367778620166793,5.4,5.5,5.53585,4.72529,5.47927,1.445
ceq-TiMg-3-20,120,16.27724,39.39959,23.122350000000004,2.3122350000000003,"3,6",ceq,TiMg,N20,0.800093,3125.83,0.531938,0.4256,2059,0.2059,6.7,6.687421078193298,6.8,7.3,7.36617,5.49468,7.35004,1.445
ceq-TiMg-4-410,120,14.60959,61.34665,46.73706,4.673706,"3,6",ceq,TiMg,N410,0.498421,4696.9,1.2983,0.6471,4225,0.4225,12.2,10.21921893491124,10.0,12.2,12.26322,8.50743,10.40681,1.445
ceq-TiMg-5-386,120,14.99347,125.4702,110.47673,11.047673,"3,6",ceq,TiMg,N386,0.202052,6879.94,4.35384,0.8797,7229,0.7229,20.1,19.248651265735237,19.6,20.1,20.15893,18.90877,20.1296,1.445
ceq-TiMg-6-225,120,10.36261,15.77421,5.4116,0.54116,"3,6",ceq,TiMg,N225,1.16287,0.0,0.0,0.0,0,0.0,,,,,4.8881,2.55958,4.84413,1.445
ceq-TiMg-7-592,120,10.16218,39.87203,29.709850000000003,2.970985,"3,6",ceq,TiMg,N592,0.643583,3123.88,0.704494,0.4534,2754,0.2754,8.4,8.558678286129267,8.4,9.5,9.50685,7.31293,8.48236,1.445
ceq-TiMg-9-130,120,9.259299,20.13502,10.875721,1.0875721,"3,6",ceq,TiMg,N130,1.08754,1389.18,0.228314,0.2483,914,0.0914,6.1,5.6263676148796495,5.5,6.1,6.19372,4.75481,6.19372,1.445
ceq-TiNi-1-10,120,9.00578,19.07402,10.068240000000001,1.0068240000000002,"3,6",ceq,TiNi,N10,1.25523,1648.79,0.262582,0.3296,1063,0.1063,5.4,5.327657572906866,5.4,5.6,5.63377,4.79273,5.44483,1.445
ceq-TiNi-10-333,120,10.97275,52.6428,41.67005,4.1670050000000005,"3,6",ceq,TiNi,N333,0.578021,3948.95,1.0856,0.6275,4090,0.409,11.6,10.184938875305624,10.8,11.6,11.62502,9.82685,11.51194,1.445
ceq-TiNi-11-516,120,10.7114,50.24954,39.538140000000006,3.9538140000000004,"3,6",ceq,TiNi,N516,0.603256,3844.9,1.0072,0.6076,3918,0.3918,11.5,10.105308831036243,11.3,11.7,11.70534,9.14203,11.70534,1.445
ceq-TiNi-12-639,120,15.2308,44.20664,28.975839999999998,2.8975839999999997,"3,6",ceq,TiNi,N639,0.768359,3409.49,0.700974,0.5386,2800,0.28,7.8,7.382821428571429,7.5,7.8,7.89292,6.0888,7.89291,1.445
ceq-TiNi-13-126,120,10.55646,93.46239,82.90593,8.290593,"3,6",ceq,TiNi,N126,0.28464,5593.12,2.98623,0.85,6652,0.6652,18.5,16.755532170775705,16.7,18.5,18.50525,15.08543,16.74324,1.445
ceq-TiNi-2-19,120,8.194758,20.13392,11.939162,1.1939161999999999,"3,6",ceq,TiNi,N19,1.29692,1725.09,0.296317,0.3843,1295,0.1295,5.6,5.436370656370657,5.5,5.6,5.65403,4.88846,5.65401,1.445
ceq-TiNi-3-20,120,12.57677,34.55873,21.981959999999997,2.198196,"3,6",ceq,TiNi,N20,0.92957,2724.87,0.459245,0.4269,1997,0.1997,6.8,6.723234852278418,6.8,7.0,7.02113,5.65976,6.97516,1.445
ceq-TiNi-4-410,120,10.76223,52.32213,41.5599,4.15599,"3,6",ceq,TiNi,N410,0.584759,3979.43,1.08216,0.6328,4046,0.4046,10.5,9.636109738012852,10.0,10.5,10.54301,8.61505,10.23889,1.445
ceq-TiNi-5-386,120,11.04868,110.446,99.39732,9.939732,"3,6",ceq,TiNi,N386,0.230448,6195.6,3.79609,0.8748,7114,0.7114,20.0,18.872968793927463,19.4,20.0,20.06167,18.62337,20.01355,1.445
ceq-TiNi-6-225,120,4.628197,8.645409,4.017212000000001,0.40172120000000006,"3,6",ceq,TiNi,N225,1.45155,0.0,0.0,0.0,0,0.0,,,,,4.88946,2.45688,4.47613,1.445
ceq-TiNi-7-592,120,8.477043,35.75666,27.279616999999995,2.7279616999999994,"3,6",ceq,TiNi,N592,0.708424,2843.28,0.621097,0.44,2647,0.2647,8.6,8.395428787306383,8.6,8.7,8.85232,7.24919,8.77799,1.445
ceq-TiNi-9-130,120,6.158641,13.07297,6.9143289999999995,0.6914328999999999,"3,6",ceq,TiNi,N130,1.37823,1002.84,0.159044,0.2192,688,0.0688,5.7,5.196366279069768,5.5,5.7,5.79581,4.23042,5.79581,1.445
cml-TiCo-1-10,120,8.960045,23.63835,14.678305,1.4678305,"3,6",cml,TiCo,N10,1.16205,1942.61,0.315219,0.3663,1498,0.1498,6.2,6.0211615487316426,6.1,6.3,6.3685,5.2944,6.05631,1.445
cml-TiCo-10-333,120,10.60043,52.21023,41.60980000000001,4.16098,"3,6",cml,TiCo,N333,0.584696,4099.28,1.01266,0.5921,3906,0.3906,10.7,9.745340501792114,10.6,10.7,10.73541,8.93998,10.73307,1.445
cml-TiCo-11-516,120,10.31208,51.12227,40.81019,4.0810189999999995,"3,6",cml,TiCo,N516,0.601103,4026.1,0.970051,0.5831,3821,0.3821,10.7,9.919759225333683,10.7,10.9,10.90541,9.04566,10.89506,1.445
cml-TiCo-12-639,120,12.15221,49.91915,37.766940000000005,3.7766940000000004,"3,6",cml,TiCo,N639,0.676516,3565.9,0.853047,0.5771,3517,0.3517,10.2,9.5130508956497,9.8,10.2,10.25777,8.06113,10.25777,1.445
cml-TiCo-13-126,120,10.05624,95.01634,84.9601,8.49601,"3,6",cml,TiCo,N126,0.276747,5638.2,3.03418,0.8397,6688,0.6688,18.2,17.171471291866027,17.7,18.2,18.25286,16.12155,18.24016,1.445
cml-TiCo-2-19,120,8.059108,23.47036,15.411252,1.5411252,"3,6",cml,TiCo,N19,1.20709,1946.24,0.330714,0.3992,1686,0.1686,6.0,5.906049822064057,6.0,6.1,6.11684,5.61048,6.09402,1.445
cml-TiCo-3-20,120,12.24377,39.89945,27.655680000000004,2.7655680000000005,"3,6",cml,TiCo,N20,0.826141,3000.73,0.626769,0.5178,2763,0.2763,8.0,7.668584871516467,7.8,8.0,8.06832,6.93764,8.0683,1.445
cml-TiCo-4-410,120,10.13717,53.76856,43.63139,4.363139,"3,6",cml,TiCo,N410,0.566539,4140.67,1.09348,0.6195,4096,0.4096,11.5,10.5462646484375,11.4,11.6,11.64015,9.07515,11.59593,1.445
cml-TiCo-5-386,120,11.0466,110.9919,99.9453,9.994530000000001,"3,6",cml,TiCo,N386,0.229126,6236.61,3.77042,0.8639,7035,0.7035,20.4,19.92220326936745,20.4,20.7,20.78995,17.39186,20.62732,1.445
cml-TiCo-6-225,120,6.342943,13.30979,6.966847,0.6966846999999999,"3,6",cml,TiCo,N225,1.37322,389.57,0.0411441,0.0565,171,0.0171,4.8,4.780701754385965,4.8,4.9,4.91775,2.93043,4.91773,1.445
cml-TiCo-7-592,120,8.952163,45.71326,36.761097,3.6761097,"3,6",cml,TiCo,N592,0.603861,3849.93,0.934321,0.5642,3210,0.321,10.6,9.292679127725856,9.1,10.6,10.61994,6.94469,10.61994,1.445
cml-TiCo-9-130,120,7.735469,15.61057,7.875100999999999,0.7875100999999999,"3,6",cml,TiCo,N130,1.33376,1007.35,0.146578,0.1955,631,0.0631,6.4,5.823137876386689,6.4,6.4,6.40893,3.50975,6.40893,1.445
cml-TiCo-TATB,120,10.13695,71.46136,61.32441,6.132441,"3,6",cml,TiCo,TATB,0.414437,4817.61,1.85987,0.7708,5469,0.5469,13.5,12.831230572316692,13.4,13.5,13.52714,11.86424,13.51283,1.445
cml-TiMg-1-10,120,15.71472,34.53525,18.820529999999998,1.8820529999999998,"3,6",cml,TiMg,N10,0.933001,2524.02,0.422186,0.3939,1699,0.1699,6.5,6.25868157739847,6.5,6.5,6.52241,5.39507,6.52199,1.445
cml-TiMg-10-333,120,14.87517,60.09553,45.22036,4.522036,"3,6",cml,TiMg,N333,0.511183,4575.93,1.18529,0.6059,4045,0.4045,10.5,9.816390605686031,10.5,10.6,10.64759,8.90567,10.63716,1.445
cml-TiMg-11-516,120,14.43573,60.42235,45.98662,4.598662,"3,6",cml,TiMg,N516,0.51348,4599.37,1.17882,0.6053,4050,0.405,11.0,10.252913580246911,10.9,11.2,11.22253,9.35689,11.16292,1.445
cml-TiMg-12-639,120,17.17053,56.8797,39.70917,3.970917,"3,6",cml,TiMg,N639,0.597277,4158.84,0.967725,0.578,3521,0.3521,9.7,8.94260153365521,9.2,9.8,9.86581,7.72449,9.8658,1.445
cml-TiMg-13-126,120,13.49709,103.7697,90.27261,9.027261,"3,6",cml,TiMg,N126,0.254967,6149.36,3.30043,0.8415,6674,0.6674,17.7,16.78602037758466,17.3,17.8,17.82744,14.91026,17.56278,1.445
cml-TiMg-2-19,120,12.90447,35.39482,22.490350000000003,2.249035,"3,6",cml,TiMg,N19,0.926059,2610.09,0.482582,0.4469,2040,0.204,6.8,6.617254901960784,6.8,6.8,6.84489,5.96493,6.8253,1.445
cml-TiMg-3-20,120,17.96225,46.30545,28.3432,2.83432,"3,6",cml,TiMg,N20,0.722174,3579.34,0.709386,0.5123,2721,0.2721,7.3,7.204593899301727,7.3,7.4,7.40872,6.29341,7.40872,1.445
cml-TiMg-4-410,120,14.80346,62.85798,48.05452,4.805452,"3,6",cml,TiMg,N410,0.485733,4766.07,1.31554,0.639,4300,0.43,12.0,10.83760465116279,11.6,12.0,12.02028,8.77457,11.76449,1.445
cml-TiMg-5-386,120,15.04521,126.3031,111.25789,11.125789000000001,"3,6",cml,TiMg,N386,0.199411,6888.8,4.37538,0.8725,7209,0.7209,21.3,20.56200582605077,21.1,21.3,21.34949,17.83222,21.28587,1.445
cml-TiMg-6-225,120,12.15758,21.19792,9.04034,0.904034,"3,6",cml,TiMg,N225,1.11178,647.03,0.08248,0.0917,327,0.0327,5.7,5.614984709480122,5.7,5.8,5.84892,2.95804,5.84425,1.445
cml-TiMg-7-592,120,10.85685,47.85055,36.9937,3.6993699999999996,"3,6",cml,TiMg,N592,0.567836,3888.61,0.974225,0.5532,3223,0.3223,8.5,9.117871548246976,9.0,10.4,10.45984,7.26225,9.59027,1.445
cml-TiMg-9-130,120,10.80167,18.54194,7.740270000000001,0.774027,"3,6",cml,TiMg,N130,1.17222,1182.3,0.179658,0.2106,709,0.0709,6.7,6.080677009873062,6.7,6.7,6.79459,3.6301,6.79062,1.445
cml-TiMg-TATB,120,14.54422,80.87284,66.32862,6.632862,"3,6",cml,TiMg,TATB,0.369747,5348.44,2.09873,0.776,5544,0.5544,13.2,12.722384559884558,12.8,13.2,13.29024,11.50404,13.17249,1.445
cml-TiNi-1-10,120,9.262027,21.8759,12.613873000000002,1.2613873000000002,"3,6",cml,TiNi,N10,1.19101,1877.72,0.29941,0.3566,1462,0.1462,6.1,5.896306429548563,5.9,6.2,6.29312,5.31812,6.24892,1.445
cml-TiNi-10-333,120,10.99297,52.29522,41.30225,4.130225,"3,6",cml,TiNi,N333,0.58601,4034.13,1.0237,0.5999,3953,0.3953,10.3,9.579762205919556,10.1,10.6,10.62039,8.88533,10.62036,1.445
cml-TiNi-11-516,120,11.0742,50.81768,39.743480000000005,3.9743480000000004,"3,6",cml,TiNi,N516,0.606744,3911.71,0.969931,0.5885,3824,0.3824,11.0,9.784649581589958,10.3,11.0,11.0055,9.03656,10.38494,1.445
cml-TiNi-12-639,120,13.22413,47.8875,34.66337,3.4663370000000002,"3,6",cml,TiNi,N639,0.701724,3417.66,0.802595,0.5632,3380,0.338,9.7,9.099023668639052,9.2,9.7,9.78649,7.91527,9.78649,1.445
cml-TiNi-13-126,120,10.53998,93.22671,82.68673,8.268673,"3,6",cml,TiNi,N126,0.28491,5546.33,2.9304,0.8349,6607,0.6607,18.7,17.734054790373847,18.7,18.7,18.79896,16.44162,18.74173,1.445
cml-TiNi-2-19,120,7.931776,22.48519,14.553414,1.4553414,"3,6",cml,TiNi,N19,1.21881,1949.97,0.334424,0.4076,1688,0.1688,6.0,5.960367298578199,6.0,6.1,6.14656,5.6318,6.14655,1.445
cml-TiNi-3-20,120,13.35465,37.82064,24.465989999999998,2.446599,"3,6",cml,TiNi,N20,0.867378,2871.73,0.580139,0.5032,2541,0.2541,7.2,7.021015348288076,7.2,7.2,7.29836,6.22077,7.29378,1.445
cml-TiNi-4-410,120,10.86364,53.33771,42.47407,4.247407,"3,6",cml,TiNi,N410,0.572716,4010.23,1.08937,0.6239,4108,0.4108,11.2,10.156694255111976,10.4,11.2,11.28593,8.61146,11.23079,1.445
cml-TiNi-5-386,120,11.01275,111.3496,100.33685,10.033685,"3,6",cml,TiNi,N386,0.228688,6242.37,3.79381,0.8676,7098,0.7098,20.8,19.916948436179204,20.6,20.8,20.89682,17.56226,20.60162,1.445
cml-TiNi-6-225,120,6.893624,14.8816,7.987976000000001,0.7987976000000001,"3,6",cml,TiNi,N225,1.38173,842.43,0.098789,0.1365,441,0.0441,5.3,5.17641723356009,5.3,5.3,5.32369,2.9634,4.95622,1.445
cml-TiNi-7-592,120,9.41338,43.10094,33.687560000000005,3.3687560000000003,"3,6",cml,TiNi,N592,0.63158,3618.96,0.866557,0.5473,3001,0.3001,10.1,8.717060979673443,8.6,10.1,10.1279,6.85832,10.11279,1.445
cml-TiNi-9-130,120,7.778534,13.95917,6.180636000000001,0.6180636,"3,6",cml,TiNi,N130,1.36733,966.539,0.136397,0.1865,579,0.0579,5.9,5.437478411053541,5.9,5.9,5.95411,3.58426,5.95411,1.445
cml-TiNi-TATB,120,10.907,71.18023,60.27323,6.027323,"3,6",cml,TiNi,TATB,0.415941,4741.39,1.85771,0.7727,5505,0.5505,13.5,12.988555858310626,13.4,13.6,13.60761,11.89081,13.57223,1.445
dag-TiCo-1-10,120,6.330846,19.67878,13.347933999999999,1.3347934,"3,6",dag,TiCo,N10,1.29647,1767.89,0.232863,0.3019,1068,0.1068,5.2,5.00430711610487,5.2,5.4,5.48272,4.12478,5.2922,1.445
dag-TiCo-10-333,120,8.136246,49.22132,41.085074,4.1085074,"3,6",dag,TiCo,N333,0.576718,3669.66,1.04887,0.6049,4142,0.4142,10.8,9.735707387735392,10.1,11.1,11.1053,7.75906,11.10527,1.445
dag-TiCo-11-516,120,8.239988,49.24368,41.003692,4.1003692,"3,6",dag,TiCo,N516,0.582735,3631.57,1.03752,0.6046,4117,0.4117,10.9,9.789409764391548,10.0,10.9,10.9744,8.32015,10.97439,1.445
dag-TiCo-12-639,120,9.421218,29.31346,19.892242,1.9892242,"3,6",dag,TiCo,N639,0.894058,2024.11,0.457017,0.4086,2325,0.2325,10.5,9.616559139784949,10.2,10.5,10.58409,9.55729,10.58408,1.445
dag-TiCo-13-126,120,10.20199,94.85309,84.6511,8.46511,"3,6",dag,TiCo,N126,0.271097,5605.35,3.11586,0.8447,6799,0.6799,18.1,16.674422709221947,17.6,18.2,18.28833,13.97007,17.59921,1.445
dag-TiCo-2-19,120,6.318685,20.85107,14.532385,1.4532384999999999,"3,6",dag,TiCo,N19,1.33479,1887.77,0.267083,0.3565,1339,0.1339,5.4,5.128454070201643,5.2,5.6,5.60098,4.579,5.47424,1.445
dag-TiCo-3-20,120,9.293594,36.22657,26.932976000000004,2.6932976,"3,6",dag,TiCo,N20,0.855219,2771.12,0.610487,0.5221,2891,0.2891,8.2,7.504877205119334,7.6,8.2,8.29728,6.99242,8.29728,1.445
dag-TiCo-4-410,120,8.857887,53.75173,44.893843000000004,4.4893843,"3,6",dag,TiCo,N410,0.535347,3779.32,1.19044,0.6373,4517,0.4517,10.5,10.46139030329865,10.5,11.4,11.48861,9.26388,10.59211,1.445
dag-TiCo-5-386,120,11.32527,115.2515,103.92622999999999,10.392622999999999,"3,6",dag,TiCo,N386,0.216023,6150.83,4.04773,0.8744,7324,0.7324,19.9,18.91104587657018,19.3,19.9,19.99936,17.02249,19.99936,1.445
dag-TiCo-6-225,120,5.384214,9.127414,3.7432,0.37432,"3,6",dag,TiCo,N225,1.46314,405.445,0.0333528,0.0488,131,0.0131,4.5,4.244274809160306,4.3,4.5,4.52434,3.32648,4.52328,1.445
dag-TiCo-7-592,120,6.859213,38.22565,31.366437,3.1366437,"3,6",dag,TiCo,N592,0.66248,3242.03,0.734362,0.4865,2907,0.2907,9.7,8.292294461644309,8.2,10.3,10.30939,7.82852,10.30939,1.445
dag-TiCo-9-130,120,4.488627,10.53321,6.044583,0.6044583,"3,6",dag,TiCo,N130,1.40457,874.07,0.131215,0.1843,613,0.0613,5.6,5.230179445350733,5.2,5.6,5.60727,4.59668,5.60726,1.445
dag-TiCo-TATB,120,9.482234,68.19546,58.713226,5.8713226,"3,6",dag,TiCo,TATB,0.424642,4772.08,1.75277,0.7443,5369,0.5369,13.5,12.066138945799963,12.7,13.5,13.58545,9.64033,13.57868,1.445
dag-TiMg-1-10,120,13.2005,27.45718,14.256680000000001,1.4256680000000002,"3,6",dag,TiMg,N10,0.995801,2476.01,0.367041,0.3655,1544,0.1544,5.8,5.531347150259067,5.8,6.1,6.15759,5.06407,6.15752,1.445
dag-TiMg-10-333,120,13.50008,57.21051,43.71043,4.371043,"3,6",dag,TiMg,N333,0.502284,4414.86,1.27916,0.6425,4184,0.4184,11.3,10.148685468451244,10.8,11.5,11.51644,8.07817,11.35223,1.445
dag-TiMg-11-516,120,13.07483,57.34912,44.27429,4.427429,"3,6",dag,TiMg,N516,0.504207,4086.54,1.28717,0.649,4358,0.4358,12.2,10.6869894446994,11.2,12.2,12.20949,9.62165,11.48941,1.445
dag-TiMg-12-639,120,15.31047,49.27288,33.96241,3.396241,"3,6",dag,TiMg,N639,0.634821,3772.52,0.838346,0.5322,3301,0.3301,9.0,8.007209936382912,8.3,9.0,9.09256,8.12199,9.04987,1.445
dag-TiMg-13-126,120,13.71027,102.6236,88.91333,8.891333,"3,6",dag,TiMg,N126,0.25501,6162.01,3.31634,0.8457,6760,0.676,16.2,15.271760355029588,16.0,16.6,16.64817,13.93856,16.1848,1.445
dag-TiMg-2-19,120,13.24559,27.73914,14.493549999999999,1.449355,"3,6",dag,TiMg,N19,1.01878,2543.03,0.399005,0.4065,1758,0.1758,6.6,5.809158134243458,6.2,6.6,6.60472,4.44545,6.60472,1.445
dag-TiMg-3-20,120,15.22095,41.94093,26.71998,2.671998,"3,6",dag,TiMg,N20,0.746657,3175.62,0.664294,0.496,2800,0.28,7.9,7.356464285714285,7.8,8.0,8.03636,7.0795,7.9081,1.445
dag-TiMg-4-410,120,13.1594,61.15797,47.99857,4.799857,"3,6",dag,TiMg,N410,0.463907,4461.47,1.46883,0.6814,4683,0.4683,11.8,10.612812299807816,11.0,11.8,11.83433,9.55656,11.35175,1.445
dag-TiMg-5-386,120,15.46596,128.3605,112.89454,11.289454000000001,"3,6",dag,TiMg,N386,0.193876,6790.06,4.54929,0.882,7401,0.7401,19.4,18.633671125523577,19.2,19.7,19.70331,17.43081,19.21695,1.445
dag-TiMg-6-225,120,8.611233,13.34147,4.730236999999999,0.4730236999999999,"3,6",dag,TiMg,N225,1.23565,406.191,0.0388458,0.048,163,0.0163,5.1,4.725153374233129,5.1,5.1,5.22263,3.00135,5.19368,1.445
dag-TiMg-7-592,120,10.14732,47.18617,37.03885,3.7038849999999996,"3,6",dag,TiMg,N592,0.548087,3706.77,1.06625,0.5844,3722,0.3722,12.0,10.28036002149382,11.1,12.0,12.09333,10.0498,12.09333,1.445
dag-TiMg-9-130,120,8.416306,16.25406,7.8377539999999986,0.7837753999999999,"3,6",dag,TiMg,N130,1.12164,1391.35,0.217272,0.2437,888,0.0888,5.9,5.619144144144143,5.9,5.9,5.92581,4.39528,5.92365,1.445
dag-TiMg-TATB,120,15.0866,78.36756,63.28095999999999,6.3280959999999995,"3,6",dag,TiMg,TATB,0.369549,5286.87,2.12259,0.7844,5598,0.5598,14.9,13.11793497677742,14.3,15.0,15.09412,12.54666,14.92459,1.445
dag-TiNi-1-10,120,8.48419,21.14737,12.663179999999999,1.2663179999999998,"3,6",dag,TiNi,N10,1.23582,1977.48,0.323994,0.4004,1488,0.1488,5.1,5.268481182795699,5.2,5.8,5.82699,4.92958,5.50954,1.445
dag-TiNi-10-333,120,9.913868,50.28151,40.367642,4.0367641999999995,"3,6",dag,TiNi,N333,0.585687,3621.7,1.02444,0.6,4083,0.4083,10.6,9.577614499142786,9.8,10.9,10.91643,7.82188,10.91639,1.445
dag-TiNi-11-516,120,9.68431,49.79447,40.11015999999999,4.011016,"3,6",dag,TiNi,N516,0.591353,3552.34,1.01783,0.6019,4141,0.4141,10.8,9.945278918135717,10.7,11.1,11.11959,8.30923,11.11957,1.445
dag-TiNi-12-639,120,11.03559,43.56962,32.53403,3.253403,"3,6",dag,TiNi,N639,0.72569,3118.1,0.76851,0.5577,3394,0.3394,11.0,9.133028874484385,9.3,11.0,11.0006,6.907,11.0006,1.445
dag-TiNi-13-126,120,10.59518,87.92658,77.3314,7.733140000000001,"3,6",dag,TiNi,N126,0.304624,5546.56,2.72139,0.829,6421,0.6421,17.0,15.392415511602554,16.1,17.1,17.15143,11.99538,16.62368,1.445
dag-TiNi-2-19,120,7.141407,20.19946,13.058052999999997,1.3058052999999998,"3,6",dag,TiNi,N19,1.33249,1880.89,0.309647,0.4126,1465,0.1465,5.2,5.216109215017064,5.2,5.6,5.66539,4.40032,5.25391,1.445
dag-TiNi-3-20,120,9.210599,32.05603,22.845430999999998,2.2845430999999996,"3,6",dag,TiNi,N20,0.918479,2686.56,0.531205,0.4879,2476,0.2476,7.9,7.037116316639742,7.2,8.0,8.00487,5.20838,7.9026,1.445
dag-TiNi-4-410,120,9.460185,52.91301,43.452825000000004,4.345282500000001,"3,6",dag,TiNi,N410,0.547448,3716.59,1.14915,0.6291,4433,0.4433,10.3,10.386104218362284,10.3,11.4,11.41215,9.18285,10.51005,1.445
dag-TiNi-5-386,120,11.55416,106.4504,94.89624,9.489624000000001,"3,6",dag,TiNi,N386,0.239176,6065.48,3.6124,0.864,7043,0.7043,19.0,17.566292772966065,18.1,19.0,19.08996,15.88512,19.07822,1.445
dag-TiNi-6-225,120,3.000927,7.406226,4.405299,0.44052990000000003,"3,6",dag,TiNi,N225,1.58442,0.0,0.0,0.0,0,0.0,,,,,4.9233,2.52938,4.92328,1.445
dag-TiNi-7-592,120,7.192137,39.04877,31.856633,3.1856633,"3,6",dag,TiNi,N592,0.647708,3257.96,0.83618,0.5416,3159,0.3159,9.2,8.541500474833807,8.8,10.1,10.1623,8.24914,10.15387,1.445
dag-TiNi-9-130,120,5.800055,10.7099,4.909844999999999,0.4909844999999999,"3,6",dag,TiNi,N130,1.39941,915.521,0.144989,0.2029,699,0.0699,5.6,5.406151645207439,5.5,5.6,5.68646,4.74743,5.60369,1.445
dag-TiNi-TATB,120,10.57862,68.30326,57.724639999999994,5.772463999999999,"3,6",dag,TiNi,TATB,0.42658,4712.27,1.78138,0.7599,5439,0.5439,13.7,11.971575657289945,12.5,13.7,13.72168,9.48703,13.70638,1.445
fmz-TiCo-1-10,120,7.426233,12.37603,4.949797,0.4949797,"3,6",fmz,TiCo,N10,1.4674,0.0,0.0,0.0,0,0.0,,,,,6.4092,2.77121,6.07221,1.445
fmz-TiCo-12-639,120,12.25411,38.62398,26.369870000000002,2.6369870000000004,"3,6",fmz,TiCo,N639,0.826356,2921.11,0.463118,0.3827,2390,0.239,7.7,7.924476987447699,8.0,9.7,9.98152,5.10866,9.84949,1.445
fmz-TiCo-13-126,120,10.23014,87.70536,77.47522,7.747521999999999,"3,6",fmz,TiCo,N126,0.310604,5516.74,2.56146,0.7956,6370,0.637,20.5,17.06478806907378,16.9,20.5,20.60361,10.76861,20.48295,1.445
fmz-TiCo-2-19,120,7.187238,14.61018,7.422942,0.7422942,"3,6",fmz,TiCo,N19,1.53033,0.0,0.0,0.0,0,0.0,,,,,6.40132,2.57472,6.22418,1.445
fmz-TiCo-3-20,120,11.4031,30.6666,19.2635,1.92635,"3,6",fmz,TiCo,N20,1.00454,2307.05,0.303421,0.3048,1693,0.1693,8.9,7.321264028352038,7.3,8.9,8.97784,4.12861,8.95958,1.445
fmz-TiCo-5-386,120,10.87286,101.8878,91.01494,9.101493999999999,"3,6",fmz,TiCo,N386,0.258482,6047.29,3.21647,0.8314,6802,0.6802,22.3,18.55035283740077,18.3,22.3,22.35204,12.24878,22.35204,1.445
fmz-TiCo-6-225,120,5.85476,9.28703,3.43227,0.343227,"3,6",fmz,TiCo,N225,1.60617,0.0,0.0,0.0,0,0.0,,,,,4.49415,1.79367,4.4383,1.445
fmz-TiCo-7-592,120,8.371151,35.8813,27.510149000000006,2.7510149000000004,"3,6",fmz,TiCo,N592,0.702361,2733.27,0.612933,0.4305,2591,0.2591,10.8,11.088382863759168,11.0,13.2,13.59167,5.62422,13.5086,1.445
fmz-TiCo-9-130,120,7.448163,11.12384,3.6756769999999994,0.36756769999999994,"3,6",fmz,TiCo,N130,1.49749,0.0,0.0,0.0,0,0.0,,,,,6.67178,2.41779,6.67027,1.445
fmz-TiCo-TATB,120,10.31452,65.20383,54.889309999999995,5.488930999999999,"3,6",fmz,TiCo,TATB,0.465852,4604.39,1.53182,0.7136,4989,0.4989,15.3,12.649228302264984,12.9,15.3,15.3962,7.9656,15.3962,1.445
fmz-TiMg-1-10,120,14.38203,22.11275,7.730719999999998,0.7730719999999998,"3,6",fmz,TiMg,N10,1.17503,0.0,0.0,0.0,0,0.0,,,,,6.3311,2.70845,6.26873,1.445
fmz-TiMg-12-639,120,17.36898,45.67172,28.30274,2.830274,"3,6",fmz,TiMg,N639,0.718271,3477.38,0.545198,0.3916,2501,0.2501,8.8,7.779768092762897,8.0,9.2,9.61338,5.33865,9.28667,1.445
fmz-TiMg-13-126,120,13.60627,96.58012,82.97385,8.297385,"3,6",fmz,TiMg,N126,0.282207,6072.11,2.83941,0.8013,6473,0.6473,19.9,16.776981306967404,16.9,19.9,20.39645,10.89458,19.85289,1.445
fmz-TiMg-2-19,120,15.60558,22.4555,6.849920000000001,0.684992,"3,6",fmz,TiMg,N19,1.22197,0.0,0.0,0.0,0,0.0,,,,,6.38667,2.78977,6.30931,1.445
fmz-TiMg-3-20,120,17.85892,37.71647,19.85755,1.985755,"3,6",fmz,TiMg,N20,0.839558,2929.37,0.395089,0.3317,1873,0.1873,8.8,7.063587827015484,6.9,8.8,8.94215,4.41042,8.86581,1.445
fmz-TiMg-5-386,120,14.71819,115.0058,100.28761,10.028761,"3,6",fmz,TiMg,N386,0.227315,6728.4,3.672,0.8347,6933,0.6933,21.7,18.80777441223136,18.7,22.3,22.42654,13.00062,22.32203,1.445
fmz-TiMg-6-225,120,8.483676,11.85288,3.369204,0.3369204,"3,6",fmz,TiMg,N225,1.34744,0.0,0.0,0.0,0,0.0,,,,,4.5953,1.61294,4.53464,1.445
fmz-TiMg-7-592,120,10.62889,39.11045,28.48156,2.8481560000000004,"3,6",fmz,TiMg,N592,0.657994,2933.61,0.663076,0.4363,2672,0.2672,13.2,11.133233532934131,12.2,13.5,13.53011,5.71084,13.21657,1.445
fmz-TiMg-9-130,120,11.26775,16.52725,5.259499999999999,0.5259499999999999,"3,6",fmz,TiMg,N130,1.27442,0.0,0.0,0.0,0,0.0,,,,,6.51678,2.36768,6.34593,1.445
fmz-TiMg-TATB,120,14.65814,73.57732,58.91918,5.8919179999999995,"3,6",fmz,TiMg,TATB,0.414882,5274.37,1.73085,0.7181,5016,0.5016,13.0,12.352551834130782,13.0,15.3,15.36406,8.12098,15.35961,1.445
fmz-TiNi-1-10,120,8.666616,11.55397,2.887354,0.28873540000000003,"3,6",fmz,TiNi,N10,1.6173,0.0,0.0,0.0,0,0.0,,,,,6.27785,2.25281,6.27784,1.445
fmz-TiNi-12-639,120,13.75151,35.52812,21.77661,2.177661,"3,6",fmz,TiNi,N639,0.88183,2603.48,0.390438,0.3443,2128,0.2128,9.3,7.752913533834587,7.8,9.5,9.80932,5.05858,9.35665,1.445
fmz-TiNi-13-126,120,10.60018,86.56526,75.96508,7.596508,"3,6",fmz,TiNi,N126,0.318234,5498.46,2.47836,0.7887,6308,0.6308,16.2,16.79592580849715,16.2,20.5,20.88778,10.98757,20.54031,1.445
fmz-TiNi-2-19,120,8.492332,12.67375,4.181418000000001,0.41814180000000006,"3,6",fmz,TiNi,N19,1.66996,0.0,0.0,0.0,0,0.0,,,,,6.34411,2.28442,6.34004,1.445
fmz-TiNi-3-20,120,13.00345,27.39264,14.38919,1.4389189999999998,"3,6",fmz,TiNi,N20,1.09539,1849.21,0.214992,0.2355,1239,0.1239,8.6,7.408878127522196,8.5,8.7,8.78163,3.58342,8.60118,1.445
fmz-TiNi-5-386,120,11.19075,99.27717,88.08642,8.808642,"3,6",fmz,TiNi,N386,0.268342,6010.33,3.05841,0.8207,6709,0.6709,21.2,17.792323744224177,16.6,21.9,22.21564,11.74057,22.16362,1.445
fmz-TiNi-6-225,120,4.245505,7.19633,2.950825,0.2950825,"3,6",fmz,TiNi,N225,1.65998,0.0,0.0,0.0,0,0.0,,,,,4.15134,1.52897,3.91271,1.445
fmz-TiNi-7-592,120,9.123627,36.03609,26.912463000000002,2.6912463000000004,"3,6",fmz,TiNi,N592,0.707455,2744.77,0.61276,0.4335,2598,0.2598,12.3,10.71682063125481,11.1,12.5,13.13791,5.73553,11.27296,1.445
fmz-TiNi-9-130,120,8.620393,12.41059,3.790196999999999,0.3790196999999999,"3,6",fmz,TiNi,N130,1.51601,0.0,0.0,0.0,0,0.0,,,,,6.58558,2.52268,6.58128,1.445
fmz-TiNi-TATB,120,11.08548,64.04014,52.95465999999999,5.295465999999999,"3,6",fmz,TiNi,TATB,0.481487,4525.75,1.46525,0.7055,4830,0.483,15.5,12.347681159420288,11.8,15.5,15.57204,7.90781,15.57204,1.445
fsi-TiCo-10-607-D2h-D2d,120,10.15821,59.60841,49.450199999999995,4.9450199999999995,"4,6",fsi,TiCo,N607,0.485206,4205.31,1.40538,0.6819,4795,0.4795,14.3,12.95322210636079,14.0,15.1,15.14087,12.82672,15.14087,1.445
fsi-TiCo-11-662-D4h-T,120,10.63601,99.71602,89.08001,8.908001,"4,6",fsi,TiCo,N662,0.26382,5778.51,3.15746,0.833,6731,0.6731,21.5,17.832164611499035,18.3,21.3,21.52074,14.52083,21.38724,1.445
fsi-TiCo-12-693-Td,120,8.271311,16.89899,8.627679,0.8627679,"4,6",fsi,TiCo,N693,1.38545,1165.31,0.18485,0.2561,870,0.087,5.8,5.486091954022988,5.8,5.8,5.87637,4.43808,5.73835,1.445
fsi-TiCo-13-600-Td,120,10.92537,45.10111,34.17574,3.4175739999999997,"4,6",fsi,TiCo,N600,0.677031,3402.31,0.80085,0.5422,3414,0.3414,10.3,9.587697715289982,10.2,10.3,10.3885,8.28096,10.32308,1.445
fsi-TiCo-7-7-D2h-D2d,120,9.729773,32.07344,22.343666999999996,2.2343667,"4,6",fsi,TiCo,N7,0.94806,2168.1,0.506719,0.4804,2636,0.2636,8.9,8.591464339908955,8.8,9.1,9.13889,7.65816,8.98756,1.445
fsi-TiCo-8-644-D2h-D2d,120,8.597184,36.77181,28.174626000000004,2.8174626000000003,"4,6",fsi,TiCo,N644,0.795632,2527.37,0.658093,0.5236,3262,0.3262,11.3,10.561649294911096,10.8,11.3,11.32079,9.02021,11.32078,1.445
fsi-TiMg-10-607-D2h-D2d,120,14.29027,66.89123,52.60095999999999,5.260095999999999,"4,6",fsi,TiMg,N607,0.438129,4682.2,1.54201,0.6756,4775,0.4775,14.7,12.356146596858636,12.8,14.7,14.77553,11.17845,14.24204,1.445
fsi-TiMg-11-662-D4h-T,120,13.44222,106.4653,93.02308,9.302308,"4,6",fsi,TiMg,N662,0.246642,6229.83,3.37778,0.8331,6759,0.6759,19.2,17.424766977363515,18.8,20.0,20.08489,14.61969,19.47638,1.445
fsi-TiMg-12-693-Td,120,12.95809,22.58789,9.629800000000001,0.9629800000000002,"4,6",fsi,TiMg,N693,1.11262,1497.34,0.265679,0.2956,1176,0.1176,6.2,6.031377551020408,6.2,6.2,6.2712,5.0572,6.27117,1.445
fsi-TiMg-13-600-Td,120,15.38425,51.38023,35.995979999999996,3.5995979999999994,"4,6",fsi,TiMg,N600,0.591222,3880.18,0.932307,0.5512,3570,0.357,10.2,9.8172268907563,10.2,10.6,10.74387,8.41791,10.63993,1.445
fsi-TiMg-7-7-D2h-D2d,120,15.98622,39.4953,23.50908,2.350908,"4,6",fsi,TiMg,N7,0.795851,2718.18,0.618206,0.492,2669,0.2669,9.9,8.639040839265641,9.0,10.0,10.01156,7.01799,10.01156,1.445
fsi-TiMg-8-644-D2h-D2d,120,15.44482,47.82474,32.37992,3.2379919999999998,"4,6",fsi,TiMg,N644,0.649372,3208.69,0.836963,0.5435,3501,0.3501,12.0,11.325821193944586,12.0,12.1,12.17041,9.77671,12.13071,1.445
fsi-TiNi-10-607-D2h-D2d,120,10.40466,57.71611,47.31145,4.731145,"4,6",fsi,TiNi,N607,0.506196,4046.77,1.33604,0.6763,4687,0.4687,12.9,11.905248559846385,12.9,13.5,13.53593,12.07775,13.53593,1.445
fsi-TiNi-11-662-D4h-T,120,10.86639,97.51286,86.64647000000001,8.664647,"4,6",fsi,TiNi,N662,0.271395,5764.84,3.04869,0.8274,6613,0.6613,18.8,16.984379252986542,18.2,18.9,19.17916,13.27838,18.91424,1.445
fsi-TiNi-12-693-Td,120,8.25103,14.86805,6.61702,0.661702,"4,6",fsi,TiNi,N693,1.44561,1051.28,0.177364,0.2564,856,0.0856,5.4,5.275817757009346,5.4,5.4,5.44606,4.4782,5.3479,1.445
fsi-TiNi-13-600-Td,120,11.80358,42.82942,31.02584,3.102584,"4,6",fsi,TiNi,N600,0.70473,3296.1,0.741986,0.5229,3241,0.3241,10.0,9.22344955260722,9.8,10.0,10.07771,7.96061,10.06364,1.445
fsi-TiNi-7-7-D2h-D2d,120,8.447925,28.36702,19.919095,1.9919094999999998,"4,6",fsi,TiNi,N7,1.00933,1989.07,0.438308,0.4424,2328,0.2328,8.0,7.927792096219932,8.1,8.4,8.44396,6.21419,8.44395,1.445
fsi-TiNi-8-644-D2h-D2d,120,8.08486,34.32271,26.23785,2.6237850000000003,"4,6",fsi,TiNi,N644,0.847386,2337.62,0.593354,0.5028,3016,0.3016,10.2,9.998076923076924,10.2,10.7,10.73133,8.43219,10.67252,1.445
hea-TiCo-10-607-D2h-D2d,120,10.66897,60.08395,49.41498,4.941498,"4,6",hea,TiCo,N607,0.485737,4409.19,1.37544,0.6681,4784,0.4784,16.4,15.230121237458192,16.3,16.4,16.43422,8.18967,16.41364,1.445
hea-TiCo-11-662-D4h-T,120,10.59644,103.6614,93.06496,9.306496,"4,6",hea,TiCo,N662,0.24846,5791.63,3.37237,0.8379,6885,0.6885,24.0,21.661292665214237,23.9,24.3,24.3129,14.78892,24.25724,1.445
hea-TiCo-12-693-Td,120,8.958811,13.42113,4.462318999999999,0.4462318999999999,"4,6",hea,TiCo,N693,1.55353,786.598,0.0930783,0.1446,410,0.041,5.3,4.854146341463414,5.3,5.3,5.35541,3.33028,5.35541,1.445
hea-TiCo-13-600-Td,120,10.37575,41.85067,31.47492,3.147492,"4,6",hea,TiCo,N600,0.717974,3190.57,0.737492,0.5295,3134,0.3134,11.2,9.849840459476706,11.0,11.4,11.4468,6.1702,11.43275,1.445
hea-TiCo-7-7-D2h-D2d,120,10.15602,34.25399,24.097970000000004,2.409797,"4,6",hea,TiCo,N7,0.92383,2304.8,0.575322,0.5315,2788,0.2788,10.6,10.076721664275466,10.6,10.6,10.6427,5.5755,10.60764,1.445
hea-TiCo-8-644-D2h-D2d,120,9.710983,42.96872,33.257737,3.3257737,"4,6",hea,TiCo,N644,0.739547,3027.51,0.833078,0.6161,3653,0.3653,12.0,11.348809197919518,12.0,12.0,12.07484,6.99801,12.07466,1.445
hea-TiMg-10-607-D2h-D2d,120,15.083,68.35194,53.26894,5.326894,"4,6",hea,TiMg,N607,0.428592,4952.46,1.59009,0.6815,4899,0.4899,18.0,16.667850581751377,17.4,18.0,18.05288,8.47532,17.99997,1.445
hea-TiMg-11-662-D4h-T,120,13.60815,112.1888,98.58065,9.858065,"4,6",hea,TiMg,N662,0.229252,6253.21,3.66889,0.8411,6909,0.6909,23.6,20.68956433637285,22.5,23.6,23.62857,14.78665,23.62857,1.445
hea-TiMg-12-693-Td,120,5.106815,12.52295,7.416135,0.7416134999999999,"4,6",hea,TiMg,N693,1.27675,1061.71,0.140435,0.1793,592,0.0592,5.7,5.325844594594594,5.7,5.7,5.79842,3.58642,5.70859,1.445
hea-TiMg-13-600-Td,120,14.98821,48.4103,33.42209,3.3422089999999995,"4,6",hea,TiMg,N600,0.633983,3575.17,0.844187,0.5352,3220,0.322,11.2,10.036739130434782,10.9,11.6,11.68701,6.26348,11.28973,1.445
hea-TiMg-7-7-D2h-D2d,120,16.83478,40.77536,23.94058,2.3940580000000002,"4,6",hea,TiMg,N7,0.780949,2760.23,0.670466,0.5236,2821,0.2821,10.6,10.101453385324351,10.6,10.6,10.68764,5.05726,10.54397,1.445
hea-TiMg-8-644-D2h-D2d,120,15.72215,52.83097,37.10882,3.7108820000000002,"4,6",hea,TiMg,N644,0.600468,3666.52,1.06434,0.6391,3958,0.3958,12.8,11.88292066700354,12.6,13.0,13.02431,7.41334,13.0243,1.445
hea-TiNi-10-607-D2h-D2d,120,11.5924,59.74105,48.14865,4.814865,"4,6",hea,TiNi,N607,0.491633,4375.27,1.36118,0.6692,4768,0.4768,16.6,15.391359060402683,16.4,16.6,16.63068,8.13276,16.60184,1.445
hea-TiNi-11-662-D4h-T,120,11.03817,103.2806,92.24243000000001,9.224243000000001,"4,6",hea,TiNi,N662,0.249932,5771.09,3.34772,0.8367,6861,0.6861,24.2,21.80078705728028,23.7,24.3,24.31778,15.12525,24.12682,1.445
hea-TiNi-12-693-Td,120,9.933553,13.51504,3.581487000000001,0.3581487000000001,"4,6",hea,TiNi,N693,1.55037,822.179,0.104749,0.1624,472,0.0472,5.4,4.858686440677967,5.2,5.4,5.48878,3.54905,5.48878,1.445
hea-TiNi-13-600-Td,120,11.6054,41.12844,29.523039999999998,2.952304,"4,6",hea,TiNi,N600,0.738382,3070.69,0.717244,0.5296,3087,0.3087,11.1,9.725817946226108,10.9,11.2,11.20305,6.59935,11.20303,1.445
hea-TiNi-7-7-D2h-D2d,120,11.7151,34.18697,22.471870000000003,2.2471870000000003,"4,6",hea,TiNi,N7,0.939826,2255.95,0.56021,0.5265,2770,0.277,10.4,9.922238267148014,10.4,10.4,10.42079,5.33125,10.42079,1.445
hea-TiNi-8-644-D2h-D2d,120,9.793228,42.67935,32.886122,3.2886122,"4,6",hea,TiNi,N644,0.739781,3022.38,0.839302,0.6209,3709,0.3709,12.0,11.334888110002696,12.0,12.0,12.09768,7.02361,12.04908,1.445
hwx-TiCo-1-10,120,11.51022,24.17199,12.66177,1.266177,"3,6",hwx,TiCo,N10,1.19115,2044.66,0.279394,0.3328,1268,0.1268,6.8,5.501261829652997,5.2,6.8,6.87995,4.69636,5.13362,1.445
hwx-TiCo-10-333,120,10.34348,51.08171,40.73823,4.073823,"3,6",hwx,TiCo,N333,0.607011,4065.43,1.06835,0.6485,3627,0.3627,9.7,8.874276261373035,9.2,9.7,9.76903,9.14203,9.66015,1.445
hwx-TiCo-11-516,120,10.05158,48.51258,38.461,3.8461,"3,6",hwx,TiCo,N516,0.6353,3800.39,1.0022,0.6367,3570,0.357,8.9,8.534845938375348,8.9,9.4,9.40048,7.90875,8.87685,1.445
hwx-TiCo-12-639,120,12.33777,47.48488,35.14711,3.5147109999999997,"3,6",hwx,TiCo,N639,0.704566,3431.59,0.87671,0.6177,3320,0.332,9.9,8.60237951807229,8.4,9.9,9.93603,7.68399,9.22029,1.445
hwx-TiCo-13-126,120,9.918395,91.29828,81.379885,8.1379885,"3,6",hwx,TiCo,N126,0.296312,5618.18,2.77309,0.8217,6420,0.642,15.2,14.748348909657322,15.1,15.9,15.93974,12.46516,15.93974,1.445
hwx-TiCo-2-19,120,10.37209,24.47384,14.10175,1.410175,"3,6",hwx,TiCo,N19,1.22682,1976.51,0.318547,0.3908,1564,0.1564,7.0,5.791560102301791,5.6,7.0,7.06822,4.75144,5.61265,1.445
hwx-TiCo-3-20,120,12.10871,40.18086,28.07215,2.8072150000000002,"3,6",hwx,TiCo,N20,0.839593,3009.54,0.582544,0.4891,2677,0.2677,8.4,7.238027642883825,7.2,8.4,8.46483,6.56824,7.91103,1.445
hwx-TiCo-4-410,120,10.02193,53.50888,43.48695,4.348695,"3,6",hwx,TiCo,N410,0.574856,4041.9,1.18256,0.6798,4083,0.4083,10.5,9.435880480039186,9.8,10.5,10.5088,8.75554,9.98755,1.445
hwx-TiCo-5-386,120,10.92993,108.2,97.27007,9.727007,"3,6",hwx,TiCo,N386,0.238511,6182.43,3.58349,0.8547,6994,0.6994,17.0,16.75261652845296,16.9,18.1,18.13947,16.89355,18.13947,1.445
hwx-TiCo-6-225,120,4.182021,6.107942,1.9259210000000007,0.19259210000000007,"3,6",hwx,TiCo,N225,1.66969,0.0,0.0,0.0,0,0.0,,,,,3.24829,1.96397,3.22765,1.445
hwx-TiCo-7-592,120,7.973509,27.1207,19.147191,1.9147191,"3,6",hwx,TiCo,N592,0.842223,2140.88,0.419248,0.3531,1532,0.1532,8.3,7.509856396866841,8.1,8.3,8.37686,5.18731,8.17054,1.445
hwx-TiCo-9-130,120,7.693786,14.62528,6.931494,0.6931494,"3,6",hwx,TiCo,N130,1.3951,1019.76,0.112393,0.1568,497,0.0497,5.8,5.024748490945674,4.9,5.8,5.85925,3.4863,4.95818,1.445
hwx-TiCo-TATB,120,10.15656,72.62848,62.47192,6.247192,"3,6",hwx,TiCo,TATB,0.405404,4717.38,1.91019,0.7744,5531,0.5531,12.5,13.51325257638763,13.9,14.7,14.73471,14.27184,14.48369,1.445
hwx-TiMg-1-10,120,15.06448,27.8545,12.790020000000002,1.2790020000000002,"3,6",hwx,TiMg,N10,1.0575,1961.12,0.251159,0.2656,969,0.0969,5.4,5.59329205366357,5.4,6.3,6.30848,4.20949,6.30846,1.445
hwx-TiMg-10-333,120,14.90669,58.45888,43.55219,4.355219,"3,6",hwx,TiMg,N333,0.524324,4554.53,1.27078,0.6663,3920,0.392,10.3,9.182806122448982,9.3,10.3,10.35097,8.37075,10.16149,1.445
hwx-TiMg-11-516,120,14.40118,54.39255,39.99137,3.999137,"3,6",hwx,TiMg,N516,0.562088,4276.94,1.13772,0.6395,3660,0.366,9.5,8.78032786885246,9.1,9.8,9.84025,7.81361,9.53216,1.445
hwx-TiMg-12-639,120,16.77873,53.77181,36.993080000000006,3.6993080000000007,"3,6",hwx,TiMg,N639,0.625379,4108.84,0.992519,0.6207,3179,0.3179,8.6,7.779993708713431,8.1,8.7,8.76322,6.14553,8.4312,1.445
hwx-TiMg-13-126,120,13.55282,99.99407,86.44125,8.644124999999999,"3,6",hwx,TiMg,N126,0.268703,6160.61,3.07887,0.8273,6506,0.6506,16.3,14.859790962188749,15.0,16.3,16.32851,12.45903,16.26908,1.445
hwx-TiMg-2-19,120,12.49212,28.17385,15.681730000000002,1.5681730000000003,"3,6",hwx,TiMg,N19,1.06319,2155.54,0.281416,0.2992,1060,0.106,6.1,5.345754716981132,5.2,6.1,6.17653,4.16801,5.566,1.445
hwx-TiMg-3-20,120,17.47529,44.41963,26.944339999999997,2.6944339999999998,"3,6",hwx,TiMg,N20,0.721452,3441.77,0.661167,0.477,2662,0.2662,8.2,7.679676934635612,8.0,8.4,8.41902,6.1291,8.41899,1.445
hwx-TiMg-4-410,120,15.02283,60.08164,45.05881,4.5058810000000005,"3,6",hwx,TiMg,N410,0.51094,4763.2,1.32794,0.6785,4010,0.401,9.3,9.475087281795512,9.9,11.0,11.03616,7.455,10.40652,1.445
hwx-TiMg-5-386,120,14.4572,123.8928,109.4356,10.94356,"3,6",hwx,TiMg,N386,0.204742,6844.25,4.20384,0.8607,7140,0.714,20.5,18.5909243697479,18.7,20.5,20.51839,18.01053,19.60428,1.445
hwx-TiMg-6-225,120,7.042349,8.710786,1.6684370000000008,0.1668437000000001,"3,6",hwx,TiMg,N225,1.45677,0.0,0.0,0.0,0,0.0,,,,,3.65635,1.57486,3.15449,1.445
hwx-TiMg-7-592,120,10.13603,30.00692,19.870890000000003,1.9870890000000003,"3,6",hwx,TiMg,N592,0.775019,2366.98,0.489536,0.3794,1705,0.1705,8.8,8.025454545454547,8.8,8.8,8.88309,5.11677,8.81145,1.445
hwx-TiMg-9-130,120,12.17363,19.33596,7.162330000000001,0.7162330000000001,"3,6",hwx,TiMg,N130,1.17295,1292.62,0.159257,0.1868,683,0.0683,5.9,5.215812591508053,5.2,5.9,5.95055,3.7696,5.31471,1.445
hwx-TiMg-TATB,120,14.46769,83.39566,68.92797,6.892797,"3,6",hwx,TiMg,TATB,0.349895,5376.92,2.23896,0.7834,5735,0.5735,16.0,14.428683522231912,15.2,16.0,16.08012,12.78286,16.08012,1.445
hwx-TiNi-1-10,120,11.02478,23.91082,12.886040000000001,1.288604,"3,6",hwx,TiNi,N10,1.21773,1931.51,0.271899,0.3311,1231,0.1231,5.9,5.342485783915516,5.3,5.9,5.94713,4.14336,5.4609,1.445
hwx-TiNi-10-333,120,11.05909,51.33584,40.27675,4.027675,"3,6",hwx,TiNi,N333,0.59913,4048.16,1.09175,0.6541,3795,0.3795,9.7,8.878181818181819,9.3,10.1,10.10056,8.96697,9.73208,1.445
hwx-TiNi-11-516,120,10.89338,48.29936,37.40598,3.740598,"3,6",hwx,TiNi,N516,0.638535,3846.76,0.993524,0.6344,3592,0.3592,9.1,8.466759465478843,8.7,9.6,9.68293,8.61834,9.3079,1.445
hwx-TiNi-12-639,120,13.54972,43.99678,30.44706,3.044706,"3,6",hwx,TiNi,N639,0.756999,3378.78,0.705681,0.5342,2967,0.2967,8.3,7.46943040107853,7.7,8.5,8.51905,6.00382,8.4501,1.445
hwx-TiNi-13-126,120,10.47588,90.92311,80.44722999999999,8.044723,"3,6",hwx,TiNi,N126,0.296503,5604.41,2.78513,0.8258,6461,0.6461,16.4,14.895465098282,15.2,16.4,16.46606,11.98994,15.85799,1.445
hwx-TiNi-2-19,120,9.146729,23.03674,13.890011000000001,1.3890011000000002,"3,6",hwx,TiNi,N19,1.25598,1858.85,0.305101,0.3832,1588,0.1588,6.1,5.99647355163728,6.1,6.4,6.49399,4.41568,6.18075,1.445
hwx-TiNi-3-20,120,12.63707,38.68284,26.045769999999997,2.604577,"3,6",hwx,TiNi,N20,0.845889,2767.9,0.575489,0.4868,2745,0.2745,7.8,8.91799635701275,9.7,10.4,10.43903,7.51,10.43903,1.445
hwx-TiNi-4-410,120,10.50346,53.12608,42.62262,4.262262,"3,6",hwx,TiNi,N410,0.57164,3967.08,1.17889,0.6739,4125,0.4125,11.6,10.041163636363637,10.6,11.6,11.66485,10.0854,11.66485,1.445
hwx-TiNi-5-386,120,11.23015,110.4858,99.25565,9.925565,"3,6",hwx,TiNi,N386,0.231267,6209.15,3.71303,0.8587,7058,0.7058,18.7,17.908628506659113,18.4,19.6,19.61202,18.34204,19.49116,1.445
hwx-TiNi-6-225,120,5.027431,5.878092,0.8506609999999997,0.08506609999999996,"3,6",hwx,TiNi,N225,1.70466,0.0,0.0,0.0,0,0.0,,,,,3.1539,2.09877,3.12195,1.445
hwx-TiNi-7-592,120,8.340504,27.57697,19.236466,1.9236466,"3,6",hwx,TiNi,N592,0.85063,2181.98,0.444377,0.378,1695,0.1695,8.7,7.900353982300884,8.4,8.7,8.79194,5.29444,8.52252,1.445
hwx-TiNi-9-130,120,8.287343,15.20244,6.915096999999999,0.6915096999999999,"3,6",hwx,TiNi,N130,1.42753,975.547,0.0954796,0.1363,453,0.0453,5.3,4.798454746136865,4.9,5.3,5.39848,3.51828,5.39848,1.445
hwx-TiNi-TATB,120,10.95855,70.42156,59.46301,5.946301,"3,6",hwx,TiNi,TATB,0.42116,4671.42,1.81119,0.7628,5425,0.5425,15.4,13.940663594470047,14.6,15.8,15.88845,11.53722,15.42289,1.445
sab-TiCo-1-10,120,7.963385,20.51447,12.551085,1.2551085,"3,6",sab,TiCo,N10,1.24596,1489.99,0.211644,0.2637,1139,0.1139,7.0,6.601053555750659,7.0,7.2,7.24673,6.33654,7.24671,1.445
sab-TiCo-10-333,120,9.542592,49.9168,40.374208,4.0374208000000005,"3,6",sab,TiCo,N333,0.598762,3835.96,1.0495,0.6284,3842,0.3842,12.2,10.155856324830816,9.6,12.2,12.23574,8.88189,12.21962,1.445
sab-TiCo-11-516,120,9.665093,48.25651,38.591417,3.8591417,"3,6",sab,TiCo,N516,0.626216,3758.48,0.976819,0.6117,3724,0.3724,11.3,9.756310418904404,9.6,11.4,11.4447,7.64495,9.67267,1.445
sab-TiCo-12-639,120,12.98193,46.73176,33.74983,3.3749830000000003,"3,6",sab,TiCo,N639,0.711715,3523.25,0.816479,0.5811,3176,0.3176,11.5,9.205541561712844,10.1,11.5,11.57035,9.16696,11.50443,1.445
sab-TiCo-13-126,120,10.27572,91.74494,81.46922,8.146922,"3,6",sab,TiCo,N126,0.293115,5574.99,2.80129,0.8211,6521,0.6521,19.0,16.544226345652508,16.5,18.8,19.04507,15.86801,18.54726,1.445
sab-TiCo-2-19,120,7.473327,21.24063,13.767302999999998,1.3767302999999997,"3,6",sab,TiCo,N19,1.26932,1641.68,0.24202,0.3072,1368,0.1368,8.4,7.475511695906433,7.8,8.4,8.46101,6.81318,8.46101,1.445
sab-TiCo-3-20,120,10.78017,37.56141,26.781240000000004,2.6781240000000004,"3,6",sab,TiCo,N20,0.854046,2795.66,0.49646,0.424,2473,0.2473,9.8,8.318156085725839,9.8,9.8,9.88469,8.04776,9.88469,1.445
sab-TiCo-4-410,120,9.652633,50.60474,40.952107,4.0952107,"3,6",sab,TiCo,N410,0.592894,3943.55,1.06528,0.6316,3946,0.3946,9.8,10.248656867714145,10.0,11.9,12.23993,8.63072,11.73382,1.445
sab-TiCo-5-386,120,11.07913,108.2205,97.14137,9.714137,"3,6",sab,TiCo,N386,0.238244,6217.44,3.58289,0.8536,6974,0.6974,17.5,18.87242615428735,18.2,21.9,21.9009,18.75297,21.85784,1.445
sab-TiCo-6-225,120,5.671709,10.5151,4.8433910000000004,0.4843391,"3,6",sab,TiCo,N225,1.41234,418.585,0.0509794,0.072,287,0.0287,6.1,5.690940766550522,6.1,6.2,6.27207,3.96322,6.18597,1.445
sab-TiCo-7-592,120,8.027047,42.11548,34.088432999999995,3.4088432999999996,"3,6",sab,TiCo,N592,0.623662,3629.17,0.847574,0.5286,3015,0.3015,10.8,10.500630182421228,10.8,12.1,12.20124,8.02385,10.95233,1.445
sab-TiCo-9-130,120,6.927745,14.01813,7.0903849999999995,0.7090384999999999,"3,6",sab,TiCo,N130,1.39677,821.664,0.0885615,0.1237,500,0.05,5.8,5.4808,5.8,5.8,5.85816,4.65587,5.85816,1.445
sab-TiCo-TATB,120,10.25315,69.31814,59.06499,5.906499,"3,6",sab,TiCo,TATB,0.429977,4738.51,1.7594,0.7565,5296,0.5296,15.5,13.051321752265862,12.0,15.5,15.53615,13.36206,15.53615,1.445
sab-TiMg-1-10,120,9.978759,18.00378,8.025020999999999,0.8025020999999999,"3,6",sab,TiMg,N10,1.10923,1448.38,0.136311,0.1512,570,0.057,5.3,4.909473684210527,5.0,5.5,5.57297,3.38342,5.17122,1.445
sab-TiMg-10-333,120,13.86027,57.851,43.99073,4.399073,"3,6",sab,TiMg,N333,0.517588,4431.24,1.22916,0.6362,3966,0.3966,11.8,10.200428643469492,9.9,12.1,12.17418,7.73017,12.17418,1.445
sab-TiMg-11-516,120,13.60252,55.2135,41.610980000000005,4.161098000000001,"3,6",sab,TiMg,N516,0.544632,4307.42,1.14628,0.6243,3848,0.3848,11.0,9.533549896049896,9.3,11.3,11.40071,7.07072,9.28344,1.445
sab-TiMg-12-639,120,17.67231,53.94873,36.27642,3.6276420000000003,"3,6",sab,TiMg,N639,0.623328,4103.8,0.941399,0.5868,3208,0.3208,10.8,8.685754364089776,9.1,10.6,10.83042,8.6317,10.74414,1.445
sab-TiMg-13-126,120,13.68937,99.92928,86.23991000000001,8.623991,"3,6",sab,TiMg,N126,0.269783,6160.76,3.05912,0.8253,6531,0.6531,14.9,15.220379727453684,14.9,17.6,17.85941,14.21589,16.55613,1.445
sab-TiMg-2-19,120,11.65363,28.15734,16.50371,1.6503710000000003,"3,6",sab,TiMg,N19,1.00325,2207.97,0.345177,0.3463,1644,0.1644,8.9,7.809063260340633,8.3,8.9,8.97412,7.50541,8.97411,1.445
sab-TiMg-3-20,120,15.76426,43.80296,28.0387,2.80387,"3,6",sab,TiMg,N20,0.728269,3351.23,0.587832,0.4281,2609,0.2609,9.4,8.12265235722499,9.0,9.4,9.47946,7.46207,9.45964,1.445
sab-TiMg-4-410,120,14.40155,59.63475,45.2332,4.52332,"3,6",sab,TiMg,N410,0.51345,4637.08,1.24822,0.6409,4048,0.4048,9.4,9.888636363636364,9.7,11.7,11.79677,8.13313,11.75544,1.445
sab-TiMg-5-386,120,14.91051,119.0578,104.14729,10.414729,"3,6",sab,TiMg,N386,0.215976,6765.71,3.96525,0.8564,7019,0.7019,23.6,19.08821769482832,20.5,23.6,23.62757,20.3749,23.57278,1.445
sab-TiMg-6-225,120,8.620379,14.83755,6.2171710000000004,0.6217171,"3,6",sab,TiMg,N225,1.1798,611.165,0.0715378,0.0844,342,0.0342,5.7,5.454093567251462,5.7,5.9,5.91455,3.92031,5.91453,1.445
sab-TiMg-7-592,120,10.91778,48.41164,37.49386,3.749386,"3,6",sab,TiMg,N592,0.571997,4128.87,0.946508,0.5414,3059,0.3059,10.5,9.018764302059497,8.6,10.7,10.7175,6.92552,10.7175,1.445
sab-TiMg-9-130,120,9.408456,17.44733,8.038874000000002,0.8038874000000001,"3,6",sab,TiMg,N130,1.17702,1014.79,0.118944,0.14,611,0.0611,6.3,5.895744680851064,6.3,6.3,6.37083,4.91883,6.37051,1.445
sab-TiMg-TATB,120,14.47428,78.80244,64.32816,6.432816,"3,6",sab,TiMg,TATB,0.380194,5329.42,2.02002,0.768,5431,0.5431,16.0,13.370079175105872,12.0,16.0,16.05888,13.34307,16.05806,1.445
sab-TiNi-1-10,120,8.875554,16.16745,7.2918959999999995,0.7291896,"3,6",sab,TiNi,N10,1.36688,1213.41,0.122688,0.1677,629,0.0629,5.7,5.2365659777424485,5.5,5.8,5.87158,4.10673,5.87158,1.445
sab-TiNi-10-333,120,10.15755,48.98066,38.82311,3.882311,"3,6",sab,TiNi,N333,0.616763,3562.33,1.00654,0.6208,3757,0.3757,12.9,10.859063082246474,11.2,12.9,12.93751,8.89491,12.90564,1.445
sab-TiNi-11-516,120,10.33735,48.22649,37.88914,3.7889139999999997,"3,6",sab,TiNi,N516,0.62835,3641.4,0.979709,0.6156,3782,0.3782,11.9,9.97043892120571,9.5,11.9,11.90452,6.98931,9.50469,1.445
sab-TiNi-12-639,120,14.00453,46.47799,32.473459999999996,3.2473459999999994,"3,6",sab,TiNi,N639,0.724499,3431.63,0.796965,0.5774,3123,0.3123,11.2,9.134229907140568,10.4,11.2,11.29991,9.16515,11.29991,1.445
sab-TiNi-13-126,120,10.58869,90.56754,79.97885,7.997884999999999,"3,6",sab,TiNi,N126,0.298121,5509.77,2.7509,0.8201,6462,0.6462,19.0,16.833101207056636,16.8,19.0,19.05607,15.6323,19.05607,1.445
sab-TiNi-2-19,120,8.054162,20.15143,12.097268000000001,1.2097268,"3,6",sab,TiNi,N19,1.31723,1529.88,0.221905,0.2923,1255,0.1255,8.1,7.1904382470119526,7.6,8.1,8.19303,6.74583,8.19301,1.445
sab-TiNi-3-20,120,12.47501,36.95472,24.479710000000004,2.4479710000000003,"3,6",sab,TiNi,N20,0.874642,2751.27,0.560686,0.4904,2558,0.2558,9.7,8.171774824081314,9.6,9.7,9.74737,8.2084,9.74737,1.445
sab-TiNi-4-410,120,10.70771,50.36925,39.66154,3.9661540000000004,"3,6",sab,TiNi,N410,0.603679,3829.57,1.03847,0.6269,3886,0.3886,9.2,10.231343283582088,10.0,12.0,12.30596,8.16797,12.30596,1.445
sab-TiNi-5-386,120,11.1336,106.4952,95.3616,9.536159999999999,"3,6",sab,TiNi,N386,0.243951,6187.63,3.47898,0.8487,6925,0.6925,21.2,18.576953068592054,17.6,21.8,21.83145,18.41343,21.79078,1.445
sab-TiNi-6-225,120,6.210864,9.498575,3.2877110000000007,0.3287711000000001,"3,6",sab,TiNi,N225,1.52992,343.009,0.040525,0.062,211,0.0211,4.9,4.616587677725119,4.8,4.9,4.99768,4.17654,4.99764,1.445
sab-TiNi-7-592,120,8.860467,42.99625,34.135783,3.4135783,"3,6",sab,TiNi,N592,0.624623,3548.91,0.853315,0.533,3080,0.308,8.7,10.323214285714286,10.4,12.0,12.10103,7.77494,10.52186,1.445
sab-TiNi-9-130,120,7.73367,13.61418,5.880509999999999,0.5880509999999999,"3,6",sab,TiNi,N130,1.43564,781.522,0.0842827,0.121,476,0.0476,5.9,5.468067226890756,5.9,5.9,5.94813,4.61295,5.94434,1.445
sab-TiNi-TATB,120,11.16086,68.55245,57.391589999999994,5.739158999999999,"3,6",sab,TiNi,TATB,0.438862,4652.38,1.71922,0.7545,5240,0.524,11.0,13.22333969465649,12.3,15.9,15.90779,13.29064,15.88301,1.445
sit-TiCo-1-10,120,10.94203,23.64051,12.698479999999998,1.2698479999999999,"3,6",sit,TiCo,N10,1.18385,1879.16,0.340584,0.4032,1417,0.1417,6.2,5.91729004940014,6.2,6.2,6.22383,4.99344,6.18718,1.445
sit-TiCo-10-333,120,10.2712,54.06137,43.790169999999996,4.379016999999999,"3,6",sit,TiCo,N333,0.567545,4158.35,1.16255,0.6598,4048,0.4048,11.5,10.60679347826087,11.5,11.7,11.71205,8.62522,11.71205,1.445
sit-TiCo-11-516,120,10.21061,51.98687,41.77626,4.177626,"3,6",sit,TiCo,N516,0.59169,4079.49,1.0421,0.6166,3887,0.3887,11.1,10.10398765114484,11.1,11.2,11.24012,7.77213,11.05538,1.445
sit-TiCo-12-639,120,12.5488,49.49872,36.94992,3.694992,"3,6",sit,TiCo,N639,0.679036,3629.17,0.890379,0.6046,3398,0.3398,9.7,9.198351971748089,9.7,9.8,9.80592,8.19188,9.76203,1.445
sit-TiCo-13-126,120,10.00631,95.13323,85.12692,8.512692,"3,6",sit,TiCo,N126,0.277101,5596.62,3.06423,0.8491,6751,0.6751,19.1,17.860391053177306,17.9,19.1,19.11926,16.50628,19.11926,1.445
sit-TiCo-2-19,120,9.918988,24.06936,14.150371999999999,1.4150372,"3,6",sit,TiCo,N19,1.22669,1924.22,0.365619,0.4485,1639,0.1639,6.4,6.116229408175717,6.4,6.5,6.5331,5.25496,6.53308,1.445
sit-TiCo-3-20,120,11.57206,42.32649,30.75443,3.075443,"3,6",sit,TiCo,N20,0.788956,3021.7,0.730205,0.5761,3090,0.309,8.7,8.386310679611649,8.7,8.7,8.77307,7.72745,8.70378,1.445
sit-TiCo-4-410,120,10.21027,53.77107,43.5608,4.35608,"3,6",sit,TiCo,N410,0.576303,4085.76,1.14714,0.6611,4046,0.4046,11.6,10.732081067721206,11.6,11.6,11.65761,9.10221,11.62446,1.445
sit-TiCo-5-386,120,10.92015,109.6043,98.68414999999999,9.868414999999999,"3,6",sit,TiCo,N386,0.233473,6188.07,3.72121,0.8688,7100,0.71,20.5,19.512591549295774,19.8,20.5,20.51763,16.54881,20.51761,1.445
sit-TiCo-6-225,120,2.812314,3.978463,1.1661489999999999,0.1166149,"3,6",sit,TiCo,N225,1.69055,0.0,0.0,0.0,0,0.0,,,,,3.61665,1.61853,3.46422,1.445
sit-TiCo-7-592,120,8.83524,44.77648,35.94124,3.594124,"3,6",sit,TiCo,N592,0.611781,3768.91,0.893621,0.5467,3098,0.3098,8.8,8.861168495803744,8.9,9.5,9.56763,6.90732,8.93421,1.445
sit-TiCo-9-130,120,8.213986,16.62664,8.412653999999998,0.8412653999999998,"3,6",sit,TiCo,N130,1.33859,1168.6,0.186465,0.2496,711,0.0711,5.7,5.30450070323488,5.7,5.7,5.74959,3.87094,5.74943,1.445
sit-TiCo-TATB,120,10.17102,72.4712,62.30018,6.230017999999999,"3,6",sit,TiCo,TATB,0.408716,4759.05,1.85606,0.7586,5572,0.5572,14.1,13.552763819095478,14.1,14.1,14.17876,12.02535,14.06781,1.445
sit-TiMg-1-10,120,16.11173,33.36789,17.25616,1.725616,"3,6",sit,TiMg,N10,0.931336,2688.83,0.466534,0.4345,1600,0.16,6.3,5.934437500000001,5.9,6.3,6.32754,4.90782,6.31117,1.445
sit-TiMg-10-333,120,15.08096,61.17483,46.09387,4.609387,"3,6",sit,TiMg,N333,0.503705,4800.58,1.30553,0.6576,4068,0.4068,10.4,9.428048180924288,9.9,10.4,10.48253,7.93405,10.35727,1.445
sit-TiMg-11-516,120,14.65472,59.30881,44.654090000000004,4.465409,"3,6",sit,TiMg,N516,0.522792,4695.47,1.2351,0.6457,3963,0.3963,10.5,9.470047943477164,10.0,10.5,10.568,7.45602,10.56737,1.445
sit-TiMg-12-639,120,17.77858,55.93193,38.15335,3.815335,"3,6",sit,TiMg,N639,0.608441,4362.68,1.0024,0.6099,3353,0.3353,8.4,7.755263942737847,7.8,8.4,8.46108,6.85394,8.46108,1.445
sit-TiMg-13-126,120,13.58912,103.9661,90.37698,9.037698,"3,6",sit,TiMg,N126,0.254059,6177.86,3.34096,0.8488,6742,0.6742,17.2,16.040121625630377,16.5,17.2,17.21905,14.56337,17.21905,1.445
sit-TiMg-2-19,120,13.52737,29.36421,15.83684,1.583684,"3,6",sit,TiMg,N19,1.01571,2485.9,0.372842,0.3787,1364,0.1364,5.7,5.834970674486804,6.2,6.3,6.32903,4.49462,6.32551,1.445
sit-TiMg-3-20,120,17.28821,46.2802,28.99199,2.8991990000000003,"3,6",sit,TiMg,N20,0.711476,3596.61,0.765872,0.5449,2804,0.2804,7.4,7.02339514978602,7.3,7.5,7.56235,6.03294,7.56234,1.445
sit-TiMg-4-410,120,14.82091,61.40777,46.58686,4.658686,"3,6",sit,TiMg,N410,0.498089,4749.86,1.34133,0.6681,4230,0.423,11.1,9.859810874704491,10.5,11.1,11.12394,8.90536,11.12394,1.445
sit-TiMg-5-386,120,14.99025,123.5376,108.54735,10.854735,"3,6",sit,TiMg,N386,0.205974,6765.41,4.23646,0.8726,7227,0.7227,21.1,20.578386605783862,21.1,21.2,21.21349,17.33348,21.11846,1.445
sit-TiMg-6-225,120,7.140286,12.30801,5.167724,0.5167724,"3,6",sit,TiMg,N225,1.17969,0.0,0.0,0.0,0,0.0,,,,,4.74607,2.17114,4.74422,1.445
sit-TiMg-7-592,120,11.26409,49.58066,38.31657,3.831657,"3,6",sit,TiMg,N592,0.568969,4206.67,0.972285,0.5532,3199,0.3199,8.9,8.28333854329478,8.7,9.1,9.18036,6.88116,8.98653,1.445
sit-TiMg-9-130,120,13.47205,23.60233,10.130279999999999,1.0130279999999998,"3,6",sit,TiMg,N130,1.0862,1554.05,0.280152,0.3043,1023,0.1023,6.3,5.844868035190616,6.3,6.3,6.36127,4.3782,6.29053,1.445
sit-TiMg-TATB,120,14.5645,80.64774,66.08324,6.6083240000000005,"3,6",sit,TiMg,TATB,0.370322,5420.68,2.08386,0.7717,5489,0.5489,13.0,12.1279468026963,12.9,13.0,13.03376,10.63548,12.9711,1.445
sit-TiNi-1-10,120,10.529,22.14466,11.615659999999998,1.1615659999999999,"3,6",sit,TiNi,N10,1.21565,1837.09,0.309629,0.3764,1247,0.1247,5.9,5.611788291900561,5.9,5.9,5.96492,4.62584,5.64587,1.445
sit-TiNi-10-333,120,11.32017,53.10578,41.785610000000005,4.178561,"3,6",sit,TiNi,N333,0.581384,4090.71,1.07795,0.6267,3957,0.3957,10.5,9.593682082385644,10.5,10.5,10.58147,8.08044,10.51111,1.445
sit-TiNi-11-516,120,11.12793,51.1306,40.00267,4.000267,"3,6",sit,TiNi,N516,0.609748,3994.22,1.03994,0.6341,3762,0.3762,10.5,9.349149388623072,10.2,10.5,10.50443,7.40962,10.25604,1.445
sit-TiNi-12-639,120,13.61523,47.42928,33.814049999999995,3.3814049999999995,"3,6",sit,TiNi,N639,0.705643,3523.54,0.845328,0.5965,3245,0.3245,9.0,8.350107858243453,8.5,9.0,9.01902,7.39381,8.84388,1.445
sit-TiNi-13-126,120,10.49636,92.66731,82.17095,8.217095,"3,6",sit,TiNi,N126,0.286333,5622.5,2.95809,0.847,6659,0.6659,17.4,15.969244631326026,16.4,17.4,17.47982,14.6314,17.47982,1.445
sit-TiNi-2-19,120,8.995277,21.87016,12.874882999999999,1.2874883,"3,6",sit,TiNi,N19,1.23427,1953.78,0.34012,0.4198,1604,0.1604,6.2,5.899750623441397,6.2,6.3,6.34922,4.97518,6.16739,1.445
sit-TiNi-3-20,120,12.93094,39.14965,26.21871,2.621871,"3,6",sit,TiNi,N20,0.845523,2927.95,0.636647,0.5383,2697,0.2697,7.4,7.173044123099739,7.3,7.4,7.49212,6.34258,7.49211,1.445
sit-TiNi-4-410,120,11.02317,50.79309,39.76992,3.976992,"3,6",sit,TiNi,N410,0.606456,3928.94,1.0441,0.6332,3821,0.3821,10.4,9.500026171159382,10.0,10.4,10.40981,9.02056,10.40979,1.445
sit-TiNi-5-386,120,11.06129,109.85,98.78871,9.878871,"3,6",sit,TiNi,N386,0.233896,6193.03,3.7243,0.8711,7106,0.7106,20.5,19.788967070081625,20.3,20.5,20.53749,16.46344,20.28088,1.445
sit-TiNi-6-225,120,3.410829,5.459609,2.0487800000000003,0.20487800000000003,"3,6",sit,TiNi,N225,1.58981,0.0,0.0,0.0,0,0.0,,,,,3.41505,1.66443,3.10283,1.445
sit-TiNi-7-592,120,9.396466,43.44428,34.047814,3.4047814,"3,6",sit,TiNi,N592,0.626115,3783.9,0.866774,0.5427,3066,0.3066,8.9,8.267025440313112,8.5,9.2,9.29062,6.73968,9.29062,1.445
sit-TiNi-9-130,120,8.392316,17.11828,8.725964,0.8725963999999999,"3,6",sit,TiNi,N130,1.35523,1155.76,0.194727,0.2639,754,0.0754,5.8,5.408488063660477,5.8,5.8,5.84018,3.95739,5.8171,1.445
sit-TiNi-TATB,120,10.85459,71.25712,60.40253,6.040253,"3,6",sit,TiNi,TATB,0.416062,4758.33,1.80742,0.752,5489,0.5489,13.1,12.563654581891054,13.1,13.2,13.2161,11.40352,13.21608,1.445
stp-TiCo-1-445-D4h,120,8.643978,31.24464,22.600662,2.2600662,"4,6",stp,TiCo,N445,0.953741,1497.58,0.571644,0.5452,3743,0.3743,14.3,14.2764360138926,14.3,14.3,14.3583,13.92722,14.3583,1.445
stp-TiCo-11-662-D4h-T,120,11.27624,114.1266,102.85036,10.285036,"4,6",stp,TiCo,N662,0.215625,5718.19,4.02875,0.8687,7390,0.739,29.7,27.601299052774017,29.7,29.7,29.7732,26.07526,29.71886,1.445
stp-TiCo-2-13-D4h,120,9.52133,38.71935,29.19802,2.919802,"4,6",stp,TiCo,N13,0.785293,1809.9,0.757297,0.5947,4210,0.421,15.8,15.779596199524942,15.8,15.8,15.81347,15.12752,15.81343,1.445
stp-TiMg-1-445-D4h,120,13.60744,37.61691,24.009469999999997,2.4009469999999995,"4,6",stp,TiMg,N445,0.82274,1817.24,0.684663,0.5633,3922,0.3922,14.0,13.851453340132586,14.0,14.0,14.02559,12.87584,14.02558,1.445
stp-TiMg-11-662-D4h-T,120,14.39082,126.4165,112.02568,11.202568,"4,6",stp,TiMg,N662,0.193001,6132.38,4.52485,0.8733,7496,0.7496,30.8,28.34159551760939,30.8,30.8,30.8115,26.96969,30.8115,1.445
stp-TiMg-2-13-D4h,120,13.96437,43.7405,29.776129999999995,2.9776129999999994,"4,6",stp,TiMg,N13,0.675388,2124.13,0.854324,0.577,4127,0.4127,16.3,16.229609886115824,16.3,16.3,16.33338,15.1194,16.32323,1.445
stp-TiNi-1-445-D4h,120,1.982803,2.813983,0.8311799999999998,0.08311799999999998,"4,6",stp,TiNi,N445,2.09944,0.0,0.0,0.0,0,0.0,,,,,3.53491,1.25589,2.72294,1.445
stp-TiNi-11-662-D4h-T,120,11.90735,114.04,102.13265000000001,10.213265000000002,"4,6",stp,TiNi,N662,0.217146,5751.93,3.99363,0.8672,7396,0.7396,29.1,26.693442401298,29.1,29.1,29.10213,25.38517,28.66078,1.445
stp-TiNi-2-13-D4h,120,10.79346,39.0511,28.25764,2.825764,"4,6",stp,TiNi,N13,0.802802,1779.55,0.746511,0.5993,4217,0.4217,15.3,15.258643585487317,15.3,15.3,15.36254,14.84854,15.36252,1.445
ttp-TiCo-10-607-D2h-D2d,120,10.82291,74.59256,63.769650000000006,6.376965,"3,6",ttp,TiCo,N607,0.352613,4269.48,2.25999,0.7969,6212,0.6212,23.9,23.25618158403091,23.9,23.9,23.9521,22.07725,23.9521,1.445
ttp-TiCo-3-1-D2h,120,9.515491,40.33845,30.822959,3.0822959,"4,6",stp,TiCo,N1,0.747419,1890.23,0.846513,0.6327,4510,0.451,15.6,15.51711751662971,15.6,15.6,15.64301,15.1423,15.64299,1.445
ttp-TiCo-4-12-D2h,120,10.48879,51.31984,40.83105,4.083105,"3,6",ttp,TiCo,N12,0.546308,3514.8,1.18212,0.6458,4534,0.4534,16.5,15.87838553153948,16.5,16.5,16.56382,14.97453,16.56381,1.445
ttp-TiCo-8-644-D2h-D2d,120,8.809903,52.59858,43.788677,4.3788677,"4,6",stp,TiCo,N644,0.51148,2906.12,1.40905,0.7207,5545,0.5543,17.5,17.273669972948603,17.5,17.5,17.59156,16.75544,17.59155,1.445
ttp-TiCo-9-201-D2h-D2d,120,10.04372,77.55129,67.50756999999999,6.750756999999998,"4,6",stp,TiCo,N201,0.334866,3671.45,2.41888,0.81,6666,0.6666,26.8,26.604560456045604,26.8,26.8,26.88359,25.24071,26.88359,1.445
ttp-TiMg-10-607-D2h-D2d,120,15.11623,84.79896,69.68272999999999,6.968272999999999,"3,6",ttp,TiMg,N607,0.308583,4939.9,2.6437,0.8158,6417,0.6417,24.5,23.520445691132924,24.5,24.5,24.54748,22.66123,24.54748,1.445
ttp-TiMg-3-1-D2h,120,15.03662,46.7254,31.68878,3.1688780000000003,"4,6",stp,TiMg,N1,0.635075,2200.95,0.980356,0.6226,4555,0.4555,16.8,16.793347969264545,16.8,16.8,16.89193,16.65213,16.88383,1.445
ttp-TiMg-4-12-D2h,120,15.41759,61.30896,45.891369999999995,4.589136999999999,"3,6",ttp,TiMg,N12,0.465909,4225.33,1.42925,0.6659,4692,0.4692,16.5,15.43493179880648,16.5,16.5,16.57888,14.65508,16.50283,1.445
ttp-TiMg-8-644-D2h-D2d,120,15.02419,65.61644,50.59224999999999,5.059225,"4,6",stp,TiMg,N644,0.412,3406.72,1.78519,0.7355,5793,0.5793,21.8,21.758846884170552,21.8,21.8,21.8415,21.60331,21.83804,1.445
ttp-TiMg-9-201-D2h-D2d,120,14.45962,87.04575,72.58613,7.2586129999999995,"4,6",stp,TiMg,N201,0.305588,4297.25,2.64146,0.8072,6622,0.6622,25.1,24.34510721836304,25.1,25.1,25.14777,23.35751,25.14777,1.445
ttp-TiNi-10-607-D2h-D2d,120,10.88038,73.71166,62.83127999999999,6.283128,"3,6",ttp,TiNi,N607,0.358062,4283.72,2.2133,0.7925,6192,0.6192,23.4,22.579312015503877,23.4,23.4,23.48168,21.50207,23.4612,1.445
ttp-TiNi-3-1-D2h,120,11.06158,40.85059,29.789009999999998,2.9789009999999996,"4,6",stp,TiNi,N1,0.755273,1831.33,0.849759,0.6418,4619,0.4619,16.4,16.39919896081403,16.4,16.4,16.47824,16.20137,16.47823,1.445
ttp-TiNi-4-12-D2h,120,11.10329,51.21436,40.11107,4.011107,"3,6",ttp,TiNi,N12,0.554895,3473.81,1.15517,0.641,4520,0.452,16.4,15.793606194690264,16.4,16.4,16.46716,14.46604,16.46159,1.445
ttp-TiNi-8-644-D2h-D2d,120,8.718648,54.60348,45.884831999999996,4.5884832,"4,6",stp,TiNi,N644,0.491372,2876.47,1.49846,0.7363,5753,0.5753,20.8,20.760837823744133,20.8,20.8,20.87146,20.29765,20.87144,1.445
ttp-TiNi-9-201-D2h-D2d,120,10.79279,77.62154,66.82875,6.682875,"4,6",stp,TiNi,N201,0.33955,3598.98,2.38227,0.8089,6660,0.666,26.9,26.761996996996995,26.9,26.9,26.9356,25.15776,26.9356,1.445
ttx-TiCo-10-607-D2h-D2d,120,10.46225,67.1475,56.685249999999996,5.668525,"3,6",ttx,TiCo,N607,0.41109,4421.5,1.79133,0.7364,5590,0.559,19.0,17.881610017889088,19.0,19.0,19.05468,18.31854,19.05468,1.445
ttx-TiCo-3-1-D2h,120,9.756196,35.48824,25.732044,2.5732044,"3,6",ttx,TiCo,N1,0.886007,1728.54,0.635774,0.5633,3680,0.368,13.4,13.393505434782613,13.4,13.4,13.41679,11.89863,13.41679,1.445
ttx-TiCo-4-12-D2h,120,10.80148,54.90501,44.10353,4.410353,"4,6",stp,TiCo,N12,0.487799,3790.01,1.37167,0.6691,5033,0.5033,19.8,18.94814226107689,19.8,19.8,19.81351,18.21161,19.81349,1.445
ttx-TiCo-5-665-D2h,120,11.36699,67.55386,56.18687,5.6186869999999995,"4,6",stp,TiCo,N665,0.398077,4133.12,1.80694,0.7193,5758,0.5758,22.1,21.44230635637374,22.1,22.1,22.14149,21.70359,22.14148,1.445
ttx-TiCo-6-614-D2h,120,11.08792,80.89745,69.80953000000001,6.980953000000001,"4,6",stp,TiCo,N614,0.339242,4734.97,2.28303,0.7745,6201,0.6201,23.5,22.40185453959039,23.5,23.5,23.50523,22.48052,23.50523,1.445
ttx-TiCo-7-7-D2h-D2d,120,8.742475,38.88968,30.147205,3.0147205,"3,6",ttx,TiCo,N7,0.789486,2319.24,0.747828,0.5904,3804,0.3804,13.2,13.131177707676128,13.2,13.2,13.28556,11.73804,13.28552,1.445
ttx-TiCo-8-644-D2h-D2d,120,8.4808,44.49854,36.017739999999996,3.601774,"3,6",ttx,TiCo,N644,0.669655,3065.53,0.974232,0.6524,4177,0.4177,13.6,13.314603782619104,13.6,13.6,13.62669,12.08277,13.60697,1.445
ttx-TiMg-10-607-D2h-D2d,120,14.34831,75.48783,61.139520000000005,6.113952,"3,6",ttx,TiMg,N607,0.37037,4832.83,2.00151,0.7413,5634,0.5634,18.4,17.190592829250974,18.4,18.4,18.44644,17.34487,18.44644,1.445
ttx-TiMg-3-1-D2h,120,15.39006,41.36201,25.97195,2.597195,"3,6",ttx,TiMg,N1,0.749671,2101.88,0.740324,0.555,3582,0.3582,12.5,12.397934115019542,12.5,12.5,12.55513,11.96861,12.52709,1.445
ttx-TiMg-4-12-D2h,120,15.56397,64.938,49.374030000000005,4.937403000000001,"4,6",stp,TiMg,N12,0.416793,4353.2,1.65142,0.6883,5282,0.5282,20.9,19.977811435062478,20.9,20.9,20.91664,19.20896,20.91635,1.445
ttx-TiMg-5-665-D2h,120,14.93155,76.02773,61.096180000000004,6.109618,"4,6",stp,TiMg,N665,0.351723,4756.13,2.2131,0.7784,5869,0.5869,21.5,20.33883114670302,21.5,21.5,21.51228,19.90337,21.51227,1.445
ttx-TiMg-6-614-D2h,120,14.9199,91.08957,76.16967,7.616967,"4,6",stp,TiMg,N614,0.301183,5214.24,2.72923,0.822,6424,0.6424,24.0,22.86411892901619,24.0,24.0,24.04196,23.40595,23.96355,1.445
ttx-TiMg-7-7-D2h-D2d,120,16.05325,46.60962,30.55637,3.055637,"3,6",ttx,TiMg,N7,0.677766,2887.11,0.878327,0.5953,3699,0.3699,12.1,11.716409840497432,12.1,12.1,12.11857,11.0884,12.11345,1.445
ttx-TiMg-8-644-D2h-D2d,120,14.64116,55.19688,40.55572,4.055572,"3,6",ttx,TiMg,N644,0.562354,3606.35,1.19462,0.6718,4367,0.4367,14.1,13.75223265399588,14.1,14.1,14.16319,12.98487,14.16305,1.445
ttx-TiNi-10-607-D2h-D2d,120,11.11016,65.62046,54.510299999999994,5.451029999999999,"3,6",ttx,TiNi,N607,0.424293,4363.57,1.74125,0.7388,5507,0.5507,18.0,16.912238968585438,18.0,18.0,18.04293,17.3592,18.04292,1.445
ttx-TiNi-3-1-D2h,120,11.17777,35.85498,24.677209999999995,2.4677209999999996,"3,6",ttx,TiNi,N1,0.901744,1691.16,0.632552,0.5704,3711,0.3711,13.2,13.196308272702776,13.2,13.2,13.25456,11.59129,13.25455,1.445
ttx-TiNi-4-12-D2h,120,11.63867,54.98311,43.344440000000006,4.334444,"4,6",stp,TiNi,N12,0.497697,3729.06,1.34218,0.668,4985,0.4985,18.9,18.200561685055163,18.9,18.9,18.92768,17.90558,18.92768,1.445
ttx-TiNi-5-665-D2h,120,12.28053,67.40955,55.12902,5.5129019999999995,"4,6",stp,TiNi,N665,0.404664,4075.72,1.88156,0.7614,5841,0.5841,22.0,21.40239684985448,22.0,22.0,22.02095,21.03315,22.02091,1.445
ttx-TiNi-6-614-D2h,120,11.77383,80.06379,68.28996,6.828995999999999,"4,6",stp,TiNi,N614,0.344995,4667.12,2.30902,0.7966,6271,0.6271,22.7,21.65279859671504,22.7,22.7,22.78407,21.54934,22.78379,1.445
ttx-TiNi-7-7-D2h-D2d,120,9.517102,37.96193,28.444828,2.8444828,"3,6",ttx,TiNi,N7,0.814635,2180.96,0.714431,0.582,3739,0.3739,12.6,12.546055094945173,12.6,12.6,12.63549,11.38817,12.61639,1.445
ttx-TiNi-8-644-D2h-D2d,120,9.070954,43.65306,34.582106,3.4582106,"3,6",ttx,TiNi,N644,0.689989,2952.87,0.941754,0.6498,4157,0.4157,13.2,12.88802020687996,13.2,13.2,13.22197,11.39131,13.21857,1.445
txs-TiCo-10-607-D2h-D2d,120,10.43785,58.98734,48.549490000000006,4.854949,"4,6",txs,TiCo,N607,0.501318,4388.85,1.35044,0.677,4518,0.4518,13.0,10.962571934484284,11.3,13.0,13.06178,8.64248,13.06178,1.445
txs-TiCo-11-662-D4h-T,120,10.481,99.05517,88.57417000000001,8.857417000000002,"4,6",txs,TiCo,N662,0.264877,5740.57,3.19809,0.8471,6800,0.68,22.6,19.95741176470588,22.1,22.9,22.92359,13.63273,22.60423,1.445
txs-TiCo-12-693-Td,120,5.632318,10.03214,4.399822,0.43998220000000005,"4,6",txs,TiCo,N693,1.61136,0.0,0.0,0.0,0,0.0,,,,,5.52724,2.60825,5.52723,1.445
txs-TiCo-13-600-Td,120,9.884757,39.16168,29.276922999999996,2.9276922999999995,"4,6",txs,TiCo,N600,0.759579,2905.38,0.632456,0.4804,2822,0.2822,10.6,9.428065201984408,10.6,10.7,10.71111,6.0524,10.60682,1.445
txs-TiCo-7-7-D2h-D2d,120,10.12108,34.85573,24.734650000000002,2.473465,"4,6",txs,TiCo,N7,0.921061,2384.89,0.579223,0.5335,2787,0.2787,10.8,10.187656978830285,10.8,10.9,10.9368,5.93395,10.72817,1.445
txs-TiMg-10-607-D2h-D2d,120,14.47035,67.45932,52.98897000000001,5.298897000000001,"4,6",txs,TiMg,N607,0.437943,4860.72,1.57669,0.6905,4743,0.4743,13.7,11.556715159181952,11.8,13.7,13.70746,8.87654,13.70746,1.445
txs-TiMg-11-662-D4h-T,120,13.55669,110.3625,96.80581,9.680581,"4,6",txs,TiMg,N662,0.234947,6215.49,3.62933,0.8527,6946,0.6946,22.9,20.18059314713504,21.7,22.9,22.91058,14.47868,21.17357,1.445
txs-TiMg-12-693-Td,120,7.73089,13.57112,5.840230000000001,0.5840230000000001,"4,6",txs,TiMg,N693,1.29561,808.702,0.121101,0.1569,516,0.0516,6.0,5.857364341085272,6.0,6.0,6.0761,2.91814,6.04293,1.445
txs-TiMg-13-600-Td,120,13.3855,46.18998,32.80448,3.280448,"4,6",txs,TiMg,N600,0.657083,3372.9,0.763526,0.5017,3069,0.3069,11.3,9.652166829586184,10.5,11.3,11.38608,6.35406,11.16907,1.445
txs-TiMg-7-7-D2h-D2d,120,16.53205,42.0267,25.494649999999996,2.5494649999999996,"4,6",txs,TiMg,N7,0.771751,2841.46,0.694266,0.5358,2937,0.2937,10.7,9.97878787878788,10.7,10.7,10.74604,6.27048,10.74603,1.445
txs-TiNi-10-607-D2h-D2d,120,11.17366,59.54093,48.367270000000005,4.836727000000001,"4,6",txs,TiNi,N607,0.496729,4322.77,1.37882,0.6849,4649,0.4649,13.5,11.458012475801247,12.1,13.5,13.52187,8.55023,13.51514,1.445
txs-TiNi-11-662-D4h-T,120,10.94238,100.1459,89.20352,8.920352,"4,6",txs,TiNi,N662,0.262108,5760.79,3.21356,0.8423,6803,0.6803,23.0,20.40248419814788,22.8,23.1,23.15557,13.88044,23.02499,1.445
txs-TiNi-12-693-Td,120,5.990657,10.1384,4.147743000000001,0.4147743000000001,"4,6",txs,TiNi,N693,1.58218,0.0,0.0,0.0,0,0.0,,,,,5.42325,2.87527,5.31402,1.445
txs-TiNi-13-600-Td,120,11.58597,38.03127,26.4453,2.64453,"4,6",txs,TiNi,N600,0.80785,2781.39,0.555053,0.4484,2572,0.2572,9.7,8.639463452566096,9.4,9.8,9.81788,5.12195,9.81788,1.445
txs-TiNi-7-7-D2h-D2d,120,11.62937,34.5481,22.918729999999996,2.291873,"4,6",txs,TiNi,N7,0.93438,2316.67,0.56401,0.527,2818,0.2818,10.6,9.985166784953869,10.6,10.6,10.64138,5.89737,10.64137,1.445
ydq-TiCo-1-10,120,10.10211,30.0045,19.90239,1.990239,"3,6",ydq,TiCo,N10,0.986036,1947.45,0.514788,0.5076,3025,0.3025,13.2,11.636694214876034,13.2,13.2,13.30802,9.66222,13.28912,1.445
ydq-TiCo-10-333,120,8.951213,57.75313,48.801917,4.8801917,"3,6",ydq,TiCo,N333,0.457473,3504.42,1.46019,0.668,5399,0.5399,22.3,19.53332098536766,21.7,22.4,22.4432,17.14855,22.42413,1.445
ydq-TiCo-11-516,120,8.808816,55.34802,46.539204,4.6539204,"3,6",ydq,TiCo,N516,0.474775,3329.02,1.39982,0.6646,5369,0.5369,22.2,19.341329856584093,21.6,22.2,22.35167,17.34095,22.35167,1.445
ydq-TiCo-12-639,120,11.9145,54.81866,42.904160000000005,4.2904160000000005,"3,6",ydq,TiCo,N639,0.544202,3193.82,1.20617,0.6564,5043,0.5043,20.7,17.824905810033712,20.4,20.7,20.89292,14.58616,20.72827,1.445
ydq-TiCo-2-19,120,9.077512,27.11011,18.032598,1.8032598,"3,6",ydq,TiCo,N19,1.03988,1910.67,0.493901,0.5136,3026,0.3026,12.8,11.345076007931263,12.8,12.8,12.88606,9.35414,12.87491,1.445
ydq-TiCo-3-20,120,11.54739,46.97691,35.42952,3.5429519999999997,"3,6",ydq,TiCo,N20,0.647083,2763.28,0.977,0.6322,4575,0.4575,18.6,16.334775956284155,18.6,18.6,18.65818,14.06525,18.65628,1.445
ydq-TiCo-4-410,120,9.255316,59.02538,49.770064,4.9770064,"3,6",ydq,TiCo,N410,0.456596,3768.02,1.47548,0.6737,5398,0.5398,21.2,18.353593923675437,20.0,21.2,21.34159,16.3895,21.34159,1.445
ydq-TiCo-6-225,120,8.159713,20.25094,12.091227,1.2091227,"3,6",ydq,TiCo,N225,1.15363,947.284,0.239246,0.276,1562,0.1562,11.4,10.664084507042253,11.4,11.6,11.62918,7.23497,11.5892,1.445
ydq-TiCo-9-130,120,7.898667,21.61074,13.712073,1.3712073,"3,6",ydq,TiCo,N130,1.12948,1315.42,0.343611,0.3881,2359,0.2359,10.8,10.072742687579485,10.3,10.9,10.91578,8.7188,10.90627,1.445
ydq-TiMg-1-10,120,16.35292,37.76897,21.416050000000002,2.141605,"3,6",ydq,TiMg,N10,0.788299,2460.65,0.665991,0.525,3207,0.3207,13.5,11.677517929529156,13.4,13.5,13.53719,9.63205,13.53719,1.445
ydq-TiMg-10-333,120,13.813,64.48817,50.675169999999994,5.067517,"3,6",ydq,TiMg,N333,0.419295,3966.24,1.58766,0.6657,5354,0.5354,21.5,18.484049308927904,20.2,21.7,21.95549,16.41706,21.95549,1.445
ydq-TiMg-11-516,120,13.30177,61.06969,47.767920000000004,4.776792,"3,6",ydq,TiMg,N516,0.439664,3756.22,1.48272,0.6519,5265,0.5265,21.2,18.109458689458688,20.0,21.2,21.43087,15.8282,21.12522,1.445
ydq-TiMg-12-639,120,16.4656,62.69792,46.23232,4.623232,"3,6",ydq,TiMg,N639,0.47648,3736.7,1.36165,0.6488,5041,0.5041,20.3,17.31354889902797,20.1,20.5,20.77857,14.4792,20.36645,1.445
ydq-TiMg-2-19,120,15.11439,35.09367,19.979280000000003,1.9979280000000004,"3,6",ydq,TiMg,N19,0.820228,2435.86,0.653843,0.5363,3244,0.3244,13.2,11.5557336621455,13.1,13.2,13.27091,9.34153,13.23105,1.445
ydq-TiMg-3-20,120,16.79914,55.08228,38.283139999999996,3.8283139999999998,"3,6",ydq,TiMg,N20,0.555828,3317.29,1.13021,0.6282,4537,0.4537,18.1,15.677738593784438,18.1,18.1,18.13843,13.68978,18.1131,1.445
ydq-TiMg-4-410,120,14.06564,67.30813,53.242490000000004,5.324249,"3,6",ydq,TiMg,N410,0.409787,4264.44,1.64354,0.6735,5354,0.5354,20.6,17.976802390735898,19.2,20.7,20.7959,16.08742,20.7959,1.445
ydq-TiMg-6-225,120,13.89309,27.31303,13.41994,1.3419940000000001,"3,6",ydq,TiMg,N225,0.947059,1602.03,0.365869,0.3465,1928,0.1928,11.9,10.493724066390042,11.8,12.1,12.36943,7.62615,12.36943,1.445
ydq-TiMg-9-130,120,12.4211,28.21552,15.794420000000002,1.5794420000000002,"3,6",ydq,TiMg,N130,0.912345,1713.48,0.457064,0.417,2613,0.2613,11.6,10.687562189054727,10.9,11.6,11.6691,9.51028,11.6579,1.445
ydq-TiNi-1-10,120,11.88773,29.96745,18.079720000000002,1.8079720000000001,"3,6",ydq,TiNi,N10,1.01125,1867.34,0.504127,0.5098,3049,0.3049,12.9,11.4710068875041,12.9,12.9,12.99211,9.46299,12.99131,1.445
ydq-TiNi-10-333,120,10.15848,56.86756,46.70908,4.670908,"3,6",ydq,TiNi,N333,0.469127,3397.89,1.43884,0.675,5414,0.5414,21.7,19.300849649057994,21.2,21.9,22.02846,16.82469,21.67767,1.445
ydq-TiNi-11-516,120,9.849586,55.06184,45.212253999999994,4.5212254,"3,6",ydq,TiNi,N516,0.48409,3249.84,1.37247,0.6644,5360,0.536,21.3,19.614962686567168,21.3,22.4,22.60809,17.412,22.27173,1.445
ydq-TiNi-12-639,120,12.79366,53.9158,41.12214,4.112214,"3,6",ydq,TiNi,N639,0.551742,3085.8,1.19621,0.66,5099,0.5099,20.8,18.275720729554813,20.8,21.2,21.32626,14.93399,21.31429,1.445
ydq-TiNi-2-19,120,9.866431,27.62225,17.755819000000002,1.7755819000000002,"3,6",ydq,TiNi,N19,1.06089,1834.22,0.490062,0.5199,3076,0.3076,12.6,11.23920676202861,12.5,12.6,12.6531,9.22797,12.65047,1.445
ydq-TiNi-3-20,120,12.52443,45.80918,33.284749999999995,3.3284749999999996,"3,6",ydq,TiNi,N20,0.658581,2686.06,0.966928,0.6368,4611,0.4611,18.5,16.340555194101064,18.4,18.5,18.54896,13.88383,18.54896,1.445
ydq-TiNi-4-410,120,10.60841,58.53467,47.92626,4.792626,"3,6",ydq,TiNi,N410,0.464223,3624.08,1.44995,0.6731,5403,0.5403,21.2,18.595687580973536,20.1,21.3,21.3245,16.65107,21.3245,1.445
ydq-TiNi-6-225,120,9.467226,20.72519,11.257964000000001,1.1257964,"3,6",ydq,TiNi,N225,1.16371,1169.14,0.283403,0.3298,1833,0.1833,11.9,10.902182214948173,11.9,12.1,12.21175,7.56936,12.21175,1.445
ydq-TiNi-9-130,120,9.192436,22.02926,12.836824,1.2836824,"3,6",ydq,TiNi,N130,1.13696,1291.2,0.351551,0.3997,2438,0.2438,11.0,10.320959803117308,10.5,11.0,11.11627,8.80065,11.11627,1.445
ceq-TiCo-1-10,160,5.295788,15.25692,9.961132,0.9961131999999999,"3,6",ceq,TiCo,N10,1.21459,1806.77,0.294667,0.3579,1257,0.1257,5.8,5.718536197295147,5.8,6.0,6.07217,5.10152,5.90439,1.445
ceq-TiCo-10-333,160,5.206182,34.03957,28.833388,2.8833387999999998,"3,6",ceq,TiCo,N333,0.578443,4032.75,1.06527,0.6162,4033,0.4033,11.5,10.359112323332509,11.5,11.9,11.90475,9.51036,11.85231,1.445
ceq-TiCo-11-516,160,5.050076,31.76914,26.719064,2.6719064,"3,6",ceq,TiCo,N516,0.613734,3864.6,0.964587,0.592,3797,0.3797,11.0,9.572004213853042,10.7,11.1,11.1373,8.62506,11.07183,1.445
ceq-TiCo-12-639,160,6.262059,31.69268,25.430621,2.5430620999999998,"3,6",ceq,TiCo,N639,0.728084,3494.73,0.779168,0.5673,3099,0.3099,8.2,7.877767021619878,7.9,8.5,8.54564,6.7773,8.43775,1.445
ceq-TiCo-13-126,160,5.877209,60.7927,54.915491,5.4915491,"3,6",ceq,TiCo,N126,0.282249,5631.87,3.01861,0.852,6689,0.6689,17.0,16.569143369711465,17.0,17.8,17.82836,15.14346,17.0768,1.445
ceq-TiCo-2-19,160,5.022858,15.38909,10.366232,1.0366232,"3,6",ceq,TiCo,N19,1.26274,1828.82,0.314476,0.3971,1431,0.1431,5.7,5.618099231306778,5.7,5.8,5.87712,5.09131,5.71078,1.445
ceq-TiCo-3-20,160,5.741031,25.37959,19.638559,1.9638559,"3,6",ceq,TiCo,N20,0.892794,2849.38,0.545702,0.4872,2243,0.2243,6.9,6.838074008024967,6.9,7.1,7.13199,5.83361,7.13198,1.445
ceq-TiCo-4-410,160,5.189788,34.63797,29.448182000000003,2.9448182000000003,"3,6",ceq,TiCo,N410,0.569958,4134.54,1.1171,0.6367,4082,0.4082,11.6,10.210828025477708,10.6,11.6,11.67421,8.69689,10.92577,1.445
ceq-TiCo-5-386,160,6.692254,72.526,65.83374599999999,6.583374599999999,"3,6",ceq,TiCo,N386,0.229929,6225.07,3.7977,0.8732,7117,0.7117,19.0,18.878445974427425,19.2,19.9,19.96274,18.54632,19.86965,1.445
ceq-TiCo-6-225,160,3.10723,7.615806,4.508576,0.45085759999999997,"3,6",ceq,TiCo,N225,1.40473,0.0,0.0,0.0,0,0.0,,,,,5.12443,2.67376,5.03088,1.445
ceq-TiCo-7-592,160,3.831626,26.08968,22.258054,2.2258054,"3,6",ceq,TiCo,N592,0.646386,3318.02,0.729131,0.4713,2952,0.2952,10.1,8.784552845528456,8.6,10.1,10.11715,6.58071,10.01828,1.445
ceq-TiCo-9-130,160,4.093197,10.74094,6.647743,0.6647743,"3,6",ceq,TiCo,N130,1.33936,1018.01,0.157314,0.2107,703,0.0703,5.8,5.334992887624467,5.5,5.8,5.86327,4.40667,5.86327,1.445
ceq-TiMg-1-10,160,8.584407,20.39669,11.812282999999999,1.1812283,"3,6",ceq,TiMg,N10,0.999417,2183.97,0.358209,0.358,1238,0.1238,5.3,5.409046849757674,5.3,5.7,5.76054,4.86205,5.59945,1.445
ceq-TiMg-10-333,160,8.083693,40.52827,32.444576999999995,3.2444576999999994,"3,6",ceq,TiMg,N333,0.50131,4609.14,1.25371,0.6285,4180,0.418,11.5,9.872129186602873,10.2,11.5,11.50666,9.24878,11.50662,1.445
ceq-TiMg-11-516,160,7.859552,38.35181,30.492258,3.0492258,"3,6",ceq,TiMg,N516,0.529068,4435.28,1.15996,0.6137,4023,0.4023,11.1,9.475416355953268,10.1,11.1,11.17092,8.48825,11.17092,1.445
ceq-TiMg-12-639,160,9.805571,35.30923,25.503659,2.5503659,"3,6",ceq,TiMg,N639,0.675461,3936.03,0.769104,0.5195,2717,0.2717,7.5,7.25218991534781,7.4,7.7,7.74596,6.00017,7.57434,1.445
ceq-TiMg-13-126,160,7.969784,67.74102,59.77123600000001,5.9771236000000005,"3,6",ceq,TiMg,N126,0.259373,6149.23,3.27213,0.8487,6700,0.67,15.6,15.80183582089552,15.8,16.8,16.87693,14.13515,16.15173,1.445
ceq-TiMg-2-19,160,7.702662,18.47004,10.767378,1.0767378,"3,6",ceq,TiMg,N19,1.05993,2112.33,0.355305,0.3766,1319,0.1319,5.4,5.367778620166793,5.4,5.5,5.53585,4.72529,5.47927,1.445
ceq-TiMg-3-20,160,9.323713,28.11928,18.795567,1.8795566999999997,"3,6",ceq,TiMg,N20,0.800093,3125.83,0.531938,0.4256,2059,0.2059,6.7,6.687421078193298,6.8,7.3,7.36617,5.49468,7.35004,1.445
ceq-TiMg-4-410,160,8.033325,41.2509,33.217575000000004,3.3217575000000004,"3,6",ceq,TiMg,N410,0.498421,4696.9,1.2983,0.6471,4225,0.4225,12.2,10.21921893491124,10.0,12.2,12.26322,8.50743,10.40681,1.445
ceq-TiMg-5-386,160,8.945546,83.08272,74.13717399999999,7.413717399999999,"3,6",ceq,TiMg,N386,0.202052,6879.94,4.35384,0.8797,7229,0.7229,20.1,19.248651265735237,19.6,20.1,20.15893,18.90877,20.1296,1.445
ceq-TiMg-6-225,160,5.402772,12.14251,6.739738,0.6739738,"3,6",ceq,TiMg,N225,1.16287,0.0,0.0,0.0,0,0.0,,,,,4.8881,2.55958,4.84413,1.445
ceq-TiMg-7-592,160,5.689901,26.69105,21.001149,2.1001149000000003,"3,6",ceq,TiMg,N592,0.643583,3123.88,0.704494,0.4534,2754,0.2754,8.4,8.558678286129267,8.4,9.5,9.50685,7.31293,8.48236,1.445
ceq-TiMg-9-130,160,6.579774,14.32821,7.748436000000001,0.7748436000000001,"3,6",ceq,TiMg,N130,1.08754,1389.18,0.228314,0.2483,914,0.0914,6.1,5.6263676148796495,5.5,6.1,6.19372,4.75481,6.19372,1.445
ceq-TiNi-1-10,160,4.557161,13.98106,9.423898999999999,0.9423898999999999,"3,6",ceq,TiNi,N10,1.25523,1648.79,0.262582,0.3296,1063,0.1063,5.4,5.327657572906866,5.4,5.6,5.63377,4.79273,5.44483,1.445
ceq-TiNi-10-333,160,5.296283,34.3113,29.015017000000004,2.9015017000000003,"3,6",ceq,TiNi,N333,0.578021,3948.95,1.0856,0.6275,4090,0.409,11.6,10.184938875305624,10.8,11.6,11.62502,9.82685,11.51194,1.445
ceq-TiNi-11-516,160,5.118083,32.94935,27.831267000000004,2.7831267000000004,"3,6",ceq,TiNi,N516,0.603256,3844.9,1.0072,0.6076,3918,0.3918,11.5,10.105308831036243,11.3,11.7,11.70534,9.14203,11.70534,1.445
ceq-TiNi-12-639,160,6.656285,30.88574,24.229454999999998,2.4229455,"3,6",ceq,TiNi,N639,0.768359,3409.49,0.700974,0.5386,2800,0.28,7.8,7.382821428571429,7.5,7.8,7.89292,6.0888,7.89291,1.445
ceq-TiNi-13-126,160,5.929986,60.89362,54.963634,5.4963634,"3,6",ceq,TiNi,N126,0.28464,5593.12,2.98623,0.85,6652,0.6652,18.5,16.755532170775705,16.7,18.5,18.50525,15.08543,16.74324,1.445
ceq-TiNi-2-19,160,4.221108,14.1688,9.947692,0.9947692,"3,6",ceq,TiNi,N19,1.29692,1725.09,0.296317,0.3843,1295,0.1295,5.6,5.436370656370657,5.5,5.6,5.65403,4.88846,5.65401,1.445
ceq-TiNi-3-20,160,5.540444,23.82816,18.287716,1.8287716,"3,6",ceq,TiNi,N20,0.92957,2724.87,0.459245,0.4269,1997,0.1997,6.8,6.723234852278418,6.8,7.0,7.02113,5.65976,6.97516,1.445
ceq-TiNi-4-410,160,5.2195,34.31319,29.09369,2.909369,"3,6",ceq,TiNi,N410,0.584759,3979.43,1.08216,0.6328,4046,0.4046,10.5,9.636109738012852,10.0,10.5,10.54301,8.61505,10.23889,1.445
ceq-TiNi-5-386,160,6.627475,71.73409,65.10661499999999,6.510661499999999,"3,6",ceq,TiNi,N386,0.230448,6195.6,3.79609,0.8748,7114,0.7114,20.0,18.872968793927463,19.4,20.0,20.06167,18.62337,20.01355,1.445
ceq-TiNi-6-225,160,1.470461,6.265305,4.794843999999999,0.4794843999999999,"3,6",ceq,TiNi,N225,1.45155,0.0,0.0,0.0,0,0.0,,,,,4.88946,2.45688,4.47613,1.445
ceq-TiNi-7-592,160,3.812004,23.55365,19.741646000000003,1.9741646000000004,"3,6",ceq,TiNi,N592,0.708424,2843.28,0.621097,0.44,2647,0.2647,8.6,8.395428787306383,8.6,8.7,8.85232,7.24919,8.77799,1.445
ceq-TiNi-9-130,160,3.320462,9.345924,6.025462,0.6025462,"3,6",ceq,TiNi,N130,1.37823,1002.84,0.159044,0.2192,688,0.0688,5.7,5.196366279069768,5.5,5.7,5.79581,4.23042,5.79581,1.445
cml-TiCo-1-10,160,5.219844,16.45865,11.238805999999999,1.1238806,"3,6",cml,TiCo,N10,1.16205,1942.61,0.315219,0.3663,1498,0.1498,6.2,6.0211615487316426,6.1,6.3,6.3685,5.2944,6.05631,1.445
cml-TiCo-10-333,160,5.334092,34.02436,28.690268000000003,2.8690268000000003,"3,6",cml,TiCo,N333,0.584696,4099.28,1.01266,0.5921,3906,0.3906,10.7,9.745340501792114,10.6,10.7,10.73541,8.93998,10.73307,1.445
cml-TiCo-11-516,160,5.158832,33.3145,28.155668000000002,2.8155668,"3,6",cml,TiCo,N516,0.601103,4026.1,0.970051,0.5831,3821,0.3821,10.7,9.919759225333683,10.7,10.9,10.90541,9.04566,10.89506,1.445
cml-TiCo-12-639,160,5.867707,33.19072,27.323013,2.7323013,"3,6",cml,TiCo,N639,0.676516,3565.9,0.853047,0.5771,3517,0.3517,10.2,9.5130508956497,9.8,10.2,10.25777,8.06113,10.25777,1.445
cml-TiCo-13-126,160,5.897044,61.79792,55.900876,5.5900875999999995,"3,6",cml,TiCo,N126,0.276747,5638.2,3.03418,0.8397,6688,0.6688,18.2,17.171471291866027,17.7,18.2,18.25286,16.12155,18.24016,1.445
cml-TiCo-2-19,160,4.938466,16.20249,11.264024000000001,1.1264024000000001,"3,6",cml,TiCo,N19,1.20709,1946.24,0.330714,0.3992,1686,0.1686,6.0,5.906049822064057,6.0,6.1,6.11684,5.61048,6.09402,1.445
cml-TiCo-3-20,160,5.853076,27.48381,21.630733999999997,2.1630733999999996,"3,6",cml,TiCo,N20,0.826141,3000.73,0.626769,0.5178,2763,0.2763,8.0,7.668584871516467,7.8,8.0,8.06832,6.93764,8.0683,1.445
cml-TiCo-4-410,160,5.263673,34.90587,29.642197,2.9642197,"3,6",cml,TiCo,N410,0.566539,4140.67,1.09348,0.6195,4096,0.4096,11.5,10.5462646484375,11.4,11.6,11.64015,9.07515,11.59593,1.445
cml-TiCo-5-386,160,6.656673,72.55112,65.894447,6.5894447,"3,6",cml,TiCo,N386,0.229126,6236.61,3.77042,0.8639,7035,0.7035,20.4,19.92220326936745,20.4,20.7,20.78995,17.39186,20.62732,1.445
cml-TiCo-6-225,160,3.9047,9.258856,5.354156,0.5354156,"3,6",cml,TiCo,N225,1.37322,389.57,0.0411441,0.0565,171,0.0171,4.8,4.780701754385965,4.8,4.9,4.91775,2.93043,4.91773,1.445
cml-TiCo-7-592,160,4.085566,29.42371,25.338144,2.5338144,"3,6",cml,TiCo,N592,0.603861,3849.93,0.934321,0.5642,3210,0.321,10.6,9.292679127725856,9.1,10.6,10.61994,6.94469,10.61994,1.445
cml-TiCo-9-130,160,4.573359,11.20615,6.632790999999999,0.6632790999999999,"3,6",cml,TiCo,N130,1.33376,1007.35,0.146578,0.1955,631,0.0631,6.4,5.823137876386689,6.4,6.4,6.40893,3.50975,6.40893,1.445
cml-TiCo-TATB,160,5.444409,45.89918,40.454771,4.0454771,"3,6",cml,TiCo,TATB,0.414437,4817.61,1.85987,0.7708,5469,0.5469,13.5,12.831230572316692,13.4,13.5,13.52714,11.86424,13.51283,1.445
cml-TiMg-1-10,160,8.802306,24.66637,15.864064,1.5864064,"3,6",cml,TiMg,N10,0.933001,2524.02,0.422186,0.3939,1699,0.1699,6.5,6.25868157739847,6.5,6.5,6.52241,5.39507,6.52199,1.445
cml-TiMg-10-333,160,7.923176,40.37772,32.454544,3.2454544,"3,6",cml,TiMg,N333,0.511183,4575.93,1.18529,0.6059,4045,0.4045,10.5,9.816390605686031,10.5,10.6,10.64759,8.90567,10.63716,1.445
cml-TiMg-11-516,160,7.723685,40.36539,32.641705,3.2641705,"3,6",cml,TiMg,N516,0.51348,4599.37,1.17882,0.6053,4050,0.405,11.0,10.252913580246911,10.9,11.2,11.22253,9.35689,11.16292,1.445
cml-TiMg-12-639,160,9.258666,39.2014,29.942734,2.9942734,"3,6",cml,TiMg,N639,0.597277,4158.84,0.967725,0.578,3521,0.3521,9.7,8.94260153365521,9.2,9.8,9.86581,7.72449,9.8658,1.445
cml-TiMg-13-126,160,7.755014,68.31079,60.555775999999994,6.0555775999999994,"3,6",cml,TiMg,N126,0.254967,6149.36,3.30043,0.8415,6674,0.6674,17.7,16.78602037758466,17.3,17.8,17.82744,14.91026,17.56278,1.445
cml-TiMg-2-19,160,7.775177,24.00465,16.229473000000002,1.6229473000000003,"3,6",cml,TiMg,N19,0.926059,2610.09,0.482582,0.4469,2040,0.204,6.8,6.617254901960784,6.8,6.8,6.84489,5.96493,6.8253,1.445
cml-TiMg-3-20,160,9.835768,33.3391,23.503332,2.3503332,"3,6",cml,TiMg,N20,0.722174,3579.34,0.709386,0.5123,2721,0.2721,7.3,7.204593899301727,7.3,7.4,7.40872,6.29341,7.40872,1.445
cml-TiMg-4-410,160,8.172911,42.2865,34.113589,3.4113588999999997,"3,6",cml,TiMg,N410,0.485733,4766.07,1.31554,0.639,4300,0.43,12.0,10.83760465116279,11.6,12.0,12.02028,8.77457,11.76449,1.445
cml-TiMg-5-386,160,8.940129,84.21963,75.279501,7.5279501,"3,6",cml,TiMg,N386,0.199411,6888.8,4.37538,0.8725,7209,0.7209,21.3,20.56200582605077,21.1,21.3,21.34949,17.83222,21.28587,1.445
cml-TiMg-6-225,160,7.646853,15.82709,8.180237,0.8180237,"3,6",cml,TiMg,N225,1.11178,647.03,0.08248,0.0917,327,0.0327,5.7,5.614984709480122,5.7,5.8,5.84892,2.95804,5.84425,1.445
cml-TiMg-7-592,160,5.812315,31.43057,25.618254999999998,2.5618255,"3,6",cml,TiMg,N592,0.567836,3888.61,0.974225,0.5532,3223,0.3223,8.5,9.117871548246976,9.0,10.4,10.45984,7.26225,9.59027,1.445
cml-TiMg-9-130,160,7.762782,14.35423,6.591448,0.6591448,"3,6",cml,TiMg,N130,1.17222,1182.3,0.179658,0.2106,709,0.0709,6.7,6.080677009873062,6.7,6.7,6.79459,3.6301,6.79062,1.445
cml-TiMg-TATB,160,8.128725,53.39088,45.26215500000001,4.526215500000001,"3,6",cml,TiMg,TATB,0.369747,5348.44,2.09873,0.776,5544,0.5544,13.2,12.722384559884558,12.8,13.2,13.29024,11.50404,13.17249,1.445
cml-TiNi-1-10,160,5.219672,15.66255,10.442878,1.0442878,"3,6",cml,TiNi,N10,1.19101,1877.72,0.29941,0.3566,1462,0.1462,6.1,5.896306429548563,5.9,6.2,6.29312,5.31812,6.24892,1.445
cml-TiNi-10-333,160,5.326084,34.11208,28.785995999999997,2.8785996,"3,6",cml,TiNi,N333,0.58601,4034.13,1.0237,0.5999,3953,0.3953,10.3,9.579762205919556,10.1,10.6,10.62039,8.88533,10.62036,1.445
cml-TiNi-11-516,160,5.25962,33.35671,28.09709,2.8097090000000002,"3,6",cml,TiNi,N516,0.606744,3911.71,0.969931,0.5885,3824,0.3824,11.0,9.784649581589958,10.3,11.0,11.0055,9.03656,10.38494,1.445
cml-TiNi-12-639,160,5.947858,32.1869,26.239042,2.6239042,"3,6",cml,TiNi,N639,0.701724,3417.66,0.802595,0.5632,3380,0.338,9.7,9.099023668639052,9.2,9.7,9.78649,7.91527,9.78649,1.445
cml-TiNi-13-126,160,5.857956,60.49777,54.639814,5.4639814,"3,6",cml,TiNi,N126,0.28491,5546.33,2.9304,0.8349,6607,0.6607,18.7,17.734054790373847,18.7,18.7,18.79896,16.44162,18.74173,1.445
cml-TiNi-2-19,160,4.853534,15.44307,10.589536,1.0589536000000002,"3,6",cml,TiNi,N19,1.21881,1949.97,0.334424,0.4076,1688,0.1688,6.0,5.960367298578199,6.0,6.1,6.14656,5.6318,6.14655,1.445
cml-TiNi-3-20,160,5.971164,26.51519,20.544026000000002,2.0544026000000004,"3,6",cml,TiNi,N20,0.867378,2871.73,0.580139,0.5032,2541,0.2541,7.2,7.021015348288076,7.2,7.2,7.29836,6.22077,7.29378,1.445
cml-TiNi-4-410,160,5.261837,34.73723,29.475392999999997,2.9475393,"3,6",cml,TiNi,N410,0.572716,4010.23,1.08937,0.6239,4108,0.4108,11.2,10.156694255111976,10.4,11.2,11.28593,8.61146,11.23079,1.445
cml-TiNi-5-386,160,6.622826,72.59435,65.971524,6.597152400000001,"3,6",cml,TiNi,N386,0.228688,6242.37,3.79381,0.8676,7098,0.7098,20.8,19.916948436179204,20.6,20.8,20.89682,17.56226,20.60162,1.445
cml-TiNi-6-225,160,2.376567,9.854933,7.478366000000001,0.7478366000000001,"3,6",cml,TiNi,N225,1.38173,842.43,0.098789,0.1365,441,0.0441,5.3,5.17641723356009,5.3,5.3,5.32369,2.9634,4.95622,1.445
cml-TiNi-7-592,160,4.118546,28.06392,23.945374,2.3945374,"3,6",cml,TiNi,N592,0.63158,3618.96,0.866557,0.5473,3001,0.3001,10.1,8.717060979673443,8.6,10.1,10.1279,6.85832,10.11279,1.445
cml-TiNi-9-130,160,4.838204,10.29033,5.452126000000001,0.5452126,"3,6",cml,TiNi,N130,1.36733,966.539,0.136397,0.1865,579,0.0579,5.9,5.437478411053541,5.9,5.9,5.95411,3.58426,5.95411,1.445
cml-TiNi-TATB,160,5.530311,46.17268,40.642369,4.0642369,"3,6",cml,TiNi,TATB,0.415941,4741.39,1.85771,0.7727,5505,0.5505,13.5,12.988555858310626,13.4,13.6,13.60761,11.89081,13.57223,1.445
dag-TiCo-1-10,160,1.891373,12.96792,11.076547,1.1076546999999999,"3,6",dag,TiCo,N10,1.29647,1767.89,0.232863,0.3019,1068,0.1068,5.2,5.00430711610487,5.2,5.4,5.48272,4.12478,5.2922,1.445
dag-TiCo-10-333,160,4.55901,31.49213,26.93312,2.6933119999999997,"3,6",dag,TiCo,N333,0.576718,3669.66,1.04887,0.6049,4142,0.4142,10.8,9.735707387735392,10.1,11.1,11.1053,7.75906,11.10527,1.445
dag-TiCo-11-516,160,4.545133,31.51122,26.966087,2.6966087,"3,6",dag,TiCo,N516,0.582735,3631.57,1.03752,0.6046,4117,0.4117,10.9,9.789409764391548,10.0,10.9,10.9744,8.32015,10.97439,1.445
dag-TiCo-12-639,160,4.251675,20.11454,15.862865000000003,1.5862865000000004,"3,6",dag,TiCo,N639,0.894058,2024.11,0.457017,0.4086,2325,0.2325,10.5,9.616559139784949,10.2,10.5,10.58409,9.55729,10.58408,1.445
dag-TiCo-13-126,160,5.952781,61.9152,55.962419,5.5962419,"3,6",dag,TiCo,N126,0.271097,5605.35,3.11586,0.8447,6799,0.6799,18.1,16.674422709221947,17.6,18.2,18.28833,13.97007,17.59921,1.445
dag-TiCo-2-19,160,1.896748,13.51925,11.622501999999999,1.1622502,"3,6",dag,TiCo,N19,1.33479,1887.77,0.267083,0.3565,1339,0.1339,5.4,5.128454070201643,5.2,5.6,5.60098,4.579,5.47424,1.445
dag-TiCo-3-20,160,3.450285,24.00625,20.555965,2.0555965,"3,6",dag,TiCo,N20,0.855219,2771.12,0.610487,0.5221,2891,0.2891,8.2,7.504877205119334,7.6,8.2,8.29728,6.99242,8.29728,1.445
dag-TiCo-4-410,160,4.078215,34.4897,30.411485,3.0411485,"3,6",dag,TiCo,N410,0.535347,3779.32,1.19044,0.6373,4517,0.4517,10.5,10.46139030329865,10.5,11.4,11.48861,9.26388,10.59211,1.445
dag-TiCo-5-386,160,6.796056,75.82307,69.02701400000001,6.902701400000001,"3,6",dag,TiCo,N386,0.216023,6150.83,4.04773,0.8744,7324,0.7324,19.9,18.91104587657018,19.3,19.9,19.99936,17.02249,19.99936,1.445
dag-TiCo-6-225,160,1.322294,6.925268,5.602974,0.5602974,"3,6",dag,TiCo,N225,1.46314,405.445,0.0333528,0.0488,131,0.0131,4.5,4.244274809160306,4.3,4.5,4.52434,3.32648,4.52328,1.445
dag-TiCo-7-592,160,2.527997,24.24045,21.712453,2.1712453,"3,6",dag,TiCo,N592,0.66248,3242.03,0.734362,0.4865,2907,0.2907,9.7,8.292294461644309,8.2,10.3,10.30939,7.82852,10.30939,1.445
dag-TiCo-9-130,160,1.390938,7.22545,5.834512,0.5834512000000001,"3,6",dag,TiCo,N130,1.40457,874.07,0.131215,0.1843,613,0.0613,5.6,5.230179445350733,5.2,5.6,5.60727,4.59668,5.60726,1.445
dag-TiCo-TATB,160,5.129468,43.4256,38.296132,3.8296132,"3,6",dag,TiCo,TATB,0.424642,4772.08,1.75277,0.7443,5369,0.5369,13.5,12.066138945799963,12.7,13.5,13.58545,9.64033,13.57868,1.445
dag-TiMg-1-10,160,7.34278,20.53716,13.194379999999999,1.3194379999999999,"3,6",dag,TiMg,N10,0.995801,2476.01,0.367041,0.3655,1544,0.1544,5.8,5.531347150259067,5.8,6.1,6.15759,5.06407,6.15752,1.445
dag-TiMg-10-333,160,7.666962,38.44833,30.781368,3.0781368000000002,"3,6",dag,TiMg,N333,0.502284,4414.86,1.27916,0.6425,4184,0.4184,11.3,10.148685468451244,10.8,11.5,11.51644,8.07817,11.35223,1.445
dag-TiMg-11-516,160,7.767767,38.39502,30.627253000000003,3.0627253000000003,"3,6",dag,TiMg,N516,0.504207,4086.54,1.28717,0.649,4358,0.4358,12.2,10.6869894446994,11.2,12.2,12.20949,9.62165,11.48941,1.445
dag-TiMg-12-639,160,8.622671,34.22669,25.604018999999997,2.5604018999999996,"3,6",dag,TiMg,N639,0.634821,3772.52,0.838346,0.5322,3301,0.3301,9.0,8.007209936382912,8.3,9.0,9.09256,8.12199,9.04987,1.445
dag-TiMg-13-126,160,7.950087,68.3722,60.42211300000001,6.042211300000001,"3,6",dag,TiMg,N126,0.25501,6162.01,3.31634,0.8457,6760,0.676,16.2,15.271760355029588,16.0,16.6,16.64817,13.93856,16.1848,1.445
dag-TiMg-2-19,160,7.220296,20.79539,13.575094,1.3575094,"3,6",dag,TiMg,N19,1.01878,2543.03,0.399005,0.4065,1758,0.1758,6.6,5.809158134243458,6.2,6.6,6.60472,4.44545,6.60472,1.445
dag-TiMg-3-20,160,7.983547,29.82982,21.846273000000004,2.1846273000000003,"3,6",dag,TiMg,N20,0.746657,3175.62,0.664294,0.496,2800,0.28,7.9,7.356464285714285,7.8,8.0,8.03636,7.0795,7.9081,1.445
dag-TiMg-4-410,160,7.371997,40.82275,33.450753,3.3450753,"3,6",dag,TiMg,N410,0.463907,4461.47,1.46883,0.6814,4683,0.4683,11.8,10.612812299807816,11.0,11.8,11.83433,9.55656,11.35175,1.445
dag-TiMg-5-386,160,8.948824,85.99974,77.050916,7.7050916,"3,6",dag,TiMg,N386,0.193876,6790.06,4.54929,0.882,7401,0.7401,19.4,18.633671125523577,19.2,19.7,19.70331,17.43081,19.21695,1.445
dag-TiMg-6-225,160,5.327747,10.55275,5.225003,0.5225003,"3,6",dag,TiMg,N225,1.23565,406.191,0.0388458,0.048,163,0.0163,5.1,4.725153374233129,5.1,5.1,5.22263,3.00135,5.19368,1.445
dag-TiMg-7-592,160,5.970873,31.1374,25.166527,2.5166527,"3,6",dag,TiMg,N592,0.548087,3706.77,1.06625,0.5844,3722,0.3722,12.0,10.28036002149382,11.1,12.0,12.09333,10.0498,12.09333,1.445
dag-TiMg-9-130,160,6.220881,12.16241,5.941528999999999,0.5941528999999999,"3,6",dag,TiMg,N130,1.12164,1391.35,0.217272,0.2437,888,0.0888,5.9,5.619144144144143,5.9,5.9,5.92581,4.39528,5.92365,1.445
dag-TiMg-TATB,160,8.197378,52.3213,44.123922,4.4123922,"3,6",dag,TiMg,TATB,0.369549,5286.87,2.12259,0.7844,5598,0.5598,14.9,13.11793497677742,14.3,15.0,15.09412,12.54666,14.92459,1.445
dag-TiNi-1-10,160,2.282782,14.64484,12.362058000000001,1.2362058,"3,6",dag,TiNi,N10,1.23582,1977.48,0.323994,0.4004,1488,0.1488,5.1,5.268481182795699,5.2,5.8,5.82699,4.92958,5.50954,1.445
dag-TiNi-10-333,160,4.915712,32.62953,27.713818000000003,2.7713818000000003,"3,6",dag,TiNi,N333,0.585687,3621.7,1.02444,0.6,4083,0.4083,10.6,9.577614499142786,9.8,10.9,10.91643,7.82188,10.91639,1.445
dag-TiNi-11-516,160,4.800156,32.23671,27.436554,2.7436554,"3,6",dag,TiNi,N516,0.591353,3552.34,1.01783,0.6019,4141,0.4141,10.8,9.945278918135717,10.7,11.1,11.11959,8.30923,11.11957,1.445
dag-TiNi-12-639,160,4.54758,29.11802,24.57044,2.4570440000000002,"3,6",dag,TiNi,N639,0.72569,3118.1,0.76851,0.5577,3394,0.3394,11.0,9.133028874484385,9.3,11.0,11.0006,6.907,11.0006,1.445
dag-TiNi-13-126,160,5.782773,57.00153,51.218757000000004,5.1218757,"3,6",dag,TiNi,N126,0.304624,5546.56,2.72139,0.829,6421,0.6421,17.0,15.392415511602554,16.1,17.1,17.15143,11.99538,16.62368,1.445
dag-TiNi-2-19,160,1.997207,13.57982,11.582613,1.1582613,"3,6",dag,TiNi,N19,1.33249,1880.89,0.309647,0.4126,1465,0.1465,5.2,5.216109215017064,5.2,5.6,5.66539,4.40032,5.25391,1.445
dag-TiNi-3-20,160,2.88029,21.40924,18.528950000000002,1.8528950000000002,"3,6",dag,TiNi,N20,0.918479,2686.56,0.531205,0.4879,2476,0.2476,7.9,7.037116316639742,7.2,8.0,8.00487,5.20838,7.9026,1.445
dag-TiNi-4-410,160,4.297889,34.03253,29.734641000000003,2.9734641,"3,6",dag,TiNi,N410,0.547448,3716.59,1.14915,0.6291,4433,0.4433,10.3,10.386104218362284,10.3,11.4,11.41215,9.18285,10.51005,1.445
dag-TiNi-5-386,160,6.56266,69.6966,63.13394,6.313394000000001,"3,6",dag,TiNi,N386,0.239176,6065.48,3.6124,0.864,7043,0.7043,19.0,17.566292772966065,18.1,19.0,19.08996,15.88512,19.07822,1.445
dag-TiNi-6-225,160,0.6870401,4.382218,3.6951779,0.36951779,"3,6",dag,TiNi,N225,1.58442,0.0,0.0,0.0,0,0.0,,,,,4.9233,2.52938,4.92328,1.445
dag-TiNi-7-592,160,2.576787,24.86588,22.289093,2.2289093,"3,6",dag,TiNi,N592,0.647708,3257.96,0.83618,0.5416,3159,0.3159,9.2,8.541500474833807,8.8,10.1,10.1623,8.24914,10.15387,1.445
dag-TiNi-9-130,160,2.0277,7.810771,5.783071,0.5783071,"3,6",dag,TiNi,N130,1.39941,915.521,0.144989,0.2029,699,0.0699,5.6,5.406151645207439,5.5,5.6,5.68646,4.74743,5.60369,1.445
dag-TiNi-TATB,160,5.384815,44.04983,38.665015,3.8665014999999996,"3,6",dag,TiNi,TATB,0.42658,4712.27,1.78138,0.7599,5439,0.5439,13.7,11.971575657289945,12.5,13.7,13.72168,9.48703,13.70638,1.445
fmz-TiCo-1-10,160,4.513341,9.567916,5.054575000000001,0.5054575000000001,"3,6",fmz,TiCo,N10,1.4674,0.0,0.0,0.0,0,0.0,,,,,6.4092,2.77121,6.07221,1.445
fmz-TiCo-12-639,160,5.55241,26.34992,20.797510000000003,2.0797510000000003,"3,6",fmz,TiCo,N639,0.826356,2921.11,0.463118,0.3827,2390,0.239,7.7,7.924476987447699,8.0,9.7,9.98152,5.10866,9.84949,1.445
fmz-TiCo-13-126,160,5.670897,56.65215,50.981252999999995,5.0981252999999995,"3,6",fmz,TiCo,N126,0.310604,5516.74,2.56146,0.7956,6370,0.637,20.5,17.06478806907378,16.9,20.5,20.60361,10.76861,20.48295,1.445
fmz-TiCo-2-19,160,4.377958,10.26905,5.891092,0.5891092,"3,6",fmz,TiCo,N19,1.53033,0.0,0.0,0.0,0,0.0,,,,,6.40132,2.57472,6.22418,1.445
fmz-TiCo-3-20,160,5.374066,21.26908,15.895014,1.5895014,"3,6",fmz,TiCo,N20,1.00454,2307.05,0.303421,0.3048,1693,0.1693,8.9,7.321264028352038,7.3,8.9,8.97784,4.12861,8.95958,1.445
fmz-TiCo-5-386,160,6.286571,66.1984,59.911829000000004,5.9911829,"3,6",fmz,TiCo,N386,0.258482,6047.29,3.21647,0.8314,6802,0.6802,22.3,18.55035283740077,18.3,22.3,22.35204,12.24878,22.35204,1.445
fmz-TiCo-6-225,160,3.42414,6.730048,3.305908,0.3305908,"3,6",fmz,TiCo,N225,1.60617,0.0,0.0,0.0,0,0.0,,,,,4.49415,1.79367,4.4383,1.445
fmz-TiCo-7-592,160,3.72032,23.24567,19.52535,1.952535,"3,6",fmz,TiCo,N592,0.702361,2733.27,0.612933,0.4305,2591,0.2591,10.8,11.088382863759168,11.0,13.2,13.59167,5.62422,13.5086,1.445
fmz-TiCo-9-130,160,4.32833,8.964314,4.635984,0.46359839999999997,"3,6",fmz,TiCo,N130,1.49749,0.0,0.0,0.0,0,0.0,,,,,6.67178,2.41779,6.67027,1.445
fmz-TiCo-TATB,160,5.379994,41.87408,36.494085999999996,3.6494085999999997,"3,6",fmz,TiCo,TATB,0.465852,4604.39,1.53182,0.7136,4989,0.4989,15.3,12.649228302264984,12.9,15.3,15.3962,7.9656,15.3962,1.445
fmz-TiMg-1-10,160,11.48517,17.50415,6.018979999999999,0.6018979999999999,"3,6",fmz,TiMg,N10,1.17503,0.0,0.0,0.0,0,0.0,,,,,6.3311,2.70845,6.26873,1.445
fmz-TiMg-12-639,160,9.377725,32.53936,23.161635000000004,2.3161635000000005,"3,6",fmz,TiMg,N639,0.718271,3477.38,0.545198,0.3916,2501,0.2501,8.8,7.779768092762897,8.0,9.2,9.61338,5.33865,9.28667,1.445
fmz-TiMg-13-126,160,7.846461,63.66825,55.821789,5.582178900000001,"3,6",fmz,TiMg,N126,0.282207,6072.11,2.83941,0.8013,6473,0.6473,19.9,16.776981306967404,16.9,19.9,20.39645,10.89458,19.85289,1.445
fmz-TiMg-2-19,160,11.572,18.875,7.303000000000001,0.7303000000000001,"3,6",fmz,TiMg,N19,1.22197,0.0,0.0,0.0,0,0.0,,,,,6.38667,2.78977,6.30931,1.445
fmz-TiMg-3-20,160,10.46542,28.20238,17.736960000000003,1.7736960000000004,"3,6",fmz,TiMg,N20,0.839558,2929.37,0.395089,0.3317,1873,0.1873,8.8,7.063587827015484,6.9,8.8,8.94215,4.41042,8.86581,1.445
fmz-TiMg-5-386,160,8.359479,75.95747,67.59799100000001,6.7597991,"3,6",fmz,TiMg,N386,0.227315,6728.4,3.672,0.8347,6933,0.6933,21.7,18.80777441223136,18.7,22.3,22.42654,13.00062,22.32203,1.445
fmz-TiMg-6-225,160,4.612071,9.086609,4.474537999999999,0.4474537999999999,"3,6",fmz,TiMg,N225,1.34744,0.0,0.0,0.0,0,0.0,,,,,4.5953,1.61294,4.53464,1.445
fmz-TiMg-7-592,160,5.921527,25.99383,20.072302999999998,2.0072303,"3,6",fmz,TiMg,N592,0.657994,2933.61,0.663076,0.4363,2672,0.2672,13.2,11.133233532934131,12.2,13.5,13.53011,5.71084,13.21657,1.445
fmz-TiMg-9-130,160,9.154156,13.27224,4.118084,0.41180839999999996,"3,6",fmz,TiMg,N130,1.27442,0.0,0.0,0.0,0,0.0,,,,,6.51678,2.36768,6.34593,1.445
fmz-TiMg-TATB,160,8.07735,48.73521,40.65786,4.065786,"3,6",fmz,TiMg,TATB,0.414882,5274.37,1.73085,0.7181,5016,0.5016,13.0,12.352551834130782,13.0,15.3,15.36406,8.12098,15.35961,1.445
fmz-TiNi-1-10,160,3.829852,9.275548,5.445696000000001,0.5445696000000001,"3,6",fmz,TiNi,N10,1.6173,0.0,0.0,0.0,0,0.0,,,,,6.27785,2.25281,6.27784,1.445
fmz-TiNi-12-639,160,5.817981,24.92876,19.110779,1.9110779,"3,6",fmz,TiNi,N639,0.88183,2603.48,0.390438,0.3443,2128,0.2128,9.3,7.752913533834587,7.8,9.5,9.80932,5.05858,9.35665,1.445
fmz-TiNi-13-126,160,5.606453,56.13012,50.523666999999996,5.052366699999999,"3,6",fmz,TiNi,N126,0.318234,5498.46,2.47836,0.7887,6308,0.6308,16.2,16.79592580849715,16.2,20.5,20.88778,10.98757,20.54031,1.445
fmz-TiNi-2-19,160,3.452675,9.507648,6.0549729999999995,0.6054972999999999,"3,6",fmz,TiNi,N19,1.66996,0.0,0.0,0.0,0,0.0,,,,,6.34411,2.28442,6.34004,1.445
fmz-TiNi-3-20,160,5.596326,19.75768,14.161354,1.4161354,"3,6",fmz,TiNi,N20,1.09539,1849.21,0.214992,0.2355,1239,0.1239,8.6,7.408878127522196,8.5,8.7,8.78163,3.58342,8.60118,1.445
fmz-TiNi-5-386,160,6.088397,64.36417,58.275773,5.8275773,"3,6",fmz,TiNi,N386,0.268342,6010.33,3.05841,0.8207,6709,0.6709,21.2,17.792323744224177,16.6,21.9,22.21564,11.74057,22.16362,1.445
fmz-TiNi-6-225,160,3.040688,4.956205,1.915517,0.1915517,"3,6",fmz,TiNi,N225,1.65998,0.0,0.0,0.0,0,0.0,,,,,4.15134,1.52897,3.91271,1.445
fmz-TiNi-7-592,160,3.862905,23.58309,19.720184999999997,1.9720184999999997,"3,6",fmz,TiNi,N592,0.707455,2744.77,0.61276,0.4335,2598,0.2598,12.3,10.71682063125481,11.1,12.5,13.13791,5.73553,11.27296,1.445
fmz-TiNi-9-130,160,5.07602,9.713396,4.637376,0.46373759999999997,"3,6",fmz,TiNi,N130,1.51601,0.0,0.0,0.0,0,0.0,,,,,6.58558,2.52268,6.58128,1.445
fmz-TiNi-TATB,160,5.444204,41.48368,36.039476,3.6039476,"3,6",fmz,TiNi,TATB,0.481487,4525.75,1.46525,0.7055,4830,0.483,15.5,12.347681159420288,11.8,15.5,15.57204,7.90781,15.57204,1.445
fsi-TiCo-10-607-D2h-D2d,160,5.169091,38.67985,33.510759,3.3510759,"4,6",fsi,TiCo,N607,0.485206,4205.31,1.40538,0.6819,4795,0.4795,14.3,12.95322210636079,14.0,15.1,15.14087,12.82672,15.14087,1.445
fsi-TiCo-11-662-D4h-T,160,5.828295,64.75713,58.92883500000001,5.892883500000001,"4,6",fsi,TiCo,N662,0.26382,5778.51,3.15746,0.833,6731,0.6731,21.5,17.832164611499035,18.3,21.3,21.52074,14.52083,21.38724,1.445
fsi-TiCo-12-693-Td,160,4.983714,12.02643,7.0427159999999995,0.7042716,"4,6",fsi,TiCo,N693,1.38545,1165.31,0.18485,0.2561,870,0.087,5.8,5.486091954022988,5.8,5.8,5.87637,4.43808,5.73835,1.445
fsi-TiCo-13-600-Td,160,5.302199,29.97411,24.671911,2.4671911,"4,6",fsi,TiCo,N600,0.677031,3402.31,0.80085,0.5422,3414,0.3414,10.3,9.587697715289982,10.2,10.3,10.3885,8.28096,10.32308,1.445
fsi-TiCo-7-7-D2h-D2d,160,5.166142,22.01169,16.845548,1.6845548000000001,"4,6",fsi,TiCo,N7,0.94806,2168.1,0.506719,0.4804,2636,0.2636,8.9,8.591464339908955,8.8,9.1,9.13889,7.65816,8.98756,1.445
fsi-TiCo-8-644-D2h-D2d,160,4.873835,23.81588,18.942045,1.8942045,"4,6",fsi,TiCo,N644,0.795632,2527.37,0.658093,0.5236,3262,0.3262,11.3,10.561649294911096,10.8,11.3,11.32079,9.02021,11.32078,1.445
fsi-TiMg-10-607-D2h-D2d,160,7.721141,44.73346,37.012319,3.7012319,"4,6",fsi,TiMg,N607,0.438129,4682.2,1.54201,0.6756,4775,0.4775,14.7,12.356146596858636,12.8,14.7,14.77553,11.17845,14.24204,1.445
fsi-TiMg-11-662-D4h-T,160,7.505335,70.15094,62.645605,6.2645605,"4,6",fsi,TiMg,N662,0.246642,6229.83,3.37778,0.8331,6759,0.6759,19.2,17.424766977363515,18.8,20.0,20.08489,14.61969,19.47638,1.445
fsi-TiMg-12-693-Td,160,10.27977,17.4985,7.218730000000001,0.7218730000000001,"4,6",fsi,TiMg,N693,1.11262,1497.34,0.265679,0.2956,1176,0.1176,6.2,6.031377551020408,6.2,6.2,6.2712,5.0572,6.27117,1.445
fsi-TiMg-13-600-Td,160,7.95803,35.54638,27.58835,2.758835,"4,6",fsi,TiMg,N600,0.591222,3880.18,0.932307,0.5512,3570,0.357,10.2,9.8172268907563,10.2,10.6,10.74387,8.41791,10.63993,1.445
fsi-TiMg-7-7-D2h-D2d,160,8.460022,28.62453,20.164507999999998,2.0164508,"4,6",fsi,TiMg,N7,0.795851,2718.18,0.618206,0.492,2669,0.2669,9.9,8.639040839265641,9.0,10.0,10.01156,7.01799,10.01156,1.445
fsi-TiMg-8-644-D2h-D2d,160,9.031326,33.08715,24.055824,2.4055824,"4,6",fsi,TiMg,N644,0.649372,3208.69,0.836963,0.5435,3501,0.3501,12.0,11.325821193944586,12.0,12.1,12.17041,9.77671,12.13071,1.445
fsi-TiNi-10-607-D2h-D2d,160,5.052789,37.37445,32.321661000000006,3.2321661000000006,"4,6",fsi,TiNi,N607,0.506196,4046.77,1.33604,0.6763,4687,0.4687,12.9,11.905248559846385,12.9,13.5,13.53593,12.07775,13.53593,1.445
fsi-TiNi-11-662-D4h-T,160,5.821438,63.39603,57.574592,5.7574592,"4,6",fsi,TiNi,N662,0.271395,5764.84,3.04869,0.8274,6613,0.6613,18.8,16.984379252986542,18.2,18.9,19.17916,13.27838,18.91424,1.445
fsi-TiNi-12-693-Td,160,4.735305,10.93756,6.202254999999999,0.6202254999999999,"4,6",fsi,TiNi,N693,1.44561,1051.28,0.177364,0.2564,856,0.0856,5.4,5.275817757009346,5.4,5.4,5.44606,4.4782,5.3479,1.445
fsi-TiNi-13-600-Td,160,5.27149,28.83985,23.56836,2.356836,"4,6",fsi,TiNi,N600,0.70473,3296.1,0.741986,0.5229,3241,0.3241,10.0,9.22344955260722,9.8,10.0,10.07771,7.96061,10.06364,1.445
fsi-TiNi-7-7-D2h-D2d,160,4.699882,18.98783,14.287948,1.4287948,"4,6",fsi,TiNi,N7,1.00933,1989.07,0.438308,0.4424,2328,0.2328,8.0,7.927792096219932,8.1,8.4,8.44396,6.21419,8.44395,1.445
fsi-TiNi-8-644-D2h-D2d,160,4.590345,21.93123,17.340885,1.7340885,"4,6",fsi,TiNi,N644,0.847386,2337.62,0.593354,0.5028,3016,0.3016,10.2,9.998076923076924,10.2,10.7,10.73133,8.43219,10.67252,1.445
hea-TiCo-10-607-D2h-D2d,160,5.368368,39.25368,33.885312,3.3885312,"4,6",hea,TiCo,N607,0.485737,4409.19,1.37544,0.6681,4784,0.4784,16.4,15.230121237458192,16.3,16.4,16.43422,8.18967,16.41364,1.445
hea-TiCo-11-662-D4h-T,160,5.946481,67.54698,61.600499000000006,6.160049900000001,"4,6",hea,TiCo,N662,0.24846,5791.63,3.37237,0.8379,6885,0.6885,24.0,21.661292665214237,23.9,24.3,24.3129,14.78892,24.25724,1.445
hea-TiCo-12-693-Td,160,4.936822,10.80373,5.866908,0.5866908,"4,6",hea,TiCo,N693,1.55353,786.598,0.0930783,0.1446,410,0.041,5.3,4.854146341463414,5.3,5.3,5.35541,3.33028,5.35541,1.445
hea-TiCo-13-600-Td,160,5.017633,27.76485,22.747217,2.2747216999999997,"4,6",hea,TiCo,N600,0.717974,3190.57,0.737492,0.5295,3134,0.3134,11.2,9.849840459476706,11.0,11.4,11.4468,6.1702,11.43275,1.445
hea-TiCo-7-7-D2h-D2d,160,5.301585,23.31348,18.011895,1.8011895,"4,6",hea,TiCo,N7,0.92383,2304.8,0.575322,0.5315,2788,0.2788,10.6,10.076721664275466,10.6,10.6,10.6427,5.5755,10.60764,1.445
hea-TiCo-8-644-D2h-D2d,160,5.346076,28.32498,22.978904,2.2978904,"4,6",hea,TiCo,N644,0.739547,3027.51,0.833078,0.6161,3653,0.3653,12.0,11.348809197919518,12.0,12.0,12.07484,6.99801,12.07466,1.445
hea-TiMg-10-607-D2h-D2d,160,8.06227,46.08039,38.01812,3.8018120000000004,"4,6",hea,TiMg,N607,0.428592,4952.46,1.59009,0.6815,4899,0.4899,18.0,16.667850581751377,17.4,18.0,18.05288,8.47532,17.99997,1.445
hea-TiMg-11-662-D4h-T,160,7.803142,74.10875,66.305608,6.6305608000000005,"4,6",hea,TiMg,N662,0.229252,6253.21,3.66889,0.8411,6909,0.6909,23.6,20.68956433637285,22.5,23.6,23.62857,14.78665,23.62857,1.445
hea-TiMg-12-693-Td,160,2.323112,8.791133,6.468021,0.6468021,"4,6",hea,TiMg,N693,1.27675,1061.71,0.140435,0.1793,592,0.0592,5.7,5.325844594594594,5.7,5.7,5.79842,3.58642,5.70859,1.445
hea-TiMg-13-600-Td,160,8.144359,33.374,25.229641,2.5229641000000003,"4,6",hea,TiMg,N600,0.633983,3575.17,0.844187,0.5352,3220,0.322,11.2,10.036739130434782,10.9,11.6,11.68701,6.26348,11.28973,1.445
hea-TiMg-7-7-D2h-D2d,160,9.941514,30.06453,20.123016,2.0123016,"4,6",hea,TiMg,N7,0.780949,2760.23,0.670466,0.5236,2821,0.2821,10.6,10.101453385324351,10.6,10.6,10.68764,5.05726,10.54397,1.445
hea-TiMg-8-644-D2h-D2d,160,8.847259,36.71005,27.862791,2.7862791000000002,"4,6",hea,TiMg,N644,0.600468,3666.52,1.06434,0.6391,3958,0.3958,12.8,11.88292066700354,12.6,13.0,13.02431,7.41334,13.0243,1.445
hea-TiNi-10-607-D2h-D2d,160,5.545775,39.27217,33.726395000000004,3.3726395000000005,"4,6",hea,TiNi,N607,0.491633,4375.27,1.36118,0.6692,4768,0.4768,16.6,15.391359060402683,16.4,16.6,16.63068,8.13276,16.60184,1.445
hea-TiNi-11-662-D4h-T,160,5.987968,67.27036,61.282391999999994,6.128239199999999,"4,6",hea,TiNi,N662,0.249932,5771.09,3.34772,0.8367,6861,0.6861,24.2,21.80078705728028,23.7,24.3,24.31778,15.12525,24.12682,1.445
hea-TiNi-12-693-Td,160,5.531879,11.39886,5.866981000000001,0.5866981000000001,"4,6",hea,TiNi,N693,1.55037,822.179,0.104749,0.1624,472,0.0472,5.4,4.858686440677967,5.2,5.4,5.48878,3.54905,5.48878,1.445
hea-TiNi-13-600-Td,160,5.196907,27.71735,22.520443,2.2520443,"4,6",hea,TiNi,N600,0.738382,3070.69,0.717244,0.5296,3087,0.3087,11.1,9.725817946226108,10.9,11.2,11.20305,6.59935,11.20303,1.445
hea-TiNi-7-7-D2h-D2d,160,5.522733,23.71687,18.194137,1.8194137000000001,"4,6",hea,TiNi,N7,0.939826,2255.95,0.56021,0.5265,2770,0.277,10.4,9.922238267148014,10.4,10.4,10.42079,5.33125,10.42079,1.445
hea-TiNi-8-644-D2h-D2d,160,5.311254,27.9628,22.651546000000003,2.2651546000000002,"4,6",hea,TiNi,N644,0.739781,3022.38,0.839302,0.6209,3709,0.3709,12.0,11.334888110002696,12.0,12.0,12.09768,7.02361,12.04908,1.445
hwx-TiCo-1-10,160,6.011811,17.9751,11.963289000000001,1.1963289000000001,"3,6",hwx,TiCo,N10,1.19115,2044.66,0.279394,0.3328,1268,0.1268,6.8,5.501261829652997,5.2,6.8,6.87995,4.69636,5.13362,1.445
hwx-TiCo-10-333,160,5.255261,33.15477,27.899509,2.7899509,"3,6",hwx,TiCo,N333,0.607011,4065.43,1.06835,0.6485,3627,0.3627,9.7,8.874276261373035,9.2,9.7,9.76903,9.14203,9.66015,1.445
hwx-TiCo-11-516,160,5.106647,31.50117,26.394523,2.6394523,"3,6",hwx,TiCo,N516,0.6353,3800.39,1.0022,0.6367,3570,0.357,8.9,8.534845938375348,8.9,9.4,9.40048,7.90875,8.87685,1.445
hwx-TiCo-12-639,160,5.798067,32.06521,26.267143,2.6267143,"3,6",hwx,TiCo,N639,0.704566,3431.59,0.87671,0.6177,3320,0.332,9.9,8.60237951807229,8.4,9.9,9.93603,7.68399,9.22029,1.445
hwx-TiCo-13-126,160,5.630673,59.03497,53.404297,5.3404297,"3,6",hwx,TiCo,N126,0.296312,5618.18,2.77309,0.8217,6420,0.642,15.2,14.748348909657322,15.1,15.9,15.93974,12.46516,15.93974,1.445
hwx-TiCo-2-19,160,5.652653,17.83032,12.177667,1.2177666999999999,"3,6",hwx,TiCo,N19,1.22682,1976.51,0.318547,0.3908,1564,0.1564,7.0,5.791560102301791,5.6,7.0,7.06822,4.75144,5.61265,1.445
hwx-TiCo-3-20,160,5.842483,27.10671,21.264226999999998,2.1264227,"3,6",hwx,TiCo,N20,0.839593,3009.54,0.582544,0.4891,2677,0.2677,8.4,7.238027642883825,7.2,8.4,8.46483,6.56824,7.91103,1.445
hwx-TiCo-4-410,160,5.279964,34.56705,29.287086000000002,2.9287086,"3,6",hwx,TiCo,N410,0.574856,4041.9,1.18256,0.6798,4083,0.4083,10.5,9.435880480039186,9.8,10.5,10.5088,8.75554,9.98755,1.445
hwx-TiCo-5-386,160,6.369713,70.37613,64.006417,6.4006416999999995,"3,6",hwx,TiCo,N386,0.238511,6182.43,3.58349,0.8547,6994,0.6994,17.0,16.75261652845296,16.9,18.1,18.13947,16.89355,18.13947,1.445
hwx-TiCo-6-225,160,2.911275,4.681884,1.7706090000000003,0.17706090000000002,"3,6",hwx,TiCo,N225,1.66969,0.0,0.0,0.0,0,0.0,,,,,3.24829,1.96397,3.22765,1.445
hwx-TiCo-7-592,160,3.489051,17.72429,14.235239,1.4235239,"3,6",hwx,TiCo,N592,0.842223,2140.88,0.419248,0.3531,1532,0.1532,8.3,7.509856396866841,8.1,8.3,8.37686,5.18731,8.17054,1.445
hwx-TiCo-9-130,160,4.725458,10.60833,5.882872000000001,0.5882872000000001,"3,6",hwx,TiCo,N130,1.3951,1019.76,0.112393,0.1568,497,0.0497,5.8,5.024748490945674,4.9,5.8,5.85925,3.4863,4.95818,1.445
hwx-TiCo-TATB,160,5.480882,46.73755,41.256668,4.125666799999999,"3,6",hwx,TiCo,TATB,0.405404,4717.38,1.91019,0.7744,5531,0.5531,12.5,13.51325257638763,13.9,14.7,14.73471,14.27184,14.48369,1.445
hwx-TiMg-1-10,160,8.499827,20.79372,12.293893,1.2293893,"3,6",hwx,TiMg,N10,1.0575,1961.12,0.251159,0.2656,969,0.0969,5.4,5.59329205366357,5.4,6.3,6.30848,4.20949,6.30846,1.445
hwx-TiMg-10-333,160,8.162159,39.40441,31.242250999999996,3.1242250999999994,"3,6",hwx,TiMg,N333,0.524324,4554.53,1.27078,0.6663,3920,0.392,10.3,9.182806122448982,9.3,10.3,10.35097,8.37075,10.16149,1.445
hwx-TiMg-11-516,160,7.907742,36.86194,28.954197999999998,2.8954198,"3,6",hwx,TiMg,N516,0.562088,4276.94,1.13772,0.6395,3660,0.366,9.5,8.78032786885246,9.1,9.8,9.84025,7.81361,9.53216,1.445
hwx-TiMg-12-639,160,8.69264,37.15489,28.46225,2.846225,"3,6",hwx,TiMg,N639,0.625379,4108.84,0.992519,0.6207,3179,0.3179,8.6,7.779993708713431,8.1,8.7,8.76322,6.14553,8.4312,1.445
hwx-TiMg-13-126,160,7.841001,66.03617,58.195169,5.8195169,"3,6",hwx,TiMg,N126,0.268703,6160.61,3.07887,0.8273,6506,0.6506,16.3,14.859790962188749,15.0,16.3,16.32851,12.45903,16.26908,1.445
hwx-TiMg-2-19,160,7.889088,19.51209,11.623002,1.1623002,"3,6",hwx,TiMg,N19,1.06319,2155.54,0.281416,0.2992,1060,0.106,6.1,5.345754716981132,5.2,6.1,6.17653,4.16801,5.566,1.445
hwx-TiMg-3-20,160,9.50419,32.28293,22.77874,2.2778739999999997,"3,6",hwx,TiMg,N20,0.721452,3441.77,0.661167,0.477,2662,0.2662,8.2,7.679676934635612,8.0,8.4,8.41902,6.1291,8.41899,1.445
hwx-TiMg-4-410,160,8.057561,40.65198,32.594419,3.2594419,"3,6",hwx,TiMg,N410,0.51094,4763.2,1.32794,0.6785,4010,0.401,9.3,9.475087281795512,9.9,11.0,11.03616,7.455,10.40652,1.445
hwx-TiMg-5-386,160,8.601389,82.10141,73.500021,7.3500021,"3,6",hwx,TiMg,N386,0.204742,6844.25,4.20384,0.8607,7140,0.714,20.5,18.5909243697479,18.7,20.5,20.51839,18.01053,19.60428,1.445
hwx-TiMg-6-225,160,4.841511,7.397574,2.556063,0.2556063,"3,6",hwx,TiMg,N225,1.45677,0.0,0.0,0.0,0,0.0,,,,,3.65635,1.57486,3.15449,1.445
hwx-TiMg-7-592,160,5.282631,20.37411,15.091479000000001,1.5091479,"3,6",hwx,TiMg,N592,0.775019,2366.98,0.489536,0.3794,1705,0.1705,8.8,8.025454545454547,8.8,8.8,8.88309,5.11677,8.81145,1.445
hwx-TiMg-9-130,160,8.544506,15.40987,6.865364,0.6865363999999999,"3,6",hwx,TiMg,N130,1.17295,1292.62,0.159257,0.1868,683,0.0683,5.9,5.215812591508053,5.2,5.9,5.95055,3.7696,5.31471,1.445
hwx-TiMg-TATB,160,8.062236,55.04602,46.983784,4.6983784,"3,6",hwx,TiMg,TATB,0.349895,5376.92,2.23896,0.7834,5735,0.5735,16.0,14.428683522231912,15.2,16.0,16.08012,12.78286,16.08012,1.445
hwx-TiNi-1-10,160,5.675551,17.29336,11.617809000000001,1.1617809000000001,"3,6",hwx,TiNi,N10,1.21773,1931.51,0.271899,0.3311,1231,0.1231,5.9,5.342485783915516,5.3,5.9,5.94713,4.14336,5.4609,1.445
hwx-TiNi-10-333,160,5.335412,33.64324,28.307828,2.8307828,"3,6",hwx,TiNi,N333,0.59913,4048.16,1.09175,0.6541,3795,0.3795,9.7,8.878181818181819,9.3,10.1,10.10056,8.96697,9.73208,1.445
hwx-TiNi-11-516,160,5.099322,31.55942,26.460098,2.6460098,"3,6",hwx,TiNi,N516,0.638535,3846.76,0.993524,0.6344,3592,0.3592,9.1,8.466759465478843,8.7,9.6,9.68293,8.61834,9.3079,1.445
hwx-TiNi-12-639,160,5.928476,30.07141,24.142934,2.4142934,"3,6",hwx,TiNi,N639,0.756999,3378.78,0.705681,0.5342,2967,0.2967,8.3,7.46943040107853,7.7,8.5,8.51905,6.00382,8.4501,1.445
hwx-TiNi-13-126,160,5.672671,59.01964,53.346969,5.3346969,"3,6",hwx,TiNi,N126,0.296503,5604.41,2.78513,0.8258,6461,0.6461,16.4,14.895465098282,15.2,16.4,16.46606,11.98994,15.85799,1.445
hwx-TiNi-2-19,160,5.051747,16.18576,11.134013,1.1134013,"3,6",hwx,TiNi,N19,1.25598,1858.85,0.305101,0.3832,1588,0.1588,6.1,5.99647355163728,6.1,6.4,6.49399,4.41568,6.18075,1.445
hwx-TiNi-3-20,160,5.752206,26.83812,21.085914,2.1085914,"3,6",hwx,TiNi,N20,0.845889,2767.9,0.575489,0.4868,2745,0.2745,7.8,8.91799635701275,9.7,10.4,10.43903,7.51,10.43903,1.445
hwx-TiNi-4-410,160,5.243524,34.50795,29.264426,2.9264426,"3,6",hwx,TiNi,N410,0.57164,3967.08,1.17889,0.6739,4125,0.4125,11.6,10.041163636363637,10.6,11.6,11.66485,10.0854,11.66485,1.445
hwx-TiNi-5-386,160,6.488305,72.31395,65.82564500000001,6.582564500000001,"3,6",hwx,TiNi,N386,0.231267,6209.15,3.71303,0.8587,7058,0.7058,18.7,17.908628506659113,18.4,19.6,19.61202,18.34204,19.49116,1.445
hwx-TiNi-6-225,160,3.303949,4.998389,1.6944400000000006,0.16944400000000007,"3,6",hwx,TiNi,N225,1.70466,0.0,0.0,0.0,0,0.0,,,,,3.1539,2.09877,3.12195,1.445
hwx-TiNi-7-592,160,3.549866,18.22128,14.671414,1.4671414,"3,6",hwx,TiNi,N592,0.85063,2181.98,0.444377,0.378,1695,0.1695,8.7,7.900353982300884,8.4,8.7,8.79194,5.29444,8.52252,1.445
hwx-TiNi-9-130,160,4.339926,10.77916,6.439233999999999,0.6439233999999999,"3,6",hwx,TiNi,N130,1.42753,975.547,0.0954796,0.1363,453,0.0453,5.3,4.798454746136865,4.9,5.3,5.39848,3.51828,5.39848,1.445
hwx-TiNi-TATB,160,5.576698,45.6724,40.095702,4.009570200000001,"3,6",hwx,TiNi,TATB,0.42116,4671.42,1.81119,0.7628,5425,0.5425,15.4,13.940663594470047,14.6,15.8,15.88845,11.53722,15.42289,1.445
sab-TiCo-1-10,160,4.915536,14.29726,9.381723999999998,0.9381723999999998,"3,6",sab,TiCo,N10,1.24596,1489.99,0.211644,0.2637,1139,0.1139,7.0,6.601053555750659,7.0,7.2,7.24673,6.33654,7.24671,1.445
sab-TiCo-10-333,160,4.964287,32.36828,27.403993,2.7403993,"3,6",sab,TiCo,N333,0.598762,3835.96,1.0495,0.6284,3842,0.3842,12.2,10.155856324830816,9.6,12.2,12.23574,8.88189,12.21962,1.445
sab-TiCo-11-516,160,4.874295,31.2844,26.410105,2.6410105,"3,6",sab,TiCo,N516,0.626216,3758.48,0.976819,0.6117,3724,0.3724,11.3,9.756310418904404,9.6,11.4,11.4447,7.64495,9.67267,1.445
sab-TiCo-12-639,160,6.075286,31.62732,25.552034,2.5552034,"3,6",sab,TiCo,N639,0.711715,3523.25,0.816479,0.5811,3176,0.3176,11.5,9.205541561712844,10.1,11.5,11.57035,9.16696,11.50443,1.445
sab-TiCo-13-126,160,5.654138,59.28811,53.633972,5.3633972,"3,6",sab,TiCo,N126,0.293115,5574.99,2.80129,0.8211,6521,0.6521,19.0,16.544226345652508,16.5,18.8,19.04507,15.86801,18.54726,1.445
sab-TiCo-2-19,160,4.738715,14.65181,9.913094999999998,0.9913094999999998,"3,6",sab,TiCo,N19,1.26932,1641.68,0.24202,0.3072,1368,0.1368,8.4,7.475511695906433,7.8,8.4,8.46101,6.81318,8.46101,1.445
sab-TiCo-3-20,160,5.240911,25.37847,20.137559,2.0137559,"3,6",sab,TiCo,N20,0.854046,2795.66,0.49646,0.424,2473,0.2473,9.8,8.318156085725839,9.8,9.8,9.88469,8.04776,9.88469,1.445
sab-TiCo-4-410,160,5.016991,32.86617,27.849178999999996,2.7849178999999995,"3,6",sab,TiCo,N410,0.592894,3943.55,1.06528,0.6316,3946,0.3946,9.8,10.248656867714145,10.0,11.9,12.23993,8.63072,11.73382,1.445
sab-TiCo-5-386,160,6.436983,70.64245,64.205467,6.4205467,"3,6",sab,TiCo,N386,0.238244,6217.44,3.58289,0.8536,6974,0.6974,17.5,18.87242615428735,18.2,21.9,21.9009,18.75297,21.85784,1.445
sab-TiCo-6-225,160,3.829146,7.79994,3.970794,0.3970794,"3,6",sab,TiCo,N225,1.41234,418.585,0.0509794,0.072,287,0.0287,6.1,5.690940766550522,6.1,6.2,6.27207,3.96322,6.18597,1.445
sab-TiCo-7-592,160,3.741695,26.64991,22.908215,2.2908215,"3,6",sab,TiCo,N592,0.623662,3629.17,0.847574,0.5286,3015,0.3015,10.8,10.500630182421228,10.8,12.1,12.20124,8.02385,10.95233,1.445
sab-TiCo-9-130,160,4.199488,9.869277,5.669789000000001,0.5669789000000001,"3,6",sab,TiCo,N130,1.39677,821.664,0.0885615,0.1237,500,0.05,5.8,5.4808,5.8,5.8,5.85816,4.65587,5.85816,1.445
sab-TiCo-TATB,160,5.506571,44.53698,39.030409,3.9030408999999997,"3,6",sab,TiCo,TATB,0.429977,4738.51,1.7594,0.7565,5296,0.5296,15.5,13.051321752265862,12.0,15.5,15.53615,13.36206,15.53615,1.445
sab-TiMg-1-10,160,8.181618,13.73502,5.553402,0.5553402000000001,"3,6",sab,TiMg,N10,1.10923,1448.38,0.136311,0.1512,570,0.057,5.3,4.909473684210527,5.0,5.5,5.57297,3.38342,5.17122,1.445
sab-TiMg-10-333,160,8.034935,38.65249,30.617555,3.0617555,"3,6",sab,TiMg,N333,0.517588,4431.24,1.22916,0.6362,3966,0.3966,11.8,10.200428643469492,9.9,12.1,12.17418,7.73017,12.17418,1.445
sab-TiMg-11-516,160,7.8072,37.01886,29.211659999999995,2.9211659999999995,"3,6",sab,TiMg,N516,0.544632,4307.42,1.14628,0.6243,3848,0.3848,11.0,9.533549896049896,9.3,11.3,11.40071,7.07072,9.28344,1.445
sab-TiMg-12-639,160,9.543083,37.73194,28.188857000000002,2.8188857,"3,6",sab,TiMg,N639,0.623328,4103.8,0.941399,0.5868,3208,0.3208,10.8,8.685754364089776,9.1,10.6,10.83042,8.6317,10.74414,1.445
sab-TiMg-13-126,160,7.662238,65.82452,58.162282000000005,5.8162282,"3,6",sab,TiMg,N126,0.269783,6160.76,3.05912,0.8253,6531,0.6531,14.9,15.220379727453684,14.9,17.6,17.85941,14.21589,16.55613,1.445
sab-TiMg-2-19,160,8.737181,20.4493,11.712119000000001,1.1712119,"3,6",sab,TiMg,N19,1.00325,2207.97,0.345177,0.3463,1644,0.1644,8.9,7.809063260340633,8.3,8.9,8.97412,7.50541,8.97411,1.445
sab-TiMg-3-20,160,9.608924,31.089,21.480075999999997,2.1480075999999997,"3,6",sab,TiMg,N20,0.728269,3351.23,0.587832,0.4281,2609,0.2609,9.4,8.12265235722499,9.0,9.4,9.47946,7.46207,9.45964,1.445
sab-TiMg-4-410,160,7.90353,39.8551,31.95157,3.195157,"3,6",sab,TiMg,N410,0.51345,4637.08,1.24822,0.6409,4048,0.4048,9.4,9.888636363636364,9.7,11.7,11.79677,8.13313,11.75544,1.445
sab-TiMg-5-386,160,8.548225,78.9579,70.409675,7.040967499999999,"3,6",sab,TiMg,N386,0.215976,6765.71,3.96525,0.8564,7019,0.7019,23.6,19.08821769482832,20.5,23.6,23.62757,20.3749,23.57278,1.445
sab-TiMg-6-225,160,6.080186,11.3219,5.241713999999999,0.5241714,"3,6",sab,TiMg,N225,1.1798,611.165,0.0715378,0.0844,342,0.0342,5.7,5.454093567251462,5.7,5.9,5.91455,3.92031,5.91453,1.445
sab-TiMg-7-592,160,5.87088,31.42682,25.55594,2.555594,"3,6",sab,TiMg,N592,0.571997,4128.87,0.946508,0.5414,3059,0.3059,10.5,9.018764302059497,8.6,10.7,10.7175,6.92552,10.7175,1.445
sab-TiMg-9-130,160,6.33443,12.95049,6.61606,0.661606,"3,6",sab,TiMg,N130,1.17702,1014.79,0.118944,0.14,611,0.0611,6.3,5.895744680851064,6.3,6.3,6.37083,4.91883,6.37051,1.445
sab-TiMg-TATB,160,7.966809,51.97328,44.006471000000005,4.4006471000000005,"3,6",sab,TiMg,TATB,0.380194,5329.42,2.02002,0.768,5431,0.5431,16.0,13.370079175105872,12.0,16.0,16.05888,13.34307,16.05806,1.445
sab-TiNi-1-10,160,5.317114,12.37637,7.0592559999999995,0.7059255999999999,"3,6",sab,TiNi,N10,1.36688,1213.41,0.122688,0.1677,629,0.0629,5.7,5.2365659777424485,5.5,5.8,5.87158,4.10673,5.87158,1.445
sab-TiNi-10-333,160,5.002042,31.72067,26.718628,2.6718628,"3,6",sab,TiNi,N333,0.616763,3562.33,1.00654,0.6208,3757,0.3757,12.9,10.859063082246474,11.2,12.9,12.93751,8.89491,12.90564,1.445
sab-TiNi-11-516,160,4.9217,31.43249,26.51079,2.651079,"3,6",sab,TiNi,N516,0.62835,3641.4,0.979709,0.6156,3782,0.3782,11.9,9.97043892120571,9.5,11.9,11.90452,6.98931,9.50469,1.445
sab-TiNi-12-639,160,6.163837,31.66322,25.499382999999998,2.5499383,"3,6",sab,TiNi,N639,0.724499,3431.63,0.796965,0.5774,3123,0.3123,11.2,9.134229907140568,10.4,11.2,11.29991,9.16515,11.29991,1.445
sab-TiNi-13-126,160,5.740623,58.79657,53.055947,5.3055947,"3,6",sab,TiNi,N126,0.298121,5509.77,2.7509,0.8201,6462,0.6462,19.0,16.833101207056636,16.8,19.0,19.05607,15.6323,19.05607,1.445
sab-TiNi-2-19,160,4.384491,13.97565,9.591159000000001,0.9591159000000001,"3,6",sab,TiNi,N19,1.31723,1529.88,0.221905,0.2923,1255,0.1255,8.1,7.1904382470119526,7.6,8.1,8.19303,6.74583,8.19301,1.445
sab-TiNi-3-20,160,5.68115,25.53022,19.84907,1.9849070000000002,"3,6",sab,TiNi,N20,0.874642,2751.27,0.560686,0.4904,2558,0.2558,9.7,8.171774824081314,9.6,9.7,9.74737,8.2084,9.74737,1.445
sab-TiNi-4-410,160,5.102864,32.98639,27.883526,2.7883526,"3,6",sab,TiNi,N410,0.603679,3829.57,1.03847,0.6269,3886,0.3886,9.2,10.231343283582088,10.0,12.0,12.30596,8.16797,12.30596,1.445
sab-TiNi-5-386,160,6.366139,69.28883,62.922691,6.2922691,"3,6",sab,TiNi,N386,0.243951,6187.63,3.47898,0.8487,6925,0.6925,21.2,18.576953068592054,17.6,21.8,21.83145,18.41343,21.79078,1.445
sab-TiNi-6-225,160,4.109935,7.500277,3.3903419999999995,0.33903419999999995,"3,6",sab,TiNi,N225,1.52992,343.009,0.040525,0.062,211,0.0211,4.9,4.616587677725119,4.8,4.9,4.99768,4.17654,4.99764,1.445
sab-TiNi-7-592,160,3.962925,27.46171,23.498785,2.3498785,"3,6",sab,TiNi,N592,0.624623,3548.91,0.853315,0.533,3080,0.308,8.7,10.323214285714286,10.4,12.0,12.10103,7.77494,10.52186,1.445
sab-TiNi-9-130,160,4.446744,10.20041,5.753666,0.5753666,"3,6",sab,TiNi,N130,1.43564,781.522,0.0842827,0.121,476,0.0476,5.9,5.468067226890756,5.9,5.9,5.94813,4.61295,5.94434,1.445
sab-TiNi-TATB,160,5.550509,44.26342,38.712911000000005,3.8712911000000005,"3,6",sab,TiNi,TATB,0.438862,4652.38,1.71922,0.7545,5240,0.524,11.0,13.22333969465649,12.3,15.9,15.90779,13.29064,15.88301,1.445
sit-TiCo-1-10,160,5.813907,17.4204,11.606493,1.1606493,"3,6",sit,TiCo,N10,1.18385,1879.16,0.340584,0.4032,1417,0.1417,6.2,5.91729004940014,6.2,6.2,6.22383,4.99344,6.18718,1.445
sit-TiCo-10-333,160,5.277851,35.13119,29.853339,2.9853338999999997,"3,6",sit,TiCo,N333,0.567545,4158.35,1.16255,0.6598,4048,0.4048,11.5,10.60679347826087,11.5,11.7,11.71205,8.62522,11.71205,1.445
sit-TiCo-11-516,160,5.178585,33.95941,28.780825,2.8780825,"3,6",sit,TiCo,N516,0.59169,4079.49,1.0421,0.6166,3887,0.3887,11.1,10.10398765114484,11.1,11.2,11.24012,7.77213,11.05538,1.445
sit-TiCo-12-639,160,5.889194,33.16837,27.279176000000003,2.7279176000000005,"3,6",sit,TiCo,N639,0.679036,3629.17,0.890379,0.6046,3398,0.3398,9.7,9.198351971748089,9.7,9.8,9.80592,8.19188,9.76203,1.445
sit-TiCo-13-126,160,5.877395,61.65732,55.779925,5.5779925,"3,6",sit,TiCo,N126,0.277101,5596.62,3.06423,0.8491,6751,0.6751,19.1,17.860391053177306,17.9,19.1,19.11926,16.50628,19.11926,1.445
sit-TiCo-2-19,160,5.475506,17.37076,11.895254000000001,1.1895254000000002,"3,6",sit,TiCo,N19,1.22669,1924.22,0.365619,0.4485,1639,0.1639,6.4,6.116229408175717,6.4,6.5,6.5331,5.25496,6.53308,1.445
sit-TiCo-3-20,160,5.714697,28.62112,22.906423,2.2906423,"3,6",sit,TiCo,N20,0.788956,3021.7,0.730205,0.5761,3090,0.309,8.7,8.386310679611649,8.7,8.7,8.77307,7.72745,8.70378,1.445
sit-TiCo-4-410,160,5.253725,34.84456,29.590835000000002,2.9590835,"3,6",sit,TiCo,N410,0.576303,4085.76,1.14714,0.6611,4046,0.4046,11.6,10.732081067721206,11.6,11.6,11.65761,9.10221,11.62446,1.445
sit-TiCo-5-386,160,6.589897,71.56947,64.979573,6.4979573,"3,6",sit,TiCo,N386,0.233473,6188.07,3.72121,0.8688,7100,0.71,20.5,19.512591549295774,19.8,20.5,20.51763,16.54881,20.51761,1.445
sit-TiCo-6-225,160,1.078225,3.110947,2.0327219999999997,0.20327219999999996,"3,6",sit,TiCo,N225,1.69055,0.0,0.0,0.0,0,0.0,,,,,3.61665,1.61853,3.46422,1.445
sit-TiCo-7-592,160,4.028036,28.74689,24.718854,2.4718854,"3,6",sit,TiCo,N592,0.611781,3768.91,0.893621,0.5467,3098,0.3098,8.8,8.861168495803744,8.9,9.5,9.56763,6.90732,8.93421,1.445
sit-TiCo-9-130,160,4.759667,11.76572,7.006053,0.7006053,"3,6",sit,TiCo,N130,1.33859,1168.6,0.186465,0.2496,711,0.0711,5.7,5.30450070323488,5.7,5.7,5.74959,3.87094,5.74943,1.445
sit-TiCo-TATB,160,5.519213,46.69488,41.175667,4.117566699999999,"3,6",sit,TiCo,TATB,0.408716,4759.05,1.85606,0.7586,5572,0.5572,14.1,13.552763819095478,14.1,14.1,14.17876,12.02535,14.06781,1.445
sit-TiMg-1-10,160,9.25598,24.60588,15.3499,1.53499,"3,6",sit,TiMg,N10,0.931336,2688.83,0.466534,0.4345,1600,0.16,6.3,5.934437500000001,5.9,6.3,6.32754,4.90782,6.31117,1.445
sit-TiMg-10-333,160,8.144663,41.38689,33.242227,3.3242227,"3,6",sit,TiMg,N333,0.503705,4800.58,1.30553,0.6576,4068,0.4068,10.4,9.428048180924288,9.9,10.4,10.48253,7.93405,10.35727,1.445
sit-TiMg-11-516,160,7.864279,39.99631,32.132031,3.2132031,"3,6",sit,TiMg,N516,0.522792,4695.47,1.2351,0.6457,3963,0.3963,10.5,9.470047943477164,10.0,10.5,10.568,7.45602,10.56737,1.445
sit-TiMg-12-639,160,9.229991,38.85714,29.627149000000003,2.9627149000000004,"3,6",sit,TiMg,N639,0.608441,4362.68,1.0024,0.6099,3353,0.3353,8.4,7.755263942737847,7.8,8.4,8.46108,6.85394,8.46108,1.445
sit-TiMg-13-126,160,7.928063,68.63856,60.710497,6.0710497,"3,6",sit,TiMg,N126,0.254059,6177.86,3.34096,0.8488,6742,0.6742,17.2,16.040121625630377,16.5,17.2,17.21905,14.56337,17.21905,1.445
sit-TiMg-2-19,160,8.519044,21.38686,12.867816,1.2867815999999999,"3,6",sit,TiMg,N19,1.01571,2485.9,0.372842,0.3787,1364,0.1364,5.7,5.834970674486804,6.2,6.3,6.32903,4.49462,6.32551,1.445
sit-TiMg-3-20,160,9.668182,33.15069,23.482507999999996,2.3482507999999997,"3,6",sit,TiMg,N20,0.711476,3596.61,0.765872,0.5449,2804,0.2804,7.4,7.02339514978602,7.3,7.5,7.56235,6.03294,7.56234,1.445
sit-TiMg-4-410,160,8.138292,41.46147,33.323178,3.3323177999999998,"3,6",sit,TiMg,N410,0.498089,4749.86,1.34133,0.6681,4230,0.423,11.1,9.859810874704491,10.5,11.1,11.12394,8.90536,11.12394,1.445
sit-TiMg-5-386,160,8.735656,82.21396,73.478304,7.347830399999999,"3,6",sit,TiMg,N386,0.205974,6765.41,4.23646,0.8726,7227,0.7227,21.1,20.578386605783862,21.1,21.2,21.21349,17.33348,21.11846,1.445
sit-TiMg-6-225,160,4.447836,9.253753,4.805917,0.4805917,"3,6",sit,TiMg,N225,1.17969,0.0,0.0,0.0,0,0.0,,,,,4.74607,2.17114,4.74422,1.445
sit-TiMg-7-592,160,5.899646,32.32439,26.424744,2.6424744000000002,"3,6",sit,TiMg,N592,0.568969,4206.67,0.972285,0.5532,3199,0.3199,8.9,8.28333854329478,8.7,9.1,9.18036,6.88116,8.98653,1.445
sit-TiMg-9-130,160,9.310173,18.34677,9.036596999999999,0.9036596999999998,"3,6",sit,TiMg,N130,1.0862,1554.05,0.280152,0.3043,1023,0.1023,6.3,5.844868035190616,6.3,6.3,6.36127,4.3782,6.29053,1.445
sit-TiMg-TATB,160,8.059389,53.34371,45.284321000000006,4.528432100000001,"3,6",sit,TiMg,TATB,0.370322,5420.68,2.08386,0.7717,5489,0.5489,13.0,12.1279468026963,12.9,13.0,13.03376,10.63548,12.9711,1.445
sit-TiNi-1-10,160,5.402566,16.42653,11.023964,1.1023964,"3,6",sit,TiNi,N10,1.21565,1837.09,0.309629,0.3764,1247,0.1247,5.9,5.611788291900561,5.9,5.9,5.96492,4.62584,5.64587,1.445
sit-TiNi-10-333,160,5.39562,34.94103,29.545409999999997,2.954541,"3,6",sit,TiNi,N333,0.581384,4090.71,1.07795,0.6267,3957,0.3957,10.5,9.593682082385644,10.5,10.5,10.58147,8.08044,10.51111,1.445
sit-TiNi-11-516,160,5.239948,33.52202,28.282072,2.8282072,"3,6",sit,TiNi,N516,0.609748,3994.22,1.03994,0.6341,3762,0.3762,10.5,9.349149388623072,10.2,10.5,10.50443,7.40962,10.25604,1.445
sit-TiNi-12-639,160,6.102478,32.2428,26.140322000000005,2.6140322000000005,"3,6",sit,TiNi,N639,0.705643,3523.54,0.845328,0.5965,3245,0.3245,9.0,8.350107858243453,8.5,9.0,9.01902,7.39381,8.84388,1.445
sit-TiNi-13-126,160,5.840858,60.4054,54.564542,5.4564542000000005,"3,6",sit,TiNi,N126,0.286333,5622.5,2.95809,0.847,6659,0.6659,17.4,15.969244631326026,16.4,17.4,17.47982,14.6314,17.47982,1.445
sit-TiNi-2-19,160,5.088815,15.99289,10.904074999999999,1.0904075,"3,6",sit,TiNi,N19,1.23427,1953.78,0.34012,0.4198,1604,0.1604,6.2,5.899750623441397,6.2,6.3,6.34922,4.97518,6.16739,1.445
sit-TiNi-3-20,160,5.866135,27.06446,21.198325,2.1198325000000002,"3,6",sit,TiNi,N20,0.845523,2927.95,0.636647,0.5383,2697,0.2697,7.4,7.173044123099739,7.3,7.4,7.49212,6.34258,7.49211,1.445
sit-TiNi-4-410,160,5.241431,33.26495,28.023519,2.8023519,"3,6",sit,TiNi,N410,0.606456,3928.94,1.0441,0.6332,3821,0.3821,10.4,9.500026171159382,10.0,10.4,10.40981,9.02056,10.40979,1.445
sit-TiNi-5-386,160,6.570075,71.73085,65.160775,6.5160775,"3,6",sit,TiNi,N386,0.233896,6193.03,3.7243,0.8711,7106,0.7106,20.5,19.788967070081625,20.3,20.5,20.53749,16.46344,20.28088,1.445
sit-TiNi-6-225,160,3.041462,4.184691,1.1432289999999998,0.11432289999999998,"3,6",sit,TiNi,N225,1.58981,0.0,0.0,0.0,0,0.0,,,,,3.41505,1.66443,3.10283,1.445
sit-TiNi-7-592,160,4.135849,28.21313,24.077281,2.4077281,"3,6",sit,TiNi,N592,0.626115,3783.9,0.866774,0.5427,3066,0.3066,8.9,8.267025440313112,8.5,9.2,9.29062,6.73968,9.29062,1.445
sit-TiNi-9-130,160,5.006915,11.6322,6.625284999999999,0.6625284999999999,"3,6",sit,TiNi,N130,1.35523,1155.76,0.194727,0.2639,754,0.0754,5.8,5.408488063660477,5.8,5.8,5.84018,3.95739,5.8171,1.445
sit-TiNi-TATB,160,5.567581,46.14251,40.574929000000004,4.057492900000001,"3,6",sit,TiNi,TATB,0.416062,4758.33,1.80742,0.752,5489,0.5489,13.1,12.563654581891054,13.1,13.2,13.2161,11.40352,13.21608,1.445
stp-TiCo-1-445-D4h,160,4.221328,21.28531,17.063982,1.7063982,"4,6",stp,TiCo,N445,0.953741,1497.58,0.571644,0.5452,3743,0.3743,14.3,14.2764360138926,14.3,14.3,14.3583,13.92722,14.3583,1.445
stp-TiCo-11-662-D4h-T,160,6.468461,75.40652,68.938059,6.893805899999999,"4,6",stp,TiCo,N662,0.215625,5718.19,4.02875,0.8687,7390,0.739,29.7,27.601299052774017,29.7,29.7,29.7732,26.07526,29.71886,1.445
stp-TiCo-2-13-D4h,160,4.774565,25.98019,21.205625,2.1205625,"4,6",stp,TiCo,N13,0.785293,1809.9,0.757297,0.5947,4210,0.421,15.8,15.779596199524942,15.8,15.8,15.81347,15.12752,15.81343,1.445
stp-TiMg-1-445-D4h,160,7.728046,27.08185,19.353804,1.9353804000000001,"4,6",stp,TiMg,N445,0.82274,1817.24,0.684663,0.5633,3922,0.3922,14.0,13.851453340132586,14.0,14.0,14.02559,12.87584,14.02558,1.445
stp-TiMg-11-662-D4h-T,160,8.327502,84.61342,76.28591800000001,7.628591800000001,"4,6",stp,TiMg,N662,0.193001,6132.38,4.52485,0.8733,7496,0.7496,30.8,28.34159551760939,30.8,30.8,30.8115,26.96969,30.8115,1.445
stp-TiMg-2-13-D4h,160,8.356889,30.89282,22.535930999999998,2.2535931,"4,6",stp,TiMg,N13,0.675388,2124.13,0.854324,0.577,4127,0.4127,16.3,16.229609886115824,16.3,16.3,16.33338,15.1194,16.32323,1.445
stp-TiNi-1-445-D4h,160,0.7146957,1.93379,1.2190942999999999,0.12190942999999999,"4,6",stp,TiNi,N445,2.09944,0.0,0.0,0.0,0,0.0,,,,,3.53491,1.25589,2.72294,1.445
stp-TiNi-11-662-D4h-T,160,6.518609,75.40978,68.891171,6.8891171,"4,6",stp,TiNi,N662,0.217146,5751.93,3.99363,0.8672,7396,0.7396,29.1,26.693442401298,29.1,29.1,29.10213,25.38517,28.66078,1.445
stp-TiNi-2-13-D4h,160,4.987837,26.54612,21.558283,2.1558283,"4,6",stp,TiNi,N13,0.802802,1779.55,0.746511,0.5993,4217,0.4217,15.3,15.258643585487317,15.3,15.3,15.36254,14.84854,15.36252,1.445
ttp-TiCo-10-607-D2h-D2d,160,5.90895,48.87194,42.962990000000005,4.296299,"3,6",ttp,TiCo,N607,0.352613,4269.48,2.25999,0.7969,6212,0.6212,23.9,23.25618158403091,23.9,23.9,23.9521,22.07725,23.9521,1.445
ttp-TiCo-3-1-D2h,160,5.226039,27.16993,21.943891,2.1943891,"4,6",stp,TiCo,N1,0.747419,1890.23,0.846513,0.6327,4510,0.451,15.6,15.51711751662971,15.6,15.6,15.64301,15.1423,15.64299,1.445
ttp-TiCo-4-12-D2h,160,5.324165,34.02722,28.703055,2.8703054999999997,"3,6",ttp,TiCo,N12,0.546308,3514.8,1.18212,0.6458,4534,0.4534,16.5,15.87838553153948,16.5,16.5,16.56382,14.97453,16.56381,1.445
ttp-TiCo-8-644-D2h-D2d,160,5.409246,34.7021,29.292854000000002,2.9292854000000004,"4,6",stp,TiCo,N644,0.51148,2906.12,1.40905,0.7207,5545,0.5543,17.5,17.273669972948603,17.5,17.5,17.59156,16.75544,17.59155,1.445
ttp-TiCo-9-201-D2h-D2d,160,5.752964,51.25933,45.506366,4.5506366,"4,6",stp,TiCo,N201,0.334866,3671.45,2.41888,0.81,6666,0.6666,26.8,26.604560456045604,26.8,26.8,26.88359,25.24071,26.88359,1.445
ttp-TiMg-10-607-D2h-D2d,160,8.590545,57.75419,49.163645,4.9163645,"3,6",ttp,TiMg,N607,0.308583,4939.9,2.6437,0.8158,6417,0.6417,24.5,23.520445691132924,24.5,24.5,24.54748,22.66123,24.54748,1.445
ttp-TiMg-3-1-D2h,160,9.061401,33.39547,24.334069000000003,2.4334069000000005,"4,6",stp,TiMg,N1,0.635075,2200.95,0.980356,0.6226,4555,0.4555,16.8,16.793347969264545,16.8,16.8,16.89193,16.65213,16.88383,1.445
ttp-TiMg-4-12-D2h,160,8.051987,41.87785,33.825863,3.3825863,"3,6",ttp,TiMg,N12,0.465909,4225.33,1.42925,0.6659,4692,0.4692,16.5,15.43493179880648,16.5,16.5,16.57888,14.65508,16.50283,1.445
ttp-TiMg-8-644-D2h-D2d,160,8.342225,45.14122,36.798995,3.6798995,"4,6",stp,TiMg,N644,0.412,3406.72,1.78519,0.7355,5793,0.5793,21.8,21.758846884170552,21.8,21.8,21.8415,21.60331,21.83804,1.445
ttp-TiMg-9-201-D2h-D2d,160,7.809364,58.56038,50.751016,5.0751016,"4,6",stp,TiMg,N201,0.305588,4297.25,2.64146,0.8072,6622,0.6622,25.1,24.34510721836304,25.1,25.1,25.14777,23.35751,25.14777,1.445
ttp-TiNi-10-607-D2h-D2d,160,5.80775,48.22605,42.4183,4.24183,"3,6",ttp,TiNi,N607,0.358062,4283.72,2.2133,0.7925,6192,0.6192,23.4,22.579312015503877,23.4,23.4,23.48168,21.50207,23.4612,1.445
ttp-TiNi-3-1-D2h,160,5.407195,28.08083,22.673634999999997,2.2673634999999996,"4,6",stp,TiNi,N1,0.755273,1831.33,0.849759,0.6418,4619,0.4619,16.4,16.39919896081403,16.4,16.4,16.47824,16.20137,16.47823,1.445
ttp-TiNi-4-12-D2h,160,5.333701,34.06123,28.727529000000004,2.8727529000000005,"3,6",ttp,TiNi,N12,0.554895,3473.81,1.15517,0.641,4520,0.452,16.4,15.793606194690264,16.4,16.4,16.46716,14.46604,16.46159,1.445
ttp-TiNi-8-644-D2h-D2d,160,5.303782,35.71445,30.410668,3.0410668000000003,"4,6",stp,TiNi,N644,0.491372,2876.47,1.49846,0.7363,5753,0.5753,20.8,20.760837823744133,20.8,20.8,20.87146,20.29765,20.87144,1.445
ttp-TiNi-9-201-D2h-D2d,160,5.79981,51.54953,45.749719999999996,4.574972,"4,6",stp,TiNi,N201,0.33955,3598.98,2.38227,0.8089,6660,0.666,26.9,26.761996996996995,26.9,26.9,26.9356,25.15776,26.9356,1.445
ttx-TiCo-10-607-D2h-D2d,160,5.551665,44.05978,38.508115000000004,3.8508115000000003,"3,6",ttx,TiCo,N607,0.41109,4421.5,1.79133,0.7364,5590,0.559,19.0,17.881610017889088,19.0,19.0,19.05468,18.31854,19.05468,1.445
ttx-TiCo-3-1-D2h,160,5.158777,24.15146,18.992683,1.8992683,"3,6",ttx,TiCo,N1,0.886007,1728.54,0.635774,0.5633,3680,0.368,13.4,13.393505434782613,13.4,13.4,13.41679,11.89863,13.41679,1.445
ttx-TiCo-4-12-D2h,160,5.617087,36.65116,31.034073,3.1034072999999998,"4,6",stp,TiCo,N12,0.487799,3790.01,1.37167,0.6691,5033,0.5033,19.8,18.94814226107689,19.8,19.8,19.81351,18.21161,19.81349,1.445
ttx-TiCo-5-665-D2h,160,5.855911,45.09446,39.238549,3.9238549,"4,6",stp,TiCo,N665,0.398077,4133.12,1.80694,0.7193,5758,0.5758,22.1,21.44230635637374,22.1,22.1,22.14149,21.70359,22.14148,1.445
ttx-TiCo-6-614-D2h,160,5.818758,53.10513,47.286372,4.7286372,"4,6",stp,TiCo,N614,0.339242,4734.97,2.28303,0.7745,6201,0.6201,23.5,22.40185453959039,23.5,23.5,23.50523,22.48052,23.50523,1.445
ttx-TiCo-7-7-D2h-D2d,160,5.103757,25.36874,20.264983,2.0264983,"3,6",ttx,TiCo,N7,0.789486,2319.24,0.747828,0.5904,3804,0.3804,13.2,13.131177707676128,13.2,13.2,13.28556,11.73804,13.28552,1.445
ttx-TiCo-8-644-D2h-D2d,160,5.067048,28.87745,23.810402,2.3810402,"3,6",ttx,TiCo,N644,0.669655,3065.53,0.974232,0.6524,4177,0.4177,13.6,13.314603782619104,13.6,13.6,13.62669,12.08277,13.60697,1.445
ttx-TiMg-10-607-D2h-D2d,160,7.867591,50.55406,42.686469,4.2686469,"3,6",ttx,TiMg,N607,0.37037,4832.83,2.00151,0.7413,5634,0.5634,18.4,17.190592829250974,18.4,18.4,18.44644,17.34487,18.44644,1.445
ttx-TiMg-3-1-D2h,160,9.07826,30.04608,20.96782,2.096782,"3,6",ttx,TiMg,N1,0.749671,2101.88,0.740324,0.555,3582,0.3582,12.5,12.397934115019542,12.5,12.5,12.55513,11.96861,12.52709,1.445
ttx-TiMg-4-12-D2h,160,8.378979,44.69877,36.319791,3.6319791,"4,6",stp,TiMg,N12,0.416793,4353.2,1.65142,0.6883,5282,0.5282,20.9,19.977811435062478,20.9,20.9,20.91664,19.20896,20.91635,1.445
ttx-TiMg-5-665-D2h,160,8.174939,51.70462,43.529681,4.3529681,"4,6",stp,TiMg,N665,0.351723,4756.13,2.2131,0.7784,5869,0.5869,21.5,20.33883114670302,21.5,21.5,21.51228,19.90337,21.51227,1.445
ttx-TiMg-6-614-D2h,160,7.975473,61.05516,53.079687,5.3079687,"4,6",stp,TiMg,N614,0.301183,5214.24,2.72923,0.822,6424,0.6424,24.0,22.86411892901619,24.0,24.0,24.04196,23.40595,23.96355,1.445
ttx-TiMg-7-7-D2h-D2d,160,10.07909,33.32799,23.2489,2.32489,"3,6",ttx,TiMg,N7,0.677766,2887.11,0.878327,0.5953,3699,0.3699,12.1,11.716409840497432,12.1,12.1,12.11857,11.0884,12.11345,1.445
ttx-TiMg-8-644-D2h-D2d,160,7.687104,37.40563,29.718526000000004,2.9718526000000005,"3,6",ttx,TiMg,N644,0.562354,3606.35,1.19462,0.6718,4367,0.4367,14.1,13.75223265399588,14.1,14.1,14.16319,12.98487,14.16305,1.445
ttx-TiNi-10-607-D2h-D2d,160,5.587607,43.26568,37.678073000000005,3.7678073000000003,"3,6",ttx,TiNi,N607,0.424293,4363.57,1.74125,0.7388,5507,0.5507,18.0,16.912238968585438,18.0,18.0,18.04293,17.3592,18.04292,1.445
ttx-TiNi-3-1-D2h,160,5.36807,24.67302,19.30495,1.930495,"3,6",ttx,TiNi,N1,0.901744,1691.16,0.632552,0.5704,3711,0.3711,13.2,13.196308272702776,13.2,13.2,13.25456,11.59129,13.25455,1.445
ttx-TiNi-4-12-D2h,160,5.643377,36.89662,31.253242999999998,3.1253243,"4,6",stp,TiNi,N12,0.497697,3729.06,1.34218,0.668,4985,0.4985,18.9,18.200561685055163,18.9,18.9,18.92768,17.90558,18.92768,1.445
ttx-TiNi-5-665-D2h,160,5.892772,45.17118,39.278408,3.9278408,"4,6",stp,TiNi,N665,0.404664,4075.72,1.88156,0.7614,5841,0.5841,22.0,21.40239684985448,22.0,22.0,22.02095,21.03315,22.02091,1.445
ttx-TiNi-6-614-D2h,160,5.812254,52.79509,46.982836,4.6982836,"4,6",stp,TiNi,N614,0.344995,4667.12,2.30902,0.7966,6271,0.6271,22.7,21.65279859671504,22.7,22.7,22.78407,21.54934,22.78379,1.445
ttx-TiNi-7-7-D2h-D2d,160,5.168016,24.99008,19.822063999999997,1.9822063999999997,"3,6",ttx,TiNi,N7,0.814635,2180.96,0.714431,0.582,3739,0.3739,12.6,12.546055094945173,12.6,12.6,12.63549,11.38817,12.61639,1.445
ttx-TiNi-8-644-D2h-D2d,160,5.113508,28.45627,23.342762,2.3342762,"3,6",ttx,TiNi,N644,0.689989,2952.87,0.941754,0.6498,4157,0.4157,13.2,12.88802020687996,13.2,13.2,13.22197,11.39131,13.21857,1.445
txs-TiCo-10-607-D2h-D2d,160,5.337431,38.30708,32.969649,3.2969649,"4,6",txs,TiCo,N607,0.501318,4388.85,1.35044,0.677,4518,0.4518,13.0,10.962571934484284,11.3,13.0,13.06178,8.64248,13.06178,1.445
txs-TiCo-11-662-D4h-T,160,5.867047,64.43986,58.572813,5.8572812999999995,"4,6",txs,TiCo,N662,0.264877,5740.57,3.19809,0.8471,6800,0.68,22.6,19.95741176470588,22.1,22.9,22.92359,13.63273,22.60423,1.445
txs-TiCo-12-693-Td,160,2.986004,7.29359,4.307586000000001,0.43075860000000005,"4,6",txs,TiCo,N693,1.61136,0.0,0.0,0.0,0,0.0,,,,,5.52724,2.60825,5.52723,1.445
txs-TiCo-13-600-Td,160,4.782936,26.00751,21.224574,2.1224574,"4,6",txs,TiCo,N600,0.759579,2905.38,0.632456,0.4804,2822,0.2822,10.6,9.428065201984408,10.6,10.7,10.71111,6.0524,10.60682,1.445
txs-TiCo-7-7-D2h-D2d,160,5.355783,23.51151,18.155727000000002,1.8155727000000002,"4,6",txs,TiCo,N7,0.921061,2384.89,0.579223,0.5335,2787,0.2787,10.8,10.187656978830285,10.8,10.9,10.9368,5.93395,10.72817,1.445
txs-TiMg-10-607-D2h-D2d,160,7.67678,45.07565,37.39887,3.7398870000000004,"4,6",txs,TiMg,N607,0.437943,4860.72,1.57669,0.6905,4743,0.4743,13.7,11.556715159181952,11.8,13.7,13.70746,8.87654,13.70746,1.445
txs-TiMg-11-662-D4h-T,160,7.770431,72.94028,65.169849,6.5169849,"4,6",txs,TiMg,N662,0.234947,6215.49,3.62933,0.8527,6946,0.6946,22.9,20.18059314713504,21.7,22.9,22.91058,14.47868,21.17357,1.445
txs-TiMg-12-693-Td,160,5.986512,10.48557,4.499057999999999,0.4499057999999999,"4,6",txs,TiMg,N693,1.29561,808.702,0.121101,0.1569,516,0.0516,6.0,5.857364341085272,6.0,6.0,6.0761,2.91814,6.04293,1.445
txs-TiMg-13-600-Td,160,7.716232,31.34331,23.627077999999997,2.3627078,"4,6",txs,TiMg,N600,0.657083,3372.9,0.763526,0.5017,3069,0.3069,11.3,9.652166829586184,10.5,11.3,11.38608,6.35406,11.16907,1.445
txs-TiMg-7-7-D2h-D2d,160,10.07309,30.6045,20.53141,2.053141,"4,6",txs,TiMg,N7,0.771751,2841.46,0.694266,0.5358,2937,0.2937,10.7,9.97878787878788,10.7,10.7,10.74604,6.27048,10.74603,1.445
txs-TiNi-10-607-D2h-D2d,160,5.387881,38.9535,33.565619,3.3565619,"4,6",txs,TiNi,N607,0.496729,4322.77,1.37882,0.6849,4649,0.4649,13.5,11.458012475801247,12.1,13.5,13.52187,8.55023,13.51514,1.445
txs-TiNi-11-662-D4h-T,160,5.925652,65.00645,59.080798,5.9080798,"4,6",txs,TiNi,N662,0.262108,5760.79,3.21356,0.8423,6803,0.6803,23.0,20.40248419814788,22.8,23.1,23.15557,13.88044,23.02499,1.445
txs-TiNi-12-693-Td,160,3.548252,7.589519,4.0412669999999995,0.40412669999999995,"4,6",txs,TiNi,N693,1.58218,0.0,0.0,0.0,0,0.0,,,,,5.42325,2.87527,5.31402,1.445
txs-TiNi-13-600-Td,160,5.097705,25.6561,20.558394999999997,2.0558395,"4,6",txs,TiNi,N600,0.80785,2781.39,0.555053,0.4484,2572,0.2572,9.7,8.639463452566096,9.4,9.8,9.81788,5.12195,9.81788,1.445
txs-TiNi-7-7-D2h-D2d,160,5.555766,23.85301,18.297244,1.8297244,"4,6",txs,TiNi,N7,0.93438,2316.67,0.56401,0.527,2818,0.2818,10.6,9.985166784953869,10.6,10.6,10.64138,5.89737,10.64137,1.445
ydq-TiCo-1-10,160,5.639421,20.75324,15.113819000000003,1.5113819000000004,"3,6",ydq,TiCo,N10,0.986036,1947.45,0.514788,0.5076,3025,0.3025,13.2,11.636694214876034,13.2,13.2,13.30802,9.66222,13.28912,1.445
ydq-TiCo-10-333,160,5.04157,37.5423,32.50073,3.2500729999999995,"3,6",ydq,TiCo,N333,0.457473,3504.42,1.46019,0.668,5399,0.5399,22.3,19.53332098536766,21.7,22.4,22.4432,17.14855,22.42413,1.445
ydq-TiCo-11-516,160,4.897276,36.14322,31.245944,3.1245944000000003,"3,6",ydq,TiCo,N516,0.474775,3329.02,1.39982,0.6646,5369,0.5369,22.2,19.341329856584093,21.6,22.2,22.35167,17.34095,22.35167,1.445
ydq-TiCo-12-639,160,5.95681,36.6041,30.64729,3.0647290000000003,"3,6",ydq,TiCo,N639,0.544202,3193.82,1.20617,0.6564,5043,0.5043,20.7,17.824905810033712,20.4,20.7,20.89292,14.58616,20.72827,1.445
ydq-TiCo-2-19,160,5.298366,19.01707,13.718704,1.3718704000000002,"3,6",ydq,TiCo,N19,1.03988,1910.67,0.493901,0.5136,3026,0.3026,12.8,11.345076007931263,12.8,12.8,12.88606,9.35414,12.87491,1.445
ydq-TiCo-3-20,160,5.910491,31.55961,25.649119,2.5649119,"3,6",ydq,TiCo,N20,0.647083,2763.28,0.977,0.6322,4575,0.4575,18.6,16.334775956284155,18.6,18.6,18.65818,14.06525,18.65628,1.445
ydq-TiCo-4-410,160,5.131344,38.45489,33.323546,3.3323546,"3,6",ydq,TiCo,N410,0.456596,3768.02,1.47548,0.6737,5398,0.5398,21.2,18.353593923675437,20.0,21.2,21.34159,16.3895,21.34159,1.445
ydq-TiCo-6-225,160,4.930446,14.25431,9.323864,0.9323864000000001,"3,6",ydq,TiCo,N225,1.15363,947.284,0.239246,0.276,1562,0.1562,11.4,10.664084507042253,11.4,11.6,11.62918,7.23497,11.5892,1.445
ydq-TiCo-9-130,160,4.311218,15.16039,10.849172,1.0849172,"3,6",ydq,TiCo,N130,1.12948,1315.42,0.343611,0.3881,2359,0.2359,10.8,10.072742687579485,10.3,10.9,10.91578,8.7188,10.90627,1.445
ydq-TiMg-1-10,160,10.96184,28.10959,17.147750000000002,1.7147750000000002,"3,6",ydq,TiMg,N10,0.788299,2460.65,0.665991,0.525,3207,0.3207,13.5,11.677517929529156,13.4,13.5,13.53719,9.63205,13.53719,1.445
ydq-TiMg-10-333,160,8.235017,43.63595,35.400933,3.5400933,"3,6",ydq,TiMg,N333,0.419295,3966.24,1.58766,0.6657,5354,0.5354,21.5,18.484049308927904,20.2,21.7,21.95549,16.41706,21.95549,1.445
ydq-TiMg-11-516,160,7.904248,41.39893,33.494682,3.3494681999999996,"3,6",ydq,TiMg,N516,0.439664,3756.22,1.48272,0.6519,5265,0.5265,21.2,18.109458689458688,20.0,21.2,21.43087,15.8282,21.12522,1.445
ydq-TiMg-12-639,160,9.002301,43.23468,34.232378999999995,3.4232378999999993,"3,6",ydq,TiMg,N639,0.47648,3736.7,1.36165,0.6488,5041,0.5041,20.3,17.31354889902797,20.1,20.5,20.77857,14.4792,20.36645,1.445
ydq-TiMg-2-19,160,9.675161,26.10958,16.434419000000002,1.6434419000000002,"3,6",ydq,TiMg,N19,0.820228,2435.86,0.653843,0.5363,3244,0.3244,13.2,11.5557336621455,13.1,13.2,13.27091,9.34153,13.23105,1.445
ydq-TiMg-3-20,160,9.285589,38.48345,29.197860999999996,2.9197860999999996,"3,6",ydq,TiMg,N20,0.555828,3317.29,1.13021,0.6282,4537,0.4537,18.1,15.677738593784438,18.1,18.1,18.13843,13.68978,18.1131,1.445
ydq-TiMg-4-410,160,8.250799,45.34284,37.092041,3.7092041,"3,6",ydq,TiMg,N410,0.409787,4264.44,1.64354,0.6735,5354,0.5354,20.6,17.976802390735898,19.2,20.7,20.7959,16.08742,20.7959,1.445
ydq-TiMg-6-225,160,9.021197,20.85358,11.832383,1.1832383,"3,6",ydq,TiMg,N225,0.947059,1602.03,0.365869,0.3465,1928,0.1928,11.9,10.493724066390042,11.8,12.1,12.36943,7.62615,12.36943,1.445
ydq-TiMg-9-130,160,9.29441,20.85222,11.55781,1.155781,"3,6",ydq,TiMg,N130,0.912345,1713.48,0.457064,0.417,2613,0.2613,11.6,10.687562189054727,10.9,11.6,11.6691,9.51028,11.6579,1.445
ydq-TiNi-1-10,160,5.803474,21.31901,15.515535999999999,1.5515535999999999,"3,6",ydq,TiNi,N10,1.01125,1867.34,0.504127,0.5098,3049,0.3049,12.9,11.4710068875041,12.9,12.9,12.99211,9.46299,12.99131,1.445
ydq-TiNi-10-333,160,5.193501,37.58968,32.396179000000004,3.2396179000000003,"3,6",ydq,TiNi,N333,0.469127,3397.89,1.43884,0.675,5414,0.5414,21.7,19.300849649057994,21.2,21.9,22.02846,16.82469,21.67767,1.445
ydq-TiNi-11-516,160,5.04982,36.28547,31.235649999999996,3.1235649999999997,"3,6",ydq,TiNi,N516,0.48409,3249.84,1.37247,0.6644,5360,0.536,21.3,19.614962686567168,21.3,22.4,22.60809,17.412,22.27173,1.445
ydq-TiNi-12-639,160,5.98083,36.40125,30.420419999999996,3.0420419999999995,"3,6",ydq,TiNi,N639,0.551742,3085.8,1.19621,0.66,5099,0.5099,20.8,18.275720729554813,20.8,21.2,21.32626,14.93399,21.31429,1.445
ydq-TiNi-2-19,160,5.212538,19.24196,14.029421999999999,1.4029421999999998,"3,6",ydq,TiNi,N19,1.06089,1834.22,0.490062,0.5199,3076,0.3076,12.6,11.23920676202861,12.5,12.6,12.6531,9.22797,12.65047,1.445
ydq-TiNi-3-20,160,5.937988,31.45693,25.518942,2.5518942,"3,6",ydq,TiNi,N20,0.658581,2686.06,0.966928,0.6368,4611,0.4611,18.5,16.340555194101064,18.4,18.5,18.54896,13.88383,18.54896,1.445
ydq-TiNi-4-410,160,5.33289,38.62227,33.28938,3.328938,"3,6",ydq,TiNi,N410,0.464223,3624.08,1.44995,0.6731,5403,0.5403,21.2,18.595687580973536,20.1,21.3,21.3245,16.65107,21.3245,1.445
ydq-TiNi-6-225,160,4.105367,15.14068,11.035312999999999,1.1035312999999998,"3,6",ydq,TiNi,N225,1.16371,1169.14,0.283403,0.3298,1833,0.1833,11.9,10.902182214948173,11.9,12.1,12.21175,7.56936,12.21175,1.445
ydq-TiNi-9-130,160,4.860198,15.66225,10.802052,1.0802052,"3,6",ydq,TiNi,N130,1.13696,1291.2,0.351551,0.3997,2438,0.2438,11.0,10.320959803117308,10.5,11.0,11.11627,8.80065,11.11627,1.445
ceq-TiCo-1-10,200,4.075106,11.52498,7.449873999999999,0.7449874,"3,6",ceq,TiCo,N10,1.21459,1806.77,0.294667,0.3579,1257,0.1257,5.8,5.718536197295147,5.8,6.0,6.07217,5.10152,5.90439,1.445
ceq-TiCo-10-333,200,3.658716,23.95004,20.291324000000003,2.0291324000000004,"3,6",ceq,TiCo,N333,0.578443,4032.75,1.06527,0.6162,4033,0.4033,11.5,10.359112323332509,11.5,11.9,11.90475,9.51036,11.85231,1.445
ceq-TiCo-11-516,200,3.506719,22.33057,18.823851,1.8823851,"3,6",ceq,TiCo,N516,0.613734,3864.6,0.964587,0.592,3797,0.3797,11.0,9.572004213853042,10.7,11.1,11.1373,8.62506,11.07183,1.445
ceq-TiCo-12-639,200,3.992012,22.45993,18.467918,1.8467918,"3,6",ceq,TiCo,N639,0.728084,3494.73,0.779168,0.5673,3099,0.3099,8.2,7.877767021619878,7.9,8.5,8.54564,6.7773,8.43775,1.445
ceq-TiCo-13-126,200,4.290036,44.16228,39.872244,3.9872244,"3,6",ceq,TiCo,N126,0.282249,5631.87,3.01861,0.852,6689,0.6689,17.0,16.569143369711465,17.0,17.8,17.82836,15.14346,17.0768,1.445
ceq-TiCo-2-19,200,3.943427,11.4157,7.4722729999999995,0.7472272999999999,"3,6",ceq,TiCo,N19,1.26274,1828.82,0.314476,0.3971,1431,0.1431,5.7,5.618099231306778,5.7,5.8,5.87712,5.09131,5.71078,1.445
ceq-TiCo-3-20,200,3.896504,17.79737,13.900866,1.3900866,"3,6",ceq,TiCo,N20,0.892794,2849.38,0.545702,0.4872,2243,0.2243,6.9,6.838074008024967,6.9,7.1,7.13199,5.83361,7.13198,1.445
ceq-TiCo-4-410,200,3.616997,24.3718,20.754803,2.0754802999999997,"3,6",ceq,TiCo,N410,0.569958,4134.54,1.1171,0.6367,4082,0.4082,11.6,10.210828025477708,10.6,11.6,11.67421,8.69689,10.92577,1.445
ceq-TiCo-5-386,200,4.833801,53.00265,48.168849,4.8168849,"3,6",ceq,TiCo,N386,0.229929,6225.07,3.7977,0.8732,7117,0.7117,19.0,18.878445974427425,19.2,19.9,19.96274,18.54632,19.86965,1.445
ceq-TiCo-6-225,200,2.239385,5.693428,3.454043,0.3454043,"3,6",ceq,TiCo,N225,1.40473,0.0,0.0,0.0,0,0.0,,,,,5.12443,2.67376,5.03088,1.445
ceq-TiCo-7-592,200,2.590235,18.0288,15.438565,1.5438565,"3,6",ceq,TiCo,N592,0.646386,3318.02,0.729131,0.4713,2952,0.2952,10.1,8.784552845528456,8.6,10.1,10.11715,6.58071,10.01828,1.445
ceq-TiCo-9-130,200,3.217882,7.942123,4.724240999999999,0.4724240999999999,"3,6",ceq,TiCo,N130,1.33936,1018.01,0.157314,0.2107,703,0.0703,5.8,5.334992887624467,5.5,5.8,5.86327,4.40667,5.86327,1.445
ceq-TiMg-1-10,200,5.815453,15.45863,9.643177,0.9643176999999999,"3,6",ceq,TiMg,N10,0.999417,2183.97,0.358209,0.358,1238,0.1238,5.3,5.409046849757674,5.3,5.7,5.76054,4.86205,5.59945,1.445
ceq-TiMg-10-333,200,4.776371,29.1627,24.386329,2.4386329,"3,6",ceq,TiMg,N333,0.50131,4609.14,1.25371,0.6285,4180,0.418,11.5,9.872129186602873,10.2,11.5,11.50666,9.24878,11.50662,1.445
ceq-TiMg-11-516,200,4.583072,27.70073,23.117658,2.3117658,"3,6",ceq,TiMg,N516,0.529068,4435.28,1.15996,0.6137,4023,0.4023,11.1,9.475416355953268,10.1,11.1,11.17092,8.48825,11.17092,1.445
ceq-TiMg-12-639,200,5.363718,25.87091,20.507191999999996,2.0507191999999996,"3,6",ceq,TiMg,N639,0.675461,3936.03,0.769104,0.5195,2717,0.2717,7.5,7.25218991534781,7.4,7.7,7.74596,6.00017,7.57434,1.445
ceq-TiMg-13-126,200,5.043602,49.61589,44.572288,4.4572288,"3,6",ceq,TiMg,N126,0.259373,6149.23,3.27213,0.8487,6700,0.67,15.6,15.80183582089552,15.8,16.8,16.87693,14.13515,16.15173,1.445
ceq-TiMg-2-19,200,5.370399,14.07624,8.705841,0.8705841,"3,6",ceq,TiMg,N19,1.05993,2112.33,0.355305,0.3766,1319,0.1319,5.4,5.367778620166793,5.4,5.5,5.53585,4.72529,5.47927,1.445
ceq-TiMg-3-20,200,5.259048,20.91082,15.651772000000001,1.5651772000000002,"3,6",ceq,TiMg,N20,0.800093,3125.83,0.531938,0.4256,2059,0.2059,6.7,6.687421078193298,6.8,7.3,7.36617,5.49468,7.35004,1.445
ceq-TiMg-4-410,200,4.703336,29.64395,24.940614,2.4940614,"3,6",ceq,TiMg,N410,0.498421,4696.9,1.2983,0.6471,4225,0.4225,12.2,10.21921893491124,10.0,12.2,12.26322,8.50743,10.40681,1.445
ceq-TiMg-5-386,200,5.833382,61.66661,55.833228,5.5833227999999995,"3,6",ceq,TiMg,N386,0.202052,6879.94,4.35384,0.8797,7229,0.7229,20.1,19.248651265735237,19.6,20.1,20.15893,18.90877,20.1296,1.445
ceq-TiMg-6-225,200,3.14301,8.677671,5.534661,0.5534661,"3,6",ceq,TiMg,N225,1.16287,0.0,0.0,0.0,0,0.0,,,,,4.8881,2.55958,4.84413,1.445
ceq-TiMg-7-592,200,3.313618,19.02691,15.713292000000001,1.5713292,"3,6",ceq,TiMg,N592,0.643583,3123.88,0.704494,0.4534,2754,0.2754,8.4,8.558678286129267,8.4,9.5,9.50685,7.31293,8.48236,1.445
ceq-TiMg-9-130,200,5.088594,11.04614,5.957546,0.5957546,"3,6",ceq,TiMg,N130,1.08754,1389.18,0.228314,0.2483,914,0.0914,6.1,5.6263676148796495,5.5,6.1,6.19372,4.75481,6.19372,1.445
ceq-TiNi-1-10,200,3.085595,10.35188,7.266285,0.7266285,"3,6",ceq,TiNi,N10,1.25523,1648.79,0.262582,0.3296,1063,0.1063,5.4,5.327657572906866,5.4,5.6,5.63377,4.79273,5.44483,1.445
ceq-TiNi-10-333,200,3.622789,23.98838,20.365591,2.0365591,"3,6",ceq,TiNi,N333,0.578021,3948.95,1.0856,0.6275,4090,0.409,11.6,10.184938875305624,10.8,11.6,11.62502,9.82685,11.51194,1.445
ceq-TiNi-11-516,200,3.515928,22.95772,19.441792,1.9441792,"3,6",ceq,TiNi,N516,0.603256,3844.9,1.0072,0.6076,3918,0.3918,11.5,10.105308831036243,11.3,11.7,11.70534,9.14203,11.70534,1.445
ceq-TiNi-12-639,200,4.087011,21.86371,17.776699,1.7776699,"3,6",ceq,TiNi,N639,0.768359,3409.49,0.700974,0.5386,2800,0.28,7.8,7.382821428571429,7.5,7.8,7.89292,6.0888,7.89291,1.445
ceq-TiNi-13-126,200,4.219182,43.82166,39.602478000000005,3.9602478000000003,"3,6",ceq,TiNi,N126,0.28464,5593.12,2.98623,0.85,6652,0.6652,18.5,16.755532170775705,16.7,18.5,18.50525,15.08543,16.74324,1.445
ceq-TiNi-2-19,200,2.941683,10.28493,7.343247,0.7343246999999999,"3,6",ceq,TiNi,N19,1.29692,1725.09,0.296317,0.3843,1295,0.1295,5.6,5.436370656370657,5.5,5.6,5.65403,4.88846,5.65401,1.445
ceq-TiNi-3-20,200,3.759709,16.58841,12.828700999999999,1.2828700999999998,"3,6",ceq,TiNi,N20,0.92957,2724.87,0.459245,0.4269,1997,0.1997,6.8,6.723234852278418,6.8,7.0,7.02113,5.65976,6.97516,1.445
ceq-TiNi-4-410,200,3.630978,23.88375,20.252772,2.0252772,"3,6",ceq,TiNi,N410,0.584759,3979.43,1.08216,0.6328,4046,0.4046,10.5,9.636109738012852,10.0,10.5,10.54301,8.61505,10.23889,1.445
ceq-TiNi-5-386,200,4.727314,52.67627,47.948956,4.7948956,"3,6",ceq,TiNi,N386,0.230448,6195.6,3.79609,0.8748,7114,0.7114,20.0,18.872968793927463,19.4,20.0,20.06167,18.62337,20.01355,1.445
ceq-TiNi-6-225,200,0.4795713,4.173749,3.6941777,0.36941777,"3,6",ceq,TiNi,N225,1.45155,0.0,0.0,0.0,0,0.0,,,,,4.88946,2.45688,4.47613,1.445
ceq-TiNi-7-592,200,2.526661,16.2768,13.750139,1.3750139000000001,"3,6",ceq,TiNi,N592,0.708424,2843.28,0.621097,0.44,2647,0.2647,8.6,8.395428787306383,8.6,8.7,8.85232,7.24919,8.77799,1.445
ceq-TiNi-9-130,200,2.383908,6.914908,4.531,0.45309999999999995,"3,6",ceq,TiNi,N130,1.37823,1002.84,0.159044,0.2192,688,0.0688,5.7,5.196366279069768,5.5,5.7,5.79581,4.23042,5.79581,1.445
cml-TiCo-1-10,200,4.084434,12.1768,8.092366,0.8092366,"3,6",cml,TiCo,N10,1.16205,1942.61,0.315219,0.3663,1498,0.1498,6.2,6.0211615487316426,6.1,6.3,6.3685,5.2944,6.05631,1.445
cml-TiCo-10-333,200,3.680102,23.91995,20.239848,2.0239848,"3,6",cml,TiCo,N333,0.584696,4099.28,1.01266,0.5921,3906,0.3906,10.7,9.745340501792114,10.6,10.7,10.73541,8.93998,10.73307,1.445
cml-TiCo-11-516,200,3.56723,23.31338,19.74615,1.974615,"3,6",cml,TiCo,N516,0.601103,4026.1,0.970051,0.5831,3821,0.3821,10.7,9.919759225333683,10.7,10.9,10.90541,9.04566,10.89506,1.445
cml-TiCo-12-639,200,3.908818,23.26087,19.352052,1.9352052,"3,6",cml,TiCo,N639,0.676516,3565.9,0.853047,0.5771,3517,0.3517,10.2,9.5130508956497,9.8,10.2,10.25777,8.06113,10.25777,1.445
cml-TiCo-13-126,200,4.251827,45.06761,40.815783,4.0815783,"3,6",cml,TiCo,N126,0.276747,5638.2,3.03418,0.8397,6688,0.6688,18.2,17.171471291866027,17.7,18.2,18.25286,16.12155,18.24016,1.445
cml-TiCo-2-19,200,4.00743,11.96665,7.959219999999999,0.7959219999999999,"3,6",cml,TiCo,N19,1.20709,1946.24,0.330714,0.3992,1686,0.1686,6.0,5.906049822064057,6.0,6.1,6.11684,5.61048,6.09402,1.445
cml-TiCo-3-20,200,3.992593,19.40694,15.414347,1.5414347,"3,6",cml,TiCo,N20,0.826141,3000.73,0.626769,0.5178,2763,0.2763,8.0,7.668584871516467,7.8,8.0,8.06832,6.93764,8.0683,1.445
cml-TiCo-4-410,200,3.67669,24.59106,20.914369999999998,2.091437,"3,6",cml,TiCo,N410,0.566539,4140.67,1.09348,0.6195,4096,0.4096,11.5,10.5462646484375,11.4,11.6,11.64015,9.07515,11.59593,1.445
cml-TiCo-5-386,200,4.707235,53.12598,48.418745,4.8418745,"3,6",cml,TiCo,N386,0.229126,6236.61,3.77042,0.8639,7035,0.7035,20.4,19.92220326936745,20.4,20.7,20.78995,17.39186,20.62732,1.445
cml-TiCo-6-225,200,2.251397,6.835087,4.58369,0.45836899999999997,"3,6",cml,TiCo,N225,1.37322,389.57,0.0411441,0.0565,171,0.0171,4.8,4.780701754385965,4.8,4.9,4.91775,2.93043,4.91773,1.445
cml-TiCo-7-592,200,2.791729,20.24236,17.450631,1.7450631,"3,6",cml,TiCo,N592,0.603861,3849.93,0.934321,0.5642,3210,0.321,10.6,9.292679127725856,9.1,10.6,10.61994,6.94469,10.61994,1.445
cml-TiCo-9-130,200,3.425546,8.419053,4.993506999999999,0.4993506999999999,"3,6",cml,TiCo,N130,1.33376,1007.35,0.146578,0.1955,631,0.0631,6.4,5.823137876386689,6.4,6.4,6.40893,3.50975,6.40893,1.445
cml-TiCo-TATB,200,3.943784,32.66569,28.721905999999997,2.8721905999999997,"3,6",cml,TiCo,TATB,0.414437,4817.61,1.85987,0.7708,5469,0.5469,13.5,12.831230572316692,13.4,13.5,13.52714,11.86424,13.51283,1.445
cml-TiMg-1-10,200,5.660766,17.86774,12.206974000000002,1.2206974000000002,"3,6",cml,TiMg,N10,0.933001,2524.02,0.422186,0.3939,1699,0.1699,6.5,6.25868157739847,6.5,6.5,6.52241,5.39507,6.52199,1.445
cml-TiMg-10-333,200,4.697924,29.02533,24.327406,2.4327406,"3,6",cml,TiMg,N333,0.511183,4575.93,1.18529,0.6059,4045,0.4045,10.5,9.816390605686031,10.5,10.6,10.64759,8.90567,10.63716,1.445
cml-TiMg-11-516,200,4.552155,28.86501,24.312855000000003,2.4312855000000004,"3,6",cml,TiMg,N516,0.51348,4599.37,1.17882,0.6053,4050,0.405,11.0,10.252913580246911,10.9,11.2,11.22253,9.35689,11.16292,1.445
cml-TiMg-12-639,200,5.205077,28.49049,23.285413000000002,2.3285413000000004,"3,6",cml,TiMg,N639,0.597277,4158.84,0.967725,0.578,3521,0.3521,9.7,8.94260153365521,9.2,9.8,9.86581,7.72449,9.8658,1.445
cml-TiMg-13-126,200,5.092711,50.24004,45.147329,4.5147329,"3,6",cml,TiMg,N126,0.254967,6149.36,3.30043,0.8415,6674,0.6674,17.7,16.78602037758466,17.3,17.8,17.82744,14.91026,17.56278,1.445
cml-TiMg-2-19,200,5.191095,17.37337,12.182275,1.2182275,"3,6",cml,TiMg,N19,0.926059,2610.09,0.482582,0.4469,2040,0.204,6.8,6.617254901960784,6.8,6.8,6.84489,5.96493,6.8253,1.445
cml-TiMg-3-20,200,5.52276,24.64475,19.121989999999997,1.9121989999999998,"3,6",cml,TiMg,N20,0.722174,3579.34,0.709386,0.5123,2721,0.2721,7.3,7.204593899301727,7.3,7.4,7.40872,6.29341,7.40872,1.445
cml-TiMg-4-410,200,4.803778,30.48868,25.684901999999997,2.5684902,"3,6",cml,TiMg,N410,0.485733,4766.07,1.31554,0.639,4300,0.43,12.0,10.83760465116279,11.6,12.0,12.02028,8.77457,11.76449,1.445
cml-TiMg-5-386,200,5.907426,62.35672,56.449294,5.6449294000000005,"3,6",cml,TiMg,N386,0.199411,6888.8,4.37538,0.8725,7209,0.7209,21.3,20.56200582605077,21.1,21.3,21.34949,17.83222,21.28587,1.445
cml-TiMg-6-225,200,3.953912,12.15072,8.196808,0.8196808000000001,"3,6",cml,TiMg,N225,1.11178,647.03,0.08248,0.0917,327,0.0327,5.7,5.614984709480122,5.7,5.8,5.84892,2.95804,5.84425,1.445
cml-TiMg-7-592,200,3.422002,22.31999,18.897988,1.8897988000000001,"3,6",cml,TiMg,N592,0.567836,3888.61,0.974225,0.5532,3223,0.3223,8.5,9.117871548246976,9.0,10.4,10.45984,7.26225,9.59027,1.445
cml-TiMg-9-130,200,5.861402,11.45964,5.598238,0.5598238,"3,6",cml,TiMg,N130,1.17222,1182.3,0.179658,0.2106,709,0.0709,6.7,6.080677009873062,6.7,6.7,6.79459,3.6301,6.79062,1.445
cml-TiMg-TATB,200,4.889539,38.49876,33.609221,3.3609221,"3,6",cml,TiMg,TATB,0.369747,5348.44,2.09873,0.776,5544,0.5544,13.2,12.722384559884558,12.8,13.2,13.29024,11.50404,13.17249,1.445
cml-TiNi-1-10,200,4.056017,11.66101,7.6049929999999994,0.7604993,"3,6",cml,TiNi,N10,1.19101,1877.72,0.29941,0.3566,1462,0.1462,6.1,5.896306429548563,5.9,6.2,6.29312,5.31812,6.24892,1.445
cml-TiNi-10-333,200,3.667615,23.84655,20.178935,2.0178935,"3,6",cml,TiNi,N333,0.58601,4034.13,1.0237,0.5999,3953,0.3953,10.3,9.579762205919556,10.1,10.6,10.62039,8.88533,10.62036,1.445
cml-TiNi-11-516,200,3.602117,23.25764,19.655523,1.9655523,"3,6",cml,TiNi,N516,0.606744,3911.71,0.969931,0.5885,3824,0.3824,11.0,9.784649581589958,10.3,11.0,11.0055,9.03656,10.38494,1.445
cml-TiNi-12-639,200,3.870238,22.5584,18.688162,1.8688162,"3,6",cml,TiNi,N639,0.701724,3417.66,0.802595,0.5632,3380,0.338,9.7,9.099023668639052,9.2,9.7,9.78649,7.91527,9.78649,1.445
cml-TiNi-13-126,200,4.271753,43.98209,39.710336999999996,3.9710336999999996,"3,6",cml,TiNi,N126,0.28491,5546.33,2.9304,0.8349,6607,0.6607,18.7,17.734054790373847,18.7,18.7,18.79896,16.44162,18.74173,1.445
cml-TiNi-2-19,200,3.857043,11.36254,7.505496999999999,0.7505496999999999,"3,6",cml,TiNi,N19,1.21881,1949.97,0.334424,0.4076,1688,0.1688,6.0,5.960367298578199,6.0,6.1,6.14656,5.6318,6.14655,1.445
cml-TiNi-3-20,200,3.967767,18.69192,14.724153,1.4724153,"3,6",cml,TiNi,N20,0.867378,2871.73,0.580139,0.5032,2541,0.2541,7.2,7.021015348288076,7.2,7.2,7.29836,6.22077,7.29378,1.445
cml-TiNi-4-410,200,3.657877,24.25558,20.597703,2.0597703,"3,6",cml,TiNi,N410,0.572716,4010.23,1.08937,0.6239,4108,0.4108,11.2,10.156694255111976,10.4,11.2,11.28593,8.61146,11.23079,1.445
cml-TiNi-5-386,200,4.724126,53.40557,48.681444,4.8681444,"3,6",cml,TiNi,N386,0.228688,6242.37,3.79381,0.8676,7098,0.7098,20.8,19.916948436179204,20.6,20.8,20.89682,17.56226,20.60162,1.445
cml-TiNi-6-225,200,0.7872845,6.498663,5.7113784999999995,0.57113785,"3,6",cml,TiNi,N225,1.38173,842.43,0.098789,0.1365,441,0.0441,5.3,5.17641723356009,5.3,5.3,5.32369,2.9634,4.95622,1.445
cml-TiNi-7-592,200,2.730994,19.2577,16.526706,1.6526706,"3,6",cml,TiNi,N592,0.63158,3618.96,0.866557,0.5473,3001,0.3001,10.1,8.717060979673443,8.6,10.1,10.1279,6.85832,10.11279,1.445
cml-TiNi-9-130,200,3.541334,8.010107,4.468773,0.4468773,"3,6",cml,TiNi,N130,1.36733,966.539,0.136397,0.1865,579,0.0579,5.9,5.437478411053541,5.9,5.9,5.95411,3.58426,5.95411,1.445
cml-TiNi-TATB,200,3.968629,32.78601,28.817380999999997,2.8817380999999997,"3,6",cml,TiNi,TATB,0.415941,4741.39,1.85771,0.7727,5505,0.5505,13.5,12.988555858310626,13.4,13.6,13.60761,11.89081,13.57223,1.445
dag-TiCo-1-10,200,0.8430677,8.544862,7.7017943,0.77017943,"3,6",dag,TiCo,N10,1.29647,1767.89,0.232863,0.3019,1068,0.1068,5.2,5.00430711610487,5.2,5.4,5.48272,4.12478,5.2922,1.445
dag-TiCo-10-333,200,3.130684,22.17579,19.045106,1.9045106,"3,6",dag,TiCo,N333,0.576718,3669.66,1.04887,0.6049,4142,0.4142,10.8,9.735707387735392,10.1,11.1,11.1053,7.75906,11.10527,1.445
dag-TiCo-11-516,200,3.252256,22.10375,18.851494000000002,1.8851494000000002,"3,6",dag,TiCo,N516,0.582735,3631.57,1.03752,0.6046,4117,0.4117,10.9,9.789409764391548,10.0,10.9,10.9744,8.32015,10.97439,1.445
dag-TiCo-12-639,200,2.404328,14.11726,11.712932,1.1712932,"3,6",dag,TiCo,N639,0.894058,2024.11,0.457017,0.4086,2325,0.2325,10.5,9.616559139784949,10.2,10.5,10.58409,9.55729,10.58408,1.445
dag-TiCo-13-126,200,4.322907,45.14843,40.825523,4.0825523,"3,6",dag,TiCo,N126,0.271097,5605.35,3.11586,0.8447,6799,0.6799,18.1,16.674422709221947,17.6,18.2,18.28833,13.97007,17.59921,1.445
dag-TiCo-2-19,200,0.8542111,8.904384,8.0501729,0.80501729,"3,6",dag,TiCo,N19,1.33479,1887.77,0.267083,0.3565,1339,0.1339,5.4,5.128454070201643,5.2,5.6,5.60098,4.579,5.47424,1.445
dag-TiCo-3-20,200,2.009515,16.35982,14.350304999999999,1.4350304999999999,"3,6",dag,TiCo,N20,0.855219,2771.12,0.610487,0.5221,2891,0.2891,8.2,7.504877205119334,7.6,8.2,8.29728,6.99242,8.29728,1.445
dag-TiCo-4-410,200,2.685378,23.98481,21.299432,2.1299432,"3,6",dag,TiCo,N410,0.535347,3779.32,1.19044,0.6373,4517,0.4517,10.5,10.46139030329865,10.5,11.4,11.48861,9.26388,10.59211,1.445
dag-TiCo-5-386,200,5.101823,55.67513,50.573307,5.0573307,"3,6",dag,TiCo,N386,0.216023,6150.83,4.04773,0.8744,7324,0.7324,19.9,18.91104587657018,19.3,19.9,19.99936,17.02249,19.99936,1.445
dag-TiCo-6-225,200,0.4248242,4.342171,3.9173468,0.39173468,"3,6",dag,TiCo,N225,1.46314,405.445,0.0333528,0.0488,131,0.0131,4.5,4.244274809160306,4.3,4.5,4.52434,3.32648,4.52328,1.445
dag-TiCo-7-592,200,1.34058,16.26426,14.923680000000001,1.4923680000000001,"3,6",dag,TiCo,N592,0.66248,3242.03,0.734362,0.4865,2907,0.2907,9.7,8.292294461644309,8.2,10.3,10.30939,7.82852,10.30939,1.445
dag-TiCo-9-130,200,0.5560304,4.82856,4.2725296,0.42725296,"3,6",dag,TiCo,N130,1.40457,874.07,0.131215,0.1843,613,0.0613,5.6,5.230179445350733,5.2,5.6,5.60727,4.59668,5.60726,1.445
dag-TiCo-TATB,200,3.813997,30.65962,26.845623,2.6845623,"3,6",dag,TiCo,TATB,0.424642,4772.08,1.75277,0.7443,5369,0.5369,13.5,12.066138945799963,12.7,13.5,13.58545,9.64033,13.57868,1.445
dag-TiMg-1-10,200,2.839639,15.36568,12.526041,1.2526040999999999,"3,6",dag,TiMg,N10,0.995801,2476.01,0.367041,0.3655,1544,0.1544,5.8,5.531347150259067,5.8,6.1,6.15759,5.06407,6.15752,1.445
dag-TiMg-10-333,200,4.549417,27.92837,23.378953000000003,2.3378953000000005,"3,6",dag,TiMg,N333,0.502284,4414.86,1.27916,0.6425,4184,0.4184,11.3,10.148685468451244,10.8,11.5,11.51644,8.07817,11.35223,1.445
dag-TiMg-11-516,200,4.604476,27.86437,23.259894000000003,2.3259894,"3,6",dag,TiMg,N516,0.504207,4086.54,1.28717,0.649,4358,0.4358,12.2,10.6869894446994,11.2,12.2,12.20949,9.62165,11.48941,1.445
dag-TiMg-12-639,200,5.052256,25.09895,20.046694,2.0046694,"3,6",dag,TiMg,N639,0.634821,3772.52,0.838346,0.5322,3301,0.3301,9.0,8.007209936382912,8.3,9.0,9.09256,8.12199,9.04987,1.445
dag-TiMg-13-126,200,5.113031,49.99574,44.882709,4.4882709,"3,6",dag,TiMg,N126,0.25501,6162.01,3.31634,0.8457,6760,0.676,16.2,15.271760355029588,16.0,16.6,16.64817,13.93856,16.1848,1.445
dag-TiMg-2-19,200,2.656059,15.5651,12.909040999999998,1.2909040999999999,"3,6",dag,TiMg,N19,1.01878,2543.03,0.399005,0.4065,1758,0.1758,6.6,5.809158134243458,6.2,6.6,6.60472,4.44545,6.60472,1.445
dag-TiMg-3-20,200,3.584013,21.78689,18.202877,1.8202877000000002,"3,6",dag,TiMg,N20,0.746657,3175.62,0.664294,0.496,2800,0.28,7.9,7.356464285714285,7.8,8.0,8.03636,7.0795,7.9081,1.445
dag-TiMg-4-410,200,4.210692,29.43218,25.221488,2.5221488,"3,6",dag,TiMg,N410,0.463907,4461.47,1.46883,0.6814,4683,0.4683,11.8,10.612812299807816,11.0,11.8,11.83433,9.55656,11.35175,1.445
dag-TiMg-5-386,200,6.035635,63.63638,57.600745,5.7600745,"3,6",dag,TiMg,N386,0.193876,6790.06,4.54929,0.882,7401,0.7401,19.4,18.633671125523577,19.2,19.7,19.70331,17.43081,19.21695,1.445
dag-TiMg-6-225,200,2.403096,8.086371,5.683275,0.5683275,"3,6",dag,TiMg,N225,1.23565,406.191,0.0388458,0.048,163,0.0163,5.1,4.725153374233129,5.1,5.1,5.22263,3.00135,5.19368,1.445
dag-TiMg-7-592,200,3.579745,22.43269,18.852945000000002,1.8852945,"3,6",dag,TiMg,N592,0.548087,3706.77,1.06625,0.5844,3722,0.3722,12.0,10.28036002149382,11.1,12.0,12.09333,10.0498,12.09333,1.445
dag-TiMg-9-130,200,3.05478,9.636254,6.581473999999999,0.6581473999999999,"3,6",dag,TiMg,N130,1.12164,1391.35,0.217272,0.2437,888,0.0888,5.9,5.619144144144143,5.9,5.9,5.92581,4.39528,5.92365,1.445
dag-TiMg-TATB,200,4.998086,38.0191,33.021014,3.3021014,"3,6",dag,TiMg,TATB,0.369549,5286.87,2.12259,0.7844,5598,0.5598,14.9,13.11793497677742,14.3,15.0,15.09412,12.54666,14.92459,1.445
dag-TiNi-1-10,200,0.9629696,9.688678,8.7257084,0.8725708400000001,"3,6",dag,TiNi,N10,1.23582,1977.48,0.323994,0.4004,1488,0.1488,5.1,5.268481182795699,5.2,5.8,5.82699,4.92958,5.50954,1.445
dag-TiNi-10-333,200,3.45551,22.76183,19.30632,1.930632,"3,6",dag,TiNi,N333,0.585687,3621.7,1.02444,0.6,4083,0.4083,10.6,9.577614499142786,9.8,10.9,10.91643,7.82188,10.91639,1.445
dag-TiNi-11-516,200,3.47147,22.48296,19.01149,1.9011489999999998,"3,6",dag,TiNi,N516,0.591353,3552.34,1.01783,0.6019,4141,0.4141,10.8,9.945278918135717,10.7,11.1,11.11959,8.30923,11.11957,1.445
dag-TiNi-12-639,200,2.702666,20.00934,17.306674,1.7306674000000002,"3,6",dag,TiNi,N639,0.72569,3118.1,0.76851,0.5577,3394,0.3394,11.0,9.133028874484385,9.3,11.0,11.0006,6.907,11.0006,1.445
dag-TiNi-13-126,200,4.122521,41.10209,36.979569,3.6979569,"3,6",dag,TiNi,N126,0.304624,5546.56,2.72139,0.829,6421,0.6421,17.0,15.392415511602554,16.1,17.1,17.15143,11.99538,16.62368,1.445
dag-TiNi-2-19,200,0.8611605,8.945955,8.0847945,0.8084794499999999,"3,6",dag,TiNi,N19,1.33249,1880.89,0.309647,0.4126,1465,0.1465,5.2,5.216109215017064,5.2,5.6,5.66539,4.40032,5.25391,1.445
dag-TiNi-3-20,200,1.359402,14.52993,13.170528000000001,1.3170528000000001,"3,6",dag,TiNi,N20,0.918479,2686.56,0.531205,0.4879,2476,0.2476,7.9,7.037116316639742,7.2,8.0,8.00487,5.20838,7.9026,1.445
dag-TiNi-4-410,200,2.723047,23.64771,20.924663,2.0924663,"3,6",dag,TiNi,N410,0.547448,3716.59,1.14915,0.6291,4433,0.4433,10.3,10.386104218362284,10.3,11.4,11.41215,9.18285,10.51005,1.445
dag-TiNi-5-386,200,4.665771,51.09666,46.430889,4.6430889,"3,6",dag,TiNi,N386,0.239176,6065.48,3.6124,0.864,7043,0.7043,19.0,17.566292772966065,18.1,19.0,19.08996,15.88512,19.07822,1.445
dag-TiNi-6-225,200,0.211603,2.281038,2.069435,0.2069435,"3,6",dag,TiNi,N225,1.58442,0.0,0.0,0.0,0,0.0,,,,,4.9233,2.52938,4.92328,1.445
dag-TiNi-7-592,200,1.3085,16.74925,15.44075,1.5440749999999999,"3,6",dag,TiNi,N592,0.647708,3257.96,0.83618,0.5416,3159,0.3159,9.2,8.541500474833807,8.8,10.1,10.1623,8.24914,10.15387,1.445
dag-TiNi-9-130,200,0.714769,5.470937,4.756168000000001,0.47561680000000006,"3,6",dag,TiNi,N130,1.39941,915.521,0.144989,0.2029,699,0.0699,5.6,5.406151645207439,5.5,5.6,5.68646,4.74743,5.60369,1.445
dag-TiNi-TATB,200,3.884049,31.17388,27.289831,2.7289830999999998,"3,6",dag,TiNi,TATB,0.42658,4712.27,1.78138,0.7599,5439,0.5439,13.7,11.971575657289945,12.5,13.7,13.72168,9.48703,13.70638,1.445
fmz-TiCo-1-10,200,3.74298,7.234539,3.4915589999999996,0.34915589999999996,"3,6",fmz,TiCo,N10,1.4674,0.0,0.0,0.0,0,0.0,,,,,6.4092,2.77121,6.07221,1.445
fmz-TiCo-12-639,200,3.647946,18.51764,14.869693999999999,1.4869694,"3,6",fmz,TiCo,N639,0.826356,2921.11,0.463118,0.3827,2390,0.239,7.7,7.924476987447699,8.0,9.7,9.98152,5.10866,9.84949,1.445
fmz-TiCo-13-126,200,3.976194,40.97503,36.998836,3.6998835999999997,"3,6",fmz,TiCo,N126,0.310604,5516.74,2.56146,0.7956,6370,0.637,20.5,17.06478806907378,16.9,20.5,20.60361,10.76861,20.48295,1.445
fmz-TiCo-2-19,200,3.686858,7.514706,3.8278480000000004,0.38278480000000004,"3,6",fmz,TiCo,N19,1.53033,0.0,0.0,0.0,0,0.0,,,,,6.40132,2.57472,6.22418,1.445
fmz-TiCo-3-20,200,3.717205,15.00083,11.283625,1.1283625000000002,"3,6",fmz,TiCo,N20,1.00454,2307.05,0.303421,0.3048,1693,0.1693,8.9,7.321264028352038,7.3,8.9,8.97784,4.12861,8.95958,1.445
fmz-TiCo-5-386,200,4.446706,48.2792,43.832494000000004,4.3832494,"3,6",fmz,TiCo,N386,0.258482,6047.29,3.21647,0.8314,6802,0.6802,22.3,18.55035283740077,18.3,22.3,22.35204,12.24878,22.35204,1.445
fmz-TiCo-6-225,200,1.872913,4.818859,2.9459459999999997,0.2945946,"3,6",fmz,TiCo,N225,1.60617,0.0,0.0,0.0,0,0.0,,,,,4.49415,1.79367,4.4383,1.445
fmz-TiCo-7-592,200,2.457451,15.94132,13.483868999999999,1.3483869,"3,6",fmz,TiCo,N592,0.702361,2733.27,0.612933,0.4305,2591,0.2591,10.8,11.088382863759168,11.0,13.2,13.59167,5.62422,13.5086,1.445
fmz-TiCo-9-130,200,3.288624,6.947649,3.659025,0.3659025,"3,6",fmz,TiCo,N130,1.49749,0.0,0.0,0.0,0,0.0,,,,,6.67178,2.41779,6.67027,1.445
fmz-TiCo-TATB,200,3.703349,29.53285,25.829501,2.5829501,"3,6",fmz,TiCo,TATB,0.465852,4604.39,1.53182,0.7136,4989,0.4989,15.3,12.649228302264984,12.9,15.3,15.3962,7.9656,15.3962,1.445
fmz-TiMg-1-10,200,7.536126,14.43643,6.900303999999999,0.6900303999999999,"3,6",fmz,TiMg,N10,1.17503,0.0,0.0,0.0,0,0.0,,,,,6.3311,2.70845,6.26873,1.445
fmz-TiMg-12-639,200,5.251242,23.83258,18.581338,1.8581337999999998,"3,6",fmz,TiMg,N639,0.718271,3477.38,0.545198,0.3916,2501,0.2501,8.8,7.779768092762897,8.0,9.2,9.61338,5.33865,9.28667,1.445
fmz-TiMg-13-126,200,4.803795,46.60763,41.803835,4.1803835,"3,6",fmz,TiMg,N126,0.282207,6072.11,2.83941,0.8013,6473,0.6473,19.9,16.776981306967404,16.9,19.9,20.39645,10.89458,19.85289,1.445
fmz-TiMg-2-19,200,7.281103,15.52671,8.245607,0.8245606999999999,"3,6",fmz,TiMg,N19,1.22197,0.0,0.0,0.0,0,0.0,,,,,6.38667,2.78977,6.30931,1.445
fmz-TiMg-3-20,200,6.028504,21.3665,15.337995999999999,1.5337995999999998,"3,6",fmz,TiMg,N20,0.839558,2929.37,0.395089,0.3317,1873,0.1873,8.8,7.063587827015484,6.9,8.8,8.94215,4.41042,8.86581,1.445
fmz-TiMg-5-386,200,5.447959,56.0229,50.574941,5.0574941,"3,6",fmz,TiMg,N386,0.227315,6728.4,3.672,0.8347,6933,0.6933,21.7,18.80777441223136,18.7,22.3,22.42654,13.00062,22.32203,1.445
fmz-TiMg-6-225,200,3.554352,6.337024,2.7826720000000003,0.27826720000000005,"3,6",fmz,TiMg,N225,1.34744,0.0,0.0,0.0,0,0.0,,,,,4.5953,1.61294,4.53464,1.445
fmz-TiMg-7-592,200,3.360735,18.45684,15.096105,1.5096105,"3,6",fmz,TiMg,N592,0.657994,2933.61,0.663076,0.4363,2672,0.2672,13.2,11.133233532934131,12.2,13.5,13.53011,5.71084,13.21657,1.445
fmz-TiMg-9-130,200,6.636664,11.20698,4.570316,0.4570316,"3,6",fmz,TiMg,N130,1.27442,0.0,0.0,0.0,0,0.0,,,,,6.51678,2.36768,6.34593,1.445
fmz-TiMg-TATB,200,4.781814,35.157,30.375185999999996,3.0375185999999994,"3,6",fmz,TiMg,TATB,0.414882,5274.37,1.73085,0.7181,5016,0.5016,13.0,12.352551834130782,13.0,15.3,15.36406,8.12098,15.35961,1.445
fmz-TiNi-1-10,200,1.839027,6.41462,4.5755930000000005,0.45755930000000006,"3,6",fmz,TiNi,N10,1.6173,0.0,0.0,0.0,0,0.0,,,,,6.27785,2.25281,6.27784,1.445
fmz-TiNi-12-639,200,3.650439,17.56112,13.910680999999999,1.3910680999999998,"3,6",fmz,TiNi,N639,0.88183,2603.48,0.390438,0.3443,2128,0.2128,9.3,7.752913533834587,7.8,9.5,9.80932,5.05858,9.35665,1.445
fmz-TiNi-13-126,200,3.955576,40.31634,36.360763999999996,3.6360763999999994,"3,6",fmz,TiNi,N126,0.318234,5498.46,2.47836,0.7887,6308,0.6308,16.2,16.79592580849715,16.2,20.5,20.88778,10.98757,20.54031,1.445
fmz-TiNi-2-19,200,1.751013,6.316293,4.56528,0.45652799999999993,"3,6",fmz,TiNi,N19,1.66996,0.0,0.0,0.0,0,0.0,,,,,6.34411,2.28442,6.34004,1.445
fmz-TiNi-3-20,200,3.561347,13.73066,10.169313,1.0169313,"3,6",fmz,TiNi,N20,1.09539,1849.21,0.214992,0.2355,1239,0.1239,8.6,7.408878127522196,8.5,8.7,8.78163,3.58342,8.60118,1.445
fmz-TiNi-5-386,200,4.064962,46.6817,42.616738,4.2616738,"3,6",fmz,TiNi,N386,0.268342,6010.33,3.05841,0.8207,6709,0.6709,21.2,17.792323744224177,16.6,21.9,22.21564,11.74057,22.16362,1.445
fmz-TiNi-6-225,200,2.357491,3.756704,1.399213,0.1399213,"3,6",fmz,TiNi,N225,1.65998,0.0,0.0,0.0,0,0.0,,,,,4.15134,1.52897,3.91271,1.445
fmz-TiNi-7-592,200,2.476681,16.15947,13.682789,1.3682789,"3,6",fmz,TiNi,N592,0.707455,2744.77,0.61276,0.4335,2598,0.2598,12.3,10.71682063125481,11.1,12.5,13.13791,5.73553,11.27296,1.445
fmz-TiNi-9-130,200,3.478074,7.370409,3.8923350000000005,0.38923350000000007,"3,6",fmz,TiNi,N130,1.51601,0.0,0.0,0.0,0,0.0,,,,,6.58558,2.52268,6.58128,1.445
fmz-TiNi-TATB,200,3.709989,29.06125,25.351261,2.5351261000000003,"3,6",fmz,TiNi,TATB,0.481487,4525.75,1.46525,0.7055,4830,0.483,15.5,12.347681159420288,11.8,15.5,15.57204,7.90781,15.57204,1.445
fsi-TiCo-10-607-D2h-D2d,200,3.559145,27.42146,23.862315,2.3862315,"4,6",fsi,TiCo,N607,0.485206,4205.31,1.40538,0.6819,4795,0.4795,14.3,12.95322210636079,14.0,15.1,15.14087,12.82672,15.14087,1.445
fsi-TiCo-11-662-D4h-T,200,4.050061,47.01749,42.967429,4.2967429,"4,6",fsi,TiCo,N662,0.26382,5778.51,3.15746,0.833,6731,0.6731,21.5,17.832164611499035,18.3,21.3,21.52074,14.52083,21.38724,1.445
fsi-TiCo-12-693-Td,200,3.778533,9.07633,5.297797000000001,0.5297797000000001,"4,6",fsi,TiCo,N693,1.38545,1165.31,0.18485,0.2561,870,0.087,5.8,5.486091954022988,5.8,5.8,5.87637,4.43808,5.73835,1.445
fsi-TiCo-13-600-Td,200,3.591458,21.15715,17.565692000000002,1.7565692000000002,"4,6",fsi,TiCo,N600,0.677031,3402.31,0.80085,0.5422,3414,0.3414,10.3,9.587697715289982,10.2,10.3,10.3885,8.28096,10.32308,1.445
fsi-TiCo-7-7-D2h-D2d,200,3.810544,15.66341,11.852866,1.1852866,"4,6",fsi,TiCo,N7,0.94806,2168.1,0.506719,0.4804,2636,0.2636,8.9,8.591464339908955,8.8,9.1,9.13889,7.65816,8.98756,1.445
fsi-TiCo-8-644-D2h-D2d,200,3.65501,16.84844,13.19343,1.319343,"4,6",fsi,TiCo,N644,0.795632,2527.37,0.658093,0.5236,3262,0.3262,11.3,10.561649294911096,10.8,11.3,11.32079,9.02021,11.32078,1.445
fsi-TiMg-10-607-D2h-D2d,200,4.493089,32.28408,27.790991,2.7790991000000003,"4,6",fsi,TiMg,N607,0.438129,4682.2,1.54201,0.6756,4775,0.4775,14.7,12.356146596858636,12.8,14.7,14.77553,11.17845,14.24204,1.445
fsi-TiMg-11-662-D4h-T,200,4.808376,51.20803,46.399654,4.6399653999999995,"4,6",fsi,TiMg,N662,0.246642,6229.83,3.37778,0.8331,6759,0.6759,19.2,17.424766977363515,18.8,20.0,20.08489,14.61969,19.47638,1.445
fsi-TiMg-12-693-Td,200,6.405946,14.3633,7.9573540000000005,0.7957354000000001,"4,6",fsi,TiMg,N693,1.11262,1497.34,0.265679,0.2956,1176,0.1176,6.2,6.031377551020408,6.2,6.2,6.2712,5.0572,6.27117,1.445
fsi-TiMg-13-600-Td,200,4.612751,25.66695,21.054199,2.1054199000000002,"4,6",fsi,TiMg,N600,0.591222,3880.18,0.932307,0.5512,3570,0.357,10.2,9.8172268907563,10.2,10.6,10.74387,8.41791,10.63993,1.445
fsi-TiMg-7-7-D2h-D2d,200,5.168371,20.81905,15.650679,1.5650679,"4,6",fsi,TiMg,N7,0.795851,2718.18,0.618206,0.492,2669,0.2669,9.9,8.639040839265641,9.0,10.0,10.01156,7.01799,10.01156,1.445
fsi-TiMg-8-644-D2h-D2d,200,5.355162,24.09526,18.740098,1.8740098,"4,6",fsi,TiMg,N644,0.649372,3208.69,0.836963,0.5435,3501,0.3501,12.0,11.325821193944586,12.0,12.1,12.17041,9.77671,12.13071,1.445
fsi-TiNi-10-607-D2h-D2d,200,3.548305,26.25264,22.704335,2.2704335,"4,6",fsi,TiNi,N607,0.506196,4046.77,1.33604,0.6763,4687,0.4687,12.9,11.905248559846385,12.9,13.5,13.53593,12.07775,13.53593,1.445
fsi-TiNi-11-662-D4h-T,200,4.079412,45.83727,41.757858,4.1757858,"4,6",fsi,TiNi,N662,0.271395,5764.84,3.04869,0.8274,6613,0.6613,18.8,16.984379252986542,18.2,18.9,19.17916,13.27838,18.91424,1.445
fsi-TiNi-12-693-Td,200,3.373585,8.193727,4.820142000000001,0.48201420000000006,"4,6",fsi,TiNi,N693,1.44561,1051.28,0.177364,0.2564,856,0.0856,5.4,5.275817757009346,5.4,5.4,5.44606,4.4782,5.3479,1.445
fsi-TiNi-13-600-Td,200,3.562516,20.18729,16.624774000000002,1.6624774000000002,"4,6",fsi,TiNi,N600,0.70473,3296.1,0.741986,0.5229,3241,0.3241,10.0,9.22344955260722,9.8,10.0,10.07771,7.96061,10.06364,1.445
fsi-TiNi-7-7-D2h-D2d,200,3.65771,13.41577,9.75806,0.9758060000000001,"4,6",fsi,TiNi,N7,1.00933,1989.07,0.438308,0.4424,2328,0.2328,8.0,7.927792096219932,8.1,8.4,8.44396,6.21419,8.44395,1.445
fsi-TiNi-8-644-D2h-D2d,200,3.570719,15.27755,11.706831,1.1706831,"4,6",fsi,TiNi,N644,0.847386,2337.62,0.593354,0.5028,3016,0.3016,10.2,9.998076923076924,10.2,10.7,10.73133,8.43219,10.67252,1.445
hea-TiCo-10-607-D2h-D2d,200,3.651712,27.83189,24.180178,2.4180178000000003,"4,6",hea,TiCo,N607,0.485737,4409.19,1.37544,0.6681,4784,0.4784,16.4,15.230121237458192,16.3,16.4,16.43422,8.18967,16.41364,1.445
hea-TiCo-11-662-D4h-T,200,4.210394,49.25253,45.042136,4.5042136,"4,6",hea,TiCo,N662,0.24846,5791.63,3.37237,0.8379,6885,0.6885,24.0,21.661292665214237,23.9,24.3,24.3129,14.78892,24.25724,1.445
hea-TiCo-12-693-Td,200,3.721616,8.244215,4.5225990000000005,0.45225990000000005,"4,6",hea,TiCo,N693,1.55353,786.598,0.0930783,0.1446,410,0.041,5.3,4.854146341463414,5.3,5.3,5.35541,3.33028,5.35541,1.445
hea-TiCo-13-600-Td,200,3.417546,19.47162,16.054074,1.6054074,"4,6",hea,TiCo,N600,0.717974,3190.57,0.737492,0.5295,3134,0.3134,11.2,9.849840459476706,11.0,11.4,11.4468,6.1702,11.43275,1.445
hea-TiCo-7-7-D2h-D2d,200,3.930891,16.47818,12.547289,1.2547289,"4,6",hea,TiCo,N7,0.92383,2304.8,0.575322,0.5315,2788,0.2788,10.6,10.076721664275466,10.6,10.6,10.6427,5.5755,10.60764,1.445
hea-TiCo-8-644-D2h-D2d,200,3.94369,19.9677,16.02401,1.602401,"4,6",hea,TiCo,N644,0.739547,3027.51,0.833078,0.6161,3653,0.3653,12.0,11.348809197919518,12.0,12.0,12.07484,6.99801,12.07466,1.445
hea-TiMg-10-607-D2h-D2d,200,4.710027,33.37175,28.661723,2.8661722999999997,"4,6",hea,TiMg,N607,0.428592,4952.46,1.59009,0.6815,4899,0.4899,18.0,16.667850581751377,17.4,18.0,18.05288,8.47532,17.99997,1.445
hea-TiMg-11-662-D4h-T,200,4.892733,54.54801,49.655277,4.9655277,"4,6",hea,TiMg,N662,0.229252,6253.21,3.66889,0.8411,6909,0.6909,23.6,20.68956433637285,22.5,23.6,23.62857,14.78665,23.62857,1.445
hea-TiMg-12-693-Td,200,1.342364,6.207928,4.865564,0.4865564,"4,6",hea,TiMg,N693,1.27675,1061.71,0.140435,0.1793,592,0.0592,5.7,5.325844594594594,5.7,5.7,5.79842,3.58642,5.70859,1.445
hea-TiMg-13-600-Td,200,4.714345,24.08993,19.375585,1.9375585000000002,"4,6",hea,TiMg,N600,0.633983,3575.17,0.844187,0.5352,3220,0.322,11.2,10.036739130434782,10.9,11.6,11.68701,6.26348,11.28973,1.445
hea-TiMg-7-7-D2h-D2d,200,5.692849,22.36249,16.669641000000002,1.6669641000000002,"4,6",hea,TiMg,N7,0.780949,2760.23,0.670466,0.5236,2821,0.2821,10.6,10.101453385324351,10.6,10.6,10.68764,5.05726,10.54397,1.445
hea-TiMg-8-644-D2h-D2d,200,5.314964,26.69478,21.379816,2.1379816000000003,"4,6",hea,TiMg,N644,0.600468,3666.52,1.06434,0.6391,3958,0.3958,12.8,11.88292066700354,12.6,13.0,13.02431,7.41334,13.0243,1.445
hea-TiNi-10-607-D2h-D2d,200,3.67097,27.87874,24.20777,2.420777,"4,6",hea,TiNi,N607,0.491633,4375.27,1.36118,0.6692,4768,0.4768,16.6,15.391359060402683,16.4,16.6,16.63068,8.13276,16.60184,1.445
hea-TiNi-11-662-D4h-T,200,4.264516,48.95257,44.688054,4.4688054,"4,6",hea,TiNi,N662,0.249932,5771.09,3.34772,0.8367,6861,0.6861,24.2,21.80078705728028,23.7,24.3,24.31778,15.12525,24.12682,1.445
hea-TiNi-12-693-Td,200,3.807463,8.71682,4.909357,0.4909357,"4,6",hea,TiNi,N693,1.55037,822.179,0.104749,0.1624,472,0.0472,5.4,4.858686440677967,5.2,5.4,5.48878,3.54905,5.48878,1.445
hea-TiNi-13-600-Td,200,3.467172,19.32592,15.858748,1.5858748,"4,6",hea,TiNi,N600,0.738382,3070.69,0.717244,0.5296,3087,0.3087,11.1,9.725817946226108,10.9,11.2,11.20305,6.59935,11.20303,1.445
hea-TiNi-7-7-D2h-D2d,200,3.945151,16.45376,12.508609,1.2508609,"4,6",hea,TiNi,N7,0.939826,2255.95,0.56021,0.5265,2770,0.277,10.4,9.922238267148014,10.4,10.4,10.42079,5.33125,10.42079,1.445
hea-TiNi-8-644-D2h-D2d,200,3.795854,19.83648,16.040626000000003,1.6040626000000002,"4,6",hea,TiNi,N644,0.739781,3022.38,0.839302,0.6209,3709,0.3709,12.0,11.334888110002696,12.0,12.0,12.09768,7.02361,12.04908,1.445
hwx-TiCo-1-10,200,4.296169,13.38601,9.089841,0.9089841,"3,6",hwx,TiCo,N10,1.19115,2044.66,0.279394,0.3328,1268,0.1268,6.8,5.501261829652997,5.2,6.8,6.87995,4.69636,5.13362,1.445
hwx-TiCo-10-333,200,3.662666,23.12104,19.458374,1.9458373999999998,"3,6",hwx,TiCo,N333,0.607011,4065.43,1.06835,0.6485,3627,0.3627,9.7,8.874276261373035,9.2,9.7,9.76903,9.14203,9.66015,1.445
hwx-TiCo-11-516,200,3.535218,22.10073,18.565512,1.8565511999999997,"3,6",hwx,TiCo,N516,0.6353,3800.39,1.0022,0.6367,3570,0.357,8.9,8.534845938375348,8.9,9.4,9.40048,7.90875,8.87685,1.445
hwx-TiCo-12-639,200,3.916289,22.32446,18.408171,1.8408171,"3,6",hwx,TiCo,N639,0.704566,3431.59,0.87671,0.6177,3320,0.332,9.9,8.60237951807229,8.4,9.9,9.93603,7.68399,9.22029,1.445
hwx-TiCo-13-126,200,3.987561,42.66096,38.673399,3.8673399,"3,6",hwx,TiCo,N126,0.296312,5618.18,2.77309,0.8217,6420,0.642,15.2,14.748348909657322,15.1,15.9,15.93974,12.46516,15.93974,1.445
hwx-TiCo-2-19,200,4.124357,13.26032,9.135963,0.9135963,"3,6",hwx,TiCo,N19,1.22682,1976.51,0.318547,0.3908,1564,0.1564,7.0,5.791560102301791,5.6,7.0,7.06822,4.75144,5.61265,1.445
hwx-TiCo-3-20,200,3.987603,19.2024,15.214797,1.5214797,"3,6",hwx,TiCo,N20,0.839593,3009.54,0.582544,0.4891,2677,0.2677,8.4,7.238027642883825,7.2,8.4,8.46483,6.56824,7.91103,1.445
hwx-TiCo-4-410,200,3.73861,24.34284,20.604229999999998,2.0604229999999997,"3,6",hwx,TiCo,N410,0.574856,4041.9,1.18256,0.6798,4083,0.4083,10.5,9.435880480039186,9.8,10.5,10.5088,8.75554,9.98755,1.445
hwx-TiCo-5-386,200,4.62336,51.62173,46.99837,4.6998370000000005,"3,6",hwx,TiCo,N386,0.238511,6182.43,3.58349,0.8547,6994,0.6994,17.0,16.75261652845296,16.9,18.1,18.13947,16.89355,18.13947,1.445
hwx-TiCo-6-225,200,1.966712,3.481997,1.5152849999999998,0.15152849999999998,"3,6",hwx,TiCo,N225,1.66969,0.0,0.0,0.0,0,0.0,,,,,3.24829,1.96397,3.22765,1.445
hwx-TiCo-7-592,200,2.294314,12.13488,9.840566,0.9840566000000001,"3,6",hwx,TiCo,N592,0.842223,2140.88,0.419248,0.3531,1532,0.1532,8.3,7.509856396866841,8.1,8.3,8.37686,5.18731,8.17054,1.445
hwx-TiCo-9-130,200,3.486828,8.103324,4.616496000000001,0.46164960000000005,"3,6",hwx,TiCo,N130,1.3951,1019.76,0.112393,0.1568,497,0.0497,5.8,5.024748490945674,4.9,5.8,5.85925,3.4863,4.95818,1.445
hwx-TiCo-TATB,200,3.967711,33.41392,29.446208999999996,2.9446208999999994,"3,6",hwx,TiCo,TATB,0.405404,4717.38,1.91019,0.7744,5531,0.5531,12.5,13.51325257638763,13.9,14.7,14.73471,14.27184,14.48369,1.445
hwx-TiMg-1-10,200,5.505396,15.08436,9.578964,0.9578963999999999,"3,6",hwx,TiMg,N10,1.0575,1961.12,0.251159,0.2656,969,0.0969,5.4,5.59329205366357,5.4,6.3,6.30848,4.20949,6.30846,1.445
hwx-TiMg-10-333,200,4.910805,28.61259,23.701785,2.3701785,"3,6",hwx,TiMg,N333,0.524324,4554.53,1.27078,0.6663,3920,0.392,10.3,9.182806122448982,9.3,10.3,10.35097,8.37075,10.16149,1.445
hwx-TiMg-11-516,200,4.661166,26.44099,21.779823999999998,2.1779824,"3,6",hwx,TiMg,N516,0.562088,4276.94,1.13772,0.6395,3660,0.366,9.5,8.78032786885246,9.1,9.8,9.84025,7.81361,9.53216,1.445
hwx-TiMg-12-639,200,5.014482,26.81976,21.805277999999998,2.1805277999999997,"3,6",hwx,TiMg,N639,0.625379,4108.84,0.992519,0.6207,3179,0.3179,8.6,7.779993708713431,8.1,8.7,8.76322,6.14553,8.4312,1.445
hwx-TiMg-13-126,200,4.879279,48.44901,43.569731000000004,4.3569731,"3,6",hwx,TiMg,N126,0.268703,6160.61,3.07887,0.8273,6506,0.6506,16.3,14.859790962188749,15.0,16.3,16.32851,12.45903,16.26908,1.445
hwx-TiMg-2-19,200,5.277301,14.46493,9.187629000000001,0.9187629000000002,"3,6",hwx,TiMg,N19,1.06319,2155.54,0.281416,0.2992,1060,0.106,6.1,5.345754716981132,5.2,6.1,6.17653,4.16801,5.566,1.445
hwx-TiMg-3-20,200,5.406825,23.9879,18.581075,1.8581074999999998,"3,6",hwx,TiMg,N20,0.721452,3441.77,0.661167,0.477,2662,0.2662,8.2,7.679676934635612,8.0,8.4,8.41902,6.1291,8.41899,1.445
hwx-TiMg-4-410,200,4.815538,29.36956,24.554022,2.4554022,"3,6",hwx,TiMg,N410,0.51094,4763.2,1.32794,0.6785,4010,0.401,9.3,9.475087281795512,9.9,11.0,11.03616,7.455,10.40652,1.445
hwx-TiMg-5-386,200,5.69476,60.67484,54.98008,5.4980080000000005,"3,6",hwx,TiMg,N386,0.204742,6844.25,4.20384,0.8607,7140,0.714,20.5,18.5909243697479,18.7,20.5,20.51839,18.01053,19.60428,1.445
hwx-TiMg-6-225,200,3.562776,5.802942,2.240166,0.22401659999999998,"3,6",hwx,TiMg,N225,1.45677,0.0,0.0,0.0,0,0.0,,,,,3.65635,1.57486,3.15449,1.445
hwx-TiMg-7-592,200,2.942473,14.39687,11.454397,1.1454397,"3,6",hwx,TiMg,N592,0.775019,2366.98,0.489536,0.3794,1705,0.1705,8.8,8.025454545454547,8.8,8.8,8.88309,5.11677,8.81145,1.445
hwx-TiMg-9-130,200,5.642537,12.22161,6.579073,0.6579073,"3,6",hwx,TiMg,N130,1.17295,1292.62,0.159257,0.1868,683,0.0683,5.9,5.215812591508053,5.2,5.9,5.95055,3.7696,5.31471,1.445
hwx-TiMg-TATB,200,4.971783,40.02655,35.054767,3.5054767,"3,6",hwx,TiMg,TATB,0.349895,5376.92,2.23896,0.7834,5735,0.5735,16.0,14.428683522231912,15.2,16.0,16.08012,12.78286,16.08012,1.445
hwx-TiNi-1-10,200,4.211433,12.7076,8.496167,0.8496167,"3,6",hwx,TiNi,N10,1.21773,1931.51,0.271899,0.3311,1231,0.1231,5.9,5.342485783915516,5.3,5.9,5.94713,4.14336,5.4609,1.445
hwx-TiNi-10-333,200,3.700676,23.40561,19.704933999999998,1.9704933999999998,"3,6",hwx,TiNi,N333,0.59913,4048.16,1.09175,0.6541,3795,0.3795,9.7,8.878181818181819,9.3,10.1,10.10056,8.96697,9.73208,1.445
hwx-TiNi-11-516,200,3.535328,21.88797,18.352642,1.8352642,"3,6",hwx,TiNi,N516,0.638535,3846.76,0.993524,0.6344,3592,0.3592,9.1,8.466759465478843,8.7,9.6,9.68293,8.61834,9.3079,1.445
hwx-TiNi-12-639,200,3.872748,21.06986,17.197111999999997,1.7197111999999997,"3,6",hwx,TiNi,N639,0.756999,3378.78,0.705681,0.5342,2967,0.2967,8.3,7.46943040107853,7.7,8.5,8.51905,6.00382,8.4501,1.445
hwx-TiNi-13-126,200,4.064926,42.4386,38.373674,3.8373674,"3,6",hwx,TiNi,N126,0.296503,5604.41,2.78513,0.8258,6461,0.6461,16.4,14.895465098282,15.2,16.4,16.46606,11.98994,15.85799,1.445
hwx-TiNi-2-19,200,3.976652,11.75592,7.779268,0.7779268,"3,6",hwx,TiNi,N19,1.25598,1858.85,0.305101,0.3832,1588,0.1588,6.1,5.99647355163728,6.1,6.4,6.49399,4.41568,6.18075,1.445
hwx-TiNi-3-20,200,3.887391,18.81666,14.929268999999998,1.4929268999999998,"3,6",hwx,TiNi,N20,0.845889,2767.9,0.575489,0.4868,2745,0.2745,7.8,8.91799635701275,9.7,10.4,10.43903,7.51,10.43903,1.445
hwx-TiNi-4-410,200,3.696446,24.02941,20.332963999999997,2.0332964,"3,6",hwx,TiNi,N410,0.57164,3967.08,1.17889,0.6739,4125,0.4125,11.6,10.041163636363637,10.6,11.6,11.66485,10.0854,11.66485,1.445
hwx-TiNi-5-386,200,4.617286,52.89921,48.281924,4.8281924,"3,6",hwx,TiNi,N386,0.231267,6209.15,3.71303,0.8587,7058,0.7058,18.7,17.908628506659113,18.4,19.6,19.61202,18.34204,19.49116,1.445
hwx-TiNi-6-225,200,2.894861,3.846341,0.9514799999999997,0.09514799999999997,"3,6",hwx,TiNi,N225,1.70466,0.0,0.0,0.0,0,0.0,,,,,3.1539,2.09877,3.12195,1.445
hwx-TiNi-7-592,200,2.355284,12.43098,10.075696,1.0075696,"3,6",hwx,TiNi,N592,0.85063,2181.98,0.444377,0.378,1695,0.1695,8.7,7.900353982300884,8.4,8.7,8.79194,5.29444,8.52252,1.445
hwx-TiNi-9-130,200,3.262235,7.786814,4.524578999999999,0.4524578999999999,"3,6",hwx,TiNi,N130,1.42753,975.547,0.0954796,0.1363,453,0.0453,5.3,4.798454746136865,4.9,5.3,5.39848,3.51828,5.39848,1.445
hwx-TiNi-TATB,200,3.930328,32.48479,28.554461999999997,2.8554462,"3,6",hwx,TiNi,TATB,0.42116,4671.42,1.81119,0.7628,5425,0.5425,15.4,13.940663594470047,14.6,15.8,15.88845,11.53722,15.42289,1.445
sab-TiCo-1-10,200,4.005905,10.65302,6.647114999999999,0.6647114999999999,"3,6",sab,TiCo,N10,1.24596,1489.99,0.211644,0.2637,1139,0.1139,7.0,6.601053555750659,7.0,7.2,7.24673,6.33654,7.24671,1.445
sab-TiCo-10-333,200,3.539341,22.75902,19.219679,1.9219678999999998,"3,6",sab,TiCo,N333,0.598762,3835.96,1.0495,0.6284,3842,0.3842,12.2,10.155856324830816,9.6,12.2,12.23574,8.88189,12.21962,1.445
sab-TiCo-11-516,200,3.423179,21.81691,18.393731,1.8393731,"3,6",sab,TiCo,N516,0.626216,3758.48,0.976819,0.6117,3724,0.3724,11.3,9.756310418904404,9.6,11.4,11.4447,7.64495,9.67267,1.445
sab-TiCo-12-639,200,3.891717,22.36245,18.470733,1.8470733,"3,6",sab,TiCo,N639,0.711715,3523.25,0.816479,0.5811,3176,0.3176,11.5,9.205541561712844,10.1,11.5,11.57035,9.16696,11.50443,1.445
sab-TiCo-13-126,200,4.042241,43.01567,38.973429,3.8973429000000004,"3,6",sab,TiCo,N126,0.293115,5574.99,2.80129,0.8211,6521,0.6521,19.0,16.544226345652508,16.5,18.8,19.04507,15.86801,18.54726,1.445
sab-TiCo-2-19,200,3.949373,10.80429,6.854917,0.6854917,"3,6",sab,TiCo,N19,1.26932,1641.68,0.24202,0.3072,1368,0.1368,8.4,7.475511695906433,7.8,8.4,8.46101,6.81318,8.46101,1.445
sab-TiCo-3-20,200,3.75412,17.65799,13.903870000000001,1.390387,"3,6",sab,TiCo,N20,0.854046,2795.66,0.49646,0.424,2473,0.2473,9.8,8.318156085725839,9.8,9.8,9.88469,8.04776,9.88469,1.445
sab-TiCo-4-410,200,3.58039,22.98335,19.40296,1.940296,"3,6",sab,TiCo,N410,0.592894,3943.55,1.06528,0.6316,3946,0.3946,9.8,10.248656867714145,10.0,11.9,12.23993,8.63072,11.73382,1.445
sab-TiCo-5-386,200,4.571884,51.68215,47.110266,4.7110266,"3,6",sab,TiCo,N386,0.238244,6217.44,3.58289,0.8536,6974,0.6974,17.5,18.87242615428735,18.2,21.9,21.9009,18.75297,21.85784,1.445
sab-TiCo-6-225,200,3.25764,6.180577,2.9229370000000006,0.29229370000000005,"3,6",sab,TiCo,N225,1.41234,418.585,0.0509794,0.072,287,0.0287,6.1,5.690940766550522,6.1,6.2,6.27207,3.96322,6.18597,1.445
sab-TiCo-7-592,200,2.568877,18.20101,15.632133,1.5632133,"3,6",sab,TiCo,N592,0.623662,3629.17,0.847574,0.5286,3015,0.3015,10.8,10.500630182421228,10.8,12.1,12.20124,8.02385,10.95233,1.445
sab-TiCo-9-130,200,3.242372,7.396314,4.153942000000001,0.41539420000000005,"3,6",sab,TiCo,N130,1.39677,821.664,0.0885615,0.1237,500,0.05,5.8,5.4808,5.8,5.8,5.85816,4.65587,5.85816,1.445
sab-TiCo-TATB,200,3.896752,31.76319,27.866438000000002,2.7866438000000002,"3,6",sab,TiCo,TATB,0.429977,4738.51,1.7594,0.7565,5296,0.5296,15.5,13.051321752265862,12.0,15.5,15.53615,13.36206,15.53615,1.445
sab-TiMg-1-10,200,6.523103,11.47617,4.953067,0.4953067,"3,6",sab,TiMg,N10,1.10923,1448.38,0.136311,0.1512,570,0.057,5.3,4.909473684210527,5.0,5.5,5.57297,3.38342,5.17122,1.445
sab-TiMg-10-333,200,4.767985,27.98324,23.215255,2.3215255,"3,6",sab,TiMg,N333,0.517588,4431.24,1.22916,0.6362,3966,0.3966,11.8,10.200428643469492,9.9,12.1,12.17418,7.73017,12.17418,1.445
sab-TiMg-11-516,200,4.553809,26.66233,22.108521,2.2108521,"3,6",sab,TiMg,N516,0.544632,4307.42,1.14628,0.6243,3848,0.3848,11.0,9.533549896049896,9.3,11.3,11.40071,7.07072,9.28344,1.445
sab-TiMg-12-639,200,5.255858,27.38035,22.124492,2.2124492,"3,6",sab,TiMg,N639,0.623328,4103.8,0.941399,0.5868,3208,0.3208,10.8,8.685754364089776,9.1,10.6,10.83042,8.6317,10.74414,1.445
sab-TiMg-13-126,200,4.917867,48.11348,43.195613,4.3195613,"3,6",sab,TiMg,N126,0.269783,6160.76,3.05912,0.8253,6531,0.6531,14.9,15.220379727453684,14.9,17.6,17.85941,14.21589,16.55613,1.445
sab-TiMg-2-19,200,6.518694,15.82557,9.306876,0.9306876000000001,"3,6",sab,TiMg,N19,1.00325,2207.97,0.345177,0.3463,1644,0.1644,8.9,7.809063260340633,8.3,8.9,8.97412,7.50541,8.97411,1.445
sab-TiMg-3-20,200,5.529771,22.96687,17.437099,1.7437099,"3,6",sab,TiMg,N20,0.728269,3351.23,0.587832,0.4281,2609,0.2609,9.4,8.12265235722499,9.0,9.4,9.47946,7.46207,9.45964,1.445
sab-TiMg-4-410,200,4.625367,28.59977,23.974403,2.3974403,"3,6",sab,TiMg,N410,0.51345,4637.08,1.24822,0.6409,4048,0.4048,9.4,9.888636363636364,9.7,11.7,11.79677,8.13313,11.75544,1.445
sab-TiMg-5-386,200,5.549586,58.3259,52.776314,5.2776314,"3,6",sab,TiMg,N386,0.215976,6765.71,3.96525,0.8564,7019,0.7019,23.6,19.08821769482832,20.5,23.6,23.62757,20.3749,23.57278,1.445
sab-TiMg-6-225,200,5.014636,9.019757,4.005121,0.4005121,"3,6",sab,TiMg,N225,1.1798,611.165,0.0715378,0.0844,342,0.0342,5.7,5.454093567251462,5.7,5.9,5.91455,3.92031,5.91453,1.445
sab-TiMg-7-592,200,3.409158,21.92699,18.517832,1.8517831999999999,"3,6",sab,TiMg,N592,0.571997,4128.87,0.946508,0.5414,3059,0.3059,10.5,9.018764302059497,8.6,10.7,10.7175,6.92552,10.7175,1.445
sab-TiMg-9-130,200,3.656832,9.987349,6.330517,0.6330517,"3,6",sab,TiMg,N130,1.17702,1014.79,0.118944,0.14,611,0.0611,6.3,5.895744680851064,6.3,6.3,6.37083,4.91883,6.37051,1.445
sab-TiMg-TATB,200,4.84706,37.60697,32.75991,3.275991,"3,6",sab,TiMg,TATB,0.380194,5329.42,2.02002,0.768,5431,0.5431,16.0,13.370079175105872,12.0,16.0,16.05888,13.34307,16.05806,1.445
sab-TiNi-1-10,200,3.982038,9.495466,5.513428,0.5513428,"3,6",sab,TiNi,N10,1.36688,1213.41,0.122688,0.1677,629,0.0629,5.7,5.2365659777424485,5.5,5.8,5.87158,4.10673,5.87158,1.445
sab-TiNi-10-333,200,3.481258,22.05306,18.571801999999998,1.8571801999999997,"3,6",sab,TiNi,N333,0.616763,3562.33,1.00654,0.6208,3757,0.3757,12.9,10.859063082246474,11.2,12.9,12.93751,8.89491,12.90564,1.445
sab-TiNi-11-516,200,3.392182,21.85602,18.463838000000003,1.8463838000000004,"3,6",sab,TiNi,N516,0.62835,3641.4,0.979709,0.6156,3782,0.3782,11.9,9.97043892120571,9.5,11.9,11.90452,6.98931,9.50469,1.445
sab-TiNi-12-639,200,3.884327,22.18122,18.296893,1.8296893,"3,6",sab,TiNi,N639,0.724499,3431.63,0.796965,0.5774,3123,0.3123,11.2,9.134229907140568,10.4,11.2,11.29991,9.16515,11.29991,1.445
sab-TiNi-13-126,200,4.071283,42.4722,38.400917,3.8400917,"3,6",sab,TiNi,N126,0.298121,5509.77,2.7509,0.8201,6462,0.6462,19.0,16.833101207056636,16.8,19.0,19.05607,15.6323,19.05607,1.445
sab-TiNi-2-19,200,2.699942,10.14422,7.444278000000001,0.7444278000000001,"3,6",sab,TiNi,N19,1.31723,1529.88,0.221905,0.2923,1255,0.1255,8.1,7.1904382470119526,7.6,8.1,8.19303,6.74583,8.19301,1.445
sab-TiNi-3-20,200,3.834483,17.78871,13.954226999999998,1.3954226999999997,"3,6",sab,TiNi,N20,0.874642,2751.27,0.560686,0.4904,2558,0.2558,9.7,8.171774824081314,9.6,9.7,9.74737,8.2084,9.74737,1.445
sab-TiNi-4-410,200,3.552107,22.96608,19.413973000000002,1.9413973000000002,"3,6",sab,TiNi,N410,0.603679,3829.57,1.03847,0.6269,3886,0.3886,9.2,10.231343283582088,10.0,12.0,12.30596,8.16797,12.30596,1.445
sab-TiNi-5-386,200,4.501735,50.63707,46.135335,4.6135335,"3,6",sab,TiNi,N386,0.243951,6187.63,3.47898,0.8487,6925,0.6925,21.2,18.576953068592054,17.6,21.8,21.83145,18.41343,21.79078,1.445
sab-TiNi-6-225,200,2.925419,5.981284,3.0558649999999994,0.3055864999999999,"3,6",sab,TiNi,N225,1.52992,343.009,0.040525,0.062,211,0.0211,4.9,4.616587677725119,4.8,4.9,4.99768,4.17654,4.99764,1.445
sab-TiNi-7-592,200,2.613057,18.71817,16.105113,1.6105113,"3,6",sab,TiNi,N592,0.624623,3548.91,0.853315,0.533,3080,0.308,8.7,10.323214285714286,10.4,12.0,12.10103,7.77494,10.52186,1.445
sab-TiNi-9-130,200,2.536378,7.54596,5.009582,0.5009582,"3,6",sab,TiNi,N130,1.43564,781.522,0.0842827,0.121,476,0.0476,5.9,5.468067226890756,5.9,5.9,5.94813,4.61295,5.94434,1.445
sab-TiNi-TATB,200,3.869376,31.30666,27.437284000000002,2.7437284,"3,6",sab,TiNi,TATB,0.438862,4652.38,1.71922,0.7545,5240,0.524,11.0,13.22333969465649,12.3,15.9,15.90779,13.29064,15.88301,1.445
sit-TiCo-1-10,200,4.291729,13.18075,8.889021,0.8889020999999999,"3,6",sit,TiCo,N10,1.18385,1879.16,0.340584,0.4032,1417,0.1417,6.2,5.91729004940014,6.2,6.2,6.22383,4.99344,6.18718,1.445
sit-TiCo-10-333,200,3.702553,24.77817,21.075617,2.1075617,"3,6",sit,TiCo,N333,0.567545,4158.35,1.16255,0.6598,4048,0.4048,11.5,10.60679347826087,11.5,11.7,11.71205,8.62522,11.71205,1.445
sit-TiCo-11-516,200,3.578385,23.81402,20.235635,2.0235635,"3,6",sit,TiCo,N516,0.59169,4079.49,1.0421,0.6166,3887,0.3887,11.1,10.10398765114484,11.1,11.2,11.24012,7.77213,11.05538,1.445
sit-TiCo-12-639,200,3.905676,23.27348,19.367804,1.9367804,"3,6",sit,TiCo,N639,0.679036,3629.17,0.890379,0.6046,3398,0.3398,9.7,9.198351971748089,9.7,9.8,9.80592,8.19188,9.76203,1.445
sit-TiCo-13-126,200,4.263671,44.88303,40.619358999999996,4.0619359,"3,6",sit,TiCo,N126,0.277101,5596.62,3.06423,0.8491,6751,0.6751,19.1,17.860391053177306,17.9,19.1,19.11926,16.50628,19.11926,1.445
sit-TiCo-2-19,200,4.157475,12.91996,8.762485,0.8762485,"3,6",sit,TiCo,N19,1.22669,1924.22,0.365619,0.4485,1639,0.1639,6.4,6.116229408175717,6.4,6.5,6.5331,5.25496,6.53308,1.445
sit-TiCo-3-20,200,3.894089,20.24152,16.347431,1.6347431000000001,"3,6",sit,TiCo,N20,0.788956,3021.7,0.730205,0.5761,3090,0.309,8.7,8.386310679611649,8.7,8.7,8.77307,7.72745,8.70378,1.445
sit-TiCo-4-410,200,3.684602,24.49348,20.808878,2.0808878,"3,6",sit,TiCo,N410,0.576303,4085.76,1.14714,0.6611,4046,0.4046,11.6,10.732081067721206,11.6,11.6,11.65761,9.10221,11.62446,1.445
sit-TiCo-5-386,200,4.787024,52.42451,47.637485999999996,4.7637485999999996,"3,6",sit,TiCo,N386,0.233473,6188.07,3.72121,0.8688,7100,0.71,20.5,19.512591549295774,19.8,20.5,20.51763,16.54881,20.51761,1.445
sit-TiCo-6-225,200,0.2844388,2.12438,1.8399412,0.18399411999999998,"3,6",sit,TiCo,N225,1.69055,0.0,0.0,0.0,0,0.0,,,,,3.61665,1.61853,3.46422,1.445
sit-TiCo-7-592,200,2.734138,19.74515,17.011011999999997,1.7011011999999996,"3,6",sit,TiCo,N592,0.611781,3768.91,0.893621,0.5467,3098,0.3098,8.8,8.861168495803744,8.9,9.5,9.56763,6.90732,8.93421,1.445
sit-TiCo-9-130,200,3.551387,8.79108,5.239692999999999,0.5239692999999999,"3,6",sit,TiCo,N130,1.33859,1168.6,0.186465,0.2496,711,0.0711,5.7,5.30450070323488,5.7,5.7,5.74959,3.87094,5.74943,1.445
sit-TiCo-TATB,200,3.905585,33.19938,29.293795,2.9293795,"3,6",sit,TiCo,TATB,0.408716,4759.05,1.85606,0.7586,5572,0.5572,14.1,13.552763819095478,14.1,14.1,14.17876,12.02535,14.06781,1.445
sit-TiMg-1-10,200,5.939558,18.24168,12.302121999999999,1.2302122,"3,6",sit,TiMg,N10,0.931336,2688.83,0.466534,0.4345,1600,0.16,6.3,5.934437500000001,5.9,6.3,6.32754,4.90782,6.31117,1.445
sit-TiMg-10-333,200,4.719097,29.74163,25.022533000000003,2.5022533000000005,"3,6",sit,TiMg,N333,0.503705,4800.58,1.30553,0.6576,4068,0.4068,10.4,9.428048180924288,9.9,10.4,10.48253,7.93405,10.35727,1.445
sit-TiMg-11-516,200,4.577159,28.71211,24.134951,2.4134951,"3,6",sit,TiMg,N516,0.522792,4695.47,1.2351,0.6457,3963,0.3963,10.5,9.470047943477164,10.0,10.5,10.568,7.45602,10.56737,1.445
sit-TiMg-12-639,200,5.195453,28.2542,23.058747,2.3058747,"3,6",sit,TiMg,N639,0.608441,4362.68,1.0024,0.6099,3353,0.3353,8.4,7.755263942737847,7.8,8.4,8.46108,6.85394,8.46108,1.445
sit-TiMg-13-126,200,5.079801,50.32121,45.241409000000004,4.524140900000001,"3,6",sit,TiMg,N126,0.254059,6177.86,3.34096,0.8488,6742,0.6742,17.2,16.040121625630377,16.5,17.2,17.21905,14.56337,17.21905,1.445
sit-TiMg-2-19,200,5.651468,16.22633,10.574862,1.0574862,"3,6",sit,TiMg,N19,1.01571,2485.9,0.372842,0.3787,1364,0.1364,5.7,5.834970674486804,6.2,6.3,6.32903,4.49462,6.32551,1.445
sit-TiMg-3-20,200,5.382805,24.43711,19.054305,1.9054305,"3,6",sit,TiMg,N20,0.711476,3596.61,0.765872,0.5449,2804,0.2804,7.4,7.02339514978602,7.3,7.5,7.56235,6.03294,7.56234,1.445
sit-TiMg-4-410,200,4.759703,29.95322,25.193517,2.5193517,"3,6",sit,TiMg,N410,0.498089,4749.86,1.34133,0.6681,4230,0.423,11.1,9.859810874704491,10.5,11.1,11.12394,8.90536,11.12394,1.445
sit-TiMg-5-386,200,5.880849,60.80341,54.922561,5.4922561000000005,"3,6",sit,TiMg,N386,0.205974,6765.41,4.23646,0.8726,7227,0.7227,21.1,20.578386605783862,21.1,21.2,21.21349,17.33348,21.11846,1.445
sit-TiMg-6-225,200,3.675057,7.123826,3.4487690000000004,0.34487690000000004,"3,6",sit,TiMg,N225,1.17969,0.0,0.0,0.0,0,0.0,,,,,4.74607,2.17114,4.74422,1.445
sit-TiMg-7-592,200,3.467613,22.66241,19.194797,1.9194797000000001,"3,6",sit,TiMg,N592,0.568969,4206.67,0.972285,0.5532,3199,0.3199,8.9,8.28333854329478,8.7,9.1,9.18036,6.88116,8.98653,1.445
sit-TiMg-9-130,200,5.820564,14.40171,8.581146,0.8581146000000001,"3,6",sit,TiMg,N130,1.0862,1554.05,0.280152,0.3043,1023,0.1023,6.3,5.844868035190616,6.3,6.3,6.36127,4.3782,6.29053,1.445
sit-TiMg-TATB,200,4.867866,38.61533,33.747464,3.3747464000000003,"3,6",sit,TiMg,TATB,0.370322,5420.68,2.08386,0.7717,5489,0.5489,13.0,12.1279468026963,12.9,13.0,13.03376,10.63548,12.9711,1.445
sit-TiNi-1-10,200,4.067979,12.04495,7.976971,0.7976970999999999,"3,6",sit,TiNi,N10,1.21565,1837.09,0.309629,0.3764,1247,0.1247,5.9,5.611788291900561,5.9,5.9,5.96492,4.62584,5.64587,1.445
sit-TiNi-10-333,200,3.718206,24.43886,20.720654,2.0720654,"3,6",sit,TiNi,N333,0.581384,4090.71,1.07795,0.6267,3957,0.3957,10.5,9.593682082385644,10.5,10.5,10.58147,8.08044,10.51111,1.445
sit-TiNi-11-516,200,3.551224,23.35598,19.804755999999998,1.9804755999999997,"3,6",sit,TiNi,N516,0.609748,3994.22,1.03994,0.6341,3762,0.3762,10.5,9.349149388623072,10.2,10.5,10.50443,7.40962,10.25604,1.445
sit-TiNi-12-639,200,3.943773,22.67572,18.731946999999998,1.8731946999999998,"3,6",sit,TiNi,N639,0.705643,3523.54,0.845328,0.5965,3245,0.3245,9.0,8.350107858243453,8.5,9.0,9.01902,7.39381,8.84388,1.445
sit-TiNi-13-126,200,4.245269,43.64933,39.404061,3.9404060999999997,"3,6",sit,TiNi,N126,0.286333,5622.5,2.95809,0.847,6659,0.6659,17.4,15.969244631326026,16.4,17.4,17.47982,14.6314,17.47982,1.445
sit-TiNi-2-19,200,3.915946,11.85946,7.943514,0.7943514,"3,6",sit,TiNi,N19,1.23427,1953.78,0.34012,0.4198,1604,0.1604,6.2,5.899750623441397,6.2,6.3,6.34922,4.97518,6.16739,1.445
sit-TiNi-3-20,200,3.908001,19.07632,15.168318999999999,1.5168319,"3,6",sit,TiNi,N20,0.845523,2927.95,0.636647,0.5383,2697,0.2697,7.4,7.173044123099739,7.3,7.4,7.49212,6.34258,7.49211,1.445
sit-TiNi-4-410,200,3.596448,23.18425,19.587802,1.9587802,"3,6",sit,TiNi,N410,0.606456,3928.94,1.0441,0.6332,3821,0.3821,10.4,9.500026171159382,10.0,10.4,10.40981,9.02056,10.40979,1.445
sit-TiNi-5-386,200,4.760824,52.27584,47.515016,4.7515016,"3,6",sit,TiNi,N386,0.233896,6193.03,3.7243,0.8711,7106,0.7106,20.5,19.788967070081625,20.3,20.5,20.53749,16.46344,20.28088,1.445
sit-TiNi-6-225,200,2.592753,3.521372,0.9286189999999999,0.09286189999999998,"3,6",sit,TiNi,N225,1.58981,0.0,0.0,0.0,0,0.0,,,,,3.41505,1.66443,3.10283,1.445
sit-TiNi-7-592,200,2.742673,19.34007,16.597397,1.6597397,"3,6",sit,TiNi,N592,0.626115,3783.9,0.866774,0.5427,3066,0.3066,8.9,8.267025440313112,8.5,9.2,9.29062,6.73968,9.29062,1.445
sit-TiNi-9-130,200,3.57718,8.778288,5.201108,0.5201108,"3,6",sit,TiNi,N130,1.35523,1155.76,0.194727,0.2639,754,0.0754,5.8,5.408488063660477,5.8,5.8,5.84018,3.95739,5.8171,1.445
sit-TiNi-TATB,200,3.888354,32.81762,28.929266,2.8929266,"3,6",sit,TiNi,TATB,0.416062,4758.33,1.80742,0.752,5489,0.5489,13.1,12.563654581891054,13.1,13.2,13.2161,11.40352,13.21608,1.445
stp-TiCo-1-445-D4h,200,3.041395,15.18687,12.145475000000001,1.2145475000000001,"4,6",stp,TiCo,N445,0.953741,1497.58,0.571644,0.5452,3743,0.3743,14.3,14.2764360138926,14.3,14.3,14.3583,13.92722,14.3583,1.445
stp-TiCo-11-662-D4h-T,200,4.673395,55.61342,50.940025,5.0940025,"4,6",stp,TiCo,N662,0.215625,5718.19,4.02875,0.8687,7390,0.739,29.7,27.601299052774017,29.7,29.7,29.7732,26.07526,29.71886,1.445
stp-TiCo-2-13-D4h,200,3.381634,18.53236,15.150726,1.5150726,"4,6",stp,TiCo,N13,0.785293,1809.9,0.757297,0.5947,4210,0.421,15.8,15.779596199524942,15.8,15.8,15.81347,15.12752,15.81343,1.445
stp-TiMg-1-445-D4h,200,4.311145,20.24089,15.929745,1.5929745,"4,6",stp,TiMg,N445,0.82274,1817.24,0.684663,0.5633,3922,0.3922,14.0,13.851453340132586,14.0,14.0,14.02559,12.87584,14.02558,1.445
stp-TiMg-11-662-D4h-T,200,5.539389,63.09201,57.552621,5.7552621,"4,6",stp,TiMg,N662,0.193001,6132.38,4.52485,0.8733,7496,0.7496,30.8,28.34159551760939,30.8,30.8,30.8115,26.96969,30.8115,1.445
stp-TiMg-2-13-D4h,200,4.750603,23.07058,18.319977,1.8319977,"4,6",stp,TiMg,N13,0.675388,2124.13,0.854324,0.577,4127,0.4127,16.3,16.229609886115824,16.3,16.3,16.33338,15.1194,16.32323,1.445
stp-TiNi-1-445-D4h,200,0.1844774,1.113952,0.9294746,0.09294746000000001,"4,6",stp,TiNi,N445,2.09944,0.0,0.0,0.0,0,0.0,,,,,3.53491,1.25589,2.72294,1.445
stp-TiNi-11-662-D4h-T,200,4.666371,55.43487,50.768499,5.0768499,"4,6",stp,TiNi,N662,0.217146,5751.93,3.99363,0.8672,7396,0.7396,29.1,26.693442401298,29.1,29.1,29.10213,25.38517,28.66078,1.445
stp-TiNi-2-13-D4h,200,3.422461,18.78061,15.358149,1.5358148999999999,"4,6",stp,TiNi,N13,0.802802,1779.55,0.746511,0.5993,4217,0.4217,15.3,15.258643585487317,15.3,15.3,15.36254,14.84854,15.36252,1.445
ttp-TiCo-10-607-D2h-D2d,200,4.152399,35.5479,31.395501,3.1395501,"3,6",ttp,TiCo,N607,0.352613,4269.48,2.25999,0.7969,6212,0.6212,23.9,23.25618158403091,23.9,23.9,23.9521,22.07725,23.9521,1.445
ttp-TiCo-3-1-D2h,200,3.858669,19.54668,15.688011,1.5688011,"4,6",stp,TiCo,N1,0.747419,1890.23,0.846513,0.6327,4510,0.451,15.6,15.51711751662971,15.6,15.6,15.64301,15.1423,15.64299,1.445
ttp-TiCo-4-12-D2h,200,3.655497,24.29218,20.636682999999998,2.0636683,"3,6",ttp,TiCo,N12,0.546308,3514.8,1.18212,0.6458,4534,0.4534,16.5,15.87838553153948,16.5,16.5,16.56382,14.97453,16.56381,1.445
ttp-TiCo-8-644-D2h-D2d,200,4.043544,25.22485,21.181306,2.1181305999999998,"4,6",stp,TiCo,N644,0.51148,2906.12,1.40905,0.7207,5545,0.5543,17.5,17.273669972948603,17.5,17.5,17.59156,16.75544,17.59155,1.445
ttp-TiCo-9-201-D2h-D2d,200,4.220682,37.51842,33.297737999999995,3.3297737999999995,"4,6",stp,TiCo,N201,0.334866,3671.45,2.41888,0.81,6666,0.6666,26.8,26.604560456045604,26.8,26.8,26.88359,25.24071,26.88359,1.445
ttp-TiMg-10-607-D2h-D2d,200,5.211687,42.53431,37.322623,3.7322623,"3,6",ttp,TiMg,N607,0.308583,4939.9,2.6437,0.8158,6417,0.6417,24.5,23.520445691132924,24.5,24.5,24.54748,22.66123,24.54748,1.445
ttp-TiMg-3-1-D2h,200,5.35809,25.04669,19.6886,1.96886,"4,6",stp,TiMg,N1,0.635075,2200.95,0.980356,0.6226,4555,0.4555,16.8,16.793347969264545,16.8,16.8,16.89193,16.65213,16.88383,1.445
ttp-TiMg-4-12-D2h,200,4.778398,30.49589,25.717492,2.5717492,"3,6",ttp,TiMg,N12,0.465909,4225.33,1.42925,0.6659,4692,0.4692,16.5,15.43493179880648,16.5,16.5,16.57888,14.65508,16.50283,1.445
ttp-TiMg-8-644-D2h-D2d,200,5.400395,33.3246,27.924204999999997,2.7924204999999995,"4,6",stp,TiMg,N644,0.412,3406.72,1.78519,0.7355,5793,0.5793,21.8,21.758846884170552,21.8,21.8,21.8415,21.60331,21.83804,1.445
ttp-TiMg-9-201-D2h-D2d,200,4.993745,43.04291,38.049165,3.8049165,"4,6",stp,TiMg,N201,0.305588,4297.25,2.64146,0.8072,6622,0.6622,25.1,24.34510721836304,25.1,25.1,25.14777,23.35751,25.14777,1.445
ttp-TiNi-10-607-D2h-D2d,200,4.087499,34.75983,30.672331,3.0672331,"3,6",ttp,TiNi,N607,0.358062,4283.72,2.2133,0.7925,6192,0.6192,23.4,22.579312015503877,23.4,23.4,23.48168,21.50207,23.4612,1.445
ttp-TiNi-3-1-D2h,200,3.94812,20.09025,16.14213,1.6142130000000001,"4,6",stp,TiNi,N1,0.755273,1831.33,0.849759,0.6418,4619,0.4619,16.4,16.39919896081403,16.4,16.4,16.47824,16.20137,16.47823,1.445
ttp-TiNi-4-12-D2h,200,3.611413,24.13613,20.524717000000003,2.0524717000000003,"3,6",ttp,TiNi,N12,0.554895,3473.81,1.15517,0.641,4520,0.452,16.4,15.793606194690264,16.4,16.4,16.46716,14.46604,16.46159,1.445
ttp-TiNi-8-644-D2h-D2d,200,3.881542,25.94616,22.064618,2.2064618,"4,6",stp,TiNi,N644,0.491372,2876.47,1.49846,0.7363,5753,0.5753,20.8,20.760837823744133,20.8,20.8,20.87146,20.29765,20.87144,1.445
ttp-TiNi-9-201-D2h-D2d,200,4.233108,37.54722,33.314112,3.3314112000000002,"4,6",stp,TiNi,N201,0.33955,3598.98,2.38227,0.8089,6660,0.666,26.9,26.761996996996995,26.9,26.9,26.9356,25.15776,26.9356,1.445
ttx-TiCo-10-607-D2h-D2d,200,3.841887,31.66355,27.821663,2.7821663,"3,6",ttx,TiCo,N607,0.41109,4421.5,1.79133,0.7364,5590,0.559,19.0,17.881610017889088,19.0,19.0,19.05468,18.31854,19.05468,1.445
ttx-TiCo-3-1-D2h,200,3.759598,17.3382,13.578602,1.3578602,"3,6",ttx,TiCo,N1,0.886007,1728.54,0.635774,0.5633,3680,0.368,13.4,13.393505434782613,13.4,13.4,13.41679,11.89863,13.41679,1.445
ttx-TiCo-4-12-D2h,200,3.850768,26.72504,22.874272,2.2874272,"4,6",stp,TiCo,N12,0.487799,3790.01,1.37167,0.6691,5033,0.5033,19.8,18.94814226107689,19.8,19.8,19.81351,18.21161,19.81349,1.445
ttx-TiCo-5-665-D2h,200,4.045451,32.70719,28.661738999999997,2.8661738999999997,"4,6",stp,TiCo,N665,0.398077,4133.12,1.80694,0.7193,5758,0.5758,22.1,21.44230635637374,22.1,22.1,22.14149,21.70359,22.14148,1.445
ttx-TiCo-6-614-D2h,200,3.998059,38.32754,34.329481,3.4329481,"4,6",stp,TiCo,N614,0.339242,4734.97,2.28303,0.7745,6201,0.6201,23.5,22.40185453959039,23.5,23.5,23.50523,22.48052,23.50523,1.445
ttx-TiCo-7-7-D2h-D2d,200,3.914023,18.12183,14.207806999999999,1.4207807,"3,6",ttx,TiCo,N7,0.789486,2319.24,0.747828,0.5904,3804,0.3804,13.2,13.131177707676128,13.2,13.2,13.28556,11.73804,13.28552,1.445
ttx-TiCo-8-644-D2h-D2d,200,3.75978,20.55053,16.79075,1.6790749999999999,"3,6",ttx,TiCo,N644,0.669655,3065.53,0.974232,0.6524,4177,0.4177,13.6,13.314603782619104,13.6,13.6,13.62669,12.08277,13.60697,1.445
ttx-TiMg-10-607-D2h-D2d,200,4.774578,36.83963,32.065052,3.2065052,"3,6",ttx,TiMg,N607,0.37037,4832.83,2.00151,0.7413,5634,0.5634,18.4,17.190592829250974,18.4,18.4,18.44644,17.34487,18.44644,1.445
ttx-TiMg-3-1-D2h,200,5.282251,22.53272,17.250469000000002,1.7250469000000002,"3,6",ttx,TiMg,N1,0.749671,2101.88,0.740324,0.555,3582,0.3582,12.5,12.397934115019542,12.5,12.5,12.55513,11.96861,12.52709,1.445
ttx-TiMg-4-12-D2h,200,5.028102,33.09313,28.065028,2.8065028,"4,6",stp,TiMg,N12,0.416793,4353.2,1.65142,0.6883,5282,0.5282,20.9,19.977811435062478,20.9,20.9,20.91664,19.20896,20.91635,1.445
ttx-TiMg-5-665-D2h,200,5.068729,38.07828,33.009551,3.3009551000000004,"4,6",stp,TiMg,N665,0.351723,4756.13,2.2131,0.7784,5869,0.5869,21.5,20.33883114670302,21.5,21.5,21.51228,19.90337,21.51227,1.445
ttx-TiMg-6-614-D2h,200,4.981867,44.40862,39.426753,3.9426753,"4,6",stp,TiMg,N614,0.301183,5214.24,2.72923,0.822,6424,0.6424,24.0,22.86411892901619,24.0,24.0,24.04196,23.40595,23.96355,1.445
ttx-TiMg-7-7-D2h-D2d,200,5.938778,24.92878,18.990002,1.8990002000000001,"3,6",ttx,TiMg,N7,0.677766,2887.11,0.878327,0.5953,3699,0.3699,12.1,11.716409840497432,12.1,12.1,12.11857,11.0884,12.11345,1.445
ttx-TiMg-8-644-D2h-D2d,200,4.939575,26.85875,21.919175000000003,2.1919175,"3,6",ttx,TiMg,N644,0.562354,3606.35,1.19462,0.6718,4367,0.4367,14.1,13.75223265399588,14.1,14.1,14.16319,12.98487,14.16305,1.445
ttx-TiNi-10-607-D2h-D2d,200,3.83893,30.97244,27.133509999999998,2.713351,"3,6",ttx,TiNi,N607,0.424293,4363.57,1.74125,0.7388,5507,0.5507,18.0,16.912238968585438,18.0,18.0,18.04293,17.3592,18.04292,1.445
ttx-TiNi-3-1-D2h,200,3.778872,17.55272,13.773848000000001,1.3773848000000002,"3,6",ttx,TiNi,N1,0.901744,1691.16,0.632552,0.5704,3711,0.3711,13.2,13.196308272702776,13.2,13.2,13.25456,11.59129,13.25455,1.445
ttx-TiNi-4-12-D2h,200,3.854125,26.53349,22.679365,2.2679365000000002,"4,6",stp,TiNi,N12,0.497697,3729.06,1.34218,0.668,4985,0.4985,18.9,18.200561685055163,18.9,18.9,18.92768,17.90558,18.92768,1.445
ttx-TiNi-5-665-D2h,200,4.011483,32.46437,28.452887000000004,2.8452887000000002,"4,6",stp,TiNi,N665,0.404664,4075.72,1.88156,0.7614,5841,0.5841,22.0,21.40239684985448,22.0,22.0,22.02095,21.03315,22.02091,1.445
ttx-TiNi-6-614-D2h,200,4.051578,37.98932,33.937742,3.3937742,"4,6",stp,TiNi,N614,0.344995,4667.12,2.30902,0.7966,6271,0.6271,22.7,21.65279859671504,22.7,22.7,22.78407,21.54934,22.78379,1.445
ttx-TiNi-7-7-D2h-D2d,200,3.901621,17.73211,13.830488999999998,1.3830489,"3,6",ttx,TiNi,N7,0.814635,2180.96,0.714431,0.582,3739,0.3739,12.6,12.546055094945173,12.6,12.6,12.63549,11.38817,12.61639,1.445
ttx-TiNi-8-644-D2h-D2d,200,3.676096,20.18238,16.506283999999997,1.6506283999999998,"3,6",ttx,TiNi,N644,0.689989,2952.87,0.941754,0.6498,4157,0.4157,13.2,12.88802020687996,13.2,13.2,13.22197,11.39131,13.21857,1.445
txs-TiCo-10-607-D2h-D2d,200,3.654513,27.16187,23.507357,2.3507357,"4,6",txs,TiCo,N607,0.501318,4388.85,1.35044,0.677,4518,0.4518,13.0,10.962571934484284,11.3,13.0,13.06178,8.64248,13.06178,1.445
txs-TiCo-11-662-D4h-T,200,4.191691,46.56491,42.373219,4.2373218999999995,"4,6",txs,TiCo,N662,0.264877,5740.57,3.19809,0.8471,6800,0.68,22.6,19.95741176470588,22.1,22.9,22.92359,13.63273,22.60423,1.445
txs-TiCo-12-693-Td,200,2.026066,5.411772,3.385706,0.3385706,"4,6",txs,TiCo,N693,1.61136,0.0,0.0,0.0,0,0.0,,,,,5.52724,2.60825,5.52723,1.445
txs-TiCo-13-600-Td,200,3.354846,18.07858,14.723733999999999,1.4723734,"4,6",txs,TiCo,N600,0.759579,2905.38,0.632456,0.4804,2822,0.2822,10.6,9.428065201984408,10.6,10.7,10.71111,6.0524,10.60682,1.445
txs-TiCo-7-7-D2h-D2d,200,3.964054,16.70582,12.741765999999998,1.2741765999999999,"4,6",txs,TiCo,N7,0.921061,2384.89,0.579223,0.5335,2787,0.2787,10.8,10.187656978830285,10.8,10.9,10.9368,5.93395,10.72817,1.445
txs-TiMg-10-607-D2h-D2d,200,4.527115,32.49169,27.964574999999996,2.7964575,"4,6",txs,TiMg,N607,0.437943,4860.72,1.57669,0.6905,4743,0.4743,13.7,11.556715159181952,11.8,13.7,13.70746,8.87654,13.70746,1.445
txs-TiMg-11-662-D4h-T,200,4.96157,53.43043,48.46886,4.846886,"4,6",txs,TiMg,N662,0.234947,6215.49,3.62933,0.8527,6946,0.6946,22.9,20.18059314713504,21.7,22.9,22.91058,14.47868,21.17357,1.445
txs-TiMg-12-693-Td,200,5.120551,8.538403,3.417852000000001,0.34178520000000007,"4,6",txs,TiMg,N693,1.29561,808.702,0.121101,0.1569,516,0.0516,6.0,5.857364341085272,6.0,6.0,6.0761,2.91814,6.04293,1.445
txs-TiMg-13-600-Td,200,4.563618,22.48353,17.919911999999997,1.7919911999999996,"4,6",txs,TiMg,N600,0.657083,3372.9,0.763526,0.5017,3069,0.3069,11.3,9.652166829586184,10.5,11.3,11.38608,6.35406,11.16907,1.445
txs-TiMg-7-7-D2h-D2d,200,5.750341,22.95998,17.209639000000003,1.7209639000000003,"4,6",txs,TiMg,N7,0.771751,2841.46,0.694266,0.5358,2937,0.2937,10.7,9.97878787878788,10.7,10.7,10.74604,6.27048,10.74603,1.445
txs-TiNi-10-607-D2h-D2d,200,3.641437,27.56696,23.925523000000002,2.3925523,"4,6",txs,TiNi,N607,0.496729,4322.77,1.37882,0.6849,4649,0.4649,13.5,11.458012475801247,12.1,13.5,13.52187,8.55023,13.51514,1.445
txs-TiNi-11-662-D4h-T,200,4.176601,47.01284,42.836239,4.2836239,"4,6",txs,TiNi,N662,0.262108,5760.79,3.21356,0.8423,6803,0.6803,23.0,20.40248419814788,22.8,23.1,23.15557,13.88044,23.02499,1.445
txs-TiNi-12-693-Td,200,2.138852,5.822593,3.6837410000000004,0.36837410000000004,"4,6",txs,TiNi,N693,1.58218,0.0,0.0,0.0,0,0.0,,,,,5.42325,2.87527,5.31402,1.445
txs-TiNi-13-600-Td,200,3.378342,17.68681,14.308468000000001,1.4308468,"4,6",txs,TiNi,N600,0.80785,2781.39,0.555053,0.4484,2572,0.2572,9.7,8.639463452566096,9.4,9.8,9.81788,5.12195,9.81788,1.445
txs-TiNi-7-7-D2h-D2d,200,3.958524,16.74496,12.786435999999998,1.2786435999999999,"4,6",txs,TiNi,N7,0.93438,2316.67,0.56401,0.527,2818,0.2818,10.6,9.985166784953869,10.6,10.6,10.64138,5.89737,10.64137,1.445
ydq-TiCo-1-10,200,4.278744,15.09245,10.813706,1.0813706,"3,6",ydq,TiCo,N10,0.986036,1947.45,0.514788,0.5076,3025,0.3025,13.2,11.636694214876034,13.2,13.2,13.30802,9.66222,13.28912,1.445
ydq-TiCo-10-333,200,3.683442,27.01732,23.333878000000002,2.3333878,"3,6",ydq,TiCo,N333,0.457473,3504.42,1.46019,0.668,5399,0.5399,22.3,19.53332098536766,21.7,22.4,22.4432,17.14855,22.42413,1.445
ydq-TiCo-11-516,200,3.576063,25.97891,22.402846999999998,2.2402846999999997,"3,6",ydq,TiCo,N516,0.474775,3329.02,1.39982,0.6646,5369,0.5369,22.2,19.341329856584093,21.6,22.2,22.35167,17.34095,22.35167,1.445
ydq-TiCo-12-639,200,4.035205,26.42814,22.392934999999998,2.2392934999999996,"3,6",ydq,TiCo,N639,0.544202,3193.82,1.20617,0.6564,5043,0.5043,20.7,17.824905810033712,20.4,20.7,20.89292,14.58616,20.72827,1.445
ydq-TiCo-2-19,200,4.094976,14.02199,9.927014,0.9927014,"3,6",ydq,TiCo,N19,1.03988,1910.67,0.493901,0.5136,3026,0.3026,12.8,11.345076007931263,12.8,12.8,12.88606,9.35414,12.87491,1.445
ydq-TiCo-3-20,200,4.126183,22.81532,18.689137,1.8689136999999998,"3,6",ydq,TiCo,N20,0.647083,2763.28,0.977,0.6322,4575,0.4575,18.6,16.334775956284155,18.6,18.6,18.65818,14.06525,18.65628,1.445
ydq-TiCo-4-410,200,3.762495,27.59422,23.831725,2.3831724999999997,"3,6",ydq,TiCo,N410,0.456596,3768.02,1.47548,0.6737,5398,0.5398,21.2,18.353593923675437,20.0,21.2,21.34159,16.3895,21.34159,1.445
ydq-TiCo-6-225,200,3.714627,10.75685,7.042223,0.7042223,"3,6",ydq,TiCo,N225,1.15363,947.284,0.239246,0.276,1562,0.1562,11.4,10.664084507042253,11.4,11.6,11.62918,7.23497,11.5892,1.445
ydq-TiCo-9-130,200,3.421948,10.94081,7.518862,0.7518862000000001,"3,6",ydq,TiCo,N130,1.12948,1315.42,0.343611,0.3881,2359,0.2359,10.8,10.072742687579485,10.3,10.9,10.91578,8.7188,10.90627,1.445
ydq-TiMg-1-10,200,6.417884,21.85842,15.440535999999998,1.5440535999999998,"3,6",ydq,TiMg,N10,0.788299,2460.65,0.665991,0.525,3207,0.3207,13.5,11.677517929529156,13.4,13.5,13.53719,9.63205,13.53719,1.445
ydq-TiMg-10-333,200,4.955151,32.0614,27.106249,2.7106249,"3,6",ydq,TiMg,N333,0.419295,3966.24,1.58766,0.6657,5354,0.5354,21.5,18.484049308927904,20.2,21.7,21.95549,16.41706,21.95549,1.445
ydq-TiMg-11-516,200,4.739135,30.49381,25.754675,2.5754675,"3,6",ydq,TiMg,N516,0.439664,3756.22,1.48272,0.6519,5265,0.5265,21.2,18.109458689458688,20.0,21.2,21.43087,15.8282,21.12522,1.445
ydq-TiMg-12-639,200,5.222141,31.83482,26.612679,2.6612679,"3,6",ydq,TiMg,N639,0.47648,3736.7,1.36165,0.6488,5041,0.5041,20.3,17.31354889902797,20.1,20.5,20.77857,14.4792,20.36645,1.445
ydq-TiMg-2-19,200,5.742964,20.24093,14.497965999999998,1.4497965999999998,"3,6",ydq,TiMg,N19,0.820228,2435.86,0.653843,0.5363,3244,0.3244,13.2,11.5557336621455,13.1,13.2,13.27091,9.34153,13.23105,1.445
ydq-TiMg-3-20,200,5.364574,28.49927,23.134695999999998,2.3134696,"3,6",ydq,TiMg,N20,0.555828,3317.29,1.13021,0.6282,4537,0.4537,18.1,15.677738593784438,18.1,18.1,18.13843,13.68978,18.1131,1.445
ydq-TiMg-4-410,200,5.01233,33.29587,28.283540000000002,2.828354,"3,6",ydq,TiMg,N410,0.409787,4264.44,1.64354,0.6735,5354,0.5354,20.6,17.976802390735898,19.2,20.7,20.7959,16.08742,20.7959,1.445
ydq-TiMg-6-225,200,5.158113,16.14939,10.991277,1.0991277,"3,6",ydq,TiMg,N225,0.947059,1602.03,0.365869,0.3465,1928,0.1928,11.9,10.493724066390042,11.8,12.1,12.36943,7.62615,12.36943,1.445
ydq-TiMg-9-130,200,5.773001,16.40277,10.629769,1.0629769,"3,6",ydq,TiMg,N130,0.912345,1713.48,0.457064,0.417,2613,0.2613,11.6,10.687562189054727,10.9,11.6,11.6691,9.51028,11.6579,1.445
ydq-TiNi-1-10,200,4.253822,15.26947,11.015647999999999,1.1015647999999998,"3,6",ydq,TiNi,N10,1.01125,1867.34,0.504127,0.5098,3049,0.3049,12.9,11.4710068875041,12.9,12.9,12.99211,9.46299,12.99131,1.445
ydq-TiNi-10-333,200,3.755296,26.89207,23.136774,2.3136774,"3,6",ydq,TiNi,N333,0.469127,3397.89,1.43884,0.675,5414,0.5414,21.7,19.300849649057994,21.2,21.9,22.02846,16.82469,21.67767,1.445
ydq-TiNi-11-516,200,3.614046,26.03897,22.424923999999997,2.2424923999999997,"3,6",ydq,TiNi,N516,0.48409,3249.84,1.37247,0.6644,5360,0.536,21.3,19.614962686567168,21.3,22.4,22.60809,17.412,22.27173,1.445
ydq-TiNi-12-639,200,4.029638,26.09824,22.068602,2.2068602,"3,6",ydq,TiNi,N639,0.551742,3085.8,1.19621,0.66,5099,0.5099,20.8,18.275720729554813,20.8,21.2,21.32626,14.93399,21.31429,1.445
ydq-TiNi-2-19,200,4.01737,13.83227,9.8149,0.98149,"3,6",ydq,TiNi,N19,1.06089,1834.22,0.490062,0.5199,3076,0.3076,12.6,11.23920676202861,12.5,12.6,12.6531,9.22797,12.65047,1.445
ydq-TiNi-3-20,200,4.119471,22.5558,18.436329,1.8436329,"3,6",ydq,TiNi,N20,0.658581,2686.06,0.966928,0.6368,4611,0.4611,18.5,16.340555194101064,18.4,18.5,18.54896,13.88383,18.54896,1.445
ydq-TiNi-4-410,200,3.826913,27.51466,23.687746999999998,2.3687747,"3,6",ydq,TiNi,N410,0.464223,3624.08,1.44995,0.6731,5403,0.5403,21.2,18.595687580973536,20.1,21.3,21.3245,16.65107,21.3245,1.445
ydq-TiNi-6-225,200,1.527965,10.71661,9.188645,0.9188645,"3,6",ydq,TiNi,N225,1.16371,1169.14,0.283403,0.3298,1833,0.1833,11.9,10.902182214948173,11.9,12.1,12.21175,7.56936,12.21175,1.445
ydq-TiNi-9-130,200,3.504606,11.45384,7.949234,0.7949234,"3,6",ydq,TiNi,N130,1.13696,1291.2,0.351551,0.3997,2438,0.2438,11.0,10.320959803117308,10.5,11.0,11.11627,8.80065,11.11627,1.445
ceq-TiCo-1-10,233,3.240386,9.426766,6.186380000000001,0.618638,"3,6",ceq,TiCo,N10,1.21459,1806.77,0.294667,0.3579,1257,0.1257,5.8,5.718536197295147,5.8,6.0,6.07217,5.10152,5.90439,1.445
ceq-TiCo-10-333,233,2.545391,18.86176,16.316369,1.6316369000000002,"3,6",ceq,TiCo,N333,0.578443,4032.75,1.06527,0.6162,4033,0.4033,11.5,10.359112323332509,11.5,11.9,11.90475,9.51036,11.85231,1.445
ceq-TiCo-11-516,233,2.527049,17.65137,15.124321,1.5124321,"3,6",ceq,TiCo,N516,0.613734,3864.6,0.964587,0.592,3797,0.3797,11.0,9.572004213853042,10.7,11.1,11.1373,8.62506,11.07183,1.445
ceq-TiCo-12-639,233,2.844526,17.60884,14.764314,1.4764314,"3,6",ceq,TiCo,N639,0.728084,3494.73,0.779168,0.5673,3099,0.3099,8.2,7.877767021619878,7.9,8.5,8.54564,6.7773,8.43775,1.445
ceq-TiCo-13-126,233,3.115384,35.94674,32.831356,3.2831356,"3,6",ceq,TiCo,N126,0.282249,5631.87,3.01861,0.852,6689,0.6689,17.0,16.569143369711465,17.0,17.8,17.82836,15.14346,17.0768,1.445
ceq-TiCo-2-19,233,3.122522,9.321153,6.198631000000001,0.6198631000000001,"3,6",ceq,TiCo,N19,1.26274,1828.82,0.314476,0.3971,1431,0.1431,5.7,5.618099231306778,5.7,5.8,5.87712,5.09131,5.71078,1.445
ceq-TiCo-3-20,233,2.844579,13.91183,11.067251,1.1067251,"3,6",ceq,TiCo,N20,0.892794,2849.38,0.545702,0.4872,2243,0.2243,6.9,6.838074008024967,6.9,7.1,7.13199,5.83361,7.13198,1.445
ceq-TiCo-4-410,233,2.594646,19.19168,16.597034,1.6597034000000002,"3,6",ceq,TiCo,N410,0.569958,4134.54,1.1171,0.6367,4082,0.4082,11.6,10.210828025477708,10.6,11.6,11.67421,8.69689,10.92577,1.445
ceq-TiCo-5-386,233,3.690793,43.3189,39.628107,3.9628107,"3,6",ceq,TiCo,N386,0.229929,6225.07,3.7977,0.8732,7117,0.7117,19.0,18.878445974427425,19.2,19.9,19.96274,18.54632,19.86965,1.445
ceq-TiCo-6-225,233,1.499089,4.618212,3.119123,0.31191230000000003,"3,6",ceq,TiCo,N225,1.40473,0.0,0.0,0.0,0,0.0,,,,,5.12443,2.67376,5.03088,1.445
ceq-TiCo-7-592,233,1.902803,14.08778,12.184977,1.2184977,"3,6",ceq,TiCo,N592,0.646386,3318.02,0.729131,0.4713,2952,0.2952,10.1,8.784552845528456,8.6,10.1,10.11715,6.58071,10.01828,1.445
ceq-TiCo-9-130,233,2.643716,6.483374,3.8396580000000005,0.3839658,"3,6",ceq,TiCo,N130,1.33936,1018.01,0.157314,0.2107,703,0.0703,5.8,5.334992887624467,5.5,5.8,5.86327,4.40667,5.86327,1.445
ceq-TiMg-1-10,233,4.454414,12.57677,8.122356,0.8122356,"3,6",ceq,TiMg,N10,0.999417,2183.97,0.358209,0.358,1238,0.1238,5.3,5.409046849757674,5.3,5.7,5.76054,4.86205,5.59945,1.445
ceq-TiMg-10-333,233,3.426724,23.0969,19.670176,1.9670176000000001,"3,6",ceq,TiMg,N333,0.50131,4609.14,1.25371,0.6285,4180,0.418,11.5,9.872129186602873,10.2,11.5,11.50666,9.24878,11.50662,1.445
ceq-TiMg-11-516,233,3.326028,21.75791,18.431881999999998,1.8431881999999997,"3,6",ceq,TiMg,N516,0.529068,4435.28,1.15996,0.6137,4023,0.4023,11.1,9.475416355953268,10.1,11.1,11.17092,8.48825,11.17092,1.445
ceq-TiMg-12-639,233,3.725039,20.29738,16.572341,1.6572341000000002,"3,6",ceq,TiMg,N639,0.675461,3936.03,0.769104,0.5195,2717,0.2717,7.5,7.25218991534781,7.4,7.7,7.74596,6.00017,7.57434,1.445
ceq-TiMg-13-126,233,3.850865,39.87707,36.026205000000004,3.6026205000000004,"3,6",ceq,TiMg,N126,0.259373,6149.23,3.27213,0.8487,6700,0.67,15.6,15.80183582089552,15.8,16.8,16.87693,14.13515,16.15173,1.445
ceq-TiMg-2-19,233,4.135055,11.59235,7.457294999999999,0.7457294999999999,"3,6",ceq,TiMg,N19,1.05993,2112.33,0.355305,0.3766,1319,0.1319,5.4,5.367778620166793,5.4,5.5,5.53585,4.72529,5.47927,1.445
ceq-TiMg-3-20,233,3.772589,16.48213,12.709541000000002,1.2709541000000002,"3,6",ceq,TiMg,N20,0.800093,3125.83,0.531938,0.4256,2059,0.2059,6.7,6.687421078193298,6.8,7.3,7.36617,5.49468,7.35004,1.445
ceq-TiMg-4-410,233,3.454722,23.4867,20.031978,2.0031977999999997,"3,6",ceq,TiMg,N410,0.498421,4696.9,1.2983,0.6471,4225,0.4225,12.2,10.21921893491124,10.0,12.2,12.26322,8.50743,10.40681,1.445
ceq-TiMg-5-386,233,4.526581,50.18021,45.653629,4.5653629,"3,6",ceq,TiMg,N386,0.202052,6879.94,4.35384,0.8797,7229,0.7229,20.1,19.248651265735237,19.6,20.1,20.15893,18.90877,20.1296,1.445
ceq-TiMg-6-225,233,1.662063,6.554409,4.892346,0.48923459999999996,"3,6",ceq,TiMg,N225,1.16287,0.0,0.0,0.0,0,0.0,,,,,4.8881,2.55958,4.84413,1.445
ceq-TiMg-7-592,233,2.361366,14.92001,12.558644,1.2558643999999999,"3,6",ceq,TiMg,N592,0.643583,3123.88,0.704494,0.4534,2754,0.2754,8.4,8.558678286129267,8.4,9.5,9.50685,7.31293,8.48236,1.445
ceq-TiMg-9-130,233,4.394904,9.257287,4.8623829999999995,0.48623829999999996,"3,6",ceq,TiMg,N130,1.08754,1389.18,0.228314,0.2483,914,0.0914,6.1,5.6263676148796495,5.5,6.1,6.19372,4.75481,6.19372,1.445
ceq-TiNi-1-10,233,2.380625,8.267646,5.887020999999999,0.5887020999999999,"3,6",ceq,TiNi,N10,1.25523,1648.79,0.262582,0.3296,1063,0.1063,5.4,5.327657572906866,5.4,5.6,5.63377,4.79273,5.44483,1.445
ceq-TiNi-10-333,233,2.69977,18.8903,16.19053,1.6190529999999999,"3,6",ceq,TiNi,N333,0.578021,3948.95,1.0856,0.6275,4090,0.409,11.6,10.184938875305624,10.8,11.6,11.62502,9.82685,11.51194,1.445
ceq-TiNi-11-516,233,2.643068,18.02092,15.377852,1.5377852,"3,6",ceq,TiNi,N516,0.603256,3844.9,1.0072,0.6076,3918,0.3918,11.5,10.105308831036243,11.3,11.7,11.70534,9.14203,11.70534,1.445
ceq-TiNi-12-639,233,2.933774,16.99333,14.059556,1.4059556,"3,6",ceq,TiNi,N639,0.768359,3409.49,0.700974,0.5386,2800,0.28,7.8,7.382821428571429,7.5,7.8,7.89292,6.0888,7.89291,1.445
ceq-TiNi-13-126,233,3.128336,35.39143,32.263094,3.2263094000000003,"3,6",ceq,TiNi,N126,0.28464,5593.12,2.98623,0.85,6652,0.6652,18.5,16.755532170775705,16.7,18.5,18.50525,15.08543,16.74324,1.445
ceq-TiNi-2-19,233,2.262813,8.244998,5.982185000000001,0.5982185000000001,"3,6",ceq,TiNi,N19,1.29692,1725.09,0.296317,0.3843,1295,0.1295,5.6,5.436370656370657,5.5,5.6,5.65403,4.88846,5.65401,1.445
ceq-TiNi-3-20,233,2.763861,12.83957,10.075709,1.0075709,"3,6",ceq,TiNi,N20,0.92957,2724.87,0.459245,0.4269,1997,0.1997,6.8,6.723234852278418,6.8,7.0,7.02113,5.65976,6.97516,1.445
ceq-TiNi-4-410,233,2.557294,18.77806,16.220766,1.6220766000000002,"3,6",ceq,TiNi,N410,0.584759,3979.43,1.08216,0.6328,4046,0.4046,10.5,9.636109738012852,10.0,10.5,10.54301,8.61505,10.23889,1.445
ceq-TiNi-5-386,233,3.487215,43.19235,39.705135,3.9705135,"3,6",ceq,TiNi,N386,0.230448,6195.6,3.79609,0.8748,7114,0.7114,20.0,18.872968793927463,19.4,20.0,20.06167,18.62337,20.01355,1.445
ceq-TiNi-6-225,233,0.2520256,2.809875,2.5578494,0.25578493999999996,"3,6",ceq,TiNi,N225,1.45155,0.0,0.0,0.0,0,0.0,,,,,4.88946,2.45688,4.47613,1.445
ceq-TiNi-7-592,233,1.861108,12.64334,10.782232,1.0782232,"3,6",ceq,TiNi,N592,0.708424,2843.28,0.621097,0.44,2647,0.2647,8.6,8.395428787306383,8.6,8.7,8.85232,7.24919,8.77799,1.445
ceq-TiNi-9-130,233,1.996041,5.4796,3.4835589999999996,0.34835589999999994,"3,6",ceq,TiNi,N130,1.37823,1002.84,0.159044,0.2192,688,0.0688,5.7,5.196366279069768,5.5,5.7,5.79581,4.23042,5.79581,1.445
cml-TiCo-1-10,233,3.227997,9.946594,6.718596999999999,0.6718597,"3,6",cml,TiCo,N10,1.16205,1942.61,0.315219,0.3663,1498,0.1498,6.2,6.0211615487316426,6.1,6.3,6.3685,5.2944,6.05631,1.445
cml-TiCo-10-333,233,2.659184,18.93473,16.275546,1.6275545999999999,"3,6",cml,TiCo,N333,0.584696,4099.28,1.01266,0.5921,3906,0.3906,10.7,9.745340501792114,10.6,10.7,10.73541,8.93998,10.73307,1.445
cml-TiCo-11-516,233,2.58809,18.30002,15.71193,1.571193,"3,6",cml,TiCo,N516,0.601103,4026.1,0.970051,0.5831,3821,0.3821,10.7,9.919759225333683,10.7,10.9,10.90541,9.04566,10.89506,1.445
cml-TiCo-12-639,233,2.868954,18.25207,15.383116,1.5383116,"3,6",cml,TiCo,N639,0.676516,3565.9,0.853047,0.5771,3517,0.3517,10.2,9.5130508956497,9.8,10.2,10.25777,8.06113,10.25777,1.445
cml-TiCo-13-126,233,3.172153,36.72005,33.547897,3.3547897,"3,6",cml,TiCo,N126,0.276747,5638.2,3.03418,0.8397,6688,0.6688,18.2,17.171471291866027,17.7,18.2,18.25286,16.12155,18.24016,1.445
cml-TiCo-2-19,233,3.221614,9.759429,6.537815,0.6537815,"3,6",cml,TiCo,N19,1.20709,1946.24,0.330714,0.3992,1686,0.1686,6.0,5.906049822064057,6.0,6.1,6.11684,5.61048,6.09402,1.445
cml-TiCo-3-20,233,2.908116,15.21009,12.301974,1.2301974,"3,6",cml,TiCo,N20,0.826141,3000.73,0.626769,0.5178,2763,0.2763,8.0,7.668584871516467,7.8,8.0,8.06832,6.93764,8.0683,1.445
cml-TiCo-4-410,233,2.612406,19.49128,16.878874,1.6878874,"3,6",cml,TiCo,N410,0.566539,4140.67,1.09348,0.6195,4096,0.4096,11.5,10.5462646484375,11.4,11.6,11.64015,9.07515,11.59593,1.445
cml-TiCo-5-386,233,3.542129,43.59952,40.057390999999996,4.0057390999999996,"3,6",cml,TiCo,N386,0.229126,6236.61,3.77042,0.8639,7035,0.7035,20.4,19.92220326936745,20.4,20.7,20.78995,17.39186,20.62732,1.445
cml-TiCo-6-225,233,0.9742321,5.391226,4.4169939,0.44169938999999997,"3,6",cml,TiCo,N225,1.37322,389.57,0.0411441,0.0565,171,0.0171,4.8,4.780701754385965,4.8,4.9,4.91775,2.93043,4.91773,1.445
cml-TiCo-7-592,233,2.045309,15.73344,13.688131,1.3688131000000001,"3,6",cml,TiCo,N592,0.603861,3849.93,0.934321,0.5642,3210,0.321,10.6,9.292679127725856,9.1,10.6,10.61994,6.94469,10.61994,1.445
cml-TiCo-9-130,233,2.801129,6.905721,4.104592,0.4104592,"3,6",cml,TiCo,N130,1.33376,1007.35,0.146578,0.1955,631,0.0631,6.4,5.823137876386689,6.4,6.4,6.40893,3.50975,6.40893,1.445
cml-TiCo-TATB,233,2.788193,26.12596,23.337767,2.3337767,"3,6",cml,TiCo,TATB,0.414437,4817.61,1.85987,0.7708,5469,0.5469,13.5,12.831230572316692,13.4,13.5,13.52714,11.86424,13.51283,1.445
cml-TiMg-1-10,233,4.359979,14.15555,9.795570999999999,0.9795570999999998,"3,6",cml,TiMg,N10,0.933001,2524.02,0.422186,0.3939,1699,0.1699,6.5,6.25868157739847,6.5,6.5,6.52241,5.39507,6.52199,1.445
cml-TiMg-10-333,233,3.411153,22.77281,19.361657,1.9361657,"3,6",cml,TiMg,N333,0.511183,4575.93,1.18529,0.6059,4045,0.4045,10.5,9.816390605686031,10.5,10.6,10.64759,8.90567,10.63716,1.445
cml-TiMg-11-516,233,3.325786,22.68886,19.363073999999997,1.9363073999999998,"3,6",cml,TiMg,N516,0.51348,4599.37,1.17882,0.6053,4050,0.405,11.0,10.252913580246911,10.9,11.2,11.22253,9.35689,11.16292,1.445
cml-TiMg-12-639,233,3.72324,22.41909,18.69585,1.869585,"3,6",cml,TiMg,N639,0.597277,4158.84,0.967725,0.578,3521,0.3521,9.7,8.94260153365521,9.2,9.8,9.86581,7.72449,9.8658,1.445
cml-TiMg-13-126,233,3.887768,41.04364,37.155872,3.7155872000000003,"3,6",cml,TiMg,N126,0.254967,6149.36,3.30043,0.8415,6674,0.6674,17.7,16.78602037758466,17.3,17.8,17.82744,14.91026,17.56278,1.445
cml-TiMg-2-19,233,4.046128,13.82706,9.780932,0.9780932,"3,6",cml,TiMg,N19,0.926059,2610.09,0.482582,0.4469,2040,0.204,6.8,6.617254901960784,6.8,6.8,6.84489,5.96493,6.8253,1.445
cml-TiMg-3-20,233,3.886271,19.38155,15.495279,1.5495279,"3,6",cml,TiMg,N20,0.722174,3579.34,0.709386,0.5123,2721,0.2721,7.3,7.204593899301727,7.3,7.4,7.40872,6.29341,7.40872,1.445
cml-TiMg-4-410,233,3.533391,24.13427,20.600879,2.0600879,"3,6",cml,TiMg,N410,0.485733,4766.07,1.31554,0.639,4300,0.43,12.0,10.83760465116279,11.6,12.0,12.02028,8.77457,11.76449,1.445
cml-TiMg-5-386,233,4.502866,51.18443,46.681564,4.6681564,"3,6",cml,TiMg,N386,0.199411,6888.8,4.37538,0.8725,7209,0.7209,21.3,20.56200582605077,21.1,21.3,21.34949,17.83222,21.28587,1.445
cml-TiMg-6-225,233,1.748542,9.665733,7.917190999999999,0.7917190999999999,"3,6",cml,TiMg,N225,1.11178,647.03,0.08248,0.0917,327,0.0327,5.7,5.614984709480122,5.7,5.8,5.84892,2.95804,5.84425,1.445
cml-TiMg-7-592,233,2.52951,17.41833,14.88882,1.488882,"3,6",cml,TiMg,N592,0.567836,3888.61,0.974225,0.5532,3223,0.3223,8.5,9.117871548246976,9.0,10.4,10.45984,7.26225,9.59027,1.445
cml-TiMg-9-130,233,4.509273,9.662282,5.153008999999999,0.5153009,"3,6",cml,TiMg,N130,1.17222,1182.3,0.179658,0.2106,709,0.0709,6.7,6.080677009873062,6.7,6.7,6.79459,3.6301,6.79062,1.445
cml-TiMg-TATB,233,3.688823,30.80864,27.119817,2.7119817,"3,6",cml,TiMg,TATB,0.369747,5348.44,2.09873,0.776,5544,0.5544,13.2,12.722384559884558,12.8,13.2,13.29024,11.50404,13.17249,1.445
cml-TiNi-1-10,233,3.135862,9.50578,6.369918,0.6369918,"3,6",cml,TiNi,N10,1.19101,1877.72,0.29941,0.3566,1462,0.1462,6.1,5.896306429548563,5.9,6.2,6.29312,5.31812,6.24892,1.445
cml-TiNi-10-333,233,2.66348,18.78712,16.12364,1.6123640000000001,"3,6",cml,TiNi,N333,0.58601,4034.13,1.0237,0.5999,3953,0.3953,10.3,9.579762205919556,10.1,10.6,10.62039,8.88533,10.62036,1.445
cml-TiNi-11-516,233,2.626425,18.22923,15.602805000000002,1.5602805000000002,"3,6",cml,TiNi,N516,0.606744,3911.71,0.969931,0.5885,3824,0.3824,11.0,9.784649581589958,10.3,11.0,11.0055,9.03656,10.38494,1.445
cml-TiNi-12-639,233,2.812457,17.64396,14.831503,1.4831503,"3,6",cml,TiNi,N639,0.701724,3417.66,0.802595,0.5632,3380,0.338,9.7,9.099023668639052,9.2,9.7,9.78649,7.91527,9.78649,1.445
cml-TiNi-13-126,233,3.179023,35.68695,32.507927,3.2507927000000003,"3,6",cml,TiNi,N126,0.28491,5546.33,2.9304,0.8349,6607,0.6607,18.7,17.734054790373847,18.7,18.7,18.79896,16.44162,18.74173,1.445
cml-TiNi-2-19,233,2.858415,9.290658,6.432243000000001,0.6432243000000001,"3,6",cml,TiNi,N19,1.21881,1949.97,0.334424,0.4076,1688,0.1688,6.0,5.960367298578199,6.0,6.1,6.14656,5.6318,6.14655,1.445
cml-TiNi-3-20,233,2.905451,14.58775,11.682299,1.1682299,"3,6",cml,TiNi,N20,0.867378,2871.73,0.580139,0.5032,2541,0.2541,7.2,7.021015348288076,7.2,7.2,7.29836,6.22077,7.29378,1.445
cml-TiNi-4-410,233,2.629411,19.1124,16.482989,1.6482989,"3,6",cml,TiNi,N410,0.572716,4010.23,1.08937,0.6239,4108,0.4108,11.2,10.156694255111976,10.4,11.2,11.28593,8.61146,11.23079,1.445
cml-TiNi-5-386,233,3.530528,43.6814,40.150872,4.0150872,"3,6",cml,TiNi,N386,0.228688,6242.37,3.79381,0.8676,7098,0.7098,20.8,19.916948436179204,20.6,20.8,20.89682,17.56226,20.60162,1.445
cml-TiNi-6-225,233,0.4147831,4.563553,4.1487699,0.41487698999999995,"3,6",cml,TiNi,N225,1.38173,842.43,0.098789,0.1365,441,0.0441,5.3,5.17641723356009,5.3,5.3,5.32369,2.9634,4.95622,1.445
cml-TiNi-7-592,233,2.060343,14.88712,12.826777,1.2826777,"3,6",cml,TiNi,N592,0.63158,3618.96,0.866557,0.5473,3001,0.3001,10.1,8.717060979673443,8.6,10.1,10.1279,6.85832,10.11279,1.445
cml-TiNi-9-130,233,2.960138,6.674976,3.714838,0.3714838,"3,6",cml,TiNi,N130,1.36733,966.539,0.136397,0.1865,579,0.0579,5.9,5.437478411053541,5.9,5.9,5.95411,3.58426,5.95411,1.445
cml-TiNi-TATB,233,2.940437,26.06966,23.129223,2.3129223,"3,6",cml,TiNi,TATB,0.415941,4741.39,1.85771,0.7727,5505,0.5505,13.5,12.988555858310626,13.4,13.6,13.60761,11.89081,13.57223,1.445
dag-TiCo-1-10,233,0.5106462,6.292889,5.7822428,0.5782242799999999,"3,6",dag,TiCo,N10,1.29647,1767.89,0.232863,0.3019,1068,0.1068,5.2,5.00430711610487,5.2,5.4,5.48272,4.12478,5.2922,1.445
dag-TiCo-10-333,233,2.11165,17.58777,15.476119999999998,1.5476119999999998,"3,6",dag,TiCo,N333,0.576718,3669.66,1.04887,0.6049,4142,0.4142,10.8,9.735707387735392,10.1,11.1,11.1053,7.75906,11.10527,1.445
dag-TiCo-11-516,233,2.423038,17.60934,15.186302,1.5186302,"3,6",dag,TiCo,N516,0.582735,3631.57,1.03752,0.6046,4117,0.4117,10.9,9.789409764391548,10.0,10.9,10.9744,8.32015,10.97439,1.445
dag-TiCo-12-639,233,1.837085,10.80497,8.967885,0.8967885000000001,"3,6",dag,TiCo,N639,0.894058,2024.11,0.457017,0.4086,2325,0.2325,10.5,9.616559139784949,10.2,10.5,10.58409,9.55729,10.58408,1.445
dag-TiCo-13-126,233,3.231985,36.86119,33.629205,3.3629205,"3,6",dag,TiCo,N126,0.271097,5605.35,3.11586,0.8447,6799,0.6799,18.1,16.674422709221947,17.6,18.2,18.28833,13.97007,17.59921,1.445
dag-TiCo-2-19,233,0.5236949,6.573814,6.0501191,0.60501191,"3,6",dag,TiCo,N19,1.33479,1887.77,0.267083,0.3565,1339,0.1339,5.4,5.128454070201643,5.2,5.6,5.60098,4.579,5.47424,1.445
dag-TiCo-3-20,233,1.554018,12.52402,10.970002000000001,1.0970002,"3,6",dag,TiCo,N20,0.855219,2771.12,0.610487,0.5221,2891,0.2891,8.2,7.504877205119334,7.6,8.2,8.29728,6.99242,8.29728,1.445
dag-TiCo-4-410,233,2.207234,18.77527,16.568036,1.6568036,"3,6",dag,TiCo,N410,0.535347,3779.32,1.19044,0.6373,4517,0.4517,10.5,10.46139030329865,10.5,11.4,11.48861,9.26388,10.59211,1.445
dag-TiCo-5-386,233,3.78952,45.76219,41.972669999999994,4.197266999999999,"3,6",dag,TiCo,N386,0.216023,6150.83,4.04773,0.8744,7324,0.7324,19.9,18.91104587657018,19.3,19.9,19.99936,17.02249,19.99936,1.445
dag-TiCo-6-225,233,0.216145,2.818438,2.602293,0.2602293,"3,6",dag,TiCo,N225,1.46314,405.445,0.0333528,0.0488,131,0.0131,4.5,4.244274809160306,4.3,4.5,4.52434,3.32648,4.52328,1.445
dag-TiCo-7-592,233,0.8732458,12.40465,11.5314042,1.1531404200000002,"3,6",dag,TiCo,N592,0.66248,3242.03,0.734362,0.4865,2907,0.2907,9.7,8.292294461644309,8.2,10.3,10.30939,7.82852,10.30939,1.445
dag-TiCo-9-130,233,0.3227806,3.542603,3.2198224,0.32198224,"3,6",dag,TiCo,N130,1.40457,874.07,0.131215,0.1843,613,0.0613,5.6,5.230179445350733,5.2,5.6,5.60727,4.59668,5.60726,1.445
dag-TiCo-TATB,233,2.898209,24.53894,21.640731,2.1640731,"3,6",dag,TiCo,TATB,0.424642,4772.08,1.75277,0.7443,5369,0.5369,13.5,12.066138945799963,12.7,13.5,13.58545,9.64033,13.57868,1.445
dag-TiMg-1-10,233,1.322724,11.79904,10.476316,1.0476316,"3,6",dag,TiMg,N10,0.995801,2476.01,0.367041,0.3655,1544,0.1544,5.8,5.531347150259067,5.8,6.1,6.15759,5.06407,6.15752,1.445
dag-TiMg-10-333,233,3.39248,22.12213,18.72965,1.872965,"3,6",dag,TiMg,N333,0.502284,4414.86,1.27916,0.6425,4184,0.4184,11.3,10.148685468451244,10.8,11.5,11.51644,8.07817,11.35223,1.445
dag-TiMg-11-516,233,3.511427,22.16317,18.651743,1.8651743,"3,6",dag,TiMg,N516,0.504207,4086.54,1.28717,0.649,4358,0.4358,12.2,10.6869894446994,11.2,12.2,12.20949,9.62165,11.48941,1.445
dag-TiMg-12-639,233,3.703241,19.93669,16.233449,1.6233449,"3,6",dag,TiMg,N639,0.634821,3772.52,0.838346,0.5322,3301,0.3301,9.0,8.007209936382912,8.3,9.0,9.09256,8.12199,9.04987,1.445
dag-TiMg-13-126,233,3.905936,40.75728,36.851344000000005,3.6851344000000004,"3,6",dag,TiMg,N126,0.25501,6162.01,3.31634,0.8457,6760,0.676,16.2,15.271760355029588,16.0,16.6,16.64817,13.93856,16.1848,1.445
dag-TiMg-2-19,233,1.294204,11.95778,10.663575999999999,1.0663576,"3,6",dag,TiMg,N19,1.01878,2543.03,0.399005,0.4065,1758,0.1758,6.6,5.809158134243458,6.2,6.6,6.60472,4.44545,6.60472,1.445
dag-TiMg-3-20,233,2.212683,16.71511,14.502426999999999,1.4502427,"3,6",dag,TiMg,N20,0.746657,3175.62,0.664294,0.496,2800,0.28,7.9,7.356464285714285,7.8,8.0,8.03636,7.0795,7.9081,1.445
dag-TiMg-4-410,233,3.161093,23.25098,20.089886999999997,2.0089886999999997,"3,6",dag,TiMg,N410,0.463907,4461.47,1.46883,0.6814,4683,0.4683,11.8,10.612812299807816,11.0,11.8,11.83433,9.55656,11.35175,1.445
dag-TiMg-5-386,233,4.677343,51.95845,47.281107,4.7281107,"3,6",dag,TiMg,N386,0.193876,6790.06,4.54929,0.882,7401,0.7401,19.4,18.633671125523577,19.2,19.7,19.70331,17.43081,19.21695,1.445
dag-TiMg-6-225,233,1.018566,6.180491,5.161925,0.5161925,"3,6",dag,TiMg,N225,1.23565,406.191,0.0388458,0.048,163,0.0163,5.1,4.725153374233129,5.1,5.1,5.22263,3.00135,5.19368,1.445
dag-TiMg-7-592,233,2.674472,17.79606,15.121588000000001,1.5121588000000001,"3,6",dag,TiMg,N592,0.548087,3706.77,1.06625,0.5844,3722,0.3722,12.0,10.28036002149382,11.1,12.0,12.09333,10.0498,12.09333,1.445
dag-TiMg-9-130,233,1.47359,7.846606,6.373016000000001,0.6373016,"3,6",dag,TiMg,N130,1.12164,1391.35,0.217272,0.2437,888,0.0888,5.9,5.619144144144143,5.9,5.9,5.92581,4.39528,5.92365,1.445
dag-TiMg-TATB,233,3.730028,30.37331,26.643282,2.6643282,"3,6",dag,TiMg,TATB,0.369549,5286.87,2.12259,0.7844,5598,0.5598,14.9,13.11793497677742,14.3,15.0,15.09412,12.54666,14.92459,1.445
dag-TiNi-1-10,233,0.5738853,7.081459,6.5075737,0.65075737,"3,6",dag,TiNi,N10,1.23582,1977.48,0.323994,0.4004,1488,0.1488,5.1,5.268481182795699,5.2,5.8,5.82699,4.92958,5.50954,1.445
dag-TiNi-10-333,233,2.582439,17.87813,15.295690999999998,1.5295690999999998,"3,6",dag,TiNi,N333,0.585687,3621.7,1.02444,0.6,4083,0.4083,10.6,9.577614499142786,9.8,10.9,10.91643,7.82188,10.91639,1.445
dag-TiNi-11-516,233,2.723496,17.77906,15.055564,1.5055564000000001,"3,6",dag,TiNi,N516,0.591353,3552.34,1.01783,0.6019,4141,0.4141,10.8,9.945278918135717,10.7,11.1,11.11959,8.30923,11.11957,1.445
dag-TiNi-12-639,233,2.038829,15.38447,13.345641,1.3345641000000001,"3,6",dag,TiNi,N639,0.72569,3118.1,0.76851,0.5577,3394,0.3394,11.0,9.133028874484385,9.3,11.0,11.0006,6.907,11.0006,1.445
dag-TiNi-13-126,233,3.1003,33.34504,30.244739999999997,3.0244739999999997,"3,6",dag,TiNi,N126,0.304624,5546.56,2.72139,0.829,6421,0.6421,17.0,15.392415511602554,16.1,17.1,17.15143,11.99538,16.62368,1.445
dag-TiNi-2-19,233,0.5195351,6.554195,6.0346599,0.60346599,"3,6",dag,TiNi,N19,1.33249,1880.89,0.309647,0.4126,1465,0.1465,5.2,5.216109215017064,5.2,5.6,5.66539,4.40032,5.25391,1.445
dag-TiNi-3-20,233,0.8741833,10.91014,10.0359567,1.00359567,"3,6",dag,TiNi,N20,0.918479,2686.56,0.531205,0.4879,2476,0.2476,7.9,7.037116316639742,7.2,8.0,8.00487,5.20838,7.9026,1.445
dag-TiNi-4-410,233,2.181301,18.45574,16.274438999999997,1.6274438999999998,"3,6",dag,TiNi,N410,0.547448,3716.59,1.14915,0.6291,4433,0.4433,10.3,10.386104218362284,10.3,11.4,11.41215,9.18285,10.51005,1.445
dag-TiNi-5-386,233,3.424878,41.87599,38.451112,3.8451112000000003,"3,6",dag,TiNi,N386,0.239176,6065.48,3.6124,0.864,7043,0.7043,19.0,17.566292772966065,18.1,19.0,19.08996,15.88512,19.07822,1.445
dag-TiNi-6-225,233,0.1071379,1.480884,1.3737461000000002,0.13737461,"3,6",dag,TiNi,N225,1.58442,0.0,0.0,0.0,0,0.0,,,,,4.9233,2.52938,4.92328,1.445
dag-TiNi-7-592,233,0.9001245,12.75004,11.8499155,1.18499155,"3,6",dag,TiNi,N592,0.647708,3257.96,0.83618,0.5416,3159,0.3159,9.2,8.541500474833807,8.8,10.1,10.1623,8.24914,10.15387,1.445
dag-TiNi-9-130,233,0.3787706,3.994567,3.6157964,0.36157964,"3,6",dag,TiNi,N130,1.39941,915.521,0.144989,0.2029,699,0.0699,5.6,5.406151645207439,5.5,5.6,5.68646,4.74743,5.60369,1.445
dag-TiNi-TATB,233,3.027101,24.8251,21.797998999999997,2.1797999,"3,6",dag,TiNi,TATB,0.42658,4712.27,1.78138,0.7599,5439,0.5439,13.7,11.971575657289945,12.5,13.7,13.72168,9.48703,13.70638,1.445
fmz-TiCo-1-10,233,3.253379,6.048112,2.794733,0.2794733,"3,6",fmz,TiCo,N10,1.4674,0.0,0.0,0.0,0,0.0,,,,,6.4092,2.77121,6.07221,1.445
fmz-TiCo-12-639,233,2.67175,14.41601,11.74426,1.174426,"3,6",fmz,TiCo,N639,0.826356,2921.11,0.463118,0.3827,2390,0.239,7.7,7.924476987447699,8.0,9.7,9.98152,5.10866,9.84949,1.445
fmz-TiCo-13-126,233,2.924488,33.12156,30.197072000000002,3.0197072,"3,6",fmz,TiCo,N126,0.310604,5516.74,2.56146,0.7956,6370,0.637,20.5,17.06478806907378,16.9,20.5,20.60361,10.76861,20.48295,1.445
fmz-TiCo-2-19,233,3.131172,6.224212,3.09304,0.30930399999999997,"3,6",fmz,TiCo,N19,1.53033,0.0,0.0,0.0,0,0.0,,,,,6.40132,2.57472,6.22418,1.445
fmz-TiCo-3-20,233,2.858573,11.70377,8.845197,0.8845197,"3,6",fmz,TiCo,N20,1.00454,2307.05,0.303421,0.3048,1693,0.1693,8.9,7.321264028352038,7.3,8.9,8.97784,4.12861,8.95958,1.445
fmz-TiCo-5-386,233,3.210587,39.28814,36.077553,3.6077553,"3,6",fmz,TiCo,N386,0.258482,6047.29,3.21647,0.8314,6802,0.6802,22.3,18.55035283740077,18.3,22.3,22.35204,12.24878,22.35204,1.445
fmz-TiCo-6-225,233,0.8880772,3.675475,2.7873978,0.27873978,"3,6",fmz,TiCo,N225,1.60617,0.0,0.0,0.0,0,0.0,,,,,4.49415,1.79367,4.4383,1.445
fmz-TiCo-7-592,233,1.796201,12.37406,10.577859,1.0577859,"3,6",fmz,TiCo,N592,0.702361,2733.27,0.612933,0.4305,2591,0.2591,10.8,11.088382863759168,11.0,13.2,13.59167,5.62422,13.5086,1.445
fmz-TiCo-9-130,233,2.753021,5.769205,3.0161840000000004,0.30161840000000006,"3,6",fmz,TiCo,N130,1.49749,0.0,0.0,0.0,0,0.0,,,,,6.67178,2.41779,6.67027,1.445
fmz-TiCo-TATB,233,2.612104,23.54729,20.935186,2.0935186000000003,"3,6",fmz,TiCo,TATB,0.465852,4604.39,1.53182,0.7136,4989,0.4989,15.3,12.649228302264984,12.9,15.3,15.3962,7.9656,15.3962,1.445
fmz-TiMg-1-10,233,5.008527,12.30849,7.299963000000001,0.7299963,"3,6",fmz,TiMg,N10,1.17503,0.0,0.0,0.0,0,0.0,,,,,6.3311,2.70845,6.26873,1.445
fmz-TiMg-12-639,233,3.553179,18.70407,15.150891000000001,1.5150891000000002,"3,6",fmz,TiMg,N639,0.718271,3477.38,0.545198,0.3916,2501,0.2501,8.8,7.779768092762897,8.0,9.2,9.61338,5.33865,9.28667,1.445
fmz-TiMg-13-126,233,3.628312,37.6324,34.004087999999996,3.4004087999999997,"3,6",fmz,TiMg,N126,0.282207,6072.11,2.83941,0.8013,6473,0.6473,19.9,16.776981306967404,16.9,19.9,20.39645,10.89458,19.85289,1.445
fmz-TiMg-2-19,233,4.844635,13.00856,8.163924999999999,0.8163924999999999,"3,6",fmz,TiMg,N19,1.22197,0.0,0.0,0.0,0,0.0,,,,,6.38667,2.78977,6.30931,1.445
fmz-TiMg-3-20,233,4.075053,17.06323,12.988177,1.2988177,"3,6",fmz,TiMg,N20,0.839558,2929.37,0.395089,0.3317,1873,0.1873,8.8,7.063587827015484,6.9,8.8,8.94215,4.41042,8.86581,1.445
fmz-TiMg-5-386,233,4.222871,45.60807,41.385199,4.1385199,"3,6",fmz,TiMg,N386,0.227315,6728.4,3.672,0.8347,6933,0.6933,21.7,18.80777441223136,18.7,22.3,22.42654,13.00062,22.32203,1.445
fmz-TiMg-6-225,233,3.29561,4.86128,1.56567,0.15656699999999998,"3,6",fmz,TiMg,N225,1.34744,0.0,0.0,0.0,0,0.0,,,,,4.5953,1.61294,4.53464,1.445
fmz-TiMg-7-592,233,2.284784,14.50016,12.215376,1.2215376,"3,6",fmz,TiMg,N592,0.657994,2933.61,0.663076,0.4363,2672,0.2672,13.2,11.133233532934131,12.2,13.5,13.53011,5.71084,13.21657,1.445
fmz-TiMg-9-130,233,4.615997,9.755335,5.139338,0.5139338,"3,6",fmz,TiMg,N130,1.27442,0.0,0.0,0.0,0,0.0,,,,,6.51678,2.36768,6.34593,1.445
fmz-TiMg-TATB,233,3.370164,27.89526,24.525096,2.4525096,"3,6",fmz,TiMg,TATB,0.414882,5274.37,1.73085,0.7181,5016,0.5016,13.0,12.352551834130782,13.0,15.3,15.36406,8.12098,15.35961,1.445
fmz-TiNi-1-10,233,1.450703,4.528399,3.0776960000000004,0.30776960000000003,"3,6",fmz,TiNi,N10,1.6173,0.0,0.0,0.0,0,0.0,,,,,6.27785,2.25281,6.27784,1.445
fmz-TiNi-12-639,233,2.56398,13.56499,11.00101,1.100101,"3,6",fmz,TiNi,N639,0.88183,2603.48,0.390438,0.3443,2128,0.2128,9.3,7.752913533834587,7.8,9.5,9.80932,5.05858,9.35665,1.445
fmz-TiNi-13-126,233,2.935027,32.6435,29.708473000000005,2.9708473000000004,"3,6",fmz,TiNi,N126,0.318234,5498.46,2.47836,0.7887,6308,0.6308,16.2,16.79592580849715,16.2,20.5,20.88778,10.98757,20.54031,1.445
fmz-TiNi-2-19,233,1.412307,4.52711,3.114803,0.31148030000000004,"3,6",fmz,TiNi,N19,1.66996,0.0,0.0,0.0,0,0.0,,,,,6.34411,2.28442,6.34004,1.445
fmz-TiNi-3-20,233,2.489937,10.50499,8.015053,0.8015053,"3,6",fmz,TiNi,N20,1.09539,1849.21,0.214992,0.2355,1239,0.1239,8.6,7.408878127522196,8.5,8.7,8.78163,3.58342,8.60118,1.445
fmz-TiNi-5-386,233,2.773325,37.89048,35.117155,3.5117154999999998,"3,6",fmz,TiNi,N386,0.268342,6010.33,3.05841,0.8207,6709,0.6709,21.2,17.792323744224177,16.6,21.9,22.21564,11.74057,22.16362,1.445
fmz-TiNi-6-225,233,1.958478,3.12541,1.166932,0.11669320000000001,"3,6",fmz,TiNi,N225,1.65998,0.0,0.0,0.0,0,0.0,,,,,4.15134,1.52897,3.91271,1.445
fmz-TiNi-7-592,233,1.783159,12.40927,10.626111,1.0626111,"3,6",fmz,TiNi,N592,0.707455,2744.77,0.61276,0.4335,2598,0.2598,12.3,10.71682063125481,11.1,12.5,13.13791,5.73553,11.27296,1.445
fmz-TiNi-9-130,233,2.764488,5.996197,3.2317090000000004,0.32317090000000004,"3,6",fmz,TiNi,N130,1.51601,0.0,0.0,0.0,0,0.0,,,,,6.58558,2.52268,6.58128,1.445
fmz-TiNi-TATB,233,2.644675,22.96646,20.321785000000002,2.0321785,"3,6",fmz,TiNi,TATB,0.481487,4525.75,1.46525,0.7055,4830,0.483,15.5,12.347681159420288,11.8,15.5,15.57204,7.90781,15.57204,1.445
fsi-TiCo-10-607-D2h-D2d,233,2.573395,21.74035,19.166954999999998,1.9166954999999999,"4,6",fsi,TiCo,N607,0.485206,4205.31,1.40538,0.6819,4795,0.4795,14.3,12.95322210636079,14.0,15.1,15.14087,12.82672,15.14087,1.445
fsi-TiCo-11-662-D4h-T,233,3.106065,38.10773,35.001664999999996,3.5001664999999997,"4,6",fsi,TiCo,N662,0.26382,5778.51,3.15746,0.833,6731,0.6731,21.5,17.832164611499035,18.3,21.3,21.52074,14.52083,21.38724,1.445
fsi-TiCo-12-693-Td,233,2.926182,7.499797,4.573615,0.45736150000000003,"4,6",fsi,TiCo,N693,1.38545,1165.31,0.18485,0.2561,870,0.087,5.8,5.486091954022988,5.8,5.8,5.87637,4.43808,5.73835,1.445
fsi-TiCo-13-600-Td,233,2.451409,16.64797,14.196561,1.4196561,"4,6",fsi,TiCo,N600,0.677031,3402.31,0.80085,0.5422,3414,0.3414,10.3,9.587697715289982,10.2,10.3,10.3885,8.28096,10.32308,1.445
fsi-TiCo-7-7-D2h-D2d,233,2.686904,12.42563,9.738726,0.9738726,"4,6",fsi,TiCo,N7,0.94806,2168.1,0.506719,0.4804,2636,0.2636,8.9,8.591464339908955,8.8,9.1,9.13889,7.65816,8.98756,1.445
fsi-TiCo-8-644-D2h-D2d,233,2.580194,13.44175,10.861556,1.0861556,"4,6",fsi,TiCo,N644,0.795632,2527.37,0.658093,0.5236,3262,0.3262,11.3,10.561649294911096,10.8,11.3,11.32079,9.02021,11.32078,1.445
fsi-TiMg-10-607-D2h-D2d,233,3.353188,25.53229,22.179102,2.2179102,"4,6",fsi,TiMg,N607,0.438129,4682.2,1.54201,0.6756,4775,0.4775,14.7,12.356146596858636,12.8,14.7,14.77553,11.17845,14.24204,1.445
fsi-TiMg-11-662-D4h-T,233,3.590362,41.53093,37.940568,3.7940568,"4,6",fsi,TiMg,N662,0.246642,6229.83,3.37778,0.8331,6759,0.6759,19.2,17.424766977363515,18.8,20.0,20.08489,14.61969,19.47638,1.445
fsi-TiMg-12-693-Td,233,4.353116,12.01877,7.665654,0.7665654,"4,6",fsi,TiMg,N693,1.11262,1497.34,0.265679,0.2956,1176,0.1176,6.2,6.031377551020408,6.2,6.2,6.2712,5.0572,6.27117,1.445
fsi-TiMg-13-600-Td,233,3.372684,20.16785,16.795166000000002,1.6795166000000001,"4,6",fsi,TiMg,N600,0.591222,3880.18,0.932307,0.5512,3570,0.357,10.2,9.8172268907563,10.2,10.6,10.74387,8.41791,10.63993,1.445
fsi-TiMg-7-7-D2h-D2d,233,3.939657,16.2487,12.309042999999999,1.2309043,"4,6",fsi,TiMg,N7,0.795851,2718.18,0.618206,0.492,2669,0.2669,9.9,8.639040839265641,9.0,10.0,10.01156,7.01799,10.01156,1.445
fsi-TiMg-8-644-D2h-D2d,233,4.012472,19.00362,14.991148000000003,1.4991148000000003,"4,6",fsi,TiMg,N644,0.649372,3208.69,0.836963,0.5435,3501,0.3501,12.0,11.325821193944586,12.0,12.1,12.17041,9.77671,12.13071,1.445
fsi-TiNi-10-607-D2h-D2d,233,2.573118,20.70245,18.129331999999998,1.8129331999999998,"4,6",fsi,TiNi,N607,0.506196,4046.77,1.33604,0.6763,4687,0.4687,12.9,11.905248559846385,12.9,13.5,13.53593,12.07775,13.53593,1.445
fsi-TiNi-11-662-D4h-T,233,2.987789,37.29273,34.304941,3.4304940999999998,"4,6",fsi,TiNi,N662,0.271395,5764.84,3.04869,0.8274,6613,0.6613,18.8,16.984379252986542,18.2,18.9,19.17916,13.27838,18.91424,1.445
fsi-TiNi-12-693-Td,233,2.208645,6.641048,4.432402999999999,0.4432402999999999,"4,6",fsi,TiNi,N693,1.44561,1051.28,0.177364,0.2564,856,0.0856,5.4,5.275817757009346,5.4,5.4,5.44606,4.4782,5.3479,1.445
fsi-TiNi-13-600-Td,233,2.627493,15.74207,13.114577,1.3114577,"4,6",fsi,TiNi,N600,0.70473,3296.1,0.741986,0.5229,3241,0.3241,10.0,9.22344955260722,9.8,10.0,10.07771,7.96061,10.06364,1.445
fsi-TiNi-7-7-D2h-D2d,233,2.703973,10.70509,8.001117,0.8001117000000001,"4,6",fsi,TiNi,N7,1.00933,1989.07,0.438308,0.4424,2328,0.2328,8.0,7.927792096219932,8.1,8.4,8.44396,6.21419,8.44395,1.445
fsi-TiNi-8-644-D2h-D2d,233,2.637113,12.17029,9.533177,0.9533177,"4,6",fsi,TiNi,N644,0.847386,2337.62,0.593354,0.5028,3016,0.3016,10.2,9.998076923076924,10.2,10.7,10.73133,8.43219,10.67252,1.445
hea-TiCo-10-607-D2h-D2d,233,2.611656,22.06519,19.453534,1.9453534000000001,"4,6",hea,TiCo,N607,0.485737,4409.19,1.37544,0.6681,4784,0.4784,16.4,15.230121237458192,16.3,16.4,16.43422,8.18967,16.41364,1.445
hea-TiCo-11-662-D4h-T,233,3.234762,40.01862,36.783857999999995,3.6783857999999996,"4,6",hea,TiCo,N662,0.24846,5791.63,3.37237,0.8379,6885,0.6885,24.0,21.661292665214237,23.9,24.3,24.3129,14.78892,24.25724,1.445
hea-TiCo-12-693-Td,233,3.153458,6.746791,3.593333,0.35933329999999997,"4,6",hea,TiCo,N693,1.55353,786.598,0.0930783,0.1446,410,0.041,5.3,4.854146341463414,5.3,5.3,5.35541,3.33028,5.35541,1.445
hea-TiCo-13-600-Td,233,2.408714,15.20696,12.798246,1.2798246,"4,6",hea,TiCo,N600,0.717974,3190.57,0.737492,0.5295,3134,0.3134,11.2,9.849840459476706,11.0,11.4,11.4468,6.1702,11.43275,1.445
hea-TiCo-7-7-D2h-D2d,233,2.901332,13.00588,10.104548,1.0104548,"4,6",hea,TiCo,N7,0.92383,2304.8,0.575322,0.5315,2788,0.2788,10.6,10.076721664275466,10.6,10.6,10.6427,5.5755,10.60764,1.445
hea-TiCo-8-644-D2h-D2d,233,2.859638,15.95082,13.091182,1.3091182,"4,6",hea,TiCo,N644,0.739547,3027.51,0.833078,0.6161,3653,0.3653,12.0,11.348809197919518,12.0,12.0,12.07484,6.99801,12.07466,1.445
hea-TiMg-10-607-D2h-D2d,233,3.413039,26.53919,23.126151,2.3126151,"4,6",hea,TiMg,N607,0.428592,4952.46,1.59009,0.6815,4899,0.4899,18.0,16.667850581751377,17.4,18.0,18.05288,8.47532,17.99997,1.445
hea-TiMg-11-662-D4h-T,233,3.912857,44.30151,40.388653,4.038865299999999,"4,6",hea,TiMg,N662,0.229252,6253.21,3.66889,0.8411,6909,0.6909,23.6,20.68956433637285,22.5,23.6,23.62857,14.78665,23.62857,1.445
hea-TiMg-12-693-Td,233,0.9660294,4.755037,3.7890075999999997,0.37890075999999995,"4,6",hea,TiMg,N693,1.27675,1061.71,0.140435,0.1793,592,0.0592,5.7,5.325844594594594,5.7,5.7,5.79842,3.58642,5.70859,1.445
hea-TiMg-13-600-Td,233,3.309319,18.90844,15.599120999999998,1.5599120999999998,"4,6",hea,TiMg,N600,0.633983,3575.17,0.844187,0.5352,3220,0.322,11.2,10.036739130434782,10.9,11.6,11.68701,6.26348,11.28973,1.445
hea-TiMg-7-7-D2h-D2d,233,4.091531,17.57345,13.481919000000001,1.3481919000000002,"4,6",hea,TiMg,N7,0.780949,2760.23,0.670466,0.5236,2821,0.2821,10.6,10.101453385324351,10.6,10.6,10.68764,5.05726,10.54397,1.445
hea-TiMg-8-644-D2h-D2d,233,3.938195,21.10583,17.167635,1.7167635,"4,6",hea,TiMg,N644,0.600468,3666.52,1.06434,0.6391,3958,0.3958,12.8,11.88292066700354,12.6,13.0,13.02431,7.41334,13.0243,1.445
hea-TiNi-10-607-D2h-D2d,233,2.576256,22.06088,19.484624,1.9484624,"4,6",hea,TiNi,N607,0.491633,4375.27,1.36118,0.6692,4768,0.4768,16.6,15.391359060402683,16.4,16.6,16.63068,8.13276,16.60184,1.445
hea-TiNi-11-662-D4h-T,233,3.259958,39.96831,36.708352000000005,3.6708352000000004,"4,6",hea,TiNi,N662,0.249932,5771.09,3.34772,0.8367,6861,0.6861,24.2,21.80078705728028,23.7,24.3,24.31778,15.12525,24.12682,1.445
hea-TiNi-12-693-Td,233,3.05103,6.997549,3.9465190000000003,0.39465190000000006,"4,6",hea,TiNi,N693,1.55037,822.179,0.104749,0.1624,472,0.0472,5.4,4.858686440677967,5.2,5.4,5.48878,3.54905,5.48878,1.445
hea-TiNi-13-600-Td,233,2.514198,15.00896,12.494762,1.2494762,"4,6",hea,TiNi,N600,0.738382,3070.69,0.717244,0.5296,3087,0.3087,11.1,9.725817946226108,10.9,11.2,11.20305,6.59935,11.20303,1.445
hea-TiNi-7-7-D2h-D2d,233,2.80014,12.87942,10.07928,1.0079280000000002,"4,6",hea,TiNi,N7,0.939826,2255.95,0.56021,0.5265,2770,0.277,10.4,9.922238267148014,10.4,10.4,10.42079,5.33125,10.42079,1.445
hea-TiNi-8-644-D2h-D2d,233,2.500767,15.66161,13.160843,1.3160843,"4,6",hea,TiNi,N644,0.739781,3022.38,0.839302,0.6209,3709,0.3709,12.0,11.334888110002696,12.0,12.0,12.09768,7.02361,12.04908,1.445
hwx-TiCo-1-10,233,3.194155,10.76133,7.567174999999999,0.7567174999999999,"3,6",hwx,TiCo,N10,1.19115,2044.66,0.279394,0.3328,1268,0.1268,6.8,5.501261829652997,5.2,6.8,6.87995,4.69636,5.13362,1.445
hwx-TiCo-10-333,233,2.680071,18.17946,15.499388999999999,1.5499389,"3,6",hwx,TiCo,N333,0.607011,4065.43,1.06835,0.6485,3627,0.3627,9.7,8.874276261373035,9.2,9.7,9.76903,9.14203,9.66015,1.445
hwx-TiCo-11-516,233,2.498825,17.33583,14.837005000000001,1.4837005,"3,6",hwx,TiCo,N516,0.6353,3800.39,1.0022,0.6367,3570,0.357,8.9,8.534845938375348,8.9,9.4,9.40048,7.90875,8.87685,1.445
hwx-TiCo-12-639,233,2.846339,17.52149,14.675151,1.4675151,"3,6",hwx,TiCo,N639,0.704566,3431.59,0.87671,0.6177,3320,0.332,9.9,8.60237951807229,8.4,9.9,9.93603,7.68399,9.22029,1.445
hwx-TiCo-13-126,233,3.063966,34.61421,31.550244,3.1550244,"3,6",hwx,TiCo,N126,0.296312,5618.18,2.77309,0.8217,6420,0.642,15.2,14.748348909657322,15.1,15.9,15.93974,12.46516,15.93974,1.445
hwx-TiCo-2-19,233,3.007896,10.66647,7.658574,0.7658574,"3,6",hwx,TiCo,N19,1.22682,1976.51,0.318547,0.3908,1564,0.1564,7.0,5.791560102301791,5.6,7.0,7.06822,4.75144,5.61265,1.445
hwx-TiCo-3-20,233,2.77127,15.09495,12.323680000000001,1.2323680000000001,"3,6",hwx,TiCo,N20,0.839593,3009.54,0.582544,0.4891,2677,0.2677,8.4,7.238027642883825,7.2,8.4,8.46483,6.56824,7.91103,1.445
hwx-TiCo-4-410,233,2.655448,19.29645,16.641002,1.6641002,"3,6",hwx,TiCo,N410,0.574856,4041.9,1.18256,0.6798,4083,0.4083,10.5,9.435880480039186,9.8,10.5,10.5088,8.75554,9.98755,1.445
hwx-TiCo-5-386,233,3.580213,42.27151,38.691297,3.8691297,"3,6",hwx,TiCo,N386,0.238511,6182.43,3.58349,0.8547,6994,0.6994,17.0,16.75261652845296,16.9,18.1,18.13947,16.89355,18.13947,1.445
hwx-TiCo-6-225,233,1.347301,2.760415,1.413114,0.1413114,"3,6",hwx,TiCo,N225,1.66969,0.0,0.0,0.0,0,0.0,,,,,3.24829,1.96397,3.22765,1.445
hwx-TiCo-7-592,233,1.609021,9.275486,7.6664650000000005,0.7666465,"3,6",hwx,TiCo,N592,0.842223,2140.88,0.419248,0.3531,1532,0.1532,8.3,7.509856396866841,8.1,8.3,8.37686,5.18731,8.17054,1.445
hwx-TiCo-9-130,233,2.885864,6.6844,3.798536,0.3798536,"3,6",hwx,TiCo,N130,1.3951,1019.76,0.112393,0.1568,497,0.0497,5.8,5.024748490945674,4.9,5.8,5.85925,3.4863,4.95818,1.445
hwx-TiCo-TATB,233,2.985571,26.67116,23.685589,2.3685589,"3,6",hwx,TiCo,TATB,0.405404,4717.38,1.91019,0.7744,5531,0.5531,12.5,13.51325257638763,13.9,14.7,14.73471,14.27184,14.48369,1.445
hwx-TiMg-1-10,233,4.276642,11.92889,7.652248000000001,0.7652248000000001,"3,6",hwx,TiMg,N10,1.0575,1961.12,0.251159,0.2656,969,0.0969,5.4,5.59329205366357,5.4,6.3,6.30848,4.20949,6.30846,1.445
hwx-TiMg-10-333,233,3.480327,22.50595,19.025623,1.9025623,"3,6",hwx,TiMg,N333,0.524324,4554.53,1.27078,0.6663,3920,0.392,10.3,9.182806122448982,9.3,10.3,10.35097,8.37075,10.16149,1.445
hwx-TiMg-11-516,233,3.367578,20.69872,17.331142,1.7331142,"3,6",hwx,TiMg,N516,0.562088,4276.94,1.13772,0.6395,3660,0.366,9.5,8.78032786885246,9.1,9.8,9.84025,7.81361,9.53216,1.445
hwx-TiMg-12-639,233,3.591062,20.88853,17.297468,1.7297467999999998,"3,6",hwx,TiMg,N639,0.625379,4108.84,0.992519,0.6207,3179,0.3179,8.6,7.779993708713431,8.1,8.7,8.76322,6.14553,8.4312,1.445
hwx-TiMg-13-126,233,3.679055,39.1051,35.426045,3.5426045000000004,"3,6",hwx,TiMg,N126,0.268703,6160.61,3.07887,0.8273,6506,0.6506,16.3,14.859790962188749,15.0,16.3,16.32851,12.45903,16.26908,1.445
hwx-TiMg-2-19,233,4.081679,11.58485,7.503170999999999,0.7503171,"3,6",hwx,TiMg,N19,1.06319,2155.54,0.281416,0.2992,1060,0.106,6.1,5.345754716981132,5.2,6.1,6.17653,4.16801,5.566,1.445
hwx-TiMg-3-20,233,3.912294,18.94705,15.034756000000002,1.5034756000000002,"3,6",hwx,TiMg,N20,0.721452,3441.77,0.661167,0.477,2662,0.2662,8.2,7.679676934635612,8.0,8.4,8.41902,6.1291,8.41899,1.445
hwx-TiMg-4-410,233,3.462057,23.04109,19.579033,1.9579033,"3,6",hwx,TiMg,N410,0.51094,4763.2,1.32794,0.6785,4010,0.401,9.3,9.475087281795512,9.9,11.0,11.03616,7.455,10.40652,1.445
hwx-TiMg-5-386,233,4.365313,49.81597,45.450657,4.5450657,"3,6",hwx,TiMg,N386,0.204742,6844.25,4.20384,0.8607,7140,0.714,20.5,18.5909243697479,18.7,20.5,20.51839,18.01053,19.60428,1.445
hwx-TiMg-6-225,233,3.199548,4.698691,1.4991430000000001,0.1499143,"3,6",hwx,TiMg,N225,1.45677,0.0,0.0,0.0,0,0.0,,,,,3.65635,1.57486,3.15449,1.445
hwx-TiMg-7-592,233,2.160764,11.12127,8.960506,0.8960506,"3,6",hwx,TiMg,N592,0.775019,2366.98,0.489536,0.3794,1705,0.1705,8.8,8.025454545454547,8.8,8.8,8.88309,5.11677,8.81145,1.445
hwx-TiMg-9-130,233,4.140485,10.05462,5.914135,0.5914135,"3,6",hwx,TiMg,N130,1.17295,1292.62,0.159257,0.1868,683,0.0683,5.9,5.215812591508053,5.2,5.9,5.95055,3.7696,5.31471,1.445
hwx-TiMg-TATB,233,3.736512,32.0655,28.328988,2.8328987999999997,"3,6",hwx,TiMg,TATB,0.349895,5376.92,2.23896,0.7834,5735,0.5735,16.0,14.428683522231912,15.2,16.0,16.08012,12.78286,16.08012,1.445
hwx-TiNi-1-10,233,3.287952,10.1493,6.861348,0.6861347999999999,"3,6",hwx,TiNi,N10,1.21773,1931.51,0.271899,0.3311,1231,0.1231,5.9,5.342485783915516,5.3,5.9,5.94713,4.14336,5.4609,1.445
hwx-TiNi-10-333,233,2.675011,18.35899,15.683978999999999,1.5683979,"3,6",hwx,TiNi,N333,0.59913,4048.16,1.09175,0.6541,3795,0.3795,9.7,8.878181818181819,9.3,10.1,10.10056,8.96697,9.73208,1.445
hwx-TiNi-11-516,233,2.570538,17.16265,14.592112,1.4592112,"3,6",hwx,TiNi,N516,0.638535,3846.76,0.993524,0.6344,3592,0.3592,9.1,8.466759465478843,8.7,9.6,9.68293,8.61834,9.3079,1.445
hwx-TiNi-12-639,233,2.79078,16.45198,13.6612,1.36612,"3,6",hwx,TiNi,N639,0.756999,3378.78,0.705681,0.5342,2967,0.2967,8.3,7.46943040107853,7.7,8.5,8.51905,6.00382,8.4501,1.445
hwx-TiNi-13-126,233,3.053601,34.60494,31.551339,3.1551339,"3,6",hwx,TiNi,N126,0.296503,5604.41,2.78513,0.8258,6461,0.6461,16.4,14.895465098282,15.2,16.4,16.46606,11.98994,15.85799,1.445
hwx-TiNi-2-19,233,3.010417,9.540491,6.530073999999999,0.6530073999999999,"3,6",hwx,TiNi,N19,1.25598,1858.85,0.305101,0.3832,1588,0.1588,6.1,5.99647355163728,6.1,6.4,6.49399,4.41568,6.18075,1.445
hwx-TiNi-3-20,233,2.852684,14.69487,11.842186,1.1842186,"3,6",hwx,TiNi,N20,0.845889,2767.9,0.575489,0.4868,2745,0.2745,7.8,8.91799635701275,9.7,10.4,10.43903,7.51,10.43903,1.445
hwx-TiNi-4-410,233,2.66792,19.08995,16.422030000000003,1.6422030000000003,"3,6",hwx,TiNi,N410,0.57164,3967.08,1.17889,0.6739,4125,0.4125,11.6,10.041163636363637,10.6,11.6,11.66485,10.0854,11.66485,1.445
hwx-TiNi-5-386,233,3.412386,43.2514,39.839014,3.9839013999999997,"3,6",hwx,TiNi,N386,0.231267,6209.15,3.71303,0.8587,7058,0.7058,18.7,17.908628506659113,18.4,19.6,19.61202,18.34204,19.49116,1.445
hwx-TiNi-6-225,233,2.30509,3.285716,0.980626,0.0980626,"3,6",hwx,TiNi,N225,1.70466,0.0,0.0,0.0,0,0.0,,,,,3.1539,2.09877,3.12195,1.445
hwx-TiNi-7-592,233,1.759554,9.595293,7.835739,0.7835739,"3,6",hwx,TiNi,N592,0.85063,2181.98,0.444377,0.378,1695,0.1695,8.7,7.900353982300884,8.4,8.7,8.79194,5.29444,8.52252,1.445
hwx-TiNi-9-130,233,2.71647,6.154442,3.4379720000000002,0.3437972,"3,6",hwx,TiNi,N130,1.42753,975.547,0.0954796,0.1363,453,0.0453,5.3,4.798454746136865,4.9,5.3,5.39848,3.51828,5.39848,1.445
hwx-TiNi-TATB,233,2.909211,25.78013,22.870919,2.2870919,"3,6",hwx,TiNi,TATB,0.42116,4671.42,1.81119,0.7628,5425,0.5425,15.4,13.940663594470047,14.6,15.8,15.88845,11.53722,15.42289,1.445
sab-TiCo-1-10,233,3.343683,8.802342,5.458658999999999,0.5458658999999999,"3,6",sab,TiCo,N10,1.24596,1489.99,0.211644,0.2637,1139,0.1139,7.0,6.601053555750659,7.0,7.2,7.24673,6.33654,7.24671,1.445
sab-TiCo-10-333,233,2.682555,17.94081,15.258254999999998,1.5258254999999998,"3,6",sab,TiCo,N333,0.598762,3835.96,1.0495,0.6284,3842,0.3842,12.2,10.155856324830816,9.6,12.2,12.23574,8.88189,12.21962,1.445
sab-TiCo-11-516,233,2.503798,17.21002,14.706222,1.4706222,"3,6",sab,TiCo,N516,0.626216,3758.48,0.976819,0.6117,3724,0.3724,11.3,9.756310418904404,9.6,11.4,11.4447,7.64495,9.67267,1.445
sab-TiCo-12-639,233,2.872922,17.51096,14.638038000000002,1.4638038000000002,"3,6",sab,TiCo,N639,0.711715,3523.25,0.816479,0.5811,3176,0.3176,11.5,9.205541561712844,10.1,11.5,11.57035,9.16696,11.50443,1.445
sab-TiCo-13-126,233,3.105563,34.9075,31.801937,3.1801937,"3,6",sab,TiCo,N126,0.293115,5574.99,2.80129,0.8211,6521,0.6521,19.0,16.544226345652508,16.5,18.8,19.04507,15.86801,18.54726,1.445
sab-TiCo-2-19,233,3.427772,8.887025,5.4592529999999995,0.5459253,"3,6",sab,TiCo,N19,1.26932,1641.68,0.24202,0.3072,1368,0.1368,8.4,7.475511695906433,7.8,8.4,8.46101,6.81318,8.46101,1.445
sab-TiCo-3-20,233,2.811003,13.8089,10.997897,1.0997897,"3,6",sab,TiCo,N20,0.854046,2795.66,0.49646,0.424,2473,0.2473,9.8,8.318156085725839,9.8,9.8,9.88469,8.04776,9.88469,1.445
sab-TiCo-4-410,233,2.658637,18.16089,15.502252999999998,1.5502252999999997,"3,6",sab,TiCo,N410,0.592894,3943.55,1.06528,0.6316,3946,0.3946,9.8,10.248656867714145,10.0,11.9,12.23993,8.63072,11.73382,1.445
sab-TiCo-5-386,233,3.587404,42.39846,38.811056,3.8811056,"3,6",sab,TiCo,N386,0.238244,6217.44,3.58289,0.8536,6974,0.6974,17.5,18.87242615428735,18.2,21.9,21.9009,18.75297,21.85784,1.445
sab-TiCo-6-225,233,2.830553,5.28508,2.4545269999999997,0.24545269999999997,"3,6",sab,TiCo,N225,1.41234,418.585,0.0509794,0.072,287,0.0287,6.1,5.690940766550522,6.1,6.2,6.27207,3.96322,6.18597,1.445
sab-TiCo-7-592,233,1.829864,14.13544,12.305575999999999,1.2305575999999998,"3,6",sab,TiCo,N592,0.623662,3629.17,0.847574,0.5286,3015,0.3015,10.8,10.500630182421228,10.8,12.1,12.20124,8.02385,10.95233,1.445
sab-TiCo-9-130,233,2.542198,6.148665,3.6064670000000003,0.36064670000000004,"3,6",sab,TiCo,N130,1.39677,821.664,0.0885615,0.1237,500,0.05,5.8,5.4808,5.8,5.8,5.85816,4.65587,5.85816,1.445
sab-TiCo-TATB,233,2.790789,25.36217,22.571381,2.2571380999999997,"3,6",sab,TiCo,TATB,0.429977,4738.51,1.7594,0.7565,5296,0.5296,15.5,13.051321752265862,12.0,15.5,15.53615,13.36206,15.53615,1.445
sab-TiMg-1-10,233,4.983039,10.15346,5.170421000000001,0.5170421000000001,"3,6",sab,TiMg,N10,1.10923,1448.38,0.136311,0.1512,570,0.057,5.3,4.909473684210527,5.0,5.5,5.57297,3.38342,5.17122,1.445
sab-TiMg-10-333,233,3.434138,22.02579,18.591652,1.8591652,"3,6",sab,TiMg,N333,0.517588,4431.24,1.22916,0.6362,3966,0.3966,11.8,10.200428643469492,9.9,12.1,12.17418,7.73017,12.17418,1.445
sab-TiMg-11-516,233,3.319569,21.01767,17.698100999999998,1.7698100999999997,"3,6",sab,TiMg,N516,0.544632,4307.42,1.14628,0.6243,3848,0.3848,11.0,9.533549896049896,9.3,11.3,11.40071,7.07072,9.28344,1.445
sab-TiMg-12-639,233,3.7246,21.48626,17.761660000000003,1.7761660000000004,"3,6",sab,TiMg,N639,0.623328,4103.8,0.941399,0.5868,3208,0.3208,10.8,8.685754364089776,9.1,10.6,10.83042,8.6317,10.74414,1.445
sab-TiMg-13-126,233,3.681369,39.21216,35.530790999999994,3.5530790999999993,"3,6",sab,TiMg,N126,0.269783,6160.76,3.05912,0.8253,6531,0.6531,14.9,15.220379727453684,14.9,17.6,17.85941,14.21589,16.55613,1.445
sab-TiMg-2-19,233,4.216224,13.28025,9.064026,0.9064026000000001,"3,6",sab,TiMg,N19,1.00325,2207.97,0.345177,0.3463,1644,0.1644,8.9,7.809063260340633,8.3,8.9,8.97412,7.50541,8.97411,1.445
sab-TiMg-3-20,233,3.899969,18.14859,14.248620999999998,1.4248621,"3,6",sab,TiMg,N20,0.728269,3351.23,0.587832,0.4281,2609,0.2609,9.4,8.12265235722499,9.0,9.4,9.47946,7.46207,9.45964,1.445
sab-TiMg-4-410,233,3.442362,22.54765,19.105288,1.9105288000000002,"3,6",sab,TiMg,N410,0.51345,4637.08,1.24822,0.6409,4048,0.4048,9.4,9.888636363636364,9.7,11.7,11.79677,8.13313,11.75544,1.445
sab-TiMg-5-386,233,4.277605,47.60465,43.327045,4.3327045,"3,6",sab,TiMg,N386,0.215976,6765.71,3.96525,0.8564,7019,0.7019,23.6,19.08821769482832,20.5,23.6,23.62757,20.3749,23.57278,1.445
sab-TiMg-6-225,233,3.992185,7.727641,3.735456,0.37354560000000003,"3,6",sab,TiMg,N225,1.1798,611.165,0.0715378,0.0844,342,0.0342,5.7,5.454093567251462,5.7,5.9,5.91455,3.92031,5.91453,1.445
sab-TiMg-7-592,233,2.478286,17.07036,14.592074,1.4592074,"3,6",sab,TiMg,N592,0.571997,4128.87,0.946508,0.5414,3059,0.3059,10.5,9.018764302059497,8.6,10.7,10.7175,6.92552,10.7175,1.445
sab-TiMg-9-130,233,2.39232,7.987042,5.594722,0.5594722,"3,6",sab,TiMg,N130,1.17702,1014.79,0.118944,0.14,611,0.0611,6.3,5.895744680851064,6.3,6.3,6.37083,4.91883,6.37051,1.445
sab-TiMg-TATB,233,3.638116,29.84193,26.203814,2.6203814000000003,"3,6",sab,TiMg,TATB,0.380194,5329.42,2.02002,0.768,5431,0.5431,16.0,13.370079175105872,12.0,16.0,16.05888,13.34307,16.05806,1.445
sab-TiNi-1-10,233,3.17436,7.705571,4.531211,0.4531211,"3,6",sab,TiNi,N10,1.36688,1213.41,0.122688,0.1677,629,0.0629,5.7,5.2365659777424485,5.5,5.8,5.87158,4.10673,5.87158,1.445
sab-TiNi-10-333,233,2.552172,17.39104,14.838868,1.4838868,"3,6",sab,TiNi,N333,0.616763,3562.33,1.00654,0.6208,3757,0.3757,12.9,10.859063082246474,11.2,12.9,12.93751,8.89491,12.90564,1.445
sab-TiNi-11-516,233,2.540926,17.04983,14.508904000000001,1.4508904,"3,6",sab,TiNi,N516,0.62835,3641.4,0.979709,0.6156,3782,0.3782,11.9,9.97043892120571,9.5,11.9,11.90452,6.98931,9.50469,1.445
sab-TiNi-12-639,233,2.78137,17.18379,14.40242,1.440242,"3,6",sab,TiNi,N639,0.724499,3431.63,0.796965,0.5774,3123,0.3123,11.2,9.134229907140568,10.4,11.2,11.29991,9.16515,11.29991,1.445
sab-TiNi-13-126,233,3.144499,34.41728,31.272781,3.1272781,"3,6",sab,TiNi,N126,0.298121,5509.77,2.7509,0.8201,6462,0.6462,19.0,16.833101207056636,16.8,19.0,19.05607,15.6323,19.05607,1.445
sab-TiNi-2-19,233,2.090276,7.982038,5.891762,0.5891762,"3,6",sab,TiNi,N19,1.31723,1529.88,0.221905,0.2923,1255,0.1255,8.1,7.1904382470119526,7.6,8.1,8.19303,6.74583,8.19301,1.445
sab-TiNi-3-20,233,2.758617,13.89899,11.140373,1.1140373000000001,"3,6",sab,TiNi,N20,0.874642,2751.27,0.560686,0.4904,2558,0.2558,9.7,8.171774824081314,9.6,9.7,9.74737,8.2084,9.74737,1.445
sab-TiNi-4-410,233,2.512937,17.97459,15.461652999999998,1.5461652999999997,"3,6",sab,TiNi,N410,0.603679,3829.57,1.03847,0.6269,3886,0.3886,9.2,10.231343283582088,10.0,12.0,12.30596,8.16797,12.30596,1.445
sab-TiNi-5-386,233,3.28429,41.38281,38.09852,3.8098520000000002,"3,6",sab,TiNi,N386,0.243951,6187.63,3.47898,0.8487,6925,0.6925,21.2,18.576953068592054,17.6,21.8,21.83145,18.41343,21.79078,1.445
sab-TiNi-6-225,233,1.994632,5.016436,3.0218039999999995,0.30218039999999996,"3,6",sab,TiNi,N225,1.52992,343.009,0.040525,0.062,211,0.0211,4.9,4.616587677725119,4.8,4.9,4.99768,4.17654,4.99764,1.445
sab-TiNi-7-592,233,1.874109,14.53479,12.660680999999999,1.2660680999999998,"3,6",sab,TiNi,N592,0.624623,3548.91,0.853315,0.533,3080,0.308,8.7,10.323214285714286,10.4,12.0,12.10103,7.77494,10.52186,1.445
sab-TiNi-9-130,233,1.775149,5.768551,3.9934020000000006,0.39934020000000003,"3,6",sab,TiNi,N130,1.43564,781.522,0.0842827,0.121,476,0.0476,5.9,5.468067226890756,5.9,5.9,5.94813,4.61295,5.94434,1.445
sab-TiNi-TATB,233,2.794095,24.99822,22.204125,2.2204125,"3,6",sab,TiNi,TATB,0.438862,4652.38,1.71922,0.7545,5240,0.524,11.0,13.22333969465649,12.3,15.9,15.90779,13.29064,15.88301,1.445
sit-TiCo-1-10,233,3.342813,10.73073,7.387917,0.7387916999999999,"3,6",sit,TiCo,N10,1.18385,1879.16,0.340584,0.4032,1417,0.1417,6.2,5.91729004940014,6.2,6.2,6.22383,4.99344,6.18718,1.445
sit-TiCo-10-333,233,2.665244,19.52515,16.859906,1.6859905999999998,"3,6",sit,TiCo,N333,0.567545,4158.35,1.16255,0.6598,4048,0.4048,11.5,10.60679347826087,11.5,11.7,11.71205,8.62522,11.71205,1.445
sit-TiCo-11-516,233,2.518942,18.80995,16.291008,1.6291008000000002,"3,6",sit,TiCo,N516,0.59169,4079.49,1.0421,0.6166,3887,0.3887,11.1,10.10398765114484,11.1,11.2,11.24012,7.77213,11.05538,1.445
sit-TiCo-12-639,233,2.775083,18.19129,15.416206999999998,1.5416206999999997,"3,6",sit,TiCo,N639,0.679036,3629.17,0.890379,0.6046,3398,0.3398,9.7,9.198351971748089,9.7,9.8,9.80592,8.19188,9.76203,1.445
sit-TiCo-13-126,233,3.167942,36.4734,33.305458,3.3305458000000003,"3,6",sit,TiCo,N126,0.277101,5596.62,3.06423,0.8491,6751,0.6751,19.1,17.860391053177306,17.9,19.1,19.11926,16.50628,19.11926,1.445
sit-TiCo-2-19,233,3.073088,10.50686,7.433771999999999,0.7433772,"3,6",sit,TiCo,N19,1.22669,1924.22,0.365619,0.4485,1639,0.1639,6.4,6.116229408175717,6.4,6.5,6.5331,5.25496,6.53308,1.445
sit-TiCo-3-20,233,2.765004,15.8762,13.111196000000001,1.3111196,"3,6",sit,TiCo,N20,0.788956,3021.7,0.730205,0.5761,3090,0.309,8.7,8.386310679611649,8.7,8.7,8.77307,7.72745,8.70378,1.445
sit-TiCo-4-410,233,2.639623,19.44944,16.809817,1.6809816999999998,"3,6",sit,TiCo,N410,0.576303,4085.76,1.14714,0.6611,4046,0.4046,11.6,10.732081067721206,11.6,11.6,11.65761,9.10221,11.62446,1.445
sit-TiCo-5-386,233,3.489863,42.86491,39.375047,3.9375047000000003,"3,6",sit,TiCo,N386,0.233473,6188.07,3.72121,0.8688,7100,0.71,20.5,19.512591549295774,19.8,20.5,20.51763,16.54881,20.51761,1.445
sit-TiCo-6-225,233,0.1192905,1.385521,1.2662305,0.12662305000000001,"3,6",sit,TiCo,N225,1.69055,0.0,0.0,0.0,0,0.0,,,,,3.61665,1.61853,3.46422,1.445
sit-TiCo-7-592,233,2.01181,15.38441,13.3726,1.3372600000000001,"3,6",sit,TiCo,N592,0.611781,3768.91,0.893621,0.5467,3098,0.3098,8.8,8.861168495803744,8.9,9.5,9.56763,6.90732,8.93421,1.445
sit-TiCo-9-130,233,2.947195,7.215221,4.268026,0.4268026,"3,6",sit,TiCo,N130,1.33859,1168.6,0.186465,0.2496,711,0.0711,5.7,5.30450070323488,5.7,5.7,5.74959,3.87094,5.74943,1.445
sit-TiCo-TATB,233,2.814227,26.6188,23.804573,2.3804573,"3,6",sit,TiCo,TATB,0.408716,4759.05,1.85606,0.7586,5572,0.5572,14.1,13.552763819095478,14.1,14.1,14.17876,12.02535,14.06781,1.445
sit-TiMg-1-10,233,4.423711,14.73035,10.306639,1.0306639,"3,6",sit,TiMg,N10,0.931336,2688.83,0.466534,0.4345,1600,0.16,6.3,5.934437500000001,5.9,6.3,6.32754,4.90782,6.31117,1.445
sit-TiMg-10-333,233,3.485959,23.3802,19.894240999999997,1.9894240999999997,"3,6",sit,TiMg,N333,0.503705,4800.58,1.30553,0.6576,4068,0.4068,10.4,9.428048180924288,9.9,10.4,10.48253,7.93405,10.35727,1.445
sit-TiMg-11-516,233,3.395212,22.4604,19.065188,1.9065188,"3,6",sit,TiMg,N516,0.522792,4695.47,1.2351,0.6457,3963,0.3963,10.5,9.470047943477164,10.0,10.5,10.568,7.45602,10.56737,1.445
sit-TiMg-12-639,233,3.709,22.17118,18.46218,1.846218,"3,6",sit,TiMg,N639,0.608441,4362.68,1.0024,0.6099,3353,0.3353,8.4,7.755263942737847,7.8,8.4,8.46108,6.85394,8.46108,1.445
sit-TiMg-13-126,233,3.884135,40.72403,36.839895,3.6839895,"3,6",sit,TiMg,N126,0.254059,6177.86,3.34096,0.8488,6742,0.6742,17.2,16.040121625630377,16.5,17.2,17.21905,14.56337,17.21905,1.445
sit-TiMg-2-19,233,4.19235,13.18742,8.995069999999998,0.8995069999999998,"3,6",sit,TiMg,N19,1.01571,2485.9,0.372842,0.3787,1364,0.1364,5.7,5.834970674486804,6.2,6.3,6.32903,4.49462,6.32551,1.445
sit-TiMg-3-20,233,3.92524,19.35484,15.429599999999999,1.5429599999999999,"3,6",sit,TiMg,N20,0.711476,3596.61,0.765872,0.5449,2804,0.2804,7.4,7.02339514978602,7.3,7.5,7.56235,6.03294,7.56234,1.445
sit-TiMg-4-410,233,3.42577,23.48626,20.06049,2.006049,"3,6",sit,TiMg,N410,0.498089,4749.86,1.34133,0.6681,4230,0.423,11.1,9.859810874704491,10.5,11.1,11.12394,8.90536,11.12394,1.445
sit-TiMg-5-386,233,4.377964,49.71845,45.340486,4.5340486,"3,6",sit,TiMg,N386,0.205974,6765.41,4.23646,0.8726,7227,0.7227,21.1,20.578386605783862,21.1,21.2,21.21349,17.33348,21.11846,1.445
sit-TiMg-6-225,233,3.29289,5.985046,2.6921559999999998,0.2692156,"3,6",sit,TiMg,N225,1.17969,0.0,0.0,0.0,0,0.0,,,,,4.74607,2.17114,4.74422,1.445
sit-TiMg-7-592,233,2.494344,17.60357,15.109226000000001,1.5109226000000002,"3,6",sit,TiMg,N592,0.568969,4206.67,0.972285,0.5532,3199,0.3199,8.9,8.28333854329478,8.7,9.1,9.18036,6.88116,8.98653,1.445
sit-TiMg-9-130,233,4.160409,11.71178,7.551371,0.7551371,"3,6",sit,TiMg,N130,1.0862,1554.05,0.280152,0.3043,1023,0.1023,6.3,5.844868035190616,6.3,6.3,6.36127,4.3782,6.29053,1.445
sit-TiMg-TATB,233,3.570717,30.8649,27.294182999999997,2.7294183,"3,6",sit,TiMg,TATB,0.370322,5420.68,2.08386,0.7717,5489,0.5489,13.0,12.1279468026963,12.9,13.0,13.03376,10.63548,12.9711,1.445
sit-TiNi-1-10,233,3.096798,9.624558,6.527760000000001,0.652776,"3,6",sit,TiNi,N10,1.21565,1837.09,0.309629,0.3764,1247,0.1247,5.9,5.611788291900561,5.9,5.9,5.96492,4.62584,5.64587,1.445
sit-TiNi-10-333,233,2.634298,19.19196,16.557662,1.6557662,"3,6",sit,TiNi,N333,0.581384,4090.71,1.07795,0.6267,3957,0.3957,10.5,9.593682082385644,10.5,10.5,10.58147,8.08044,10.51111,1.445
sit-TiNi-11-516,233,2.59614,18.22426,15.628120000000001,1.562812,"3,6",sit,TiNi,N516,0.609748,3994.22,1.03994,0.6341,3762,0.3762,10.5,9.349149388623072,10.2,10.5,10.50443,7.40962,10.25604,1.445
sit-TiNi-12-639,233,2.833284,17.69804,14.864756,1.4864756,"3,6",sit,TiNi,N639,0.705643,3523.54,0.845328,0.5965,3245,0.3245,9.0,8.350107858243453,8.5,9.0,9.01902,7.39381,8.84388,1.445
sit-TiNi-13-126,233,3.139113,35.30651,32.167397,3.2167397,"3,6",sit,TiNi,N126,0.286333,5622.5,2.95809,0.847,6659,0.6659,17.4,15.969244631326026,16.4,17.4,17.47982,14.6314,17.47982,1.445
sit-TiNi-2-19,233,2.866176,9.608417,6.742241,0.6742241,"3,6",sit,TiNi,N19,1.23427,1953.78,0.34012,0.4198,1604,0.1604,6.2,5.899750623441397,6.2,6.3,6.34922,4.97518,6.16739,1.445
sit-TiNi-3-20,233,2.652425,14.95669,12.304265000000001,1.2304265,"3,6",sit,TiNi,N20,0.845523,2927.95,0.636647,0.5383,2697,0.2697,7.4,7.173044123099739,7.3,7.4,7.49212,6.34258,7.49211,1.445
sit-TiNi-4-410,233,2.618077,18.16576,15.547683,1.5547682999999999,"3,6",sit,TiNi,N410,0.606456,3928.94,1.0441,0.6332,3821,0.3821,10.4,9.500026171159382,10.0,10.4,10.40981,9.02056,10.40979,1.445
sit-TiNi-5-386,233,3.47034,42.98806,39.51772,3.9517719999999996,"3,6",sit,TiNi,N386,0.233896,6193.03,3.7243,0.8711,7106,0.7106,20.5,19.788967070081625,20.3,20.5,20.53749,16.46344,20.28088,1.445
sit-TiNi-6-225,233,1.583909,3.212649,1.6287399999999999,0.162874,"3,6",sit,TiNi,N225,1.58981,0.0,0.0,0.0,0,0.0,,,,,3.41505,1.66443,3.10283,1.445
sit-TiNi-7-592,233,2.006787,15.01859,13.011803,1.3011803,"3,6",sit,TiNi,N592,0.626115,3783.9,0.866774,0.5427,3066,0.3066,8.9,8.267025440313112,8.5,9.2,9.29062,6.73968,9.29062,1.445
sit-TiNi-9-130,233,2.966615,7.221529,4.254914,0.4254914,"3,6",sit,TiNi,N130,1.35523,1155.76,0.194727,0.2639,754,0.0754,5.8,5.408488063660477,5.8,5.8,5.84018,3.95739,5.8171,1.445
sit-TiNi-TATB,233,2.789861,26.17931,23.389449,2.3389449,"3,6",sit,TiNi,TATB,0.416062,4758.33,1.80742,0.752,5489,0.5489,13.1,12.563654581891054,13.1,13.2,13.2161,11.40352,13.21608,1.445
stp-TiCo-1-445-D4h,233,2.249623,12.05916,9.809537,0.9809537,"4,6",stp,TiCo,N445,0.953741,1497.58,0.571644,0.5452,3743,0.3743,14.3,14.2764360138926,14.3,14.3,14.3583,13.92722,14.3583,1.445
stp-TiCo-11-662-D4h-T,233,3.551954,45.7674,42.215446,4.2215446,"4,6",stp,TiCo,N662,0.215625,5718.19,4.02875,0.8687,7390,0.739,29.7,27.601299052774017,29.7,29.7,29.7732,26.07526,29.71886,1.445
stp-TiCo-2-13-D4h,233,2.537557,14.73775,12.200193,1.2200193000000001,"4,6",stp,TiCo,N13,0.785293,1809.9,0.757297,0.5947,4210,0.421,15.8,15.779596199524942,15.8,15.8,15.81347,15.12752,15.81343,1.445
stp-TiMg-1-445-D4h,233,3.060121,16.08343,13.023309,1.3023308999999998,"4,6",stp,TiMg,N445,0.82274,1817.24,0.684663,0.5633,3922,0.3922,14.0,13.851453340132586,14.0,14.0,14.02559,12.87584,14.02558,1.445
stp-TiMg-11-662-D4h-T,233,4.285857,51.60897,47.323113,4.7323113,"4,6",stp,TiMg,N662,0.193001,6132.38,4.52485,0.8733,7496,0.7496,30.8,28.34159551760939,30.8,30.8,30.8115,26.96969,30.8115,1.445
stp-TiMg-2-13-D4h,233,3.338271,18.42829,15.090019,1.5090019,"4,6",stp,TiMg,N13,0.675388,2124.13,0.854324,0.577,4127,0.4127,16.3,16.229609886115824,16.3,16.3,16.33338,15.1194,16.32323,1.445
stp-TiNi-1-445-D4h,233,0.06947565,0.6693619,0.59988625,0.059988625,"4,6",stp,TiNi,N445,2.09944,0.0,0.0,0.0,0,0.0,,,,,3.53491,1.25589,2.72294,1.445
stp-TiNi-11-662-D4h-T,233,3.515668,45.50509,41.989422000000005,4.1989422,"4,6",stp,TiNi,N662,0.217146,5751.93,3.99363,0.8672,7396,0.7396,29.1,26.693442401298,29.1,29.1,29.10213,25.38517,28.66078,1.445
stp-TiNi-2-13-D4h,233,2.481151,14.84314,12.361989,1.2361989,"4,6",stp,TiNi,N13,0.802802,1779.55,0.746511,0.5993,4217,0.4217,15.3,15.258643585487317,15.3,15.3,15.36254,14.84854,15.36252,1.445
ttp-TiCo-10-607-D2h-D2d,233,3.012337,28.87272,25.860383000000002,2.5860383000000002,"3,6",ttp,TiCo,N607,0.352613,4269.48,2.25999,0.7969,6212,0.6212,23.9,23.25618158403091,23.9,23.9,23.9521,22.07725,23.9521,1.445
ttp-TiCo-3-1-D2h,233,2.841238,15.758,12.916761999999999,1.2916762,"4,6",stp,TiCo,N1,0.747419,1890.23,0.846513,0.6327,4510,0.451,15.6,15.51711751662971,15.6,15.6,15.64301,15.1423,15.64299,1.445
ttp-TiCo-4-12-D2h,233,2.570534,19.37606,16.805526,1.6805526,"3,6",ttp,TiCo,N12,0.546308,3514.8,1.18212,0.6458,4534,0.4534,16.5,15.87838553153948,16.5,16.5,16.56382,14.97453,16.56381,1.445
ttp-TiCo-8-644-D2h-D2d,233,2.80596,20.63607,17.83011,1.7830110000000001,"4,6",stp,TiCo,N644,0.51148,2906.12,1.40905,0.7207,5545,0.5543,17.5,17.273669972948603,17.5,17.5,17.59156,16.75544,17.59155,1.445
ttp-TiCo-9-201-D2h-D2d,233,3.073423,30.5029,27.429477,2.7429476999999998,"4,6",stp,TiCo,N201,0.334866,3671.45,2.41888,0.81,6666,0.6666,26.8,26.604560456045604,26.8,26.8,26.88359,25.24071,26.88359,1.445
ttp-TiMg-10-607-D2h-D2d,233,3.92971,34.5369,30.607190000000003,3.060719,"3,6",ttp,TiMg,N607,0.308583,4939.9,2.6437,0.8158,6417,0.6417,24.5,23.520445691132924,24.5,24.5,24.54748,22.66123,24.54748,1.445
ttp-TiMg-3-1-D2h,233,3.925475,20.1017,16.176225000000002,1.6176225000000002,"4,6",stp,TiMg,N1,0.635075,2200.95,0.980356,0.6226,4555,0.4555,16.8,16.793347969264545,16.8,16.8,16.89193,16.65213,16.88383,1.445
ttp-TiMg-4-12-D2h,233,3.435375,24.3484,20.913025,2.0913025000000003,"3,6",ttp,TiMg,N12,0.465909,4225.33,1.42925,0.6659,4692,0.4692,16.5,15.43493179880648,16.5,16.5,16.57888,14.65508,16.50283,1.445
ttp-TiMg-8-644-D2h-D2d,233,4.052639,26.86797,22.815331,2.2815331,"4,6",stp,TiMg,N644,0.412,3406.72,1.78519,0.7355,5793,0.5793,21.8,21.758846884170552,21.8,21.8,21.8415,21.60331,21.83804,1.445
ttp-TiMg-9-201-D2h-D2d,233,3.690256,34.64492,30.954663999999998,3.0954664,"4,6",stp,TiMg,N201,0.305588,4297.25,2.64146,0.8072,6622,0.6622,25.1,24.34510721836304,25.1,25.1,25.14777,23.35751,25.14777,1.445
ttp-TiNi-10-607-D2h-D2d,233,2.983163,28.09049,25.107326999999998,2.5107326999999997,"3,6",ttp,TiNi,N607,0.358062,4283.72,2.2133,0.7925,6192,0.6192,23.4,22.579312015503877,23.4,23.4,23.48168,21.50207,23.4612,1.445
ttp-TiNi-3-1-D2h,233,2.925012,15.9918,13.066787999999999,1.3066787999999998,"4,6",stp,TiNi,N1,0.755273,1831.33,0.849759,0.6418,4619,0.4619,16.4,16.39919896081403,16.4,16.4,16.47824,16.20137,16.47823,1.445
ttp-TiNi-4-12-D2h,233,2.571557,19.08852,16.516963,1.6516963,"3,6",ttp,TiNi,N12,0.554895,3473.81,1.15517,0.641,4520,0.452,16.4,15.793606194690264,16.4,16.4,16.46716,14.46604,16.46159,1.445
ttp-TiNi-8-644-D2h-D2d,233,2.43256,21.13325,18.70069,1.8700690000000002,"4,6",stp,TiNi,N644,0.491372,2876.47,1.49846,0.7363,5753,0.5753,20.8,20.760837823744133,20.8,20.8,20.87146,20.29765,20.87144,1.445
ttp-TiNi-9-201-D2h-D2d,233,3.130783,30.24832,27.117537,2.7117537,"4,6",stp,TiNi,N201,0.33955,3598.98,2.38227,0.8089,6660,0.666,26.9,26.761996996996995,26.9,26.9,26.9356,25.15776,26.9356,1.445
ttx-TiCo-10-607-D2h-D2d,233,2.821612,25.5245,22.702888,2.2702888000000003,"3,6",ttx,TiCo,N607,0.41109,4421.5,1.79133,0.7364,5590,0.559,19.0,17.881610017889088,19.0,19.0,19.05468,18.31854,19.05468,1.445
ttx-TiCo-3-1-D2h,233,2.754149,13.86473,11.110581,1.1110581,"3,6",ttx,TiCo,N1,0.886007,1728.54,0.635774,0.5633,3680,0.368,13.4,13.393505434782613,13.4,13.4,13.41679,11.89863,13.41679,1.445
ttx-TiCo-4-12-D2h,233,2.72498,21.55558,18.8306,1.88306,"4,6",stp,TiCo,N12,0.487799,3790.01,1.37167,0.6691,5033,0.5033,19.8,18.94814226107689,19.8,19.8,19.81351,18.21161,19.81349,1.445
ttx-TiCo-5-665-D2h,233,2.904797,26.37486,23.470063000000003,2.3470063000000003,"4,6",stp,TiCo,N665,0.398077,4133.12,1.80694,0.7193,5758,0.5758,22.1,21.44230635637374,22.1,22.1,22.14149,21.70359,22.14148,1.445
ttx-TiCo-6-614-D2h,233,2.909313,30.92979,28.020477,2.8020477,"4,6",stp,TiCo,N614,0.339242,4734.97,2.28303,0.7745,6201,0.6201,23.5,22.40185453959039,23.5,23.5,23.50523,22.48052,23.50523,1.445
ttx-TiCo-7-7-D2h-D2d,233,2.828836,14.51121,11.682374,1.1682374,"3,6",ttx,TiCo,N7,0.789486,2319.24,0.747828,0.5904,3804,0.3804,13.2,13.131177707676128,13.2,13.2,13.28556,11.73804,13.28552,1.445
ttx-TiCo-8-644-D2h-D2d,233,2.712758,16.52915,13.816392,1.3816392,"3,6",ttx,TiCo,N644,0.669655,3065.53,0.974232,0.6524,4177,0.4177,13.6,13.314603782619104,13.6,13.6,13.62669,12.08277,13.60697,1.445
ttx-TiMg-10-607-D2h-D2d,233,3.469752,29.48805,26.018298,2.6018298,"3,6",ttx,TiMg,N607,0.37037,4832.83,2.00151,0.7413,5634,0.5634,18.4,17.190592829250974,18.4,18.4,18.44644,17.34487,18.44644,1.445
ttx-TiMg-3-1-D2h,233,3.710665,17.96961,14.258944999999999,1.4258944999999998,"3,6",ttx,TiMg,N1,0.749671,2101.88,0.740324,0.555,3582,0.3582,12.5,12.397934115019542,12.5,12.5,12.55513,11.96861,12.52709,1.445
ttx-TiMg-4-12-D2h,233,3.645131,26.66537,23.020239,2.3020239,"4,6",stp,TiMg,N12,0.416793,4353.2,1.65142,0.6883,5282,0.5282,20.9,19.977811435062478,20.9,20.9,20.91664,19.20896,20.91635,1.445
ttx-TiMg-5-665-D2h,233,3.716745,30.67746,26.960715,2.6960715,"4,6",stp,TiMg,N665,0.351723,4756.13,2.2131,0.7784,5869,0.5869,21.5,20.33883114670302,21.5,21.5,21.51228,19.90337,21.51227,1.445
ttx-TiMg-6-614-D2h,233,3.713434,35.78517,32.071736,3.2071736,"4,6",stp,TiMg,N614,0.301183,5214.24,2.72923,0.822,6424,0.6424,24.0,22.86411892901619,24.0,24.0,24.04196,23.40595,23.96355,1.445
ttx-TiMg-7-7-D2h-D2d,233,4.194263,19.88514,15.690877,1.5690877,"3,6",ttx,TiMg,N7,0.677766,2887.11,0.878327,0.5953,3699,0.3699,12.1,11.716409840497432,12.1,12.1,12.11857,11.0884,12.11345,1.445
ttx-TiMg-8-644-D2h-D2d,233,3.820726,21.22601,17.405283999999998,1.7405283999999999,"3,6",ttx,TiMg,N644,0.562354,3606.35,1.19462,0.6718,4367,0.4367,14.1,13.75223265399588,14.1,14.1,14.16319,12.98487,14.16305,1.445
ttx-TiNi-10-607-D2h-D2d,233,2.76399,24.90032,22.13633,2.213633,"3,6",ttx,TiNi,N607,0.424293,4363.57,1.74125,0.7388,5507,0.5507,18.0,16.912238968585438,18.0,18.0,18.04293,17.3592,18.04292,1.445
ttx-TiNi-3-1-D2h,233,2.689877,13.94354,11.253663,1.1253663,"3,6",ttx,TiNi,N1,0.901744,1691.16,0.632552,0.5704,3711,0.3711,13.2,13.196308272702776,13.2,13.2,13.25456,11.59129,13.25455,1.445
ttx-TiNi-4-12-D2h,233,2.763564,21.23417,18.470606,1.8470606,"4,6",stp,TiNi,N12,0.497697,3729.06,1.34218,0.668,4985,0.4985,18.9,18.200561685055163,18.9,18.9,18.92768,17.90558,18.92768,1.445
ttx-TiNi-5-665-D2h,233,2.929462,26.16263,23.233168,2.3233167999999997,"4,6",stp,TiNi,N665,0.404664,4075.72,1.88156,0.7614,5841,0.5841,22.0,21.40239684985448,22.0,22.0,22.02095,21.03315,22.02091,1.445
ttx-TiNi-6-614-D2h,233,3.05608,30.54002,27.483939999999997,2.748394,"4,6",stp,TiNi,N614,0.344995,4667.12,2.30902,0.7966,6271,0.6271,22.7,21.65279859671504,22.7,22.7,22.78407,21.54934,22.78379,1.445
ttx-TiNi-7-7-D2h-D2d,233,2.772656,14.13772,11.365064,1.1365064,"3,6",ttx,TiNi,N7,0.814635,2180.96,0.714431,0.582,3739,0.3739,12.6,12.546055094945173,12.6,12.6,12.63549,11.38817,12.61639,1.445
ttx-TiNi-8-644-D2h-D2d,233,2.269836,16.09074,13.820904,1.3820904,"3,6",ttx,TiNi,N644,0.689989,2952.87,0.941754,0.6498,4157,0.4157,13.2,12.88802020687996,13.2,13.2,13.22197,11.39131,13.21857,1.445
txs-TiCo-10-607-D2h-D2d,233,2.537953,21.56314,19.025187000000003,1.9025187000000003,"4,6",txs,TiCo,N607,0.501318,4388.85,1.35044,0.677,4518,0.4518,13.0,10.962571934484284,11.3,13.0,13.06178,8.64248,13.06178,1.445
txs-TiCo-11-662-D4h-T,233,3.167886,37.98199,34.814104,3.4814104,"4,6",txs,TiCo,N662,0.264877,5740.57,3.19809,0.8471,6800,0.68,22.6,19.95741176470588,22.1,22.9,22.92359,13.63273,22.60423,1.445
txs-TiCo-12-693-Td,233,1.719025,4.294074,2.575049,0.2575049,"4,6",txs,TiCo,N693,1.61136,0.0,0.0,0.0,0,0.0,,,,,5.52724,2.60825,5.52723,1.445
txs-TiCo-13-600-Td,233,2.50328,14.13333,11.63005,1.163005,"4,6",txs,TiCo,N600,0.759579,2905.38,0.632456,0.4804,2822,0.2822,10.6,9.428065201984408,10.6,10.7,10.71111,6.0524,10.60682,1.445
txs-TiCo-7-7-D2h-D2d,233,2.921257,13.22899,10.307732999999999,1.0307733,"4,6",txs,TiCo,N7,0.921061,2384.89,0.579223,0.5335,2787,0.2787,10.8,10.187656978830285,10.8,10.9,10.9368,5.93395,10.72817,1.445
txs-TiMg-10-607-D2h-D2d,233,3.260027,25.78244,22.522413,2.2522413,"4,6",txs,TiMg,N607,0.437943,4860.72,1.57669,0.6905,4743,0.4743,13.7,11.556715159181952,11.8,13.7,13.70746,8.87654,13.70746,1.445
txs-TiMg-11-662-D4h-T,233,3.76742,43.27229,39.50487,3.950487,"4,6",txs,TiMg,N662,0.234947,6215.49,3.62933,0.8527,6946,0.6946,22.9,20.18059314713504,21.7,22.9,22.91058,14.47868,21.17357,1.445
txs-TiMg-12-693-Td,233,3.961459,7.480178,3.5187190000000004,0.3518719,"4,6",txs,TiMg,N693,1.29561,808.702,0.121101,0.1569,516,0.0516,6.0,5.857364341085272,6.0,6.0,6.0761,2.91814,6.04293,1.445
txs-TiMg-13-600-Td,233,3.350134,17.66073,14.310596,1.4310596,"4,6",txs,TiMg,N600,0.657083,3372.9,0.763526,0.5017,3069,0.3069,11.3,9.652166829586184,10.5,11.3,11.38608,6.35406,11.16907,1.445
txs-TiMg-7-7-D2h-D2d,233,4.22894,18.16655,13.937610000000001,1.393761,"4,6",txs,TiMg,N7,0.771751,2841.46,0.694266,0.5358,2937,0.2937,10.7,9.97878787878788,10.7,10.7,10.74604,6.27048,10.74603,1.445
txs-TiNi-10-607-D2h-D2d,233,2.563716,21.76231,19.198594,1.9198594,"4,6",txs,TiNi,N607,0.496729,4322.77,1.37882,0.6849,4649,0.4649,13.5,11.458012475801247,12.1,13.5,13.52187,8.55023,13.51514,1.445
txs-TiNi-11-662-D4h-T,233,3.130799,38.3955,35.264700999999995,3.5264700999999996,"4,6",txs,TiNi,N662,0.262108,5760.79,3.21356,0.8423,6803,0.6803,23.0,20.40248419814788,22.8,23.1,23.15557,13.88044,23.02499,1.445
txs-TiNi-12-693-Td,233,1.623348,4.583289,2.9599409999999997,0.2959941,"4,6",txs,TiNi,N693,1.58218,0.0,0.0,0.0,0,0.0,,,,,5.42325,2.87527,5.31402,1.445
txs-TiNi-13-600-Td,233,2.493148,13.64747,11.154322,1.1154322,"4,6",txs,TiNi,N600,0.80785,2781.39,0.555053,0.4484,2572,0.2572,9.7,8.639463452566096,9.4,9.8,9.81788,5.12195,9.81788,1.445
txs-TiNi-7-7-D2h-D2d,233,2.893789,13.09367,10.199881,1.0199881,"4,6",txs,TiNi,N7,0.93438,2316.67,0.56401,0.527,2818,0.2818,10.6,9.985166784953869,10.6,10.6,10.64138,5.89737,10.64137,1.445
ydq-TiCo-1-10,233,3.299665,12.20537,8.905705000000001,0.8905705000000002,"3,6",ydq,TiCo,N10,0.986036,1947.45,0.514788,0.5076,3025,0.3025,13.2,11.636694214876034,13.2,13.2,13.30802,9.66222,13.28912,1.445
ydq-TiCo-10-333,233,2.710367,21.86289,19.152523,1.9152523,"3,6",ydq,TiCo,N333,0.457473,3504.42,1.46019,0.668,5399,0.5399,22.3,19.53332098536766,21.7,22.4,22.4432,17.14855,22.42413,1.445
ydq-TiCo-11-516,233,2.59866,21.00875,18.41009,1.8410090000000001,"3,6",ydq,TiCo,N516,0.474775,3329.02,1.39982,0.6646,5369,0.5369,22.2,19.341329856584093,21.6,22.2,22.35167,17.34095,22.35167,1.445
ydq-TiCo-12-639,233,2.930335,21.14334,18.213005,1.8213005,"3,6",ydq,TiCo,N639,0.544202,3193.82,1.20617,0.6564,5043,0.5043,20.7,17.824905810033712,20.4,20.7,20.89292,14.58616,20.72827,1.445
ydq-TiCo-2-19,233,3.041882,11.46624,8.424358000000002,0.8424358000000002,"3,6",ydq,TiCo,N19,1.03988,1910.67,0.493901,0.5136,3026,0.3026,12.8,11.345076007931263,12.8,12.8,12.88606,9.35414,12.87491,1.445
ydq-TiCo-3-20,233,2.948613,18.29027,15.341657,1.5341657,"3,6",ydq,TiCo,N20,0.647083,2763.28,0.977,0.6322,4575,0.4575,18.6,16.334775956284155,18.6,18.6,18.65818,14.06525,18.65628,1.445
ydq-TiCo-4-410,233,2.845599,22.30366,19.458061,1.9458061,"3,6",ydq,TiCo,N410,0.456596,3768.02,1.47548,0.6737,5398,0.5398,21.2,18.353593923675437,20.0,21.2,21.34159,16.3895,21.34159,1.445
ydq-TiCo-6-225,233,2.874986,8.848973,5.973987000000001,0.5973987000000001,"3,6",ydq,TiCo,N225,1.15363,947.284,0.239246,0.276,1562,0.1562,11.4,10.664084507042253,11.4,11.6,11.62918,7.23497,11.5892,1.445
ydq-TiCo-9-130,233,2.859494,8.795193,5.935699,0.5935699,"3,6",ydq,TiCo,N130,1.12948,1315.42,0.343611,0.3881,2359,0.2359,10.8,10.072742687579485,10.3,10.9,10.91578,8.7188,10.90627,1.445
ydq-TiMg-1-10,233,4.67107,17.70614,13.035070000000001,1.3035070000000002,"3,6",ydq,TiMg,N10,0.788299,2460.65,0.665991,0.525,3207,0.3207,13.5,11.677517929529156,13.4,13.5,13.53719,9.63205,13.53719,1.445
ydq-TiMg-10-333,233,3.638559,25.79243,22.153871,2.2153871,"3,6",ydq,TiMg,N333,0.419295,3966.24,1.58766,0.6657,5354,0.5354,21.5,18.484049308927904,20.2,21.7,21.95549,16.41706,21.95549,1.445
ydq-TiMg-11-516,233,3.517352,24.45559,20.938238000000002,2.0938238,"3,6",ydq,TiMg,N516,0.439664,3756.22,1.48272,0.6519,5265,0.5265,21.2,18.109458689458688,20.0,21.2,21.43087,15.8282,21.12522,1.445
ydq-TiMg-12-639,233,3.772563,25.43629,21.663727,2.1663727,"3,6",ydq,TiMg,N639,0.47648,3736.7,1.36165,0.6488,5041,0.5041,20.3,17.31354889902797,20.1,20.5,20.77857,14.4792,20.36645,1.445
ydq-TiMg-2-19,233,4.175203,16.28105,12.105847,1.2105847,"3,6",ydq,TiMg,N19,0.820228,2435.86,0.653843,0.5363,3244,0.3244,13.2,11.5557336621455,13.1,13.2,13.27091,9.34153,13.23105,1.445
ydq-TiMg-3-20,233,3.923904,22.6009,18.676996,1.8676996,"3,6",ydq,TiMg,N20,0.555828,3317.29,1.13021,0.6282,4537,0.4537,18.1,15.677738593784438,18.1,18.1,18.13843,13.68978,18.1131,1.445
ydq-TiMg-4-410,233,3.669033,26.65788,22.988847,2.2988847,"3,6",ydq,TiMg,N410,0.409787,4264.44,1.64354,0.6735,5354,0.5354,20.6,17.976802390735898,19.2,20.7,20.7959,16.08742,20.7959,1.445
ydq-TiMg-6-225,233,2.599881,13.02931,10.429429,1.0429429000000001,"3,6",ydq,TiMg,N225,0.947059,1602.03,0.365869,0.3465,1928,0.1928,11.9,10.493724066390042,11.8,12.1,12.36943,7.62615,12.36943,1.445
ydq-TiMg-9-130,233,4.105146,13.5877,9.482554,0.9482554000000001,"3,6",ydq,TiMg,N130,0.912345,1713.48,0.457064,0.417,2613,0.2613,11.6,10.687562189054727,10.9,11.6,11.6691,9.51028,11.6579,1.445
ydq-TiNi-1-10,233,3.259038,12.2259,8.966861999999999,0.8966861999999999,"3,6",ydq,TiNi,N10,1.01125,1867.34,0.504127,0.5098,3049,0.3049,12.9,11.4710068875041,12.9,12.9,12.99211,9.46299,12.99131,1.445
ydq-TiNi-10-333,233,2.833959,21.59922,18.765261,1.8765261,"3,6",ydq,TiNi,N333,0.469127,3397.89,1.43884,0.675,5414,0.5414,21.7,19.300849649057994,21.2,21.9,22.02846,16.82469,21.67767,1.445
ydq-TiNi-11-516,233,2.71255,20.84615,18.1336,1.81336,"3,6",ydq,TiNi,N516,0.48409,3249.84,1.37247,0.6644,5360,0.536,21.3,19.614962686567168,21.3,22.4,22.60809,17.412,22.27173,1.445
ydq-TiNi-12-639,233,2.959682,20.81311,17.853428,1.7853428,"3,6",ydq,TiNi,N639,0.551742,3085.8,1.19621,0.66,5099,0.5099,20.8,18.275720729554813,20.8,21.2,21.32626,14.93399,21.31429,1.445
ydq-TiNi-2-19,233,3.035638,11.14284,8.107202,0.8107201999999999,"3,6",ydq,TiNi,N19,1.06089,1834.22,0.490062,0.5199,3076,0.3076,12.6,11.23920676202861,12.5,12.6,12.6531,9.22797,12.65047,1.445
ydq-TiNi-3-20,233,3.074653,17.95906,14.884407000000001,1.4884407000000002,"3,6",ydq,TiNi,N20,0.658581,2686.06,0.966928,0.6368,4611,0.4611,18.5,16.340555194101064,18.4,18.5,18.54896,13.88383,18.54896,1.445
ydq-TiNi-4-410,233,2.851545,22.13903,19.287485,1.9287485,"3,6",ydq,TiNi,N410,0.464223,3624.08,1.44995,0.6731,5403,0.5403,21.2,18.595687580973536,20.1,21.3,21.3245,16.65107,21.3245,1.445
ydq-TiNi-6-225,233,0.7510898,7.908242,7.1571522000000005,0.7157152200000001,"3,6",ydq,TiNi,N225,1.16371,1169.14,0.283403,0.3298,1833,0.1833,11.9,10.902182214948173,11.9,12.1,12.21175,7.56936,12.21175,1.445
ydq-TiNi-9-130,233,2.674655,9.198762,6.524107000000001,0.6524107000000001,"3,6",ydq,TiNi,N130,1.13696,1291.2,0.351551,0.3997,2438,0.2438,11.0,10.320959803117308,10.5,11.0,11.11627,8.80065,11.11627,1.445
ceq-TiCo-1-10,253,2.519909,8.483215,5.963305999999999,0.5963305999999999,"3,6",ceq,TiCo,N10,1.21459,1806.77,0.294667,0.3579,1257,0.1257,5.8,5.718536197295147,5.8,6.0,6.07217,5.10152,5.90439,1.445
ceq-TiCo-10-333,253,2.049365,16.63081,14.581445,1.4581445,"3,6",ceq,TiCo,N333,0.578443,4032.75,1.06527,0.6162,4033,0.4033,11.5,10.359112323332509,11.5,11.9,11.90475,9.51036,11.85231,1.445
ceq-TiCo-11-516,253,1.960038,15.54107,13.581032,1.3581032,"3,6",ceq,TiCo,N516,0.613734,3864.6,0.964587,0.592,3797,0.3797,11.0,9.572004213853042,10.7,11.1,11.1373,8.62506,11.07183,1.445
ceq-TiCo-12-639,253,2.289484,15.4745,13.185016000000001,1.3185016,"3,6",ceq,TiCo,N639,0.728084,3494.73,0.779168,0.5673,3099,0.3099,8.2,7.877767021619878,7.9,8.5,8.54564,6.7773,8.43775,1.445
ceq-TiCo-13-126,253,2.621165,31.95632,29.335155,2.9335155,"3,6",ceq,TiCo,N126,0.282249,5631.87,3.01861,0.852,6689,0.6689,17.0,16.569143369711465,17.0,17.8,17.82836,15.14346,17.0768,1.445
ceq-TiCo-2-19,253,2.376449,8.384236,6.0077869999999995,0.6007787,"3,6",ceq,TiCo,N19,1.26274,1828.82,0.314476,0.3971,1431,0.1431,5.7,5.618099231306778,5.7,5.8,5.87712,5.09131,5.71078,1.445
ceq-TiCo-3-20,253,2.198918,12.18931,9.990392,0.9990392,"3,6",ceq,TiCo,N20,0.892794,2849.38,0.545702,0.4872,2243,0.2243,6.9,6.838074008024967,6.9,7.1,7.13199,5.83361,7.13198,1.445
ceq-TiCo-4-410,253,1.921585,17.01985,15.098265000000001,1.5098265000000002,"3,6",ceq,TiCo,N410,0.569958,4134.54,1.1171,0.6367,4082,0.4082,11.6,10.210828025477708,10.6,11.6,11.67421,8.69689,10.92577,1.445
ceq-TiCo-5-386,253,3.062642,39.24715,36.184508,3.6184508,"3,6",ceq,TiCo,N386,0.229929,6225.07,3.7977,0.8732,7117,0.7117,19.0,18.878445974427425,19.2,19.9,19.96274,18.54632,19.86965,1.445
ceq-TiCo-6-225,253,1.01406,4.093427,3.0793670000000004,0.30793670000000006,"3,6",ceq,TiCo,N225,1.40473,0.0,0.0,0.0,0,0.0,,,,,5.12443,2.67376,5.03088,1.445
ceq-TiCo-7-592,253,1.433314,12.32858,10.895266000000001,1.0895266000000001,"3,6",ceq,TiCo,N592,0.646386,3318.02,0.729131,0.4713,2952,0.2952,10.1,8.784552845528456,8.6,10.1,10.11715,6.58071,10.01828,1.445
ceq-TiCo-9-130,253,2.178316,5.833335,3.655019,0.3655019,"3,6",ceq,TiCo,N130,1.33936,1018.01,0.157314,0.2107,703,0.0703,5.8,5.334992887624467,5.5,5.8,5.86327,4.40667,5.86327,1.445
ceq-TiMg-1-10,253,3.605786,11.22672,7.620934,0.7620934,"3,6",ceq,TiMg,N10,0.999417,2183.97,0.358209,0.358,1238,0.1238,5.3,5.409046849757674,5.3,5.7,5.76054,4.86205,5.59945,1.445
ceq-TiMg-10-333,253,2.726312,20.29592,17.569608,1.7569607999999999,"3,6",ceq,TiMg,N333,0.50131,4609.14,1.25371,0.6285,4180,0.418,11.5,9.872129186602873,10.2,11.5,11.50666,9.24878,11.50662,1.445
ceq-TiMg-11-516,253,2.704809,19.13181,16.427001,1.6427001,"3,6",ceq,TiMg,N516,0.529068,4435.28,1.15996,0.6137,4023,0.4023,11.1,9.475416355953268,10.1,11.1,11.17092,8.48825,11.17092,1.445
ceq-TiMg-12-639,253,2.934932,17.60829,14.673358,1.4673358,"3,6",ceq,TiMg,N639,0.675461,3936.03,0.769104,0.5195,2717,0.2717,7.5,7.25218991534781,7.4,7.7,7.74596,6.00017,7.57434,1.445
ceq-TiMg-13-126,253,3.196807,35.81534,32.618533,3.2618533,"3,6",ceq,TiMg,N126,0.259373,6149.23,3.27213,0.8487,6700,0.67,15.6,15.80183582089552,15.8,16.8,16.87693,14.13515,16.15173,1.445
ceq-TiMg-2-19,253,3.428111,10.40792,6.979809000000001,0.6979809000000001,"3,6",ceq,TiMg,N19,1.05993,2112.33,0.355305,0.3766,1319,0.1319,5.4,5.367778620166793,5.4,5.5,5.53585,4.72529,5.47927,1.445
ceq-TiMg-3-20,253,2.974956,14.30501,11.330053999999999,1.1330053999999998,"3,6",ceq,TiMg,N20,0.800093,3125.83,0.531938,0.4256,2059,0.2059,6.7,6.687421078193298,6.8,7.3,7.36617,5.49468,7.35004,1.445
ceq-TiMg-4-410,253,2.748385,20.62707,17.878685,1.7878685,"3,6",ceq,TiMg,N410,0.498421,4696.9,1.2983,0.6471,4225,0.4225,12.2,10.21921893491124,10.0,12.2,12.26322,8.50743,10.40681,1.445
ceq-TiMg-5-386,253,3.824409,45.2786,41.454190999999994,4.1454191,"3,6",ceq,TiMg,N386,0.202052,6879.94,4.35384,0.8797,7229,0.7229,20.1,19.248651265735237,19.6,20.1,20.15893,18.90877,20.1296,1.445
ceq-TiMg-6-225,253,1.039838,5.510821,4.470983,0.44709830000000006,"3,6",ceq,TiMg,N225,1.16287,0.0,0.0,0.0,0,0.0,,,,,4.8881,2.55958,4.84413,1.445
ceq-TiMg-7-592,253,1.915718,13.06869,11.152972,1.1152972,"3,6",ceq,TiMg,N592,0.643583,3123.88,0.704494,0.4534,2754,0.2754,8.4,8.558678286129267,8.4,9.5,9.50685,7.31293,8.48236,1.445
ceq-TiMg-9-130,253,3.944064,8.441074,4.49701,0.449701,"3,6",ceq,TiMg,N130,1.08754,1389.18,0.228314,0.2483,914,0.0914,6.1,5.6263676148796495,5.5,6.1,6.19372,4.75481,6.19372,1.445
ceq-TiNi-1-10,253,1.971591,7.292602,5.3210109999999995,0.5321011,"3,6",ceq,TiNi,N10,1.25523,1648.79,0.262582,0.3296,1063,0.1063,5.4,5.327657572906866,5.4,5.6,5.63377,4.79273,5.44483,1.445
ceq-TiNi-10-333,253,2.110098,16.64887,14.538771999999998,1.4538771999999998,"3,6",ceq,TiNi,N333,0.578021,3948.95,1.0856,0.6275,4090,0.409,11.6,10.184938875305624,10.8,11.6,11.62502,9.82685,11.51194,1.445
ceq-TiNi-11-516,253,2.017017,15.88134,13.864322999999999,1.3864322999999998,"3,6",ceq,TiNi,N516,0.603256,3844.9,1.0072,0.6076,3918,0.3918,11.5,10.105308831036243,11.3,11.7,11.70534,9.14203,11.70534,1.445
ceq-TiNi-12-639,253,2.255958,14.83185,12.575892,1.2575892,"3,6",ceq,TiNi,N639,0.768359,3409.49,0.700974,0.5386,2800,0.28,7.8,7.382821428571429,7.5,7.8,7.89292,6.0888,7.89291,1.445
ceq-TiNi-13-126,253,2.589338,31.90442,29.315081999999997,2.9315081999999997,"3,6",ceq,TiNi,N126,0.28464,5593.12,2.98623,0.85,6652,0.6652,18.5,16.755532170775705,16.7,18.5,18.50525,15.08543,16.74324,1.445
ceq-TiNi-2-19,253,1.84083,7.270702,5.429872,0.5429872,"3,6",ceq,TiNi,N19,1.29692,1725.09,0.296317,0.3843,1295,0.1295,5.6,5.436370656370657,5.5,5.6,5.65403,4.88846,5.65401,1.445
ceq-TiNi-3-20,253,2.144813,11.19499,9.050177000000001,0.9050177000000001,"3,6",ceq,TiNi,N20,0.92957,2724.87,0.459245,0.4269,1997,0.1997,6.8,6.723234852278418,6.8,7.0,7.02113,5.65976,6.97516,1.445
ceq-TiNi-4-410,253,1.987872,16.55365,14.565778000000002,1.4565778000000003,"3,6",ceq,TiNi,N410,0.584759,3979.43,1.08216,0.6328,4046,0.4046,10.5,9.636109738012852,10.0,10.5,10.54301,8.61505,10.23889,1.445
ceq-TiNi-5-386,253,2.782913,39.1299,36.346987,3.6346987,"3,6",ceq,TiNi,N386,0.230448,6195.6,3.79609,0.8748,7114,0.7114,20.0,18.872968793927463,19.4,20.0,20.06167,18.62337,20.01355,1.445
ceq-TiNi-6-225,253,0.1724308,2.26276,2.0903292,0.20903292,"3,6",ceq,TiNi,N225,1.45155,0.0,0.0,0.0,0,0.0,,,,,4.88946,2.45688,4.47613,1.445
ceq-TiNi-7-592,253,1.47779,11.04655,9.56876,0.956876,"3,6",ceq,TiNi,N592,0.708424,2843.28,0.621097,0.44,2647,0.2647,8.6,8.395428787306383,8.6,8.7,8.85232,7.24919,8.77799,1.445
ceq-TiNi-9-130,253,1.636845,4.828935,3.1920900000000003,0.319209,"3,6",ceq,TiNi,N130,1.37823,1002.84,0.159044,0.2192,688,0.0688,5.7,5.196366279069768,5.5,5.7,5.79581,4.23042,5.79581,1.445
cml-TiCo-1-10,253,2.474878,8.914434,6.439556,0.6439556,"3,6",cml,TiCo,N10,1.16205,1942.61,0.315219,0.3663,1498,0.1498,6.2,6.0211615487316426,6.1,6.3,6.3685,5.2944,6.05631,1.445
cml-TiCo-10-333,253,2.001266,16.70611,14.704843999999998,1.4704843999999997,"3,6",cml,TiCo,N333,0.584696,4099.28,1.01266,0.5921,3906,0.3906,10.7,9.745340501792114,10.6,10.7,10.73541,8.93998,10.73307,1.445
cml-TiCo-11-516,253,2.014874,16.1063,14.091426000000002,1.4091426000000002,"3,6",cml,TiCo,N516,0.601103,4026.1,0.970051,0.5831,3821,0.3821,10.7,9.919759225333683,10.7,10.9,10.90541,9.04566,10.89506,1.445
cml-TiCo-12-639,253,2.289519,16.07587,13.786350999999998,1.3786351,"3,6",cml,TiCo,N639,0.676516,3565.9,0.853047,0.5771,3517,0.3517,10.2,9.5130508956497,9.8,10.2,10.25777,8.06113,10.25777,1.445
cml-TiCo-13-126,253,2.604342,32.83387,30.229528,3.0229527999999997,"3,6",cml,TiCo,N126,0.276747,5638.2,3.03418,0.8397,6688,0.6688,18.2,17.171471291866027,17.7,18.2,18.25286,16.12155,18.24016,1.445
cml-TiCo-2-19,253,2.563994,8.775689,6.211695,0.6211694999999999,"3,6",cml,TiCo,N19,1.20709,1946.24,0.330714,0.3992,1686,0.1686,6.0,5.906049822064057,6.0,6.1,6.11684,5.61048,6.09402,1.445
cml-TiCo-3-20,253,2.276757,13.37583,11.099073,1.1099073000000002,"3,6",cml,TiCo,N20,0.826141,3000.73,0.626769,0.5178,2763,0.2763,8.0,7.668584871516467,7.8,8.0,8.06832,6.93764,8.0683,1.445
cml-TiCo-4-410,253,2.001658,17.21699,15.215332,1.5215332,"3,6",cml,TiCo,N410,0.566539,4140.67,1.09348,0.6195,4096,0.4096,11.5,10.5462646484375,11.4,11.6,11.64015,9.07515,11.59593,1.445
cml-TiCo-5-386,253,2.94134,39.2444,36.30306,3.630306,"3,6",cml,TiCo,N386,0.229126,6236.61,3.77042,0.8639,7035,0.7035,20.4,19.92220326936745,20.4,20.7,20.78995,17.39186,20.62732,1.445
cml-TiCo-6-225,253,0.5790216,4.515713,3.9366914,0.39366914,"3,6",cml,TiCo,N225,1.37322,389.57,0.0411441,0.0565,171,0.0171,4.8,4.780701754385965,4.8,4.9,4.91775,2.93043,4.91773,1.445
cml-TiCo-7-592,253,1.573461,13.74925,12.175789,1.2175789,"3,6",cml,TiCo,N592,0.603861,3849.93,0.934321,0.5642,3210,0.321,10.6,9.292679127725856,9.1,10.6,10.61994,6.94469,10.61994,1.445
cml-TiCo-9-130,253,2.344147,6.200282,3.8561349999999996,0.38561349999999994,"3,6",cml,TiCo,N130,1.33376,1007.35,0.146578,0.1955,631,0.0631,6.4,5.823137876386689,6.4,6.4,6.40893,3.50975,6.40893,1.445
cml-TiCo-TATB,253,2.30098,23.18754,20.88656,2.088656,"3,6",cml,TiCo,TATB,0.414437,4817.61,1.85987,0.7708,5469,0.5469,13.5,12.831230572316692,13.4,13.5,13.52714,11.86424,13.51283,1.445
cml-TiMg-1-10,253,3.602638,12.48025,8.877612,0.8877611999999999,"3,6",cml,TiMg,N10,0.933001,2524.02,0.422186,0.3939,1699,0.1699,6.5,6.25868157739847,6.5,6.5,6.52241,5.39507,6.52199,1.445
cml-TiMg-10-333,253,2.706506,19.92362,17.217114,1.7217113999999998,"3,6",cml,TiMg,N333,0.511183,4575.93,1.18529,0.6059,4045,0.4045,10.5,9.816390605686031,10.5,10.6,10.64759,8.90567,10.63716,1.445
cml-TiMg-11-516,253,2.635253,19.88586,17.250607000000002,1.7250607000000002,"3,6",cml,TiMg,N516,0.51348,4599.37,1.17882,0.6053,4050,0.405,11.0,10.252913580246911,10.9,11.2,11.22253,9.35689,11.16292,1.445
cml-TiMg-12-639,253,2.932196,19.55493,16.622733999999998,1.6622733999999997,"3,6",cml,TiMg,N639,0.597277,4158.84,0.967725,0.578,3521,0.3521,9.7,8.94260153365521,9.2,9.8,9.86581,7.72449,9.8658,1.445
cml-TiMg-13-126,253,3.24208,36.5181,33.276019999999995,3.3276019999999997,"3,6",cml,TiMg,N126,0.254967,6149.36,3.30043,0.8415,6674,0.6674,17.7,16.78602037758466,17.3,17.8,17.82744,14.91026,17.56278,1.445
cml-TiMg-2-19,253,3.280122,12.23847,8.958347999999999,0.8958347999999999,"3,6",cml,TiMg,N19,0.926059,2610.09,0.482582,0.4469,2040,0.204,6.8,6.617254901960784,6.8,6.8,6.84489,5.96493,6.8253,1.445
cml-TiMg-3-20,253,3.120963,16.8635,13.742536999999999,1.3742537,"3,6",cml,TiMg,N20,0.722174,3579.34,0.709386,0.5123,2721,0.2721,7.3,7.204593899301727,7.3,7.4,7.40872,6.29341,7.40872,1.445
cml-TiMg-4-410,253,2.827588,21.18897,18.361382000000003,1.8361382000000002,"3,6",cml,TiMg,N410,0.485733,4766.07,1.31554,0.639,4300,0.43,12.0,10.83760465116279,11.6,12.0,12.02028,8.77457,11.76449,1.445
cml-TiMg-5-386,253,3.917608,45.92966,42.012052,4.2012051999999995,"3,6",cml,TiMg,N386,0.199411,6888.8,4.37538,0.8725,7209,0.7209,21.3,20.56200582605077,21.1,21.3,21.34949,17.83222,21.28587,1.445
cml-TiMg-6-225,253,1.121927,8.227224,7.105297,0.7105297,"3,6",cml,TiMg,N225,1.11178,647.03,0.08248,0.0917,327,0.0327,5.7,5.614984709480122,5.7,5.8,5.84892,2.95804,5.84425,1.445
cml-TiMg-7-592,253,2.015476,15.28895,13.273474,1.3273474,"3,6",cml,TiMg,N592,0.567836,3888.61,0.974225,0.5532,3223,0.3223,8.5,9.117871548246976,9.0,10.4,10.45984,7.26225,9.59027,1.445
cml-TiMg-9-130,253,3.789451,8.819553,5.030102000000001,0.5030102000000001,"3,6",cml,TiMg,N130,1.17222,1182.3,0.179658,0.2106,709,0.0709,6.7,6.080677009873062,6.7,6.7,6.79459,3.6301,6.79062,1.445
cml-TiMg-TATB,253,3.05768,27.39825,24.34057,2.434057,"3,6",cml,TiMg,TATB,0.369747,5348.44,2.09873,0.776,5544,0.5544,13.2,12.722384559884558,12.8,13.2,13.29024,11.50404,13.17249,1.445
cml-TiNi-1-10,253,2.406617,8.562635,6.156018,0.6156018000000001,"3,6",cml,TiNi,N10,1.19101,1877.72,0.29941,0.3566,1462,0.1462,6.1,5.896306429548563,5.9,6.2,6.29312,5.31812,6.24892,1.445
cml-TiNi-10-333,253,1.99787,16.55721,14.55934,1.455934,"3,6",cml,TiNi,N333,0.58601,4034.13,1.0237,0.5999,3953,0.3953,10.3,9.579762205919556,10.1,10.6,10.62039,8.88533,10.62036,1.445
cml-TiNi-11-516,253,1.997957,16.03526,14.037303000000001,1.4037303,"3,6",cml,TiNi,N516,0.606744,3911.71,0.969931,0.5885,3824,0.3824,11.0,9.784649581589958,10.3,11.0,11.0055,9.03656,10.38494,1.445
cml-TiNi-12-639,253,2.18655,15.43353,13.246979999999999,1.324698,"3,6",cml,TiNi,N639,0.701724,3417.66,0.802595,0.5632,3380,0.338,9.7,9.099023668639052,9.2,9.7,9.78649,7.91527,9.78649,1.445
cml-TiNi-13-126,253,2.679741,31.77611,29.096369,2.9096368999999997,"3,6",cml,TiNi,N126,0.28491,5546.33,2.9304,0.8349,6607,0.6607,18.7,17.734054790373847,18.7,18.7,18.79896,16.44162,18.74173,1.445
cml-TiNi-2-19,253,2.141569,8.358923,6.217354,0.6217354,"3,6",cml,TiNi,N19,1.21881,1949.97,0.334424,0.4076,1688,0.1688,6.0,5.960367298578199,6.0,6.1,6.14656,5.6318,6.14655,1.445
cml-TiNi-3-20,253,2.222326,12.77056,10.548234,1.0548234,"3,6",cml,TiNi,N20,0.867378,2871.73,0.580139,0.5032,2541,0.2541,7.2,7.021015348288076,7.2,7.2,7.29836,6.22077,7.29378,1.445
cml-TiNi-4-410,253,2.029797,16.83926,14.809463,1.4809462999999998,"3,6",cml,TiNi,N410,0.572716,4010.23,1.08937,0.6239,4108,0.4108,11.2,10.156694255111976,10.4,11.2,11.28593,8.61146,11.23079,1.445
cml-TiNi-5-386,253,2.910556,39.37286,36.462304,3.6462304000000003,"3,6",cml,TiNi,N386,0.228688,6242.37,3.79381,0.8676,7098,0.7098,20.8,19.916948436179204,20.6,20.8,20.89682,17.56226,20.60162,1.445
cml-TiNi-6-225,253,0.3046604,3.698556,3.3938956,0.33938956,"3,6",cml,TiNi,N225,1.38173,842.43,0.098789,0.1365,441,0.0441,5.3,5.17641723356009,5.3,5.3,5.32369,2.9634,4.95622,1.445
cml-TiNi-7-592,253,1.629938,13.04652,11.416581999999998,1.1416581999999997,"3,6",cml,TiNi,N592,0.63158,3618.96,0.866557,0.5473,3001,0.3001,10.1,8.717060979673443,8.6,10.1,10.1279,6.85832,10.11279,1.445
cml-TiNi-9-130,253,2.491039,5.996182,3.5051430000000003,0.35051430000000006,"3,6",cml,TiNi,N130,1.36733,966.539,0.136397,0.1865,579,0.0579,5.9,5.437478411053541,5.9,5.9,5.95411,3.58426,5.95411,1.445
cml-TiNi-TATB,253,2.262391,23.29063,21.028239,2.1028238999999997,"3,6",cml,TiNi,TATB,0.415941,4741.39,1.85771,0.7727,5505,0.5505,13.5,12.988555858310626,13.4,13.6,13.60761,11.89081,13.57223,1.445
dag-TiCo-1-10,253,0.3962144,5.271727,4.8755126,0.48755126000000004,"3,6",dag,TiCo,N10,1.29647,1767.89,0.232863,0.3019,1068,0.1068,5.2,5.00430711610487,5.2,5.4,5.48272,4.12478,5.2922,1.445
dag-TiCo-10-333,253,1.556991,15.57031,14.013319,1.4013319,"3,6",dag,TiCo,N333,0.576718,3669.66,1.04887,0.6049,4142,0.4142,10.8,9.735707387735392,10.1,11.1,11.1053,7.75906,11.10527,1.445
dag-TiCo-11-516,253,2.044619,15.52544,13.480820999999999,1.3480820999999998,"3,6",dag,TiCo,N516,0.582735,3631.57,1.03752,0.6046,4117,0.4117,10.9,9.789409764391548,10.0,10.9,10.9744,8.32015,10.97439,1.445
dag-TiCo-12-639,253,1.637873,9.29957,7.661696999999999,0.7661697,"3,6",dag,TiCo,N639,0.894058,2024.11,0.457017,0.4086,2325,0.2325,10.5,9.616559139784949,10.2,10.5,10.58409,9.55729,10.58408,1.445
dag-TiCo-13-126,253,2.634854,33.12392,30.489065999999998,3.0489065999999996,"3,6",dag,TiCo,N126,0.271097,5605.35,3.11586,0.8447,6799,0.6799,18.1,16.674422709221947,17.6,18.2,18.28833,13.97007,17.59921,1.445
dag-TiCo-2-19,253,0.4089767,5.562504,5.1535272999999995,0.5153527299999999,"3,6",dag,TiCo,N19,1.33479,1887.77,0.267083,0.3565,1339,0.1339,5.4,5.128454070201643,5.2,5.6,5.60098,4.579,5.47424,1.445
dag-TiCo-3-20,253,1.381972,10.89454,9.512568,0.9512568,"3,6",dag,TiCo,N20,0.855219,2771.12,0.610487,0.5221,2891,0.2891,8.2,7.504877205119334,7.6,8.2,8.29728,6.99242,8.29728,1.445
dag-TiCo-4-410,253,2.006896,16.55879,14.551893999999999,1.4551893999999999,"3,6",dag,TiCo,N410,0.535347,3779.32,1.19044,0.6373,4517,0.4517,10.5,10.46139030329865,10.5,11.4,11.48861,9.26388,10.59211,1.445
dag-TiCo-5-386,253,3.204588,41.28771,38.083121999999996,3.8083121999999996,"3,6",dag,TiCo,N386,0.216023,6150.83,4.04773,0.8744,7324,0.7324,19.9,18.91104587657018,19.3,19.9,19.99936,17.02249,19.99936,1.445
dag-TiCo-6-225,253,0.1568528,2.214444,2.0575912,0.20575912000000002,"3,6",dag,TiCo,N225,1.46314,405.445,0.0333528,0.0488,131,0.0131,4.5,4.244274809160306,4.3,4.5,4.52434,3.32648,4.52328,1.445
dag-TiCo-7-592,253,0.7124851,10.66331,9.950824899999999,0.9950824899999999,"3,6",dag,TiCo,N592,0.66248,3242.03,0.734362,0.4865,2907,0.2907,9.7,8.292294461644309,8.2,10.3,10.30939,7.82852,10.30939,1.445
dag-TiCo-9-130,253,0.2463053,3.000669,2.7543637,0.27543637,"3,6",dag,TiCo,N130,1.40457,874.07,0.131215,0.1843,613,0.0613,5.6,5.230179445350733,5.2,5.6,5.60727,4.59668,5.60726,1.445
dag-TiCo-TATB,253,2.410067,21.85996,19.449893,1.9449893,"3,6",dag,TiCo,TATB,0.424642,4772.08,1.75277,0.7443,5369,0.5369,13.5,12.066138945799963,12.7,13.5,13.58545,9.64033,13.57868,1.445
dag-TiMg-1-10,253,0.9415253,9.938892,8.997366699999999,0.8997366699999999,"3,6",dag,TiMg,N10,0.995801,2476.01,0.367041,0.3655,1544,0.1544,5.8,5.531347150259067,5.8,6.1,6.15759,5.06407,6.15752,1.445
dag-TiMg-10-333,253,2.846489,19.32804,16.481551000000003,1.6481551000000003,"3,6",dag,TiMg,N333,0.502284,4414.86,1.27916,0.6425,4184,0.4184,11.3,10.148685468451244,10.8,11.5,11.51644,8.07817,11.35223,1.445
dag-TiMg-11-516,253,3.026744,19.61563,16.588886,1.6588885999999998,"3,6",dag,TiMg,N516,0.504207,4086.54,1.28717,0.649,4358,0.4358,12.2,10.6869894446994,11.2,12.2,12.20949,9.62165,11.48941,1.445
dag-TiMg-12-639,253,3.03325,17.50226,14.46901,1.446901,"3,6",dag,TiMg,N639,0.634821,3772.52,0.838346,0.5322,3301,0.3301,9.0,8.007209936382912,8.3,9.0,9.09256,8.12199,9.04987,1.445
dag-TiMg-13-126,253,3.270458,36.57538,33.304922000000005,3.3304922000000006,"3,6",dag,TiMg,N126,0.25501,6162.01,3.31634,0.8457,6760,0.676,16.2,15.271760355029588,16.0,16.6,16.64817,13.93856,16.1848,1.445
dag-TiMg-2-19,253,0.9061953,10.05866,9.1524647,0.9152464699999999,"3,6",dag,TiMg,N19,1.01878,2543.03,0.399005,0.4065,1758,0.1758,6.6,5.809158134243458,6.2,6.6,6.60472,4.44545,6.60472,1.445
dag-TiMg-3-20,253,1.828002,14.36684,12.538838,1.2538838,"3,6",dag,TiMg,N20,0.746657,3175.62,0.664294,0.496,2800,0.28,7.9,7.356464285714285,7.8,8.0,8.03636,7.0795,7.9081,1.445
dag-TiMg-4-410,253,2.742101,20.42044,17.678339,1.7678339,"3,6",dag,TiMg,N410,0.463907,4461.47,1.46883,0.6814,4683,0.4683,11.8,10.612812299807816,11.0,11.8,11.83433,9.55656,11.35175,1.445
dag-TiMg-5-386,253,4.061375,46.97545,42.914075000000004,4.2914075,"3,6",dag,TiMg,N386,0.193876,6790.06,4.54929,0.882,7401,0.7401,19.4,18.633671125523577,19.2,19.7,19.70331,17.43081,19.21695,1.445
dag-TiMg-6-225,253,0.6400257,5.159949,4.5199233,0.45199233000000005,"3,6",dag,TiMg,N225,1.23565,406.191,0.0388458,0.048,163,0.0163,5.1,4.725153374233129,5.1,5.1,5.22263,3.00135,5.19368,1.445
dag-TiMg-7-592,253,2.251742,15.6705,13.418758,1.3418758,"3,6",dag,TiMg,N592,0.548087,3706.77,1.06625,0.5844,3722,0.3722,12.0,10.28036002149382,11.1,12.0,12.09333,10.0498,12.09333,1.445
dag-TiMg-9-130,253,0.9119728,6.826618,5.9146452,0.5914645199999999,"3,6",dag,TiMg,N130,1.12164,1391.35,0.217272,0.2437,888,0.0888,5.9,5.619144144144143,5.9,5.9,5.92581,4.39528,5.92365,1.445
dag-TiMg-TATB,253,3.12129,26.9016,23.78031,2.378031,"3,6",dag,TiMg,TATB,0.369549,5286.87,2.12259,0.7844,5598,0.5598,14.9,13.11793497677742,14.3,15.0,15.09412,12.54666,14.92459,1.445
dag-TiNi-1-10,253,0.4493093,5.925447,5.4761377,0.54761377,"3,6",dag,TiNi,N10,1.23582,1977.48,0.323994,0.4004,1488,0.1488,5.1,5.268481182795699,5.2,5.8,5.82699,4.92958,5.50954,1.445
dag-TiNi-10-333,253,2.162376,15.82211,13.659734,1.3659734000000001,"3,6",dag,TiNi,N333,0.585687,3621.7,1.02444,0.6,4083,0.4083,10.6,9.577614499142786,9.8,10.9,10.91643,7.82188,10.91639,1.445
dag-TiNi-11-516,253,2.267467,15.7314,13.463933,1.3463933000000001,"3,6",dag,TiNi,N516,0.591353,3552.34,1.01783,0.6019,4141,0.4141,10.8,9.945278918135717,10.7,11.1,11.11959,8.30923,11.11957,1.445
dag-TiNi-12-639,253,1.73538,13.40966,11.674280000000001,1.1674280000000001,"3,6",dag,TiNi,N639,0.72569,3118.1,0.76851,0.5577,3394,0.3394,11.0,9.133028874484385,9.3,11.0,11.0006,6.907,11.0006,1.445
dag-TiNi-13-126,253,2.543491,29.92585,27.382359,2.7382359000000003,"3,6",dag,TiNi,N126,0.304624,5546.56,2.72139,0.829,6421,0.6421,17.0,15.392415511602554,16.1,17.1,17.15143,11.99538,16.62368,1.445
dag-TiNi-2-19,253,0.4049913,5.495279,5.0902877,0.50902877,"3,6",dag,TiNi,N19,1.33249,1880.89,0.309647,0.4126,1465,0.1465,5.2,5.216109215017064,5.2,5.6,5.66539,4.40032,5.25391,1.445
dag-TiNi-3-20,253,0.6883875,9.333758,8.6453705,0.86453705,"3,6",dag,TiNi,N20,0.918479,2686.56,0.531205,0.4879,2476,0.2476,7.9,7.037116316639742,7.2,8.0,8.00487,5.20838,7.9026,1.445
dag-TiNi-4-410,253,1.983877,16.29576,14.311883000000002,1.4311883,"3,6",dag,TiNi,N410,0.547448,3716.59,1.14915,0.6291,4433,0.4433,10.3,10.386104218362284,10.3,11.4,11.41215,9.18285,10.51005,1.445
dag-TiNi-5-386,253,2.879651,37.47652,34.596869,3.4596869,"3,6",dag,TiNi,N386,0.239176,6065.48,3.6124,0.864,7043,0.7043,19.0,17.566292772966065,18.1,19.0,19.08996,15.88512,19.07822,1.445
dag-TiNi-6-225,253,0.0807072,1.15809,1.0773828,0.10773828,"3,6",dag,TiNi,N225,1.58442,0.0,0.0,0.0,0,0.0,,,,,4.9233,2.52938,4.92328,1.445
dag-TiNi-7-592,253,0.7330827,11.01064,10.2775573,1.02775573,"3,6",dag,TiNi,N592,0.647708,3257.96,0.83618,0.5416,3159,0.3159,9.2,8.541500474833807,8.8,10.1,10.1623,8.24914,10.15387,1.445
dag-TiNi-9-130,253,0.2792837,3.333939,3.0546553,0.30546553,"3,6",dag,TiNi,N130,1.39941,915.521,0.144989,0.2029,699,0.0699,5.6,5.406151645207439,5.5,5.6,5.68646,4.74743,5.60369,1.445
dag-TiNi-TATB,253,2.383271,22.1374,19.754129,1.9754128999999998,"3,6",dag,TiNi,TATB,0.42658,4712.27,1.78138,0.7599,5439,0.5439,13.7,11.971575657289945,12.5,13.7,13.72168,9.48703,13.70638,1.445
fmz-TiCo-1-10,253,2.782964,5.528321,2.745357,0.2745357,"3,6",fmz,TiCo,N10,1.4674,0.0,0.0,0.0,0,0.0,,,,,6.4092,2.77121,6.07221,1.445
fmz-TiCo-12-639,253,2.015559,12.60962,10.594061,1.0594061,"3,6",fmz,TiCo,N639,0.826356,2921.11,0.463118,0.3827,2390,0.239,7.7,7.924476987447699,8.0,9.7,9.98152,5.10866,9.84949,1.445
fmz-TiCo-13-126,253,2.387868,29.69431,27.306442,2.7306442,"3,6",fmz,TiCo,N126,0.310604,5516.74,2.56146,0.7956,6370,0.637,20.5,17.06478806907378,16.9,20.5,20.60361,10.76861,20.48295,1.445
fmz-TiCo-2-19,253,2.657618,5.666933,3.0093150000000004,0.3009315,"3,6",fmz,TiCo,N19,1.53033,0.0,0.0,0.0,0,0.0,,,,,6.40132,2.57472,6.22418,1.445
fmz-TiCo-3-20,253,2.242903,10.27513,8.032227,0.8032227000000001,"3,6",fmz,TiCo,N20,1.00454,2307.05,0.303421,0.3048,1693,0.1693,8.9,7.321264028352038,7.3,8.9,8.97784,4.12861,8.95958,1.445
fmz-TiCo-5-386,253,2.668129,35.43599,32.767860999999996,3.2767861,"3,6",fmz,TiCo,N386,0.258482,6047.29,3.21647,0.8314,6802,0.6802,22.3,18.55035283740077,18.3,22.3,22.35204,12.24878,22.35204,1.445
fmz-TiCo-6-225,253,0.5211754,3.050662,2.5294866000000003,0.25294866000000005,"3,6",fmz,TiCo,N225,1.60617,0.0,0.0,0.0,0,0.0,,,,,4.49415,1.79367,4.4383,1.445
fmz-TiCo-7-592,253,1.436717,10.77641,9.339693,0.9339693,"3,6",fmz,TiCo,N592,0.702361,2733.27,0.612933,0.4305,2591,0.2591,10.8,11.088382863759168,11.0,13.2,13.59167,5.62422,13.5086,1.445
fmz-TiCo-9-130,253,2.292061,5.214493,2.922432,0.29224320000000004,"3,6",fmz,TiCo,N130,1.49749,0.0,0.0,0.0,0,0.0,,,,,6.67178,2.41779,6.67027,1.445
fmz-TiCo-TATB,253,2.048332,20.82537,18.777038,1.8777038000000001,"3,6",fmz,TiCo,TATB,0.465852,4604.39,1.53182,0.7136,4989,0.4989,15.3,12.649228302264984,12.9,15.3,15.3962,7.9656,15.3962,1.445
fmz-TiMg-1-10,253,3.899411,11.01045,7.111039,0.7111039,"3,6",fmz,TiMg,N10,1.17503,0.0,0.0,0.0,0,0.0,,,,,6.3311,2.70845,6.26873,1.445
fmz-TiMg-12-639,253,2.80262,16.2181,13.415479999999999,1.341548,"3,6",fmz,TiMg,N639,0.718271,3477.38,0.545198,0.3916,2501,0.2501,8.8,7.779768092762897,8.0,9.2,9.61338,5.33865,9.28667,1.445
fmz-TiMg-13-126,253,2.898296,33.55835,30.660053999999995,3.0660053999999994,"3,6",fmz,TiMg,N126,0.282207,6072.11,2.83941,0.8013,6473,0.6473,19.9,16.776981306967404,16.9,19.9,20.39645,10.89458,19.85289,1.445
fmz-TiMg-2-19,253,3.768273,11.47608,7.707806999999999,0.7707806999999999,"3,6",fmz,TiMg,N19,1.22197,0.0,0.0,0.0,0,0.0,,,,,6.38667,2.78977,6.30931,1.445
fmz-TiMg-3-20,253,3.123479,14.91611,11.792631,1.1792631,"3,6",fmz,TiMg,N20,0.839558,2929.37,0.395089,0.3317,1873,0.1873,8.8,7.063587827015484,6.9,8.8,8.94215,4.41042,8.86581,1.445
fmz-TiMg-5-386,253,3.47231,40.88677,37.41446,3.741446,"3,6",fmz,TiMg,N386,0.227315,6728.4,3.672,0.8347,6933,0.6933,21.7,18.80777441223136,18.7,22.3,22.42654,13.00062,22.32203,1.445
fmz-TiMg-6-225,253,3.100754,4.322376,1.2216220000000004,0.12216220000000004,"3,6",fmz,TiMg,N225,1.34744,0.0,0.0,0.0,0,0.0,,,,,4.5953,1.61294,4.53464,1.445
fmz-TiMg-7-592,253,1.797689,12.63437,10.836681,1.0836681000000001,"3,6",fmz,TiMg,N592,0.657994,2933.61,0.663076,0.4363,2672,0.2672,13.2,11.133233532934131,12.2,13.5,13.53011,5.71084,13.21657,1.445
fmz-TiMg-9-130,253,3.606564,8.904103,5.297538999999999,0.5297538999999999,"3,6",fmz,TiMg,N130,1.27442,0.0,0.0,0.0,0,0.0,,,,,6.51678,2.36768,6.34593,1.445
fmz-TiMg-TATB,253,2.731275,24.57284,21.841565,2.1841565,"3,6",fmz,TiMg,TATB,0.414882,5274.37,1.73085,0.7181,5016,0.5016,13.0,12.352551834130782,13.0,15.3,15.36406,8.12098,15.35961,1.445
fmz-TiNi-1-10,253,1.332273,3.802025,2.4697519999999997,0.24697519999999998,"3,6",fmz,TiNi,N10,1.6173,0.0,0.0,0.0,0,0.0,,,,,6.27785,2.25281,6.27784,1.445
fmz-TiNi-12-639,253,1.933748,11.80715,9.873402,0.9873402,"3,6",fmz,TiNi,N639,0.88183,2603.48,0.390438,0.3443,2128,0.2128,9.3,7.752913533834587,7.8,9.5,9.80932,5.05858,9.35665,1.445
fmz-TiNi-13-126,253,2.29133,29.14333,26.852,2.6852,"3,6",fmz,TiNi,N126,0.318234,5498.46,2.47836,0.7887,6308,0.6308,16.2,16.79592580849715,16.2,20.5,20.88778,10.98757,20.54031,1.445
fmz-TiNi-2-19,253,1.31604,3.777957,2.4619169999999997,0.24619169999999996,"3,6",fmz,TiNi,N19,1.66996,0.0,0.0,0.0,0,0.0,,,,,6.34411,2.28442,6.34004,1.445
fmz-TiNi-3-20,253,1.879016,9.111556,7.23254,0.7232540000000001,"3,6",fmz,TiNi,N20,1.09539,1849.21,0.214992,0.2355,1239,0.1239,8.6,7.408878127522196,8.5,8.7,8.78163,3.58342,8.60118,1.445
fmz-TiNi-5-386,253,2.28954,33.97947,31.68993,3.168993,"3,6",fmz,TiNi,N386,0.268342,6010.33,3.05841,0.8207,6709,0.6709,21.2,17.792323744224177,16.6,21.9,22.21564,11.74057,22.16362,1.445
fmz-TiNi-6-225,253,1.723647,2.807321,1.083674,0.1083674,"3,6",fmz,TiNi,N225,1.65998,0.0,0.0,0.0,0,0.0,,,,,4.15134,1.52897,3.91271,1.445
fmz-TiNi-7-592,253,1.382345,10.86623,9.483885,0.9483885000000001,"3,6",fmz,TiNi,N592,0.707455,2744.77,0.61276,0.4335,2598,0.2598,12.3,10.71682063125481,11.1,12.5,13.13791,5.73553,11.27296,1.445
fmz-TiNi-9-130,253,2.211228,5.398233,3.187005,0.3187005,"3,6",fmz,TiNi,N130,1.51601,0.0,0.0,0.0,0,0.0,,,,,6.58558,2.52268,6.58128,1.445
fmz-TiNi-TATB,253,2.052612,20.36117,18.308558,1.8308558000000001,"3,6",fmz,TiNi,TATB,0.481487,4525.75,1.46525,0.7055,4830,0.483,15.5,12.347681159420288,11.8,15.5,15.57204,7.90781,15.57204,1.445
fsi-TiCo-10-607-D2h-D2d,253,1.958584,19.31649,17.357906,1.7357906,"4,6",fsi,TiCo,N607,0.485206,4205.31,1.40538,0.6819,4795,0.4795,14.3,12.95322210636079,14.0,15.1,15.14087,12.82672,15.14087,1.445
fsi-TiCo-11-662-D4h-T,253,2.57967,34.20561,31.62594,3.162594,"4,6",fsi,TiCo,N662,0.26382,5778.51,3.15746,0.833,6731,0.6731,21.5,17.832164611499035,18.3,21.3,21.52074,14.52083,21.38724,1.445
fsi-TiCo-12-693-Td,253,2.293185,6.753152,4.459967000000001,0.4459967000000001,"4,6",fsi,TiCo,N693,1.38545,1165.31,0.18485,0.2561,870,0.087,5.8,5.486091954022988,5.8,5.8,5.87637,4.43808,5.73835,1.445
fsi-TiCo-13-600-Td,253,1.824455,14.64919,12.824735,1.2824735,"4,6",fsi,TiCo,N600,0.677031,3402.31,0.80085,0.5422,3414,0.3414,10.3,9.587697715289982,10.2,10.3,10.3885,8.28096,10.32308,1.445
fsi-TiCo-7-7-D2h-D2d,253,1.991906,10.9565,8.964594,0.8964594,"4,6",fsi,TiCo,N7,0.94806,2168.1,0.506719,0.4804,2636,0.2636,8.9,8.591464339908955,8.8,9.1,9.13889,7.65816,8.98756,1.445
fsi-TiCo-8-644-D2h-D2d,253,1.848693,11.93531,10.086617,1.0086617,"4,6",fsi,TiCo,N644,0.795632,2527.37,0.658093,0.5236,3262,0.3262,11.3,10.561649294911096,10.8,11.3,11.32079,9.02021,11.32078,1.445
fsi-TiMg-10-607-D2h-D2d,253,2.670819,22.51634,19.845520999999998,1.9845520999999997,"4,6",fsi,TiMg,N607,0.438129,4682.2,1.54201,0.6756,4775,0.4775,14.7,12.356146596858636,12.8,14.7,14.77553,11.17845,14.24204,1.445
fsi-TiMg-11-662-D4h-T,253,3.085016,37.29818,34.213164,3.4213164,"4,6",fsi,TiMg,N662,0.246642,6229.83,3.37778,0.8331,6759,0.6759,19.2,17.424766977363515,18.8,20.0,20.08489,14.61969,19.47638,1.445
fsi-TiMg-12-693-Td,253,3.413206,10.72931,7.316103999999999,0.7316103999999999,"4,6",fsi,TiMg,N693,1.11262,1497.34,0.265679,0.2956,1176,0.1176,6.2,6.031377551020408,6.2,6.2,6.2712,5.0572,6.27117,1.445
fsi-TiMg-13-600-Td,253,2.694271,17.55584,14.861569,1.4861569,"4,6",fsi,TiMg,N600,0.591222,3880.18,0.932307,0.5512,3570,0.357,10.2,9.8172268907563,10.2,10.6,10.74387,8.41791,10.63993,1.445
fsi-TiMg-7-7-D2h-D2d,253,3.326014,14.22731,10.901295999999999,1.0901295999999998,"4,6",fsi,TiMg,N7,0.795851,2718.18,0.618206,0.492,2669,0.2669,9.9,8.639040839265641,9.0,10.0,10.01156,7.01799,10.01156,1.445
fsi-TiMg-8-644-D2h-D2d,253,3.304143,16.61255,13.308406999999999,1.3308407,"4,6",fsi,TiMg,N644,0.649372,3208.69,0.836963,0.5435,3501,0.3501,12.0,11.325821193944586,12.0,12.1,12.17041,9.77671,12.13071,1.445
fsi-TiNi-10-607-D2h-D2d,253,2.039927,18.38765,16.347723000000002,1.6347723000000003,"4,6",fsi,TiNi,N607,0.506196,4046.77,1.33604,0.6763,4687,0.4687,12.9,11.905248559846385,12.9,13.5,13.53593,12.07775,13.53593,1.445
fsi-TiNi-11-662-D4h-T,253,2.505489,33.32731,30.821820999999996,3.0821821,"4,6",fsi,TiNi,N662,0.271395,5764.84,3.04869,0.8274,6613,0.6613,18.8,16.984379252986542,18.2,18.9,19.17916,13.27838,18.91424,1.445
fsi-TiNi-12-693-Td,253,1.586249,5.881735,4.295486,0.42954860000000006,"4,6",fsi,TiNi,N693,1.44561,1051.28,0.177364,0.2564,856,0.0856,5.4,5.275817757009346,5.4,5.4,5.44606,4.4782,5.3479,1.445
fsi-TiNi-13-600-Td,253,2.024842,13.78529,11.760448,1.1760448000000001,"4,6",fsi,TiNi,N600,0.70473,3296.1,0.741986,0.5229,3241,0.3241,10.0,9.22344955260722,9.8,10.0,10.07771,7.96061,10.06364,1.445
fsi-TiNi-7-7-D2h-D2d,253,2.118787,9.504731,7.385943999999999,0.7385944,"4,6",fsi,TiNi,N7,1.00933,1989.07,0.438308,0.4424,2328,0.2328,8.0,7.927792096219932,8.1,8.4,8.44396,6.21419,8.44395,1.445
fsi-TiNi-8-644-D2h-D2d,253,1.959148,10.84526,8.886112,0.8886112,"4,6",fsi,TiNi,N644,0.847386,2337.62,0.593354,0.5028,3016,0.3016,10.2,9.998076923076924,10.2,10.7,10.73133,8.43219,10.67252,1.445
hea-TiCo-10-607-D2h-D2d,253,1.986263,19.58072,17.594457,1.7594457,"4,6",hea,TiCo,N607,0.485737,4409.19,1.37544,0.6681,4784,0.4784,16.4,15.230121237458192,16.3,16.4,16.43422,8.18967,16.41364,1.445
hea-TiCo-11-662-D4h-T,253,2.7801,36.1207,33.3406,3.33406,"4,6",hea,TiCo,N662,0.24846,5791.63,3.37237,0.8379,6885,0.6885,24.0,21.661292665214237,23.9,24.3,24.3129,14.78892,24.25724,1.445
hea-TiCo-12-693-Td,253,2.725277,6.021458,3.296181,0.32961809999999997,"4,6",hea,TiCo,N693,1.55353,786.598,0.0930783,0.1446,410,0.041,5.3,4.854146341463414,5.3,5.3,5.35541,3.33028,5.35541,1.445
hea-TiCo-13-600-Td,253,1.845468,13.3407,11.495232,1.1495232,"4,6",hea,TiCo,N600,0.717974,3190.57,0.737492,0.5295,3134,0.3134,11.2,9.849840459476706,11.0,11.4,11.4468,6.1702,11.43275,1.445
hea-TiCo-7-7-D2h-D2d,253,2.268712,11.50168,9.232968,0.9232967999999999,"4,6",hea,TiCo,N7,0.92383,2304.8,0.575322,0.5315,2788,0.2788,10.6,10.076721664275466,10.6,10.6,10.6427,5.5755,10.60764,1.445
hea-TiCo-8-644-D2h-D2d,253,2.095358,14.15179,12.056432000000001,1.2056432000000001,"4,6",hea,TiCo,N644,0.739547,3027.51,0.833078,0.6161,3653,0.3653,12.0,11.348809197919518,12.0,12.0,12.07484,6.99801,12.07466,1.445
hea-TiMg-10-607-D2h-D2d,253,2.651712,23.39012,20.738408,2.0738408,"4,6",hea,TiMg,N607,0.428592,4952.46,1.59009,0.6815,4899,0.4899,18.0,16.667850581751377,17.4,18.0,18.05288,8.47532,17.99997,1.445
hea-TiMg-11-662-D4h-T,253,3.375958,39.82053,36.444572,3.6444572,"4,6",hea,TiMg,N662,0.229252,6253.21,3.66889,0.8411,6909,0.6909,23.6,20.68956433637285,22.5,23.6,23.62857,14.78665,23.62857,1.445
hea-TiMg-12-693-Td,253,0.8056358,4.059761,3.2541252,0.32541252,"4,6",hea,TiMg,N693,1.27675,1061.71,0.140435,0.1793,592,0.0592,5.7,5.325844594594594,5.7,5.7,5.79842,3.58642,5.70859,1.445
hea-TiMg-13-600-Td,253,2.634237,16.42654,13.792302999999999,1.3792303,"4,6",hea,TiMg,N600,0.633983,3575.17,0.844187,0.5352,3220,0.322,11.2,10.036739130434782,10.9,11.6,11.68701,6.26348,11.28973,1.445
hea-TiMg-7-7-D2h-D2d,253,3.167776,15.38955,12.221774,1.2221774,"4,6",hea,TiMg,N7,0.780949,2760.23,0.670466,0.5236,2821,0.2821,10.6,10.101453385324351,10.6,10.6,10.68764,5.05726,10.54397,1.445
hea-TiMg-8-644-D2h-D2d,253,3.095387,18.59311,15.497722999999999,1.5497722999999999,"4,6",hea,TiMg,N644,0.600468,3666.52,1.06434,0.6391,3958,0.3958,12.8,11.88292066700354,12.6,13.0,13.02431,7.41334,13.0243,1.445
hea-TiNi-10-607-D2h-D2d,253,2.033929,19.54851,17.514581,1.7514581,"4,6",hea,TiNi,N607,0.491633,4375.27,1.36118,0.6692,4768,0.4768,16.6,15.391359060402683,16.4,16.6,16.63068,8.13276,16.60184,1.445
hea-TiNi-11-662-D4h-T,253,2.713602,35.88006,33.166458,3.3166458,"4,6",hea,TiNi,N662,0.249932,5771.09,3.34772,0.8367,6861,0.6861,24.2,21.80078705728028,23.7,24.3,24.31778,15.12525,24.12682,1.445
hea-TiNi-12-693-Td,253,2.38146,6.230312,3.8488519999999995,0.3848851999999999,"4,6",hea,TiNi,N693,1.55037,822.179,0.104749,0.1624,472,0.0472,5.4,4.858686440677967,5.2,5.4,5.48878,3.54905,5.48878,1.445
hea-TiNi-13-600-Td,253,1.974351,13.11637,11.142019,1.1142018999999999,"4,6",hea,TiNi,N600,0.738382,3070.69,0.717244,0.5296,3087,0.3087,11.1,9.725817946226108,10.9,11.2,11.20305,6.59935,11.20303,1.445
hea-TiNi-7-7-D2h-D2d,253,2.197764,11.37073,9.172966,0.9172966,"4,6",hea,TiNi,N7,0.939826,2255.95,0.56021,0.5265,2770,0.277,10.4,9.922238267148014,10.4,10.4,10.42079,5.33125,10.42079,1.445
hea-TiNi-8-644-D2h-D2d,253,1.887032,13.87798,11.990948000000001,1.1990948000000001,"4,6",hea,TiNi,N644,0.739781,3022.38,0.839302,0.6209,3709,0.3709,12.0,11.334888110002696,12.0,12.0,12.09768,7.02361,12.04908,1.445
hwx-TiCo-1-10,253,2.352303,9.50646,7.1541570000000005,0.7154157000000001,"3,6",hwx,TiCo,N10,1.19115,2044.66,0.279394,0.3328,1268,0.1268,6.8,5.501261829652997,5.2,6.8,6.87995,4.69636,5.13362,1.445
hwx-TiCo-10-333,253,2.057666,16.05704,13.999374,1.3999374,"3,6",hwx,TiCo,N333,0.607011,4065.43,1.06835,0.6485,3627,0.3627,9.7,8.874276261373035,9.2,9.7,9.76903,9.14203,9.66015,1.445
hwx-TiCo-11-516,253,1.904727,15.25931,13.354583,1.3354583,"3,6",hwx,TiCo,N516,0.6353,3800.39,1.0022,0.6367,3570,0.357,8.9,8.534845938375348,8.9,9.4,9.40048,7.90875,8.87685,1.445
hwx-TiCo-12-639,253,2.212197,15.32843,13.116233000000001,1.3116233000000002,"3,6",hwx,TiCo,N639,0.704566,3431.59,0.87671,0.6177,3320,0.332,9.9,8.60237951807229,8.4,9.9,9.93603,7.68399,9.22029,1.445
hwx-TiCo-13-126,253,2.558843,31.03636,28.477517,2.8477517,"3,6",hwx,TiCo,N126,0.296312,5618.18,2.77309,0.8217,6420,0.642,15.2,14.748348909657322,15.1,15.9,15.93974,12.46516,15.93974,1.445
hwx-TiCo-2-19,253,2.134031,9.482657,7.348625999999999,0.7348625999999999,"3,6",hwx,TiCo,N19,1.22682,1976.51,0.318547,0.3908,1564,0.1564,7.0,5.791560102301791,5.6,7.0,7.06822,4.75144,5.61265,1.445
hwx-TiCo-3-20,253,2.050781,13.28578,11.234999,1.1234999,"3,6",hwx,TiCo,N20,0.839593,3009.54,0.582544,0.4891,2677,0.2677,8.4,7.238027642883825,7.2,8.4,8.46483,6.56824,7.91103,1.445
hwx-TiCo-4-410,253,2.054204,17.09187,15.037666,1.5037666,"3,6",hwx,TiCo,N410,0.574856,4041.9,1.18256,0.6798,4083,0.4083,10.5,9.435880480039186,9.8,10.5,10.5088,8.75554,9.98755,1.445
hwx-TiCo-5-386,253,2.938297,38.14412,35.205823,3.5205823,"3,6",hwx,TiCo,N386,0.238511,6182.43,3.58349,0.8547,6994,0.6994,17.0,16.75261652845296,16.9,18.1,18.13947,16.89355,18.13947,1.445
hwx-TiCo-6-225,253,0.9935175,2.315753,1.3222355,0.13222355,"3,6",hwx,TiCo,N225,1.66969,0.0,0.0,0.0,0,0.0,,,,,3.24829,1.96397,3.22765,1.445
hwx-TiCo-7-592,253,1.237186,8.036575,6.799389,0.6799389,"3,6",hwx,TiCo,N592,0.842223,2140.88,0.419248,0.3531,1532,0.1532,8.3,7.509856396866841,8.1,8.3,8.37686,5.18731,8.17054,1.445
hwx-TiCo-9-130,253,2.379081,6.014563,3.635482,0.3635482,"3,6",hwx,TiCo,N130,1.3951,1019.76,0.112393,0.1568,497,0.0497,5.8,5.024748490945674,4.9,5.8,5.85925,3.4863,4.95818,1.445
hwx-TiCo-TATB,253,2.315598,23.85256,21.536962,2.1536961999999997,"3,6",hwx,TiCo,TATB,0.405404,4717.38,1.91019,0.7744,5531,0.5531,12.5,13.51325257638763,13.9,14.7,14.73471,14.27184,14.48369,1.445
hwx-TiMg-1-10,253,3.576702,10.48728,6.910578,0.6910578,"3,6",hwx,TiMg,N10,1.0575,1961.12,0.251159,0.2656,969,0.0969,5.4,5.59329205366357,5.4,6.3,6.30848,4.20949,6.30846,1.445
hwx-TiMg-10-333,253,2.799977,19.66015,16.860173000000003,1.6860173000000003,"3,6",hwx,TiMg,N333,0.524324,4554.53,1.27078,0.6663,3920,0.392,10.3,9.182806122448982,9.3,10.3,10.35097,8.37075,10.16149,1.445
hwx-TiMg-11-516,253,2.680197,18.2362,15.556003,1.5556003,"3,6",hwx,TiMg,N516,0.562088,4276.94,1.13772,0.6395,3660,0.366,9.5,8.78032786885246,9.1,9.8,9.84025,7.81361,9.53216,1.445
hwx-TiMg-12-639,253,2.877919,18.18306,15.305141,1.5305141,"3,6",hwx,TiMg,N639,0.625379,4108.84,0.992519,0.6207,3179,0.3179,8.6,7.779993708713431,8.1,8.7,8.76322,6.14553,8.4312,1.445
hwx-TiMg-13-126,253,3.165178,34.96296,31.797782,3.1797782000000003,"3,6",hwx,TiMg,N126,0.268703,6160.61,3.07887,0.8273,6506,0.6506,16.3,14.859790962188749,15.0,16.3,16.32851,12.45903,16.26908,1.445
hwx-TiMg-2-19,253,3.345618,10.25862,6.9130020000000005,0.6913002,"3,6",hwx,TiMg,N19,1.06319,2155.54,0.281416,0.2992,1060,0.106,6.1,5.345754716981132,5.2,6.1,6.17653,4.16801,5.566,1.445
hwx-TiMg-3-20,253,3.126325,16.51788,13.391555000000002,1.3391555000000002,"3,6",hwx,TiMg,N20,0.721452,3441.77,0.661167,0.477,2662,0.2662,8.2,7.679676934635612,8.0,8.4,8.41902,6.1291,8.41899,1.445
hwx-TiMg-4-410,253,2.845483,20.24542,17.399936999999998,1.7399936999999999,"3,6",hwx,TiMg,N410,0.51094,4763.2,1.32794,0.6785,4010,0.401,9.3,9.475087281795512,9.9,11.0,11.03616,7.455,10.40652,1.445
hwx-TiMg-5-386,253,3.712487,44.74163,41.029143,4.1029143,"3,6",hwx,TiMg,N386,0.204742,6844.25,4.20384,0.8607,7140,0.714,20.5,18.5909243697479,18.7,20.5,20.51839,18.01053,19.60428,1.445
hwx-TiMg-6-225,253,2.776019,4.179663,1.403644,0.1403644,"3,6",hwx,TiMg,N225,1.45677,0.0,0.0,0.0,0,0.0,,,,,3.65635,1.57486,3.15449,1.445
hwx-TiMg-7-592,253,1.77911,9.666008,7.8868979999999995,0.7886898,"3,6",hwx,TiMg,N592,0.775019,2366.98,0.489536,0.3794,1705,0.1705,8.8,8.025454545454547,8.8,8.8,8.88309,5.11677,8.81145,1.445
hwx-TiMg-9-130,253,3.441686,8.923955,5.482269,0.5482269,"3,6",hwx,TiMg,N130,1.17295,1292.62,0.159257,0.1868,683,0.0683,5.9,5.215812591508053,5.2,5.9,5.95055,3.7696,5.31471,1.445
hwx-TiMg-TATB,253,3.116118,28.40015,25.284032,2.5284032,"3,6",hwx,TiMg,TATB,0.349895,5376.92,2.23896,0.7834,5735,0.5735,16.0,14.428683522231912,15.2,16.0,16.08012,12.78286,16.08012,1.445
hwx-TiNi-1-10,253,2.53254,8.992364,6.459824,0.6459824000000001,"3,6",hwx,TiNi,N10,1.21773,1931.51,0.271899,0.3311,1231,0.1231,5.9,5.342485783915516,5.3,5.9,5.94713,4.14336,5.4609,1.445
hwx-TiNi-10-333,253,2.015482,16.09845,14.082968,1.4082968,"3,6",hwx,TiNi,N333,0.59913,4048.16,1.09175,0.6541,3795,0.3795,9.7,8.878181818181819,9.3,10.1,10.10056,8.96697,9.73208,1.445
hwx-TiNi-11-516,253,2.010187,15.09467,13.084483,1.3084483,"3,6",hwx,TiNi,N516,0.638535,3846.76,0.993524,0.6344,3592,0.3592,9.1,8.466759465478843,8.7,9.6,9.68293,8.61834,9.3079,1.445
hwx-TiNi-12-639,253,2.220303,14.4176,12.197297,1.2197297,"3,6",hwx,TiNi,N639,0.756999,3378.78,0.705681,0.5342,2967,0.2967,8.3,7.46943040107853,7.7,8.5,8.51905,6.00382,8.4501,1.445
hwx-TiNi-13-126,253,2.515536,30.95417,28.438634,2.8438634,"3,6",hwx,TiNi,N126,0.296503,5604.41,2.78513,0.8258,6461,0.6461,16.4,14.895465098282,15.2,16.4,16.46606,11.98994,15.85799,1.445
hwx-TiNi-2-19,253,2.318283,8.503589,6.185306,0.6185305999999999,"3,6",hwx,TiNi,N19,1.25598,1858.85,0.305101,0.3832,1588,0.1588,6.1,5.99647355163728,6.1,6.4,6.49399,4.41568,6.18075,1.445
hwx-TiNi-3-20,253,2.106783,12.87931,10.772527,1.0772527,"3,6",hwx,TiNi,N20,0.845889,2767.9,0.575489,0.4868,2745,0.2745,7.8,8.91799635701275,9.7,10.4,10.43903,7.51,10.43903,1.445
hwx-TiNi-4-410,253,2.113163,16.71378,14.600617,1.4600617,"3,6",hwx,TiNi,N410,0.57164,3967.08,1.17889,0.6739,4125,0.4125,11.6,10.041163636363637,10.6,11.6,11.66485,10.0854,11.66485,1.445
hwx-TiNi-5-386,253,2.836727,38.94786,36.111132999999995,3.6111132999999995,"3,6",hwx,TiNi,N386,0.231267,6209.15,3.71303,0.8587,7058,0.7058,18.7,17.908628506659113,18.4,19.6,19.61202,18.34204,19.49116,1.445
hwx-TiNi-6-225,253,1.787538,3.102657,1.3151190000000001,0.13151190000000001,"3,6",hwx,TiNi,N225,1.70466,0.0,0.0,0.0,0,0.0,,,,,3.1539,2.09877,3.12195,1.445
hwx-TiNi-7-592,253,1.358683,8.353209,6.994526,0.6994526,"3,6",hwx,TiNi,N592,0.85063,2181.98,0.444377,0.378,1695,0.1695,8.7,7.900353982300884,8.4,8.7,8.79194,5.29444,8.52252,1.445
hwx-TiNi-9-130,253,2.276943,5.465556,3.188613,0.3188613,"3,6",hwx,TiNi,N130,1.42753,975.547,0.0954796,0.1363,453,0.0453,5.3,4.798454746136865,4.9,5.3,5.39848,3.51828,5.39848,1.445
hwx-TiNi-TATB,253,2.27355,22.94575,20.6722,2.06722,"3,6",hwx,TiNi,TATB,0.42116,4671.42,1.81119,0.7628,5425,0.5425,15.4,13.940663594470047,14.6,15.8,15.88845,11.53722,15.42289,1.445
sab-TiCo-1-10,253,2.736111,7.935311,5.199199999999999,0.5199199999999999,"3,6",sab,TiCo,N10,1.24596,1489.99,0.211644,0.2637,1139,0.1139,7.0,6.601053555750659,7.0,7.2,7.24673,6.33654,7.24671,1.445
sab-TiCo-10-333,253,2.024219,15.76025,13.736030999999999,1.3736031,"3,6",sab,TiCo,N333,0.598762,3835.96,1.0495,0.6284,3842,0.3842,12.2,10.155856324830816,9.6,12.2,12.23574,8.88189,12.21962,1.445
sab-TiCo-11-516,253,1.98114,15.07215,13.09101,1.309101,"3,6",sab,TiCo,N516,0.626216,3758.48,0.976819,0.6117,3724,0.3724,11.3,9.756310418904404,9.6,11.4,11.4447,7.64495,9.67267,1.445
sab-TiCo-12-639,253,2.331221,15.33635,13.005129,1.3005129,"3,6",sab,TiCo,N639,0.711715,3523.25,0.816479,0.5811,3176,0.3176,11.5,9.205541561712844,10.1,11.5,11.57035,9.16696,11.50443,1.445
sab-TiCo-13-126,253,2.496568,31.40624,28.909672,2.8909672,"3,6",sab,TiCo,N126,0.293115,5574.99,2.80129,0.8211,6521,0.6521,19.0,16.544226345652508,16.5,18.8,19.04507,15.86801,18.54726,1.445
sab-TiCo-2-19,253,2.951663,8.054109,5.1024460000000005,0.5102446,"3,6",sab,TiCo,N19,1.26932,1641.68,0.24202,0.3072,1368,0.1368,8.4,7.475511695906433,7.8,8.4,8.46101,6.81318,8.46101,1.445
sab-TiCo-3-20,253,2.180576,12.12746,9.946883999999999,0.9946883999999999,"3,6",sab,TiCo,N20,0.854046,2795.66,0.49646,0.424,2473,0.2473,9.8,8.318156085725839,9.8,9.8,9.88469,8.04776,9.88469,1.445
sab-TiCo-4-410,253,1.978507,16.06611,14.087602999999998,1.4087602999999997,"3,6",sab,TiCo,N410,0.592894,3943.55,1.06528,0.6316,3946,0.3946,9.8,10.248656867714145,10.0,11.9,12.23993,8.63072,11.73382,1.445
sab-TiCo-5-386,253,2.973717,38.13342,35.159703,3.5159703,"3,6",sab,TiCo,N386,0.238244,6217.44,3.58289,0.8536,6974,0.6974,17.5,18.87242615428735,18.2,21.9,21.9009,18.75297,21.85784,1.445
sab-TiCo-6-225,253,2.369864,4.870512,2.5006479999999995,0.2500648,"3,6",sab,TiCo,N225,1.41234,418.585,0.0509794,0.072,287,0.0287,6.1,5.690940766550522,6.1,6.2,6.27207,3.96322,6.18597,1.445
sab-TiCo-7-592,253,1.449967,12.46183,11.011863000000002,1.1011863000000002,"3,6",sab,TiCo,N592,0.623662,3629.17,0.847574,0.5286,3015,0.3015,10.8,10.500630182421228,10.8,12.1,12.20124,8.02385,10.95233,1.445
sab-TiCo-9-130,253,1.961736,5.55981,3.5980739999999996,0.35980739999999994,"3,6",sab,TiCo,N130,1.39677,821.664,0.0885615,0.1237,500,0.05,5.8,5.4808,5.8,5.8,5.85816,4.65587,5.85816,1.445
sab-TiCo-TATB,253,2.222451,22.47274,20.250289000000002,2.0250289,"3,6",sab,TiCo,TATB,0.429977,4738.51,1.7594,0.7565,5296,0.5296,15.5,13.051321752265862,12.0,15.5,15.53615,13.36206,15.53615,1.445
sab-TiMg-1-10,253,4.118192,9.403777,5.285585,0.5285585,"3,6",sab,TiMg,N10,1.10923,1448.38,0.136311,0.1512,570,0.057,5.3,4.909473684210527,5.0,5.5,5.57297,3.38342,5.17122,1.445
sab-TiMg-10-333,253,2.772472,19.43355,16.661078,1.6661078,"3,6",sab,TiMg,N333,0.517588,4431.24,1.22916,0.6362,3966,0.3966,11.8,10.200428643469492,9.9,12.1,12.17418,7.73017,12.17418,1.445
sab-TiMg-11-516,253,2.645345,18.48294,15.837595,1.5837595,"3,6",sab,TiMg,N516,0.544632,4307.42,1.14628,0.6243,3848,0.3848,11.0,9.533549896049896,9.3,11.3,11.40071,7.07072,9.28344,1.445
sab-TiMg-12-639,253,2.913583,18.74324,15.829657000000001,1.5829657000000001,"3,6",sab,TiMg,N639,0.623328,4103.8,0.941399,0.5868,3208,0.3208,10.8,8.685754364089776,9.1,10.6,10.83042,8.6317,10.74414,1.445
sab-TiMg-13-126,253,3.132588,34.89059,31.758002000000005,3.1758002000000003,"3,6",sab,TiMg,N126,0.269783,6160.76,3.05912,0.8253,6531,0.6531,14.9,15.220379727453684,14.9,17.6,17.85941,14.21589,16.55613,1.445
sab-TiMg-2-19,253,3.236145,11.93764,8.701495,0.8701494999999999,"3,6",sab,TiMg,N19,1.00325,2207.97,0.345177,0.3463,1644,0.1644,8.9,7.809063260340633,8.3,8.9,8.97412,7.50541,8.97411,1.445
sab-TiMg-3-20,253,3.137935,15.83177,12.693835,1.2693835,"3,6",sab,TiMg,N20,0.728269,3351.23,0.587832,0.4281,2609,0.2609,9.4,8.12265235722499,9.0,9.4,9.47946,7.46207,9.45964,1.445
sab-TiMg-4-410,253,2.714366,19.66779,16.953424,1.6953424,"3,6",sab,TiMg,N410,0.51345,4637.08,1.24822,0.6409,4048,0.4048,9.4,9.888636363636364,9.7,11.7,11.79677,8.13313,11.75544,1.445
sab-TiMg-5-386,253,3.687922,42.82244,39.134518,3.9134518,"3,6",sab,TiMg,N386,0.215976,6765.71,3.96525,0.8564,7019,0.7019,23.6,19.08821769482832,20.5,23.6,23.62757,20.3749,23.57278,1.445
sab-TiMg-6-225,253,3.360254,7.109222,3.748968,0.37489680000000003,"3,6",sab,TiMg,N225,1.1798,611.165,0.0715378,0.0844,342,0.0342,5.7,5.454093567251462,5.7,5.9,5.91455,3.92031,5.91453,1.445
sab-TiMg-7-592,253,1.930082,14.92253,12.992448,1.2992447999999999,"3,6",sab,TiMg,N592,0.571997,4128.87,0.946508,0.5414,3059,0.3059,10.5,9.018764302059497,8.6,10.7,10.7175,6.92552,10.7175,1.445
sab-TiMg-9-130,253,1.950432,6.910114,4.959682,0.49596819999999997,"3,6",sab,TiMg,N130,1.17702,1014.79,0.118944,0.14,611,0.0611,6.3,5.895744680851064,6.3,6.3,6.37083,4.91883,6.37051,1.445
sab-TiMg-TATB,253,2.882428,26.46005,23.577621999999998,2.3577622,"3,6",sab,TiMg,TATB,0.380194,5329.42,2.02002,0.768,5431,0.5431,16.0,13.370079175105872,12.0,16.0,16.05888,13.34307,16.05806,1.445
sab-TiNi-1-10,253,2.542482,6.927382,4.3849,0.43849,"3,6",sab,TiNi,N10,1.36688,1213.41,0.122688,0.1677,629,0.0629,5.7,5.2365659777424485,5.5,5.8,5.87158,4.10673,5.87158,1.445
sab-TiNi-10-333,253,1.904782,15.30903,13.404247999999999,1.3404247999999999,"3,6",sab,TiNi,N333,0.616763,3562.33,1.00654,0.6208,3757,0.3757,12.9,10.859063082246474,11.2,12.9,12.93751,8.89491,12.90564,1.445
sab-TiNi-11-516,253,1.948731,15.0606,13.111869,1.3111869,"3,6",sab,TiNi,N516,0.62835,3641.4,0.979709,0.6156,3782,0.3782,11.9,9.97043892120571,9.5,11.9,11.90452,6.98931,9.50469,1.445
sab-TiNi-12-639,253,2.154711,15.00315,12.848438999999999,1.2848438999999998,"3,6",sab,TiNi,N639,0.724499,3431.63,0.796965,0.5774,3123,0.3123,11.2,9.134229907140568,10.4,11.2,11.29991,9.16515,11.29991,1.445
sab-TiNi-13-126,253,2.522777,30.88763,28.364853,2.8364853,"3,6",sab,TiNi,N126,0.298121,5509.77,2.7509,0.8201,6462,0.6462,19.0,16.833101207056636,16.8,19.0,19.05607,15.6323,19.05607,1.445
sab-TiNi-2-19,253,1.763901,6.995707,5.231806000000001,0.5231806000000001,"3,6",sab,TiNi,N19,1.31723,1529.88,0.221905,0.2923,1255,0.1255,8.1,7.1904382470119526,7.6,8.1,8.19303,6.74583,8.19301,1.445
sab-TiNi-3-20,253,2.065789,12.17355,10.107761,1.0107761,"3,6",sab,TiNi,N20,0.874642,2751.27,0.560686,0.4904,2558,0.2558,9.7,8.171774824081314,9.6,9.7,9.74737,8.2084,9.74737,1.445
sab-TiNi-4-410,253,1.983308,15.8934,13.910091999999999,1.3910091999999998,"3,6",sab,TiNi,N410,0.603679,3829.57,1.03847,0.6269,3886,0.3886,9.2,10.231343283582088,10.0,12.0,12.30596,8.16797,12.30596,1.445
sab-TiNi-5-386,253,2.710727,37.22999,34.519263,3.4519263000000002,"3,6",sab,TiNi,N386,0.243951,6187.63,3.47898,0.8487,6925,0.6925,21.2,18.576953068592054,17.6,21.8,21.83145,18.41343,21.79078,1.445
sab-TiNi-6-225,253,1.526205,4.484552,2.958347,0.2958347,"3,6",sab,TiNi,N225,1.52992,343.009,0.040525,0.062,211,0.0211,4.9,4.616587677725119,4.8,4.9,4.99768,4.17654,4.99764,1.445
sab-TiNi-7-592,253,1.504083,12.64855,11.144467,1.1144467,"3,6",sab,TiNi,N592,0.624623,3548.91,0.853315,0.533,3080,0.308,8.7,10.323214285714286,10.4,12.0,12.10103,7.77494,10.52186,1.445
sab-TiNi-9-130,253,1.444941,4.959028,3.514087,0.3514087,"3,6",sab,TiNi,N130,1.43564,781.522,0.0842827,0.121,476,0.0476,5.9,5.468067226890756,5.9,5.9,5.94813,4.61295,5.94434,1.445
sab-TiNi-TATB,253,2.231891,22.21289,19.980999,1.9980999000000002,"3,6",sab,TiNi,TATB,0.438862,4652.38,1.71922,0.7545,5240,0.524,11.0,13.22333969465649,12.3,15.9,15.90779,13.29064,15.88301,1.445
sit-TiCo-1-10,253,2.724793,9.592086,6.867293,0.6867293,"3,6",sit,TiCo,N10,1.18385,1879.16,0.340584,0.4032,1417,0.1417,6.2,5.91729004940014,6.2,6.2,6.22383,4.99344,6.18718,1.445
sit-TiCo-10-333,253,2.015166,17.29916,15.283994,1.5283994,"3,6",sit,TiCo,N333,0.567545,4158.35,1.16255,0.6598,4048,0.4048,11.5,10.60679347826087,11.5,11.7,11.71205,8.62522,11.71205,1.445
sit-TiCo-11-516,253,1.912345,16.61519,14.702844999999998,1.4702844999999998,"3,6",sit,TiCo,N516,0.59169,4079.49,1.0421,0.6166,3887,0.3887,11.1,10.10398765114484,11.1,11.2,11.24012,7.77213,11.05538,1.445
sit-TiCo-12-639,253,2.167656,16.05341,13.885753999999999,1.3885754,"3,6",sit,TiCo,N639,0.679036,3629.17,0.890379,0.6046,3398,0.3398,9.7,9.198351971748089,9.7,9.8,9.80592,8.19188,9.76203,1.445
sit-TiCo-13-126,253,2.567677,32.77492,30.207243000000002,3.0207243000000004,"3,6",sit,TiCo,N126,0.277101,5596.62,3.06423,0.8491,6751,0.6751,19.1,17.860391053177306,17.9,19.1,19.11926,16.50628,19.11926,1.445
sit-TiCo-2-19,253,2.401281,9.340121,6.93884,0.693884,"3,6",sit,TiCo,N19,1.22669,1924.22,0.365619,0.4485,1639,0.1639,6.4,6.116229408175717,6.4,6.5,6.5331,5.25496,6.53308,1.445
sit-TiCo-3-20,253,2.168974,13.99346,11.824486,1.1824486,"3,6",sit,TiCo,N20,0.788956,3021.7,0.730205,0.5761,3090,0.309,8.7,8.386310679611649,8.7,8.7,8.77307,7.72745,8.70378,1.445
sit-TiCo-4-410,253,1.988204,17.0443,15.056096,1.5056096,"3,6",sit,TiCo,N410,0.576303,4085.76,1.14714,0.6611,4046,0.4046,11.6,10.732081067721206,11.6,11.6,11.65761,9.10221,11.62446,1.445
sit-TiCo-5-386,253,2.889432,38.55373,35.664298,3.5664298000000003,"3,6",sit,TiCo,N386,0.233473,6188.07,3.72121,0.8688,7100,0.71,20.5,19.512591549295774,19.8,20.5,20.51763,16.54881,20.51761,1.445
sit-TiCo-6-225,253,0.08109826,1.029951,0.9488527400000001,0.094885274,"3,6",sit,TiCo,N225,1.69055,0.0,0.0,0.0,0,0.0,,,,,3.61665,1.61853,3.46422,1.445
sit-TiCo-7-592,253,1.546429,13.48988,11.943451,1.1943451,"3,6",sit,TiCo,N592,0.611781,3768.91,0.893621,0.5467,3098,0.3098,8.8,8.861168495803744,8.9,9.5,9.56763,6.90732,8.93421,1.445
sit-TiCo-9-130,253,2.514268,6.532855,4.018587,0.4018587,"3,6",sit,TiCo,N130,1.33859,1168.6,0.186465,0.2496,711,0.0711,5.7,5.30450070323488,5.7,5.7,5.74959,3.87094,5.74943,1.445
sit-TiCo-TATB,253,2.235152,23.7188,21.483648000000002,2.1483648000000004,"3,6",sit,TiCo,TATB,0.408716,4759.05,1.85606,0.7586,5572,0.5572,14.1,13.552763819095478,14.1,14.1,14.17876,12.02535,14.06781,1.445
sit-TiMg-1-10,253,3.589532,12.91997,9.330438,0.9330437999999999,"3,6",sit,TiMg,N10,0.931336,2688.83,0.466534,0.4345,1600,0.16,6.3,5.934437500000001,5.9,6.3,6.32754,4.90782,6.31117,1.445
sit-TiMg-10-333,253,2.861873,20.51631,17.654437,1.7654437,"3,6",sit,TiMg,N333,0.503705,4800.58,1.30553,0.6576,4068,0.4068,10.4,9.428048180924288,9.9,10.4,10.48253,7.93405,10.35727,1.445
sit-TiMg-11-516,253,2.663047,19.81367,17.150623,1.7150623,"3,6",sit,TiMg,N516,0.522792,4695.47,1.2351,0.6457,3963,0.3963,10.5,9.470047943477164,10.0,10.5,10.568,7.45602,10.56737,1.445
sit-TiMg-12-639,253,2.998516,19.37727,16.378754,1.6378754,"3,6",sit,TiMg,N639,0.608441,4362.68,1.0024,0.6099,3353,0.3353,8.4,7.755263942737847,7.8,8.4,8.46108,6.85394,8.46108,1.445
sit-TiMg-13-126,253,3.234407,36.44013,33.205723000000006,3.3205723000000007,"3,6",sit,TiMg,N126,0.254059,6177.86,3.34096,0.8488,6742,0.6742,17.2,16.040121625630377,16.5,17.2,17.21905,14.56337,17.21905,1.445
sit-TiMg-2-19,253,3.321775,11.65542,8.333644999999999,0.8333644999999998,"3,6",sit,TiMg,N19,1.01571,2485.9,0.372842,0.3787,1364,0.1364,5.7,5.834970674486804,6.2,6.3,6.32903,4.49462,6.32551,1.445
sit-TiMg-3-20,253,3.046287,16.89029,13.844003,1.3844003,"3,6",sit,TiMg,N20,0.711476,3596.61,0.765872,0.5449,2804,0.2804,7.4,7.02339514978602,7.3,7.5,7.56235,6.03294,7.56234,1.445
sit-TiMg-4-410,253,2.762878,20.64094,17.878062,1.7878062,"3,6",sit,TiMg,N410,0.498089,4749.86,1.34133,0.6681,4230,0.423,11.1,9.859810874704491,10.5,11.1,11.12394,8.90536,11.12394,1.445
sit-TiMg-5-386,253,3.778648,44.75751,40.97886200000001,4.0978862000000005,"3,6",sit,TiMg,N386,0.205974,6765.41,4.23646,0.8726,7227,0.7227,21.1,20.578386605783862,21.1,21.2,21.21349,17.33348,21.11846,1.445
sit-TiMg-6-225,253,2.832741,5.454535,2.621794,0.2621794,"3,6",sit,TiMg,N225,1.17969,0.0,0.0,0.0,0,0.0,,,,,4.74607,2.17114,4.74422,1.445
sit-TiMg-7-592,253,2.051293,15.36664,13.315347000000001,1.3315347000000002,"3,6",sit,TiMg,N592,0.568969,4206.67,0.972285,0.5532,3199,0.3199,8.9,8.28333854329478,8.7,9.1,9.18036,6.88116,8.98653,1.445
sit-TiMg-9-130,253,3.442708,10.34513,6.902422,0.6902421999999999,"3,6",sit,TiMg,N130,1.0862,1554.05,0.280152,0.3043,1023,0.1023,6.3,5.844868035190616,6.3,6.3,6.36127,4.3782,6.29053,1.445
sit-TiMg-TATB,253,2.915099,27.32505,24.409951,2.4409951,"3,6",sit,TiMg,TATB,0.370322,5420.68,2.08386,0.7717,5489,0.5489,13.0,12.1279468026963,12.9,13.0,13.03376,10.63548,12.9711,1.445
sit-TiNi-1-10,253,2.502409,8.576618,6.074209,0.6074208999999999,"3,6",sit,TiNi,N10,1.21565,1837.09,0.309629,0.3764,1247,0.1247,5.9,5.611788291900561,5.9,5.9,5.96492,4.62584,5.64587,1.445
sit-TiNi-10-333,253,2.025145,16.93367,14.908525,1.4908525,"3,6",sit,TiNi,N333,0.581384,4090.71,1.07795,0.6267,3957,0.3957,10.5,9.593682082385644,10.5,10.5,10.58147,8.08044,10.51111,1.445
sit-TiNi-11-516,253,2.005357,16.09568,14.090323000000001,1.4090323000000002,"3,6",sit,TiNi,N516,0.609748,3994.22,1.03994,0.6341,3762,0.3762,10.5,9.349149388623072,10.2,10.5,10.50443,7.40962,10.25604,1.445
sit-TiNi-12-639,253,2.223186,15.49332,13.270134,1.3270134,"3,6",sit,TiNi,N639,0.705643,3523.54,0.845328,0.5965,3245,0.3245,9.0,8.350107858243453,8.5,9.0,9.01902,7.39381,8.84388,1.445
sit-TiNi-13-126,253,2.598653,31.61259,29.013937000000002,2.9013937000000003,"3,6",sit,TiNi,N126,0.286333,5622.5,2.95809,0.847,6659,0.6659,17.4,15.969244631326026,16.4,17.4,17.47982,14.6314,17.47982,1.445
sit-TiNi-2-19,253,2.139906,8.60749,6.467584,0.6467584000000001,"3,6",sit,TiNi,N19,1.23427,1953.78,0.34012,0.4198,1604,0.1604,6.2,5.899750623441397,6.2,6.3,6.34922,4.97518,6.16739,1.445
sit-TiNi-3-20,253,2.091007,13.05087,10.959863,1.0959863,"3,6",sit,TiNi,N20,0.845523,2927.95,0.636647,0.5383,2697,0.2697,7.4,7.173044123099739,7.3,7.4,7.49212,6.34258,7.49211,1.445
sit-TiNi-4-410,253,1.998653,15.90809,13.909437,1.3909437,"3,6",sit,TiNi,N410,0.606456,3928.94,1.0441,0.6332,3821,0.3821,10.4,9.500026171159382,10.0,10.4,10.40981,9.02056,10.40979,1.445
sit-TiNi-5-386,253,2.844891,38.61446,35.769569000000004,3.5769569000000003,"3,6",sit,TiNi,N386,0.233896,6193.03,3.7243,0.8711,7106,0.7106,20.5,19.788967070081625,20.3,20.5,20.53749,16.46344,20.28088,1.445
sit-TiNi-6-225,253,0.9525056,2.980798,2.0282924,0.20282924000000002,"3,6",sit,TiNi,N225,1.58981,0.0,0.0,0.0,0,0.0,,,,,3.41505,1.66443,3.10283,1.445
sit-TiNi-7-592,253,1.629912,13.14706,11.517147999999999,1.1517148,"3,6",sit,TiNi,N592,0.626115,3783.9,0.866774,0.5427,3066,0.3066,8.9,8.267025440313112,8.5,9.2,9.29062,6.73968,9.29062,1.445
sit-TiNi-9-130,253,2.497579,6.490414,3.9928350000000004,0.3992835,"3,6",sit,TiNi,N130,1.35523,1155.76,0.194727,0.2639,754,0.0754,5.8,5.408488063660477,5.8,5.8,5.84018,3.95739,5.8171,1.445
sit-TiNi-TATB,253,2.252381,23.31045,21.058069,2.1058069,"3,6",sit,TiNi,TATB,0.416062,4758.33,1.80742,0.752,5489,0.5489,13.1,12.563654581891054,13.1,13.2,13.2161,11.40352,13.21608,1.445
stp-TiCo-1-445-D4h,253,1.744076,10.72211,8.978034000000001,0.8978034000000001,"4,6",stp,TiCo,N445,0.953741,1497.58,0.571644,0.5452,3743,0.3743,14.3,14.2764360138926,14.3,14.3,14.3583,13.92722,14.3583,1.445
stp-TiCo-11-662-D4h-T,253,3.015922,41.14269,38.126768,3.8126767999999998,"4,6",stp,TiCo,N662,0.215625,5718.19,4.02875,0.8687,7390,0.739,29.7,27.601299052774017,29.7,29.7,29.7732,26.07526,29.71886,1.445
stp-TiCo-2-13-D4h,253,1.851533,13.12515,11.273617,1.1273617,"4,6",stp,TiCo,N13,0.785293,1809.9,0.757297,0.5947,4210,0.421,15.8,15.779596199524942,15.8,15.8,15.81347,15.12752,15.81343,1.445
stp-TiMg-1-445-D4h,253,2.532145,14.08439,11.552245000000001,1.1552245,"4,6",stp,TiMg,N445,0.82274,1817.24,0.684663,0.5633,3922,0.3922,14.0,13.851453340132586,14.0,14.0,14.02559,12.87584,14.02558,1.445
stp-TiMg-11-662-D4h-T,253,3.664054,46.60507,42.941016,4.294101599999999,"4,6",stp,TiMg,N662,0.193001,6132.38,4.52485,0.8733,7496,0.7496,30.8,28.34159551760939,30.8,30.8,30.8115,26.96969,30.8115,1.445
stp-TiMg-2-13-D4h,253,2.554458,16.09353,13.539072,1.3539072,"4,6",stp,TiMg,N13,0.675388,2124.13,0.854324,0.577,4127,0.4127,16.3,16.229609886115824,16.3,16.3,16.33338,15.1194,16.32323,1.445
stp-TiNi-1-445-D4h,253,0.04189486,0.5595615,0.5176666400000001,0.051766664000000004,"4,6",stp,TiNi,N445,2.09944,0.0,0.0,0.0,0,0.0,,,,,3.53491,1.25589,2.72294,1.445
stp-TiNi-11-662-D4h-T,253,3.028698,40.93681,37.908112,3.7908112000000003,"4,6",stp,TiNi,N662,0.217146,5751.93,3.99363,0.8672,7396,0.7396,29.1,26.693442401298,29.1,29.1,29.10213,25.38517,28.66078,1.445
stp-TiNi-2-13-D4h,253,1.930712,13.09151,11.160798,1.1160798,"4,6",stp,TiNi,N13,0.802802,1779.55,0.746511,0.5993,4217,0.4217,15.3,15.258643585487317,15.3,15.3,15.36254,14.84854,15.36252,1.445
ttp-TiCo-10-607-D2h-D2d,253,2.423582,25.60285,23.179268,2.3179268,"3,6",ttp,TiCo,N607,0.352613,4269.48,2.25999,0.7969,6212,0.6212,23.9,23.25618158403091,23.9,23.9,23.9521,22.07725,23.9521,1.445
ttp-TiCo-3-1-D2h,253,2.183025,14.02128,11.838255,1.1838255,"4,6",stp,TiCo,N1,0.747419,1890.23,0.846513,0.6327,4510,0.451,15.6,15.51711751662971,15.6,15.6,15.64301,15.1423,15.64299,1.445
ttp-TiCo-4-12-D2h,253,2.015616,17.12018,15.104564000000002,1.5104564000000003,"3,6",ttp,TiCo,N12,0.546308,3514.8,1.18212,0.6458,4534,0.4534,16.5,15.87838553153948,16.5,16.5,16.56382,14.97453,16.56381,1.445
ttp-TiCo-8-644-D2h-D2d,253,2.111306,18.51667,16.405364000000002,1.6405364000000002,"4,6",stp,TiCo,N644,0.51148,2906.12,1.40905,0.7207,5545,0.5543,17.5,17.273669972948603,17.5,17.5,17.59156,16.75544,17.59155,1.445
ttp-TiCo-9-201-D2h-D2d,253,2.442505,27.44541,25.002905,2.5002904999999997,"4,6",stp,TiCo,N201,0.334866,3671.45,2.41888,0.81,6666,0.6666,26.8,26.604560456045604,26.8,26.8,26.88359,25.24071,26.88359,1.445
ttp-TiMg-10-607-D2h-D2d,253,3.221894,30.80218,27.580286,2.7580286000000003,"3,6",ttp,TiMg,N607,0.308583,4939.9,2.6437,0.8158,6417,0.6417,24.5,23.520445691132924,24.5,24.5,24.54748,22.66123,24.54748,1.445
ttp-TiMg-3-1-D2h,253,3.117899,17.73496,14.617061000000001,1.4617061000000002,"4,6",stp,TiMg,N1,0.635075,2200.95,0.980356,0.6226,4555,0.4555,16.8,16.793347969264545,16.8,16.8,16.89193,16.65213,16.88383,1.445
ttp-TiMg-4-12-D2h,253,2.77004,21.34791,18.577869999999997,1.8577869999999996,"3,6",ttp,TiMg,N12,0.465909,4225.33,1.42925,0.6659,4692,0.4692,16.5,15.43493179880648,16.5,16.5,16.57888,14.65508,16.50283,1.445
ttp-TiMg-8-644-D2h-D2d,253,3.298588,23.99933,20.700742,2.0700742,"4,6",stp,TiMg,N644,0.412,3406.72,1.78519,0.7355,5793,0.5793,21.8,21.758846884170552,21.8,21.8,21.8415,21.60331,21.83804,1.445
ttp-TiMg-9-201-D2h-D2d,253,3.07166,30.92655,27.854889999999997,2.7854889999999997,"4,6",stp,TiMg,N201,0.305588,4297.25,2.64146,0.8072,6622,0.6622,25.1,24.34510721836304,25.1,25.1,25.14777,23.35751,25.14777,1.445
ttp-TiNi-10-607-D2h-D2d,253,2.349813,25.23599,22.886177,2.2886177,"3,6",ttp,TiNi,N607,0.358062,4283.72,2.2133,0.7925,6192,0.6192,23.4,22.579312015503877,23.4,23.4,23.48168,21.50207,23.4612,1.445
ttp-TiNi-3-1-D2h,253,2.235631,14.28177,12.046139,1.2046139,"4,6",stp,TiNi,N1,0.755273,1831.33,0.849759,0.6418,4619,0.4619,16.4,16.39919896081403,16.4,16.4,16.47824,16.20137,16.47823,1.445
ttp-TiNi-4-12-D2h,253,1.987011,16.87004,14.883028999999999,1.4883028999999999,"3,6",ttp,TiNi,N12,0.554895,3473.81,1.15517,0.641,4520,0.452,16.4,15.793606194690264,16.4,16.4,16.46716,14.46604,16.46159,1.445
ttp-TiNi-8-644-D2h-D2d,253,1.913245,18.99786,17.084615,1.7084614999999999,"4,6",stp,TiNi,N644,0.491372,2876.47,1.49846,0.7363,5753,0.5753,20.8,20.760837823744133,20.8,20.8,20.87146,20.29765,20.87144,1.445
ttp-TiNi-9-201-D2h-D2d,253,2.497274,27.30863,24.811356,2.4811356,"4,6",stp,TiNi,N201,0.33955,3598.98,2.38227,0.8089,6660,0.666,26.9,26.761996996996995,26.9,26.9,26.9356,25.15776,26.9356,1.445
ttx-TiCo-10-607-D2h-D2d,253,2.210795,22.76746,20.556665,2.0556665,"3,6",ttx,TiCo,N607,0.41109,4421.5,1.79133,0.7364,5590,0.559,19.0,17.881610017889088,19.0,19.0,19.05468,18.31854,19.05468,1.445
ttx-TiCo-3-1-D2h,253,2.078286,12.34136,10.263074,1.0263073999999999,"3,6",ttx,TiCo,N1,0.886007,1728.54,0.635774,0.5633,3680,0.368,13.4,13.393505434782613,13.4,13.4,13.41679,11.89863,13.41679,1.445
ttx-TiCo-4-12-D2h,253,2.089569,19.28662,17.197051,1.7197050999999999,"4,6",stp,TiCo,N12,0.487799,3790.01,1.37167,0.6691,5033,0.5033,19.8,18.94814226107689,19.8,19.8,19.81351,18.21161,19.81349,1.445
ttx-TiCo-5-665-D2h,253,2.255467,23.63866,21.383193000000002,2.1383193,"4,6",stp,TiCo,N665,0.398077,4133.12,1.80694,0.7193,5758,0.5758,22.1,21.44230635637374,22.1,22.1,22.14149,21.70359,22.14148,1.445
ttx-TiCo-6-614-D2h,253,2.335654,27.64567,25.310015999999997,2.5310015999999997,"4,6",stp,TiCo,N614,0.339242,4734.97,2.28303,0.7745,6201,0.6201,23.5,22.40185453959039,23.5,23.5,23.50523,22.48052,23.50523,1.445
ttx-TiCo-7-7-D2h-D2d,253,2.236999,12.94092,10.703921000000001,1.0703921,"3,6",ttx,TiCo,N7,0.789486,2319.24,0.747828,0.5904,3804,0.3804,13.2,13.131177707676128,13.2,13.2,13.28556,11.73804,13.28552,1.445
ttx-TiCo-8-644-D2h-D2d,253,1.962172,14.65803,12.695858,1.2695858,"3,6",ttx,TiCo,N644,0.669655,3065.53,0.974232,0.6524,4177,0.4177,13.6,13.314603782619104,13.6,13.6,13.62669,12.08277,13.60697,1.445
ttx-TiMg-10-607-D2h-D2d,253,2.835285,26.23319,23.397905,2.3397905000000003,"3,6",ttx,TiMg,N607,0.37037,4832.83,2.00151,0.7413,5634,0.5634,18.4,17.190592829250974,18.4,18.4,18.44644,17.34487,18.44644,1.445
ttx-TiMg-3-1-D2h,253,2.9262,15.71219,12.78599,1.278599,"3,6",ttx,TiMg,N1,0.749671,2101.88,0.740324,0.555,3582,0.3582,12.5,12.397934115019542,12.5,12.5,12.55513,11.96861,12.52709,1.445
ttx-TiMg-4-12-D2h,253,3.044713,23.69193,20.647216999999998,2.0647216999999998,"4,6",stp,TiMg,N12,0.416793,4353.2,1.65142,0.6883,5282,0.5282,20.9,19.977811435062478,20.9,20.9,20.91664,19.20896,20.91635,1.445
ttx-TiMg-5-665-D2h,253,3.061926,27.33967,24.277744000000002,2.4277744,"4,6",stp,TiMg,N665,0.351723,4756.13,2.2131,0.7784,5869,0.5869,21.5,20.33883114670302,21.5,21.5,21.51228,19.90337,21.51227,1.445
ttx-TiMg-6-614-D2h,253,3.083999,32.01043,28.926431,2.8926431,"4,6",stp,TiMg,N614,0.301183,5214.24,2.72923,0.822,6424,0.6424,24.0,22.86411892901619,24.0,24.0,24.04196,23.40595,23.96355,1.445
ttx-TiMg-7-7-D2h-D2d,253,3.251448,17.51202,14.260572,1.4260572,"3,6",ttx,TiMg,N7,0.677766,2887.11,0.878327,0.5953,3699,0.3699,12.1,11.716409840497432,12.1,12.1,12.11857,11.0884,12.11345,1.445
ttx-TiMg-8-644-D2h-D2d,253,3.110378,18.77755,15.667172,1.5667172,"3,6",ttx,TiMg,N644,0.562354,3606.35,1.19462,0.6718,4367,0.4367,14.1,13.75223265399588,14.1,14.1,14.16319,12.98487,14.16305,1.445
ttx-TiNi-10-607-D2h-D2d,253,2.213322,22.28748,20.074157999999997,2.0074157999999995,"3,6",ttx,TiNi,N607,0.424293,4363.57,1.74125,0.7388,5507,0.5507,18.0,16.912238968585438,18.0,18.0,18.04293,17.3592,18.04292,1.445
ttx-TiNi-3-1-D2h,253,2.058692,12.32441,10.265718,1.0265718,"3,6",ttx,TiNi,N1,0.901744,1691.16,0.632552,0.5704,3711,0.3711,13.2,13.196308272702776,13.2,13.2,13.25456,11.59129,13.25455,1.445
ttx-TiNi-4-12-D2h,253,2.134272,18.87541,16.741138,1.6741138,"4,6",stp,TiNi,N12,0.497697,3729.06,1.34218,0.668,4985,0.4985,18.9,18.200561685055163,18.9,18.9,18.92768,17.90558,18.92768,1.445
ttx-TiNi-5-665-D2h,253,2.40793,23.22481,20.81688,2.081688,"4,6",stp,TiNi,N665,0.404664,4075.72,1.88156,0.7614,5841,0.5841,22.0,21.40239684985448,22.0,22.0,22.02095,21.03315,22.02091,1.445
ttx-TiNi-6-614-D2h,253,2.504505,27.36713,24.862625,2.4862625,"4,6",stp,TiNi,N614,0.344995,4667.12,2.30902,0.7966,6271,0.6271,22.7,21.65279859671504,22.7,22.7,22.78407,21.54934,22.78379,1.445
ttx-TiNi-7-7-D2h-D2d,253,2.169059,12.58253,10.413471000000001,1.0413471,"3,6",ttx,TiNi,N7,0.814635,2180.96,0.714431,0.582,3739,0.3739,12.6,12.546055094945173,12.6,12.6,12.63549,11.38817,12.61639,1.445
ttx-TiNi-8-644-D2h-D2d,253,1.700315,14.24895,12.548635,1.2548635000000001,"3,6",ttx,TiNi,N644,0.689989,2952.87,0.941754,0.6498,4157,0.4157,13.2,12.88802020687996,13.2,13.2,13.22197,11.39131,13.21857,1.445
txs-TiCo-10-607-D2h-D2d,253,1.986199,19.10815,17.121951,1.7121951,"4,6",txs,TiCo,N607,0.501318,4388.85,1.35044,0.677,4518,0.4518,13.0,10.962571934484284,11.3,13.0,13.06178,8.64248,13.06178,1.445
txs-TiCo-11-662-D4h-T,253,2.599891,34.07521,31.475319,3.1475318999999997,"4,6",txs,TiCo,N662,0.264877,5740.57,3.19809,0.8471,6800,0.68,22.6,19.95741176470588,22.1,22.9,22.92359,13.63273,22.60423,1.445
txs-TiCo-12-693-Td,253,1.474628,3.785962,2.311334,0.2311334,"4,6",txs,TiCo,N693,1.61136,0.0,0.0,0.0,0,0.0,,,,,5.52724,2.60825,5.52723,1.445
txs-TiCo-13-600-Td,253,1.87098,12.42524,10.554260000000001,1.0554260000000002,"4,6",txs,TiCo,N600,0.759579,2905.38,0.632456,0.4804,2822,0.2822,10.6,9.428065201984408,10.6,10.7,10.71111,6.0524,10.60682,1.445
txs-TiCo-7-7-D2h-D2d,253,2.210153,11.70593,9.495777,0.9495777000000001,"4,6",txs,TiCo,N7,0.921061,2384.89,0.579223,0.5335,2787,0.2787,10.8,10.187656978830285,10.8,10.9,10.9368,5.93395,10.72817,1.445
txs-TiMg-10-607-D2h-D2d,253,2.710964,22.64922,19.938256,1.9938255999999999,"4,6",txs,TiMg,N607,0.437943,4860.72,1.57669,0.6905,4743,0.4743,13.7,11.556715159181952,11.8,13.7,13.70746,8.87654,13.70746,1.445
txs-TiMg-11-662-D4h-T,253,3.224746,38.89408,35.669334,3.5669334,"4,6",txs,TiMg,N662,0.234947,6215.49,3.62933,0.8527,6946,0.6946,22.9,20.18059314713504,21.7,22.9,22.91058,14.47868,21.17357,1.445
txs-TiMg-12-693-Td,253,3.151151,6.95055,3.7993989999999997,0.3799399,"4,6",txs,TiMg,N693,1.29561,808.702,0.121101,0.1569,516,0.0516,6.0,5.857364341085272,6.0,6.0,6.0761,2.91814,6.04293,1.445
txs-TiMg-13-600-Td,253,2.726777,15.50173,12.774953,1.2774953,"4,6",txs,TiMg,N600,0.657083,3372.9,0.763526,0.5017,3069,0.3069,11.3,9.652166829586184,10.5,11.3,11.38608,6.35406,11.16907,1.445
txs-TiMg-7-7-D2h-D2d,253,3.379676,15.8175,12.437824,1.2437824000000002,"4,6",txs,TiMg,N7,0.771751,2841.46,0.694266,0.5358,2937,0.2937,10.7,9.97878787878788,10.7,10.7,10.74604,6.27048,10.74603,1.445
txs-TiNi-10-607-D2h-D2d,253,2.028304,19.27883,17.250526,1.7250526000000002,"4,6",txs,TiNi,N607,0.496729,4322.77,1.37882,0.6849,4649,0.4649,13.5,11.458012475801247,12.1,13.5,13.52187,8.55023,13.51514,1.445
txs-TiNi-11-662-D4h-T,253,2.576954,34.34647,31.769515999999996,3.1769515999999998,"4,6",txs,TiNi,N662,0.262108,5760.79,3.21356,0.8423,6803,0.6803,23.0,20.40248419814788,22.8,23.1,23.15557,13.88044,23.02499,1.445
txs-TiNi-12-693-Td,253,1.230827,4.008994,2.7781670000000007,0.2778167000000001,"4,6",txs,TiNi,N693,1.58218,0.0,0.0,0.0,0,0.0,,,,,5.42325,2.87527,5.31402,1.445
txs-TiNi-13-600-Td,253,1.956915,11.89189,9.934975,0.9934974999999999,"4,6",txs,TiNi,N600,0.80785,2781.39,0.555053,0.4484,2572,0.2572,9.7,8.639463452566096,9.4,9.8,9.81788,5.12195,9.81788,1.445
txs-TiNi-7-7-D2h-D2d,253,2.165193,11.53475,9.369557,0.9369557000000001,"4,6",txs,TiNi,N7,0.93438,2316.67,0.56401,0.527,2818,0.2818,10.6,9.985166784953869,10.6,10.6,10.64138,5.89737,10.64137,1.445
ydq-TiCo-1-10,253,2.431012,10.87679,8.445778,0.8445778,"3,6",ydq,TiCo,N10,0.986036,1947.45,0.514788,0.5076,3025,0.3025,13.2,11.636694214876034,13.2,13.2,13.30802,9.66222,13.28912,1.445
ydq-TiCo-10-333,253,2.131916,19.56485,17.432934,1.7432934,"3,6",ydq,TiCo,N333,0.457473,3504.42,1.46019,0.668,5399,0.5399,22.3,19.53332098536766,21.7,22.4,22.4432,17.14855,22.42413,1.445
ydq-TiCo-11-516,253,2.031808,18.84071,16.808902000000003,1.6808902000000003,"3,6",ydq,TiCo,N516,0.474775,3329.02,1.39982,0.6646,5369,0.5369,22.2,19.341329856584093,21.6,22.2,22.35167,17.34095,22.35167,1.445
ydq-TiCo-12-639,253,2.278932,18.7767,16.497768,1.6497768000000002,"3,6",ydq,TiCo,N639,0.544202,3193.82,1.20617,0.6564,5043,0.5043,20.7,17.824905810033712,20.4,20.7,20.89292,14.58616,20.72827,1.445
ydq-TiCo-2-19,253,2.234444,10.24257,8.008126,0.8008126000000001,"3,6",ydq,TiCo,N19,1.03988,1910.67,0.493901,0.5136,3026,0.3026,12.8,11.345076007931263,12.8,12.8,12.88606,9.35414,12.87491,1.445
ydq-TiCo-3-20,253,2.265692,16.24184,13.976148,1.3976148,"3,6",ydq,TiCo,N20,0.647083,2763.28,0.977,0.6322,4575,0.4575,18.6,16.334775956284155,18.6,18.6,18.65818,14.06525,18.65628,1.445
ydq-TiCo-4-410,253,2.1995,19.89056,17.69106,1.769106,"3,6",ydq,TiCo,N410,0.456596,3768.02,1.47548,0.6737,5398,0.5398,21.2,18.353593923675437,20.0,21.2,21.34159,16.3895,21.34159,1.445
ydq-TiCo-6-225,253,2.16941,7.924569,5.755159,0.5755159,"3,6",ydq,TiCo,N225,1.15363,947.284,0.239246,0.276,1562,0.1562,11.4,10.664084507042253,11.4,11.6,11.62918,7.23497,11.5892,1.445
ydq-TiCo-9-130,253,2.368869,7.888881,5.5200119999999995,0.5520012,"3,6",ydq,TiCo,N130,1.12948,1315.42,0.343611,0.3881,2359,0.2359,10.8,10.072742687579485,10.3,10.9,10.91578,8.7188,10.90627,1.445
ydq-TiMg-1-10,253,3.760663,15.65206,11.891397000000001,1.1891397000000001,"3,6",ydq,TiMg,N10,0.788299,2460.65,0.665991,0.525,3207,0.3207,13.5,11.677517929529156,13.4,13.5,13.53719,9.63205,13.53719,1.445
ydq-TiMg-10-333,253,2.937254,22.94348,20.006226,2.0006226000000003,"3,6",ydq,TiMg,N333,0.419295,3966.24,1.58766,0.6657,5354,0.5354,21.5,18.484049308927904,20.2,21.7,21.95549,16.41706,21.95549,1.445
ydq-TiMg-11-516,253,2.817986,21.67926,18.861273999999998,1.8861274,"3,6",ydq,TiMg,N516,0.439664,3756.22,1.48272,0.6519,5265,0.5265,21.2,18.109458689458688,20.0,21.2,21.43087,15.8282,21.12522,1.445
ydq-TiMg-12-639,253,3.05095,22.40648,19.355529999999998,1.9355529999999999,"3,6",ydq,TiMg,N639,0.47648,3736.7,1.36165,0.6488,5041,0.5041,20.3,17.31354889902797,20.1,20.5,20.77857,14.4792,20.36645,1.445
ydq-TiMg-2-19,253,3.262798,14.34975,11.086952,1.1086952,"3,6",ydq,TiMg,N19,0.820228,2435.86,0.653843,0.5363,3244,0.3244,13.2,11.5557336621455,13.1,13.2,13.27091,9.34153,13.23105,1.445
ydq-TiMg-3-20,253,3.10247,19.92534,16.822869999999998,1.6822869999999999,"3,6",ydq,TiMg,N20,0.555828,3317.29,1.13021,0.6282,4537,0.4537,18.1,15.677738593784438,18.1,18.1,18.13843,13.68978,18.1131,1.445
ydq-TiMg-4-410,253,2.939076,23.60415,20.665074,2.0665074,"3,6",ydq,TiMg,N410,0.409787,4264.44,1.64354,0.6735,5354,0.5354,20.6,17.976802390735898,19.2,20.7,20.7959,16.08742,20.7959,1.445
ydq-TiMg-6-225,253,1.71268,11.28932,9.57664,0.957664,"3,6",ydq,TiMg,N225,0.947059,1602.03,0.365869,0.3465,1928,0.1928,11.9,10.493724066390042,11.8,12.1,12.36943,7.62615,12.36943,1.445
ydq-TiMg-9-130,253,3.320466,12.09517,8.774704,0.8774704,"3,6",ydq,TiMg,N130,0.912345,1713.48,0.457064,0.417,2613,0.2613,11.6,10.687562189054727,10.9,11.6,11.6691,9.51028,11.6579,1.445
ydq-TiNi-1-10,253,2.475548,10.80936,8.333812,0.8333812,"3,6",ydq,TiNi,N10,1.01125,1867.34,0.504127,0.5098,3049,0.3049,12.9,11.4710068875041,12.9,12.9,12.99211,9.46299,12.99131,1.445
ydq-TiNi-10-333,253,2.24743,19.29015,17.04272,1.704272,"3,6",ydq,TiNi,N333,0.469127,3397.89,1.43884,0.675,5414,0.5414,21.7,19.300849649057994,21.2,21.9,22.02846,16.82469,21.67767,1.445
ydq-TiNi-11-516,253,2.14715,18.61581,16.46866,1.646866,"3,6",ydq,TiNi,N516,0.48409,3249.84,1.37247,0.6644,5360,0.536,21.3,19.614962686567168,21.3,22.4,22.60809,17.412,22.27173,1.445
ydq-TiNi-12-639,253,2.327722,18.48181,16.154087999999998,1.6154087999999998,"3,6",ydq,TiNi,N639,0.551742,3085.8,1.19621,0.66,5099,0.5099,20.8,18.275720729554813,20.8,21.2,21.32626,14.93399,21.31429,1.445
ydq-TiNi-2-19,253,2.291665,9.933006,7.641341000000001,0.7641341,"3,6",ydq,TiNi,N19,1.06089,1834.22,0.490062,0.5199,3076,0.3076,12.6,11.23920676202861,12.5,12.6,12.6531,9.22797,12.65047,1.445
ydq-TiNi-3-20,253,2.308436,15.9146,13.606164,1.3606164,"3,6",ydq,TiNi,N20,0.658581,2686.06,0.966928,0.6368,4611,0.4611,18.5,16.340555194101064,18.4,18.5,18.54896,13.88383,18.54896,1.445
ydq-TiNi-4-410,253,2.214728,19.72423,17.509501999999998,1.7509501999999997,"3,6",ydq,TiNi,N410,0.464223,3624.08,1.44995,0.6731,5403,0.5403,21.2,18.595687580973536,20.1,21.3,21.3245,16.65107,21.3245,1.445
ydq-TiNi-6-225,253,0.5373857,6.590917,6.0535313,0.60535313,"3,6",ydq,TiNi,N225,1.16371,1169.14,0.283403,0.3298,1833,0.1833,11.9,10.902182214948173,11.9,12.1,12.21175,7.56936,12.21175,1.445
ydq-TiNi-9-130,253,2.070089,8.197037,6.1269480000000005,0.6126948000000001,"3,6",ydq,TiNi,N130,1.13696,1291.2,0.351551,0.3997,2438,0.2438,11.0,10.320959803117308,10.5,11.0,11.11627,8.80065,11.11627,1.445
ceq-TiCo-1-10,273,1.850859,7.630224,5.779365,0.5779365000000001,"3,6",ceq,TiCo,N10,1.21459,1806.77,0.294667,0.3579,1257,0.1257,5.8,5.718536197295147,5.8,6.0,6.07217,5.10152,5.90439,1.445
ceq-TiCo-10-333,273,1.585023,14.85269,13.267667000000001,1.3267667,"3,6",ceq,TiCo,N333,0.578443,4032.75,1.06527,0.6162,4033,0.4033,11.5,10.359112323332509,11.5,11.9,11.90475,9.51036,11.85231,1.445
ceq-TiCo-11-516,273,1.477135,13.89694,12.419805,1.2419805,"3,6",ceq,TiCo,N516,0.613734,3864.6,0.964587,0.592,3797,0.3797,11.0,9.572004213853042,10.7,11.1,11.1373,8.62506,11.07183,1.445
ceq-TiCo-12-639,273,1.692116,13.56448,11.872364,1.1872364,"3,6",ceq,TiCo,N639,0.728084,3494.73,0.779168,0.5673,3099,0.3099,8.2,7.877767021619878,7.9,8.5,8.54564,6.7773,8.43775,1.445
ceq-TiCo-13-126,273,2.144762,28.98224,26.837478,2.6837478,"3,6",ceq,TiCo,N126,0.282249,5631.87,3.01861,0.852,6689,0.6689,17.0,16.569143369711465,17.0,17.8,17.82836,15.14346,17.0768,1.445
ceq-TiCo-2-19,273,1.766944,7.595323,5.828379,0.5828379,"3,6",ceq,TiCo,N19,1.26274,1828.82,0.314476,0.3971,1431,0.1431,5.7,5.618099231306778,5.7,5.8,5.87712,5.09131,5.71078,1.445
ceq-TiCo-3-20,273,1.611352,10.70896,9.097608,0.9097607999999999,"3,6",ceq,TiCo,N20,0.892794,2849.38,0.545702,0.4872,2243,0.2243,6.9,6.838074008024967,6.9,7.1,7.13199,5.83361,7.13198,1.445
ceq-TiCo-4-410,273,1.473595,15.12344,13.649845000000001,1.3649845,"3,6",ceq,TiCo,N410,0.569958,4134.54,1.1171,0.6367,4082,0.4082,11.6,10.210828025477708,10.6,11.6,11.67421,8.69689,10.92577,1.445
ceq-TiCo-5-386,273,2.545201,35.71121,33.166009,3.3166009,"3,6",ceq,TiCo,N386,0.229929,6225.07,3.7977,0.8732,7117,0.7117,19.0,18.878445974427425,19.2,19.9,19.96274,18.54632,19.86965,1.445
ceq-TiCo-6-225,273,0.729271,3.676227,2.946956,0.2946956,"3,6",ceq,TiCo,N225,1.40473,0.0,0.0,0.0,0,0.0,,,,,5.12443,2.67376,5.03088,1.445
ceq-TiCo-7-592,273,1.139859,10.944,9.804141000000001,0.9804141000000002,"3,6",ceq,TiCo,N592,0.646386,3318.02,0.729131,0.4713,2952,0.2952,10.1,8.784552845528456,8.6,10.1,10.11715,6.58071,10.01828,1.445
ceq-TiCo-9-130,273,1.73227,5.280987,3.548717,0.3548717,"3,6",ceq,TiCo,N130,1.33936,1018.01,0.157314,0.2107,703,0.0703,5.8,5.334992887624467,5.5,5.8,5.86327,4.40667,5.86327,1.445
ceq-TiMg-1-10,273,2.819457,10.10437,7.2849129999999995,0.7284913,"3,6",ceq,TiMg,N10,0.999417,2183.97,0.358209,0.358,1238,0.1238,5.3,5.409046849757674,5.3,5.7,5.76054,4.86205,5.59945,1.445
ceq-TiMg-10-333,273,2.197922,17.96518,15.767258,1.5767258,"3,6",ceq,TiMg,N333,0.50131,4609.14,1.25371,0.6285,4180,0.418,11.5,9.872129186602873,10.2,11.5,11.50666,9.24878,11.50662,1.445
ceq-TiMg-11-516,273,2.024899,16.97298,14.948081,1.4948081,"3,6",ceq,TiMg,N516,0.529068,4435.28,1.15996,0.6137,4023,0.4023,11.1,9.475416355953268,10.1,11.1,11.17092,8.48825,11.17092,1.445
ceq-TiMg-12-639,273,2.248003,15.40458,13.156576999999999,1.3156576999999998,"3,6",ceq,TiMg,N639,0.675461,3936.03,0.769104,0.5195,2717,0.2717,7.5,7.25218991534781,7.4,7.7,7.74596,6.00017,7.57434,1.445
ceq-TiMg-13-126,273,2.672716,32.30982,29.637104,2.9637104,"3,6",ceq,TiMg,N126,0.259373,6149.23,3.27213,0.8487,6700,0.67,15.6,15.80183582089552,15.8,16.8,16.87693,14.13515,16.15173,1.445
ceq-TiMg-2-19,273,2.600559,9.40582,6.805261,0.6805261,"3,6",ceq,TiMg,N19,1.05993,2112.33,0.355305,0.3766,1319,0.1319,5.4,5.367778620166793,5.4,5.5,5.53585,4.72529,5.47927,1.445
ceq-TiMg-3-20,273,2.309723,12.60365,10.293927,1.0293927,"3,6",ceq,TiMg,N20,0.800093,3125.83,0.531938,0.4256,2059,0.2059,6.7,6.687421078193298,6.8,7.3,7.36617,5.49468,7.35004,1.445
ceq-TiMg-4-410,273,2.099972,18.2299,16.129928,1.6129928,"3,6",ceq,TiMg,N410,0.498421,4696.9,1.2983,0.6471,4225,0.4225,12.2,10.21921893491124,10.0,12.2,12.26322,8.50743,10.40681,1.445
ceq-TiMg-5-386,273,3.214416,41.40036,38.185944,3.8185944,"3,6",ceq,TiMg,N386,0.202052,6879.94,4.35384,0.8797,7229,0.7229,20.1,19.248651265735237,19.6,20.1,20.15893,18.90877,20.1296,1.445
ceq-TiMg-6-225,273,0.6571249,4.688283,4.0311581,0.40311580999999996,"3,6",ceq,TiMg,N225,1.16287,0.0,0.0,0.0,0,0.0,,,,,4.8881,2.55958,4.84413,1.445
ceq-TiMg-7-592,273,1.510337,11.57411,10.063773,1.0063773,"3,6",ceq,TiMg,N592,0.643583,3123.88,0.704494,0.4534,2754,0.2754,8.4,8.558678286129267,8.4,9.5,9.50685,7.31293,8.48236,1.445
ceq-TiMg-9-130,273,3.382059,7.751786,4.369727,0.4369727,"3,6",ceq,TiMg,N130,1.08754,1389.18,0.228314,0.2483,914,0.0914,6.1,5.6263676148796495,5.5,6.1,6.19372,4.75481,6.19372,1.445
ceq-TiNi-1-10,273,1.560294,6.501381,4.9410870000000005,0.49410870000000007,"3,6",ceq,TiNi,N10,1.25523,1648.79,0.262582,0.3296,1063,0.1063,5.4,5.327657572906866,5.4,5.6,5.63377,4.79273,5.44483,1.445
ceq-TiNi-10-333,273,1.622669,14.89332,13.270650999999999,1.3270651,"3,6",ceq,TiNi,N333,0.578021,3948.95,1.0856,0.6275,4090,0.409,11.6,10.184938875305624,10.8,11.6,11.62502,9.82685,11.51194,1.445
ceq-TiNi-11-516,273,1.485596,14.15806,12.672464000000002,1.2672464,"3,6",ceq,TiNi,N516,0.603256,3844.9,1.0072,0.6076,3918,0.3918,11.5,10.105308831036243,11.3,11.7,11.70534,9.14203,11.70534,1.445
ceq-TiNi-12-639,273,1.706775,13.09317,11.386395,1.1386395,"3,6",ceq,TiNi,N639,0.768359,3409.49,0.700974,0.5386,2800,0.28,7.8,7.382821428571429,7.5,7.8,7.89292,6.0888,7.89291,1.445
ceq-TiNi-13-126,273,2.143198,28.86956,26.726362,2.6726362000000004,"3,6",ceq,TiNi,N126,0.28464,5593.12,2.98623,0.85,6652,0.6652,18.5,16.755532170775705,16.7,18.5,18.50525,15.08543,16.74324,1.445
ceq-TiNi-2-19,273,1.503469,6.480164,4.976695,0.49766950000000004,"3,6",ceq,TiNi,N19,1.29692,1725.09,0.296317,0.3843,1295,0.1295,5.6,5.436370656370657,5.5,5.6,5.65403,4.88846,5.65401,1.445
ceq-TiNi-3-20,273,1.568459,9.898481,8.330022,0.8330021999999999,"3,6",ceq,TiNi,N20,0.92957,2724.87,0.459245,0.4269,1997,0.1997,6.8,6.723234852278418,6.8,7.0,7.02113,5.65976,6.97516,1.445
ceq-TiNi-4-410,273,1.509459,14.77222,13.262761000000001,1.3262761,"3,6",ceq,TiNi,N410,0.584759,3979.43,1.08216,0.6328,4046,0.4046,10.5,9.636109738012852,10.0,10.5,10.54301,8.61505,10.23889,1.445
ceq-TiNi-5-386,273,2.381213,35.40424,33.023027,3.3023027,"3,6",ceq,TiNi,N386,0.230448,6195.6,3.79609,0.8748,7114,0.7114,20.0,18.872968793927463,19.4,20.0,20.06167,18.62337,20.01355,1.445
ceq-TiNi-6-225,273,0.1334038,1.86748,1.7340762,0.17340762,"3,6",ceq,TiNi,N225,1.45155,0.0,0.0,0.0,0,0.0,,,,,4.88946,2.45688,4.47613,1.445
ceq-TiNi-7-592,273,1.186805,9.825102,8.638297,0.8638296999999999,"3,6",ceq,TiNi,N592,0.708424,2843.28,0.621097,0.44,2647,0.2647,8.6,8.395428787306383,8.6,8.7,8.85232,7.24919,8.77799,1.445
ceq-TiNi-9-130,273,1.214075,4.333424,3.1193489999999997,0.31193489999999996,"3,6",ceq,TiNi,N130,1.37823,1002.84,0.159044,0.2192,688,0.0688,5.7,5.196366279069768,5.5,5.7,5.79581,4.23042,5.79581,1.445
cml-TiCo-1-10,273,1.845685,8.056045,6.21036,0.6210359999999999,"3,6",cml,TiCo,N10,1.16205,1942.61,0.315219,0.3663,1498,0.1498,6.2,6.0211615487316426,6.1,6.3,6.3685,5.2944,6.05631,1.445
cml-TiCo-10-333,273,1.517185,14.85194,13.334755000000001,1.3334755,"3,6",cml,TiCo,N333,0.584696,4099.28,1.01266,0.5921,3906,0.3906,10.7,9.745340501792114,10.6,10.7,10.73541,8.93998,10.73307,1.445
cml-TiCo-11-516,273,1.440316,14.33935,12.899034,1.2899034,"3,6",cml,TiCo,N516,0.601103,4026.1,0.970051,0.5831,3821,0.3821,10.7,9.919759225333683,10.7,10.9,10.90541,9.04566,10.89506,1.445
cml-TiCo-12-639,273,1.712583,14.29394,12.581356999999999,1.2581357,"3,6",cml,TiCo,N639,0.676516,3565.9,0.853047,0.5771,3517,0.3517,10.2,9.5130508956497,9.8,10.2,10.25777,8.06113,10.25777,1.445
cml-TiCo-13-126,273,2.14016,29.94723,27.807070000000003,2.7807070000000005,"3,6",cml,TiCo,N126,0.276747,5638.2,3.03418,0.8397,6688,0.6688,18.2,17.171471291866027,17.7,18.2,18.25286,16.12155,18.24016,1.445
cml-TiCo-2-19,273,1.837703,7.969818,6.132115,0.6132115,"3,6",cml,TiCo,N19,1.20709,1946.24,0.330714,0.3992,1686,0.1686,6.0,5.906049822064057,6.0,6.1,6.11684,5.61048,6.09402,1.445
cml-TiCo-3-20,273,1.616309,11.83472,10.218411000000001,1.0218411,"3,6",cml,TiCo,N20,0.826141,3000.73,0.626769,0.5178,2763,0.2763,8.0,7.668584871516467,7.8,8.0,8.06832,6.93764,8.0683,1.445
cml-TiCo-4-410,273,1.516642,15.37839,13.861747999999999,1.3861747999999998,"3,6",cml,TiCo,N410,0.566539,4140.67,1.09348,0.6195,4096,0.4096,11.5,10.5462646484375,11.4,11.6,11.64015,9.07515,11.59593,1.445
cml-TiCo-5-386,273,2.467174,35.64809,33.180916,3.3180916000000003,"3,6",cml,TiCo,N386,0.229126,6236.61,3.77042,0.8639,7035,0.7035,20.4,19.92220326936745,20.4,20.7,20.78995,17.39186,20.62732,1.445
cml-TiCo-6-225,273,0.3554477,3.726101,3.3706533,0.33706533,"3,6",cml,TiCo,N225,1.37322,389.57,0.0411441,0.0565,171,0.0171,4.8,4.780701754385965,4.8,4.9,4.91775,2.93043,4.91773,1.445
cml-TiCo-7-592,273,1.230693,12.19672,10.966026999999999,1.0966026999999998,"3,6",cml,TiCo,N592,0.603861,3849.93,0.934321,0.5642,3210,0.321,10.6,9.292679127725856,9.1,10.6,10.61994,6.94469,10.61994,1.445
cml-TiCo-9-130,273,1.663262,5.587161,3.923899,0.3923899,"3,6",cml,TiCo,N130,1.33376,1007.35,0.146578,0.1955,631,0.0631,6.4,5.823137876386689,6.4,6.4,6.40893,3.50975,6.40893,1.445
cml-TiCo-TATB,273,1.837932,20.90282,19.064888,1.9064888,"3,6",cml,TiCo,TATB,0.414437,4817.61,1.85987,0.7708,5469,0.5469,13.5,12.831230572316692,13.4,13.5,13.52714,11.86424,13.51283,1.445
cml-TiMg-1-10,273,2.772334,11.09017,8.317836,0.8317836,"3,6",cml,TiMg,N10,0.933001,2524.02,0.422186,0.3939,1699,0.1699,6.5,6.25868157739847,6.5,6.5,6.52241,5.39507,6.52199,1.445
cml-TiMg-10-333,273,2.038164,17.75584,15.717675999999999,1.5717675999999998,"3,6",cml,TiMg,N333,0.511183,4575.93,1.18529,0.6059,4045,0.4045,10.5,9.816390605686031,10.5,10.6,10.64759,8.90567,10.63716,1.445
cml-TiMg-11-516,273,2.007055,17.59066,15.583605,1.5583605,"3,6",cml,TiMg,N516,0.51348,4599.37,1.17882,0.6053,4050,0.405,11.0,10.252913580246911,10.9,11.2,11.22253,9.35689,11.16292,1.445
cml-TiMg-12-639,273,2.333305,17.24027,14.906965,1.4906964999999999,"3,6",cml,TiMg,N639,0.597277,4158.84,0.967725,0.578,3521,0.3521,9.7,8.94260153365521,9.2,9.8,9.86581,7.72449,9.8658,1.445
cml-TiMg-13-126,273,2.708524,33.18449,30.475965999999996,3.0475965999999994,"3,6",cml,TiMg,N126,0.254967,6149.36,3.30043,0.8415,6674,0.6674,17.7,16.78602037758466,17.3,17.8,17.82744,14.91026,17.56278,1.445
cml-TiMg-2-19,273,2.434734,10.89188,8.457146,0.8457146,"3,6",cml,TiMg,N19,0.926059,2610.09,0.482582,0.4469,2040,0.204,6.8,6.617254901960784,6.8,6.8,6.84489,5.96493,6.8253,1.445
cml-TiMg-3-20,273,2.295461,14.78126,12.485799,1.2485799,"3,6",cml,TiMg,N20,0.722174,3579.34,0.709386,0.5123,2721,0.2721,7.3,7.204593899301727,7.3,7.4,7.40872,6.29341,7.40872,1.445
cml-TiMg-4-410,273,2.053666,18.83088,16.777214,1.6777214,"3,6",cml,TiMg,N410,0.485733,4766.07,1.31554,0.639,4300,0.43,12.0,10.83760465116279,11.6,12.0,12.02028,8.77457,11.76449,1.445
cml-TiMg-5-386,273,3.220615,41.89414,38.673525,3.8673525,"3,6",cml,TiMg,N386,0.199411,6888.8,4.37538,0.8725,7209,0.7209,21.3,20.56200582605077,21.1,21.3,21.34949,17.83222,21.28587,1.445
cml-TiMg-6-225,273,0.7134621,6.859171,6.1457089,0.61457089,"3,6",cml,TiMg,N225,1.11178,647.03,0.08248,0.0917,327,0.0327,5.7,5.614984709480122,5.7,5.8,5.84892,2.95804,5.84425,1.445
cml-TiMg-7-592,273,1.637063,13.44334,11.806277,1.1806277,"3,6",cml,TiMg,N592,0.567836,3888.61,0.974225,0.5532,3223,0.3223,8.5,9.117871548246976,9.0,10.4,10.45984,7.26225,9.59027,1.445
cml-TiMg-9-130,273,3.122554,8.02275,4.900196,0.4900196,"3,6",cml,TiMg,N130,1.17222,1182.3,0.179658,0.2106,709,0.0709,6.7,6.080677009873062,6.7,6.7,6.79459,3.6301,6.79062,1.445
cml-TiMg-TATB,273,2.395406,24.43763,22.042223999999997,2.2042224,"3,6",cml,TiMg,TATB,0.369747,5348.44,2.09873,0.776,5544,0.5544,13.2,12.722384559884558,12.8,13.2,13.29024,11.50404,13.17249,1.445
cml-TiNi-1-10,273,1.740174,7.719429,5.979255,0.5979255,"3,6",cml,TiNi,N10,1.19101,1877.72,0.29941,0.3566,1462,0.1462,6.1,5.896306429548563,5.9,6.2,6.29312,5.31812,6.24892,1.445
cml-TiNi-10-333,273,1.521286,14.73148,13.210194,1.3210194,"3,6",cml,TiNi,N333,0.58601,4034.13,1.0237,0.5999,3953,0.3953,10.3,9.579762205919556,10.1,10.6,10.62039,8.88533,10.62036,1.445
cml-TiNi-11-516,273,1.574934,14.30546,12.730526,1.2730526,"3,6",cml,TiNi,N516,0.606744,3911.71,0.969931,0.5885,3824,0.3824,11.0,9.784649581589958,10.3,11.0,11.0055,9.03656,10.38494,1.445
cml-TiNi-12-639,273,1.668265,13.68668,12.018415000000001,1.2018415,"3,6",cml,TiNi,N639,0.701724,3417.66,0.802595,0.5632,3380,0.338,9.7,9.099023668639052,9.2,9.7,9.78649,7.91527,9.78649,1.445
cml-TiNi-13-126,273,2.199366,28.94996,26.750594,2.6750594,"3,6",cml,TiNi,N126,0.28491,5546.33,2.9304,0.8349,6607,0.6607,18.7,17.734054790373847,18.7,18.7,18.79896,16.44162,18.74173,1.445
cml-TiNi-2-19,273,1.518804,7.551465,6.032661,0.6032661,"3,6",cml,TiNi,N19,1.21881,1949.97,0.334424,0.4076,1688,0.1688,6.0,5.960367298578199,6.0,6.1,6.14656,5.6318,6.14655,1.445
cml-TiNi-3-20,273,1.647717,11.27074,9.623023,0.9623022999999999,"3,6",cml,TiNi,N20,0.867378,2871.73,0.580139,0.5032,2541,0.2541,7.2,7.021015348288076,7.2,7.2,7.29836,6.22077,7.29378,1.445
cml-TiNi-4-410,273,1.558565,15.04158,13.483015,1.3483015,"3,6",cml,TiNi,N410,0.572716,4010.23,1.08937,0.6239,4108,0.4108,11.2,10.156694255111976,10.4,11.2,11.28593,8.61146,11.23079,1.445
cml-TiNi-5-386,273,2.398171,35.75666,33.358489,3.3358489,"3,6",cml,TiNi,N386,0.228688,6242.37,3.79381,0.8676,7098,0.7098,20.8,19.916948436179204,20.6,20.8,20.89682,17.56226,20.60162,1.445
cml-TiNi-6-225,273,0.2226678,3.035928,2.8132602,0.28132602,"3,6",cml,TiNi,N225,1.38173,842.43,0.098789,0.1365,441,0.0441,5.3,5.17641723356009,5.3,5.3,5.32369,2.9634,4.95622,1.445
cml-TiNi-7-592,273,1.2603,11.60685,10.34655,1.034655,"3,6",cml,TiNi,N592,0.63158,3618.96,0.866557,0.5473,3001,0.3001,10.1,8.717060979673443,8.6,10.1,10.1279,6.85832,10.11279,1.445
cml-TiNi-9-130,273,2.022161,5.47935,3.457189,0.3457189,"3,6",cml,TiNi,N130,1.36733,966.539,0.136397,0.1865,579,0.0579,5.9,5.437478411053541,5.9,5.9,5.95411,3.58426,5.95411,1.445
cml-TiNi-TATB,273,1.767964,20.82535,19.057386,1.9057386,"3,6",cml,TiNi,TATB,0.415941,4741.39,1.85771,0.7727,5505,0.5505,13.5,12.988555858310626,13.4,13.6,13.60761,11.89081,13.57223,1.445
dag-TiCo-1-10,273,0.3233022,4.533285,4.209982800000001,0.42099828000000006,"3,6",dag,TiCo,N10,1.29647,1767.89,0.232863,0.3019,1068,0.1068,5.2,5.00430711610487,5.2,5.4,5.48272,4.12478,5.2922,1.445
dag-TiCo-10-333,273,1.268018,13.8331,12.565082,1.2565082,"3,6",dag,TiCo,N333,0.576718,3669.66,1.04887,0.6049,4142,0.4142,10.8,9.735707387735392,10.1,11.1,11.1053,7.75906,11.10527,1.445
dag-TiCo-11-516,273,1.73237,13.99797,12.265600000000001,1.22656,"3,6",dag,TiCo,N516,0.582735,3631.57,1.03752,0.6046,4117,0.4117,10.9,9.789409764391548,10.0,10.9,10.9744,8.32015,10.97439,1.445
dag-TiCo-12-639,273,1.435231,8.200816,6.765585,0.6765585,"3,6",dag,TiCo,N639,0.894058,2024.11,0.457017,0.4086,2325,0.2325,10.5,9.616559139784949,10.2,10.5,10.58409,9.55729,10.58408,1.445
dag-TiCo-13-126,273,2.227813,30.11494,27.887127,2.7887127,"3,6",dag,TiCo,N126,0.271097,5605.35,3.11586,0.8447,6799,0.6799,18.1,16.674422709221947,17.6,18.2,18.28833,13.97007,17.59921,1.445
dag-TiCo-2-19,273,0.3358718,4.801906,4.4660342,0.44660342000000003,"3,6",dag,TiCo,N19,1.33479,1887.77,0.267083,0.3565,1339,0.1339,5.4,5.128454070201643,5.2,5.6,5.60098,4.579,5.47424,1.445
dag-TiCo-3-20,273,1.268527,9.547203,8.278675999999999,0.8278675999999999,"3,6",dag,TiCo,N20,0.855219,2771.12,0.610487,0.5221,2891,0.2891,8.2,7.504877205119334,7.6,8.2,8.29728,6.99242,8.29728,1.445
dag-TiCo-4-410,273,1.832056,14.8293,12.997244,1.2997244000000001,"3,6",dag,TiCo,N410,0.535347,3779.32,1.19044,0.6373,4517,0.4517,10.5,10.46139030329865,10.5,11.4,11.48861,9.26388,10.59211,1.445
dag-TiCo-5-386,273,2.64322,37.8562,35.21298,3.5212980000000003,"3,6",dag,TiCo,N386,0.216023,6150.83,4.04773,0.8744,7324,0.7324,19.9,18.91104587657018,19.3,19.9,19.99936,17.02249,19.99936,1.445
dag-TiCo-6-225,273,0.1146631,1.748965,1.6343019,0.16343019,"3,6",dag,TiCo,N225,1.46314,405.445,0.0333528,0.0488,131,0.0131,4.5,4.244274809160306,4.3,4.5,4.52434,3.32648,4.52328,1.445
dag-TiCo-7-592,273,0.6091815,9.365313,8.7561315,0.8756131500000001,"3,6",dag,TiCo,N592,0.66248,3242.03,0.734362,0.4865,2907,0.2907,9.7,8.292294461644309,8.2,10.3,10.30939,7.82852,10.30939,1.445
dag-TiCo-9-130,273,0.1947366,2.545112,2.3503754,0.23503754,"3,6",dag,TiCo,N130,1.40457,874.07,0.131215,0.1843,613,0.0613,5.6,5.230179445350733,5.2,5.6,5.60727,4.59668,5.60726,1.445
dag-TiCo-TATB,273,1.886381,19.73134,17.844959,1.7844959,"3,6",dag,TiCo,TATB,0.424642,4772.08,1.75277,0.7443,5369,0.5369,13.5,12.066138945799963,12.7,13.5,13.58545,9.64033,13.57868,1.445
dag-TiMg-1-10,273,0.6866874,8.372115,7.685427600000001,0.7685427600000001,"3,6",dag,TiMg,N10,0.995801,2476.01,0.367041,0.3655,1544,0.1544,5.8,5.531347150259067,5.8,6.1,6.15759,5.06407,6.15752,1.445
dag-TiMg-10-333,273,2.381342,17.22861,14.847268,1.4847268,"3,6",dag,TiMg,N333,0.502284,4414.86,1.27916,0.6425,4184,0.4184,11.3,10.148685468451244,10.8,11.5,11.51644,8.07817,11.35223,1.445
dag-TiMg-11-516,273,2.561409,17.37804,14.816631,1.4816631,"3,6",dag,TiMg,N516,0.504207,4086.54,1.28717,0.649,4358,0.4358,12.2,10.6869894446994,11.2,12.2,12.20949,9.62165,11.48941,1.445
dag-TiMg-12-639,273,2.451708,15.45282,13.001112,1.3001112,"3,6",dag,TiMg,N639,0.634821,3772.52,0.838346,0.5322,3301,0.3301,9.0,8.007209936382912,8.3,9.0,9.09256,8.12199,9.04987,1.445
dag-TiMg-13-126,273,2.681404,32.99228,30.310876,3.0310876,"3,6",dag,TiMg,N126,0.25501,6162.01,3.31634,0.8457,6760,0.676,16.2,15.271760355029588,16.0,16.6,16.64817,13.93856,16.1848,1.445
dag-TiMg-2-19,273,0.6825956,8.478428,7.795832399999999,0.7795832399999999,"3,6",dag,TiMg,N19,1.01878,2543.03,0.399005,0.4065,1758,0.1758,6.6,5.809158134243458,6.2,6.6,6.60472,4.44545,6.60472,1.445
dag-TiMg-3-20,273,1.575998,12.38165,10.805652,1.0805652000000001,"3,6",dag,TiMg,N20,0.746657,3175.62,0.664294,0.496,2800,0.28,7.9,7.356464285714285,7.8,8.0,8.03636,7.0795,7.9081,1.445
dag-TiMg-4-410,273,2.327469,18.24924,15.921771,1.5921771,"3,6",dag,TiMg,N410,0.463907,4461.47,1.46883,0.6814,4683,0.4683,11.8,10.612812299807816,11.0,11.8,11.83433,9.55656,11.35175,1.445
dag-TiMg-5-386,273,3.308502,42.71575,39.407248,3.9407248000000004,"3,6",dag,TiMg,N386,0.193876,6790.06,4.54929,0.882,7401,0.7401,19.4,18.633671125523577,19.2,19.7,19.70331,17.43081,19.21695,1.445
dag-TiMg-6-225,273,0.4269222,4.272683,3.8457608,0.38457608,"3,6",dag,TiMg,N225,1.23565,406.191,0.0388458,0.048,163,0.0163,5.1,4.725153374233129,5.1,5.1,5.22263,3.00135,5.19368,1.445
dag-TiMg-7-592,273,1.903787,13.91078,12.006993000000001,1.2006993000000001,"3,6",dag,TiMg,N592,0.548087,3706.77,1.06625,0.5844,3722,0.3722,12.0,10.28036002149382,11.1,12.0,12.09333,10.0498,12.09333,1.445
dag-TiMg-9-130,273,0.6313008,5.796354,5.1650532,0.51650532,"3,6",dag,TiMg,N130,1.12164,1391.35,0.217272,0.2437,888,0.0888,5.9,5.619144144144143,5.9,5.9,5.92581,4.39528,5.92365,1.445
dag-TiMg-TATB,273,2.484083,24.14329,21.659207000000002,2.1659207,"3,6",dag,TiMg,TATB,0.369549,5286.87,2.12259,0.7844,5598,0.5598,14.9,13.11793497677742,14.3,15.0,15.09412,12.54666,14.92459,1.445
dag-TiNi-1-10,273,0.3556631,5.055044,4.6993808999999995,0.46993809,"3,6",dag,TiNi,N10,1.23582,1977.48,0.323994,0.4004,1488,0.1488,5.1,5.268481182795699,5.2,5.8,5.82699,4.92958,5.50954,1.445
dag-TiNi-10-333,273,1.764463,14.13251,12.368047,1.2368047,"3,6",dag,TiNi,N333,0.585687,3621.7,1.02444,0.6,4083,0.4083,10.6,9.577614499142786,9.8,10.9,10.91643,7.82188,10.91639,1.445
dag-TiNi-11-516,273,1.84874,14.05551,12.20677,1.220677,"3,6",dag,TiNi,N516,0.591353,3552.34,1.01783,0.6019,4141,0.4141,10.8,9.945278918135717,10.7,11.1,11.11959,8.30923,11.11957,1.445
dag-TiNi-12-639,273,1.46659,11.81036,10.34377,1.0343769999999999,"3,6",dag,TiNi,N639,0.72569,3118.1,0.76851,0.5577,3394,0.3394,11.0,9.133028874484385,9.3,11.0,11.0006,6.907,11.0006,1.445
dag-TiNi-13-126,273,2.159091,27.0211,24.862009,2.4862009,"3,6",dag,TiNi,N126,0.304624,5546.56,2.72139,0.829,6421,0.6421,17.0,15.392415511602554,16.1,17.1,17.15143,11.99538,16.62368,1.445
dag-TiNi-2-19,273,0.3343501,4.777412,4.4430619,0.44430619,"3,6",dag,TiNi,N19,1.33249,1880.89,0.309647,0.4126,1465,0.1465,5.2,5.216109215017064,5.2,5.6,5.66539,4.40032,5.25391,1.445
dag-TiNi-3-20,273,0.5683147,8.077645,7.5093303,0.75093303,"3,6",dag,TiNi,N20,0.918479,2686.56,0.531205,0.4879,2476,0.2476,7.9,7.037116316639742,7.2,8.0,8.00487,5.20838,7.9026,1.445
dag-TiNi-4-410,273,1.769065,14.54635,12.777285000000001,1.2777285,"3,6",dag,TiNi,N410,0.547448,3716.59,1.14915,0.6291,4433,0.4433,10.3,10.386104218362284,10.3,11.4,11.41215,9.18285,10.51005,1.445
dag-TiNi-5-386,273,2.409884,34.18902,31.779136,3.1779136,"3,6",dag,TiNi,N386,0.239176,6065.48,3.6124,0.864,7043,0.7043,19.0,17.566292772966065,18.1,19.0,19.08996,15.88512,19.07822,1.445
dag-TiNi-6-225,273,0.06253881,0.9602426,0.89770379,0.089770379,"3,6",dag,TiNi,N225,1.58442,0.0,0.0,0.0,0,0.0,,,,,4.9233,2.52938,4.92328,1.445
dag-TiNi-7-592,273,0.6324143,9.668963,9.036548699999999,0.9036548699999999,"3,6",dag,TiNi,N592,0.647708,3257.96,0.83618,0.5416,3159,0.3159,9.2,8.541500474833807,8.8,10.1,10.1623,8.24914,10.15387,1.445
dag-TiNi-9-130,273,0.2186011,2.796301,2.5776999000000003,0.25776999,"3,6",dag,TiNi,N130,1.39941,915.521,0.144989,0.2029,699,0.0699,5.6,5.406151645207439,5.5,5.6,5.68646,4.74743,5.60369,1.445
dag-TiNi-TATB,273,1.947735,19.9225,17.974764999999998,1.7974764999999997,"3,6",dag,TiNi,TATB,0.42658,4712.27,1.78138,0.7599,5439,0.5439,13.7,11.971575657289945,12.5,13.7,13.72168,9.48703,13.70638,1.445
fmz-TiCo-1-10,273,2.097653,5.099262,3.001609,0.3001609,"3,6",fmz,TiCo,N10,1.4674,0.0,0.0,0.0,0,0.0,,,,,6.4092,2.77121,6.07221,1.445
fmz-TiCo-12-639,273,1.481095,11.12404,9.642945000000001,0.9642945,"3,6",fmz,TiCo,N639,0.826356,2921.11,0.463118,0.3827,2390,0.239,7.7,7.924476987447699,8.0,9.7,9.98152,5.10866,9.84949,1.445
fmz-TiCo-13-126,273,1.968593,26.87823,24.909637,2.4909637,"3,6",fmz,TiCo,N126,0.310604,5516.74,2.56146,0.7956,6370,0.637,20.5,17.06478806907378,16.9,20.5,20.60361,10.76861,20.48295,1.445
fmz-TiCo-2-19,273,2.031531,5.229453,3.197922,0.3197922,"3,6",fmz,TiCo,N19,1.53033,0.0,0.0,0.0,0,0.0,,,,,6.40132,2.57472,6.22418,1.445
fmz-TiCo-3-20,273,1.68112,9.1159,7.43478,0.743478,"3,6",fmz,TiCo,N20,1.00454,2307.05,0.303421,0.3048,1693,0.1693,8.9,7.321264028352038,7.3,8.9,8.97784,4.12861,8.95958,1.445
fmz-TiCo-5-386,273,2.150571,32.11335,29.962778999999998,2.9962779,"3,6",fmz,TiCo,N386,0.258482,6047.29,3.21647,0.8314,6802,0.6802,22.3,18.55035283740077,18.3,22.3,22.35204,12.24878,22.35204,1.445
fmz-TiCo-6-225,273,0.3070281,2.473672,2.1666439,0.21666438999999998,"3,6",fmz,TiCo,N225,1.60617,0.0,0.0,0.0,0,0.0,,,,,4.49415,1.79367,4.4383,1.445
fmz-TiCo-7-592,273,1.06868,9.570603,8.501923,0.8501923,"3,6",fmz,TiCo,N592,0.702361,2733.27,0.612933,0.4305,2591,0.2591,10.8,11.088382863759168,11.0,13.2,13.59167,5.62422,13.5086,1.445
fmz-TiCo-9-130,273,1.751039,4.749326,2.998287,0.2998287,"3,6",fmz,TiCo,N130,1.49749,0.0,0.0,0.0,0,0.0,,,,,6.67178,2.41779,6.67027,1.445
fmz-TiCo-TATB,273,1.649505,18.63984,16.990334999999998,1.6990334999999999,"3,6",fmz,TiCo,TATB,0.465852,4604.39,1.53182,0.7136,4989,0.4989,15.3,12.649228302264984,12.9,15.3,15.3962,7.9656,15.3962,1.445
fmz-TiMg-1-10,273,2.902076,9.653342,6.751266,0.6751266,"3,6",fmz,TiMg,N10,1.17503,0.0,0.0,0.0,0,0.0,,,,,6.3311,2.70845,6.26873,1.445
fmz-TiMg-12-639,273,2.112115,14.21143,12.099315,1.2099315000000002,"3,6",fmz,TiMg,N639,0.718271,3477.38,0.545198,0.3916,2501,0.2501,8.8,7.779768092762897,8.0,9.2,9.61338,5.33865,9.28667,1.445
fmz-TiMg-13-126,273,2.436699,30.26553,27.828830999999997,2.7828831,"3,6",fmz,TiMg,N126,0.282207,6072.11,2.83941,0.8013,6473,0.6473,19.9,16.776981306967404,16.9,19.9,20.39645,10.89458,19.85289,1.445
fmz-TiMg-2-19,273,2.815144,9.98273,7.167586,0.7167586,"3,6",fmz,TiMg,N19,1.22197,0.0,0.0,0.0,0,0.0,,,,,6.38667,2.78977,6.30931,1.445
fmz-TiMg-3-20,273,2.403455,13.05041,10.646954999999998,1.0646954999999998,"3,6",fmz,TiMg,N20,0.839558,2929.37,0.395089,0.3317,1873,0.1873,8.8,7.063587827015484,6.9,8.8,8.94215,4.41042,8.86581,1.445
fmz-TiMg-5-386,273,2.901954,37.11044,34.20848599999999,3.4208485999999994,"3,6",fmz,TiMg,N386,0.227315,6728.4,3.672,0.8347,6933,0.6933,21.7,18.80777441223136,18.7,22.3,22.42654,13.00062,22.32203,1.445
fmz-TiMg-6-225,273,2.730661,4.004846,1.2741849999999997,0.12741849999999996,"3,6",fmz,TiMg,N225,1.34744,0.0,0.0,0.0,0,0.0,,,,,4.5953,1.61294,4.53464,1.445
fmz-TiMg-7-592,273,1.414595,11.09668,9.682084999999999,0.9682084999999999,"3,6",fmz,TiMg,N592,0.657994,2933.61,0.663076,0.4363,2672,0.2672,13.2,11.133233532934131,12.2,13.5,13.53011,5.71084,13.21657,1.445
fmz-TiMg-9-130,273,2.781314,8.052049,5.270735,0.5270735,"3,6",fmz,TiMg,N130,1.27442,0.0,0.0,0.0,0,0.0,,,,,6.51678,2.36768,6.34593,1.445
fmz-TiMg-TATB,273,2.121092,21.87863,19.757538,1.9757538000000001,"3,6",fmz,TiMg,TATB,0.414882,5274.37,1.73085,0.7181,5016,0.5016,13.0,12.352551834130782,13.0,15.3,15.36406,8.12098,15.35961,1.445
fmz-TiNi-1-10,273,1.259001,3.282999,2.0239979999999997,0.20239979999999996,"3,6",fmz,TiNi,N10,1.6173,0.0,0.0,0.0,0,0.0,,,,,6.27785,2.25281,6.27784,1.445
fmz-TiNi-12-639,273,1.421344,10.39854,8.977196000000001,0.8977196000000001,"3,6",fmz,TiNi,N639,0.88183,2603.48,0.390438,0.3443,2128,0.2128,9.3,7.752913533834587,7.8,9.5,9.80932,5.05858,9.35665,1.445
fmz-TiNi-13-126,273,1.910875,26.3611,24.450225,2.4450225,"3,6",fmz,TiNi,N126,0.318234,5498.46,2.47836,0.7887,6308,0.6308,16.2,16.79592580849715,16.2,20.5,20.88778,10.98757,20.54031,1.445
fmz-TiNi-2-19,273,1.222008,3.305519,2.0835109999999997,0.20835109999999996,"3,6",fmz,TiNi,N19,1.66996,0.0,0.0,0.0,0,0.0,,,,,6.34411,2.28442,6.34004,1.445
fmz-TiNi-3-20,273,1.352999,7.92398,6.570981,0.6570981,"3,6",fmz,TiNi,N20,1.09539,1849.21,0.214992,0.2355,1239,0.1239,8.6,7.408878127522196,8.5,8.7,8.78163,3.58342,8.60118,1.445
fmz-TiNi-5-386,273,1.981048,30.74539,28.764342,2.8764342,"3,6",fmz,TiNi,N386,0.268342,6010.33,3.05841,0.8207,6709,0.6709,21.2,17.792323744224177,16.6,21.9,22.21564,11.74057,22.16362,1.445
fmz-TiNi-6-225,273,1.433857,2.535182,1.1013249999999999,0.1101325,"3,6",fmz,TiNi,N225,1.65998,0.0,0.0,0.0,0,0.0,,,,,4.15134,1.52897,3.91271,1.445
fmz-TiNi-7-592,273,1.02692,9.547853,8.520933,0.8520932999999999,"3,6",fmz,TiNi,N592,0.707455,2744.77,0.61276,0.4335,2598,0.2598,12.3,10.71682063125481,11.1,12.5,13.13791,5.73553,11.27296,1.445
fmz-TiNi-9-130,273,1.652092,4.88244,3.230348,0.3230348,"3,6",fmz,TiNi,N130,1.51601,0.0,0.0,0.0,0,0.0,,,,,6.58558,2.52268,6.58128,1.445
fmz-TiNi-TATB,273,1.606415,18.17814,16.571725,1.6571725000000002,"3,6",fmz,TiNi,TATB,0.481487,4525.75,1.46525,0.7055,4830,0.483,15.5,12.347681159420288,11.8,15.5,15.57204,7.90781,15.57204,1.445
fsi-TiCo-10-607-D2h-D2d,273,1.565702,17.3672,15.801498,1.5801498,"4,6",fsi,TiCo,N607,0.485206,4205.31,1.40538,0.6819,4795,0.4795,14.3,12.95322210636079,14.0,15.1,15.14087,12.82672,15.14087,1.445
fsi-TiCo-11-662-D4h-T,273,2.175194,31.04106,28.865866,2.8865866000000002,"4,6",fsi,TiCo,N662,0.26382,5778.51,3.15746,0.833,6731,0.6731,21.5,17.832164611499035,18.3,21.3,21.52074,14.52083,21.38724,1.445
fsi-TiCo-12-693-Td,273,1.697986,6.12212,4.424134,0.44241339999999996,"4,6",fsi,TiCo,N693,1.38545,1165.31,0.18485,0.2561,870,0.087,5.8,5.486091954022988,5.8,5.8,5.87637,4.43808,5.73835,1.445
fsi-TiCo-13-600-Td,273,1.357557,13.00598,11.648423,1.1648422999999999,"4,6",fsi,TiCo,N600,0.677031,3402.31,0.80085,0.5422,3414,0.3414,10.3,9.587697715289982,10.2,10.3,10.3885,8.28096,10.32308,1.445
fsi-TiCo-7-7-D2h-D2d,273,1.447396,9.760007,8.312611,0.8312611000000001,"4,6",fsi,TiCo,N7,0.94806,2168.1,0.506719,0.4804,2636,0.2636,8.9,8.591464339908955,8.8,9.1,9.13889,7.65816,8.98756,1.445
fsi-TiCo-8-644-D2h-D2d,273,1.37165,10.66556,9.293909999999999,0.9293909999999999,"4,6",fsi,TiCo,N644,0.795632,2527.37,0.658093,0.5236,3262,0.3262,11.3,10.561649294911096,10.8,11.3,11.32079,9.02021,11.32078,1.445
fsi-TiMg-10-607-D2h-D2d,273,2.136728,20.03765,17.900921999999998,1.7900921999999997,"4,6",fsi,TiMg,N607,0.438129,4682.2,1.54201,0.6756,4775,0.4775,14.7,12.356146596858636,12.8,14.7,14.77553,11.17845,14.24204,1.445
fsi-TiMg-11-662-D4h-T,273,2.647596,33.6921,31.044504000000003,3.1044504,"4,6",fsi,TiMg,N662,0.246642,6229.83,3.37778,0.8331,6759,0.6759,19.2,17.424766977363515,18.8,20.0,20.08489,14.61969,19.47638,1.445
fsi-TiMg-12-693-Td,273,2.527638,9.465678,6.938040000000001,0.6938040000000001,"4,6",fsi,TiMg,N693,1.11262,1497.34,0.265679,0.2956,1176,0.1176,6.2,6.031377551020408,6.2,6.2,6.2712,5.0572,6.27117,1.445
fsi-TiMg-13-600-Td,273,2.096788,15.53473,13.437942,1.3437942,"4,6",fsi,TiMg,N600,0.591222,3880.18,0.932307,0.5512,3570,0.357,10.2,9.8172268907563,10.2,10.6,10.74387,8.41791,10.63993,1.445
fsi-TiMg-7-7-D2h-D2d,273,2.539859,12.55595,10.016091,1.0016091,"4,6",fsi,TiMg,N7,0.795851,2718.18,0.618206,0.492,2669,0.2669,9.9,8.639040839265641,9.0,10.0,10.01156,7.01799,10.01156,1.445
fsi-TiMg-8-644-D2h-D2d,273,2.51378,14.74076,12.22698,1.2226979999999998,"4,6",fsi,TiMg,N644,0.649372,3208.69,0.836963,0.5435,3501,0.3501,12.0,11.325821193944586,12.0,12.1,12.17041,9.77671,12.13071,1.445
fsi-TiNi-10-607-D2h-D2d,273,1.597265,16.36547,14.768204999999998,1.4768204999999999,"4,6",fsi,TiNi,N607,0.506196,4046.77,1.33604,0.6763,4687,0.4687,12.9,11.905248559846385,12.9,13.5,13.53593,12.07775,13.53593,1.445
fsi-TiNi-11-662-D4h-T,273,2.144774,30.16536,28.020586,2.8020586,"4,6",fsi,TiNi,N662,0.271395,5764.84,3.04869,0.8274,6613,0.6613,18.8,16.984379252986542,18.2,18.9,19.17916,13.27838,18.91424,1.445
fsi-TiNi-12-693-Td,273,1.057604,5.252493,4.194889,0.4194889,"4,6",fsi,TiNi,N693,1.44561,1051.28,0.177364,0.2564,856,0.0856,5.4,5.275817757009346,5.4,5.4,5.44606,4.4782,5.3479,1.445
fsi-TiNi-13-600-Td,273,1.529501,12.29716,10.767659,1.0767659,"4,6",fsi,TiNi,N600,0.70473,3296.1,0.741986,0.5229,3241,0.3241,10.0,9.22344955260722,9.8,10.0,10.07771,7.96061,10.06364,1.445
fsi-TiNi-7-7-D2h-D2d,273,1.470246,8.501106,7.0308600000000006,0.7030860000000001,"4,6",fsi,TiNi,N7,1.00933,1989.07,0.438308,0.4424,2328,0.2328,8.0,7.927792096219932,8.1,8.4,8.44396,6.21419,8.44395,1.445
fsi-TiNi-8-644-D2h-D2d,273,1.463776,9.719648,8.255872,0.8255872,"4,6",fsi,TiNi,N644,0.847386,2337.62,0.593354,0.5028,3016,0.3016,10.2,9.998076923076924,10.2,10.7,10.73133,8.43219,10.67252,1.445
hea-TiCo-10-607-D2h-D2d,273,1.592161,17.51732,15.925159,1.5925159,"4,6",hea,TiCo,N607,0.485737,4409.19,1.37544,0.6681,4784,0.4784,16.4,15.230121237458192,16.3,16.4,16.43422,8.18967,16.41364,1.445
hea-TiCo-11-662-D4h-T,273,2.276176,32.7355,30.459324000000002,3.0459324000000003,"4,6",hea,TiCo,N662,0.24846,5791.63,3.37237,0.8379,6885,0.6885,24.0,21.661292665214237,23.9,24.3,24.3129,14.78892,24.25724,1.445
hea-TiCo-12-693-Td,273,2.101435,5.488731,3.3872959999999996,0.33872959999999996,"4,6",hea,TiCo,N693,1.55353,786.598,0.0930783,0.1446,410,0.041,5.3,4.854146341463414,5.3,5.3,5.35541,3.33028,5.35541,1.445
hea-TiCo-13-600-Td,273,1.392248,11.82045,10.428201999999999,1.0428202,"4,6",hea,TiCo,N600,0.717974,3190.57,0.737492,0.5295,3134,0.3134,11.2,9.849840459476706,11.0,11.4,11.4468,6.1702,11.43275,1.445
hea-TiCo-7-7-D2h-D2d,273,1.672562,10.25176,8.579198000000002,0.8579198000000001,"4,6",hea,TiCo,N7,0.92383,2304.8,0.575322,0.5315,2788,0.2788,10.6,10.076721664275466,10.6,10.6,10.6427,5.5755,10.60764,1.445
hea-TiCo-8-644-D2h-D2d,273,1.565363,12.64395,11.078587,1.1078587,"4,6",hea,TiCo,N644,0.739547,3027.51,0.833078,0.6161,3653,0.3653,12.0,11.348809197919518,12.0,12.0,12.07484,6.99801,12.07466,1.445
hea-TiMg-10-607-D2h-D2d,273,2.133936,20.82912,18.695184,1.8695184,"4,6",hea,TiMg,N607,0.428592,4952.46,1.59009,0.6815,4899,0.4899,18.0,16.667850581751377,17.4,18.0,18.05288,8.47532,17.99997,1.445
hea-TiMg-11-662-D4h-T,273,2.678215,36.21951,33.541295,3.3541295,"4,6",hea,TiMg,N662,0.229252,6253.21,3.66889,0.8411,6909,0.6909,23.6,20.68956433637285,22.5,23.6,23.62857,14.78665,23.62857,1.445
hea-TiMg-12-693-Td,273,0.675856,3.551433,2.875577,0.28755769999999997,"4,6",hea,TiMg,N693,1.27675,1061.71,0.140435,0.1793,592,0.0592,5.7,5.325844594594594,5.7,5.7,5.79842,3.58642,5.70859,1.445
hea-TiMg-13-600-Td,273,2.00675,14.52392,12.51717,1.251717,"4,6",hea,TiMg,N600,0.633983,3575.17,0.844187,0.5352,3220,0.322,11.2,10.036739130434782,10.9,11.6,11.68701,6.26348,11.28973,1.445
hea-TiMg-7-7-D2h-D2d,273,2.466896,13.514,11.047104,1.1047103999999999,"4,6",hea,TiMg,N7,0.780949,2760.23,0.670466,0.5236,2821,0.2821,10.6,10.101453385324351,10.6,10.6,10.68764,5.05726,10.54397,1.445
hea-TiMg-8-644-D2h-D2d,273,2.370158,16.43739,14.067232,1.4067232,"4,6",hea,TiMg,N644,0.600468,3666.52,1.06434,0.6391,3958,0.3958,12.8,11.88292066700354,12.6,13.0,13.02431,7.41334,13.0243,1.445
hea-TiNi-10-607-D2h-D2d,273,1.558877,17.43131,15.872433,1.5872433,"4,6",hea,TiNi,N607,0.491633,4375.27,1.36118,0.6692,4768,0.4768,16.6,15.391359060402683,16.4,16.6,16.63068,8.13276,16.60184,1.445
hea-TiNi-11-662-D4h-T,273,2.27325,32.49438,30.22113,3.022113,"4,6",hea,TiNi,N662,0.249932,5771.09,3.34772,0.8367,6861,0.6861,24.2,21.80078705728028,23.7,24.3,24.31778,15.12525,24.12682,1.445
hea-TiNi-12-693-Td,273,1.724589,5.579974,3.855385,0.3855385,"4,6",hea,TiNi,N693,1.55037,822.179,0.104749,0.1624,472,0.0472,5.4,4.858686440677967,5.2,5.4,5.48878,3.54905,5.48878,1.445
hea-TiNi-13-600-Td,273,1.451913,11.61766,10.165747000000001,1.0165747,"4,6",hea,TiNi,N600,0.738382,3070.69,0.717244,0.5296,3087,0.3087,11.1,9.725817946226108,10.9,11.2,11.20305,6.59935,11.20303,1.445
hea-TiNi-7-7-D2h-D2d,273,1.579411,10.04133,8.461919,0.8461919,"4,6",hea,TiNi,N7,0.939826,2255.95,0.56021,0.5265,2770,0.277,10.4,9.922238267148014,10.4,10.4,10.42079,5.33125,10.42079,1.445
hea-TiNi-8-644-D2h-D2d,273,1.32495,12.33674,11.011790000000001,1.1011790000000001,"4,6",hea,TiNi,N644,0.739781,3022.38,0.839302,0.6209,3709,0.3709,12.0,11.334888110002696,12.0,12.0,12.09768,7.02361,12.04908,1.445
hwx-TiCo-1-10,273,1.703905,8.465625,6.7617199999999995,0.676172,"3,6",hwx,TiCo,N10,1.19115,2044.66,0.279394,0.3328,1268,0.1268,6.8,5.501261829652997,5.2,6.8,6.87995,4.69636,5.13362,1.445
hwx-TiCo-10-333,273,1.510189,14.27309,12.762901,1.2762901,"3,6",hwx,TiCo,N333,0.607011,4065.43,1.06835,0.6485,3627,0.3627,9.7,8.874276261373035,9.2,9.7,9.76903,9.14203,9.66015,1.445
hwx-TiCo-11-516,273,1.421723,13.53199,12.110267,1.2110267000000001,"3,6",hwx,TiCo,N516,0.6353,3800.39,1.0022,0.6367,3570,0.357,8.9,8.534845938375348,8.9,9.4,9.40048,7.90875,8.87685,1.445
hwx-TiCo-12-639,273,1.60995,13.51533,11.905380000000001,1.190538,"3,6",hwx,TiCo,N639,0.704566,3431.59,0.87671,0.6177,3320,0.332,9.9,8.60237951807229,8.4,9.9,9.93603,7.68399,9.22029,1.445
hwx-TiCo-13-126,273,2.05368,28.06681,26.01313,2.601313,"3,6",hwx,TiCo,N126,0.296312,5618.18,2.77309,0.8217,6420,0.642,15.2,14.748348909657322,15.1,15.9,15.93974,12.46516,15.93974,1.445
hwx-TiCo-2-19,273,1.561937,8.419696,6.857759,0.6857759,"3,6",hwx,TiCo,N19,1.22682,1976.51,0.318547,0.3908,1564,0.1564,7.0,5.791560102301791,5.6,7.0,7.06822,4.75144,5.61265,1.445
hwx-TiCo-3-20,273,1.481742,11.78093,10.299188,1.0299188,"3,6",hwx,TiCo,N20,0.839593,3009.54,0.582544,0.4891,2677,0.2677,8.4,7.238027642883825,7.2,8.4,8.46483,6.56824,7.91103,1.445
hwx-TiCo-4-410,273,1.549385,15.19795,13.648565000000001,1.3648565000000001,"3,6",hwx,TiCo,N410,0.574856,4041.9,1.18256,0.6798,4083,0.4083,10.5,9.435880480039186,9.8,10.5,10.5088,8.75554,9.98755,1.445
hwx-TiCo-5-386,273,2.407916,34.69217,32.284254,3.2284254,"3,6",hwx,TiCo,N386,0.238511,6182.43,3.58349,0.8547,6994,0.6994,17.0,16.75261652845296,16.9,18.1,18.13947,16.89355,18.13947,1.445
hwx-TiCo-6-225,273,0.6926843,2.107923,1.4152387,0.14152387,"3,6",hwx,TiCo,N225,1.66969,0.0,0.0,0.0,0,0.0,,,,,3.24829,1.96397,3.22765,1.445
hwx-TiCo-7-592,273,0.9371353,7.111003,6.173867700000001,0.6173867700000001,"3,6",hwx,TiCo,N592,0.842223,2140.88,0.419248,0.3531,1532,0.1532,8.3,7.509856396866841,8.1,8.3,8.37686,5.18731,8.17054,1.445
hwx-TiCo-9-130,273,1.770195,5.45403,3.683835,0.36838350000000003,"3,6",hwx,TiCo,N130,1.3951,1019.76,0.112393,0.1568,497,0.0497,5.8,5.024748490945674,4.9,5.8,5.85925,3.4863,4.95818,1.445
hwx-TiCo-TATB,273,1.820767,21.37492,19.554153,1.9554152999999999,"3,6",hwx,TiCo,TATB,0.405404,4717.38,1.91019,0.7744,5531,0.5531,12.5,13.51325257638763,13.9,14.7,14.73471,14.27184,14.48369,1.445
hwx-TiMg-1-10,273,2.742615,9.344898,6.602283000000001,0.6602283000000001,"3,6",hwx,TiMg,N10,1.0575,1961.12,0.251159,0.2656,969,0.0969,5.4,5.59329205366357,5.4,6.3,6.30848,4.20949,6.30846,1.445
hwx-TiMg-10-333,273,2.151496,17.50057,15.349074,1.5349074,"3,6",hwx,TiMg,N333,0.524324,4554.53,1.27078,0.6663,3920,0.392,10.3,9.182806122448982,9.3,10.3,10.35097,8.37075,10.16149,1.445
hwx-TiMg-11-516,273,2.061405,16.0945,14.033095,1.4033095,"3,6",hwx,TiMg,N516,0.562088,4276.94,1.13772,0.6395,3660,0.366,9.5,8.78032786885246,9.1,9.8,9.84025,7.81361,9.53216,1.445
hwx-TiMg-12-639,273,2.294865,16.00084,13.705975,1.3705975000000001,"3,6",hwx,TiMg,N639,0.625379,4108.84,0.992519,0.6207,3179,0.3179,8.6,7.779993708713431,8.1,8.7,8.76322,6.14553,8.4312,1.445
hwx-TiMg-13-126,273,2.541139,31.70974,29.168601,2.9168601,"3,6",hwx,TiMg,N126,0.268703,6160.61,3.07887,0.8273,6506,0.6506,16.3,14.859790962188749,15.0,16.3,16.32851,12.45903,16.26908,1.445
hwx-TiMg-2-19,273,2.532816,9.146507,6.613690999999999,0.6613690999999999,"3,6",hwx,TiMg,N19,1.06319,2155.54,0.281416,0.2992,1060,0.106,6.1,5.345754716981132,5.2,6.1,6.17653,4.16801,5.566,1.445
hwx-TiMg-3-20,273,2.310581,14.58332,12.272739000000001,1.2272739000000001,"3,6",hwx,TiMg,N20,0.721452,3441.77,0.661167,0.477,2662,0.2662,8.2,7.679676934635612,8.0,8.4,8.41902,6.1291,8.41899,1.445
hwx-TiMg-4-410,273,2.197757,17.9121,15.714343,1.5714343,"3,6",hwx,TiMg,N410,0.51094,4763.2,1.32794,0.6785,4010,0.401,9.3,9.475087281795512,9.9,11.0,11.03616,7.455,10.40652,1.445
hwx-TiMg-5-386,273,3.181678,40.72672,37.545042,3.7545042000000004,"3,6",hwx,TiMg,N386,0.204742,6844.25,4.20384,0.8607,7140,0.714,20.5,18.5909243697479,18.7,20.5,20.51839,18.01053,19.60428,1.445
hwx-TiMg-6-225,273,2.165536,3.8263,1.660764,0.16607639999999999,"3,6",hwx,TiMg,N225,1.45677,0.0,0.0,0.0,0,0.0,,,,,3.65635,1.57486,3.15449,1.445
hwx-TiMg-7-592,273,1.360091,8.437582,7.077491000000001,0.7077491000000001,"3,6",hwx,TiMg,N592,0.775019,2366.98,0.489536,0.3794,1705,0.1705,8.8,8.025454545454547,8.8,8.8,8.88309,5.11677,8.81145,1.445
hwx-TiMg-9-130,273,2.805877,7.983276,5.177398999999999,0.5177398999999999,"3,6",hwx,TiMg,N130,1.17295,1292.62,0.159257,0.1868,683,0.0683,5.9,5.215812591508053,5.2,5.9,5.95055,3.7696,5.31471,1.445
hwx-TiMg-TATB,273,2.377982,25.54799,23.170008,2.3170007999999997,"3,6",hwx,TiMg,TATB,0.349895,5376.92,2.23896,0.7834,5735,0.5735,16.0,14.428683522231912,15.2,16.0,16.08012,12.78286,16.08012,1.445
hwx-TiNi-1-10,273,1.805429,8.077326,6.271896999999999,0.6271897,"3,6",hwx,TiNi,N10,1.21773,1931.51,0.271899,0.3311,1231,0.1231,5.9,5.342485783915516,5.3,5.9,5.94713,4.14336,5.4609,1.445
hwx-TiNi-10-333,273,1.548131,14.34853,12.800399,1.2800399,"3,6",hwx,TiNi,N333,0.59913,4048.16,1.09175,0.6541,3795,0.3795,9.7,8.878181818181819,9.3,10.1,10.10056,8.96697,9.73208,1.445
hwx-TiNi-11-516,273,1.438207,13.40419,11.965983,1.1965983,"3,6",hwx,TiNi,N516,0.638535,3846.76,0.993524,0.6344,3592,0.3592,9.1,8.466759465478843,8.7,9.6,9.68293,8.61834,9.3079,1.445
hwx-TiNi-12-639,273,1.650596,12.76852,11.117924,1.1117924000000001,"3,6",hwx,TiNi,N639,0.756999,3378.78,0.705681,0.5342,2967,0.2967,8.3,7.46943040107853,7.7,8.5,8.51905,6.00382,8.4501,1.445
hwx-TiNi-13-126,273,2.136415,28.03163,25.895215,2.5895215,"3,6",hwx,TiNi,N126,0.296503,5604.41,2.78513,0.8258,6461,0.6461,16.4,14.895465098282,15.2,16.4,16.46606,11.98994,15.85799,1.445
hwx-TiNi-2-19,273,1.714751,7.684234,5.969483,0.5969483,"3,6",hwx,TiNi,N19,1.25598,1858.85,0.305101,0.3832,1588,0.1588,6.1,5.99647355163728,6.1,6.4,6.49399,4.41568,6.18075,1.445
hwx-TiNi-3-20,273,1.530815,11.38489,9.854075,0.9854075,"3,6",hwx,TiNi,N20,0.845889,2767.9,0.575489,0.4868,2745,0.2745,7.8,8.91799635701275,9.7,10.4,10.43903,7.51,10.43903,1.445
hwx-TiNi-4-410,273,1.557444,14.90937,13.351925999999999,1.3351925999999998,"3,6",hwx,TiNi,N410,0.57164,3967.08,1.17889,0.6739,4125,0.4125,11.6,10.041163636363637,10.6,11.6,11.66485,10.0854,11.66485,1.445
hwx-TiNi-5-386,273,2.389734,35.42634,33.036606000000006,3.3036606000000006,"3,6",hwx,TiNi,N386,0.231267,6209.15,3.71303,0.8587,7058,0.7058,18.7,17.908628506659113,18.4,19.6,19.61202,18.34204,19.49116,1.445
hwx-TiNi-6-225,273,1.236829,2.940847,1.7040180000000003,0.17040180000000002,"3,6",hwx,TiNi,N225,1.70466,0.0,0.0,0.0,0,0.0,,,,,3.1539,2.09877,3.12195,1.445
hwx-TiNi-7-592,273,1.058817,7.303329,6.244512,0.6244512,"3,6",hwx,TiNi,N592,0.85063,2181.98,0.444377,0.378,1695,0.1695,8.7,7.900353982300884,8.4,8.7,8.79194,5.29444,8.52252,1.445
hwx-TiNi-9-130,273,1.769238,4.872042,3.1028040000000003,0.3102804,"3,6",hwx,TiNi,N130,1.42753,975.547,0.0954796,0.1363,453,0.0453,5.3,4.798454746136865,4.9,5.3,5.39848,3.51828,5.39848,1.445
hwx-TiNi-TATB,273,1.770917,20.60265,18.831733,1.8831733,"3,6",hwx,TiNi,TATB,0.42116,4671.42,1.81119,0.7628,5425,0.5425,15.4,13.940663594470047,14.6,15.8,15.88845,11.53722,15.42289,1.445
sab-TiCo-1-10,273,2.039126,7.241008,5.2018819999999995,0.5201882,"3,6",sab,TiCo,N10,1.24596,1489.99,0.211644,0.2637,1139,0.1139,7.0,6.601053555750659,7.0,7.2,7.24673,6.33654,7.24671,1.445
sab-TiCo-10-333,273,1.509667,14.18075,12.671083,1.2671082999999999,"3,6",sab,TiCo,N333,0.598762,3835.96,1.0495,0.6284,3842,0.3842,12.2,10.155856324830816,9.6,12.2,12.23574,8.88189,12.21962,1.445
sab-TiCo-11-516,273,1.500085,13.4063,11.906215,1.1906215,"3,6",sab,TiCo,N516,0.626216,3758.48,0.976819,0.6117,3724,0.3724,11.3,9.756310418904404,9.6,11.4,11.4447,7.64495,9.67267,1.445
sab-TiCo-12-639,273,1.69913,13.55135,11.852219999999999,1.185222,"3,6",sab,TiCo,N639,0.711715,3523.25,0.816479,0.5811,3176,0.3176,11.5,9.205541561712844,10.1,11.5,11.57035,9.16696,11.50443,1.445
sab-TiCo-13-126,273,2.112705,28.42959,26.316885,2.6316885,"3,6",sab,TiCo,N126,0.293115,5574.99,2.80129,0.8211,6521,0.6521,19.0,16.544226345652508,16.5,18.8,19.04507,15.86801,18.54726,1.445
sab-TiCo-2-19,273,2.371849,7.369774,4.9979249999999995,0.4997925,"3,6",sab,TiCo,N19,1.26932,1641.68,0.24202,0.3072,1368,0.1368,8.4,7.475511695906433,7.8,8.4,8.46101,6.81318,8.46101,1.445
sab-TiCo-3-20,273,1.61146,10.80267,9.191210000000002,0.9191210000000002,"3,6",sab,TiCo,N20,0.854046,2795.66,0.49646,0.424,2473,0.2473,9.8,8.318156085725839,9.8,9.8,9.88469,8.04776,9.88469,1.445
sab-TiCo-4-410,273,1.449338,14.31431,12.864972000000002,1.2864972000000001,"3,6",sab,TiCo,N410,0.592894,3943.55,1.06528,0.6316,3946,0.3946,9.8,10.248656867714145,10.0,11.9,12.23993,8.63072,11.73382,1.445
sab-TiCo-5-386,273,2.483904,34.63794,32.154036,3.2154035999999997,"3,6",sab,TiCo,N386,0.238244,6217.44,3.58289,0.8536,6974,0.6974,17.5,18.87242615428735,18.2,21.9,21.9009,18.75297,21.85784,1.445
sab-TiCo-6-225,273,1.799919,4.501061,2.701142,0.27011419999999997,"3,6",sab,TiCo,N225,1.41234,418.585,0.0509794,0.072,287,0.0287,6.1,5.690940766550522,6.1,6.2,6.27207,3.96322,6.18597,1.445
sab-TiCo-7-592,273,1.121168,10.94757,9.826402000000002,0.9826402000000002,"3,6",sab,TiCo,N592,0.623662,3629.17,0.847574,0.5286,3015,0.3015,10.8,10.500630182421228,10.8,12.1,12.20124,8.02385,10.95233,1.445
sab-TiCo-9-130,273,1.522215,5.017224,3.4950089999999996,0.34950089999999995,"3,6",sab,TiCo,N130,1.39677,821.664,0.0885615,0.1237,500,0.05,5.8,5.4808,5.8,5.8,5.85816,4.65587,5.85816,1.445
sab-TiCo-TATB,273,1.792126,20.23749,18.445364,1.8445364000000002,"3,6",sab,TiCo,TATB,0.429977,4738.51,1.7594,0.7565,5296,0.5296,15.5,13.051321752265862,12.0,15.5,15.53615,13.36206,15.53615,1.445
sab-TiMg-1-10,273,3.212147,8.720487,5.5083400000000005,0.550834,"3,6",sab,TiMg,N10,1.10923,1448.38,0.136311,0.1512,570,0.057,5.3,4.909473684210527,5.0,5.5,5.57297,3.38342,5.17122,1.445
sab-TiMg-10-333,273,2.163037,17.18123,15.018193,1.5018193,"3,6",sab,TiMg,N333,0.517588,4431.24,1.22916,0.6362,3966,0.3966,11.8,10.200428643469492,9.9,12.1,12.17418,7.73017,12.17418,1.445
sab-TiMg-11-516,273,1.985415,16.37474,14.389325,1.4389325,"3,6",sab,TiMg,N516,0.544632,4307.42,1.14628,0.6243,3848,0.3848,11.0,9.533549896049896,9.3,11.3,11.40071,7.07072,9.28344,1.445
sab-TiMg-12-639,273,2.254303,16.48574,14.231437,1.4231437,"3,6",sab,TiMg,N639,0.623328,4103.8,0.941399,0.5868,3208,0.3208,10.8,8.685754364089776,9.1,10.6,10.83042,8.6317,10.74414,1.445
sab-TiMg-13-126,273,2.587562,31.52672,28.939158,2.8939158,"3,6",sab,TiMg,N126,0.269783,6160.76,3.05912,0.8253,6531,0.6531,14.9,15.220379727453684,14.9,17.6,17.85941,14.21589,16.55613,1.445
sab-TiMg-2-19,273,2.507117,10.70729,8.200173,0.8200173,"3,6",sab,TiMg,N19,1.00325,2207.97,0.345177,0.3463,1644,0.1644,8.9,7.809063260340633,8.3,8.9,8.97412,7.50541,8.97411,1.445
sab-TiMg-3-20,273,2.398159,13.949,11.550841,1.1550841,"3,6",sab,TiMg,N20,0.728269,3351.23,0.587832,0.4281,2609,0.2609,9.4,8.12265235722499,9.0,9.4,9.47946,7.46207,9.45964,1.445
sab-TiMg-4-410,273,2.112439,17.51813,15.405691,1.5405691,"3,6",sab,TiMg,N410,0.51345,4637.08,1.24822,0.6409,4048,0.4048,9.4,9.888636363636364,9.7,11.7,11.79677,8.13313,11.75544,1.445
sab-TiMg-5-386,273,2.988213,38.841,35.852787,3.5852787,"3,6",sab,TiMg,N386,0.215976,6765.71,3.96525,0.8564,7019,0.7019,23.6,19.08821769482832,20.5,23.6,23.62757,20.3749,23.57278,1.445
sab-TiMg-6-225,273,2.530694,6.511579,3.9808850000000002,0.3980885,"3,6",sab,TiMg,N225,1.1798,611.165,0.0715378,0.0844,342,0.0342,5.7,5.454093567251462,5.7,5.9,5.91455,3.92031,5.91453,1.445
sab-TiMg-7-592,273,1.53906,13.1295,11.590440000000001,1.1590440000000002,"3,6",sab,TiMg,N592,0.571997,4128.87,0.946508,0.5414,3059,0.3059,10.5,9.018764302059497,8.6,10.7,10.7175,6.92552,10.7175,1.445
sab-TiMg-9-130,273,1.628601,5.958254,4.329653,0.43296530000000005,"3,6",sab,TiMg,N130,1.17702,1014.79,0.118944,0.14,611,0.0611,6.3,5.895744680851064,6.3,6.3,6.37083,4.91883,6.37051,1.445
sab-TiMg-TATB,273,2.289789,23.57364,21.283851000000002,2.1283851,"3,6",sab,TiMg,TATB,0.380194,5329.42,2.02002,0.768,5431,0.5431,16.0,13.370079175105872,12.0,16.0,16.05888,13.34307,16.05806,1.445
sab-TiNi-1-10,273,1.89288,6.236294,4.343414,0.4343414,"3,6",sab,TiNi,N10,1.36688,1213.41,0.122688,0.1677,629,0.0629,5.7,5.2365659777424485,5.5,5.8,5.87158,4.10673,5.87158,1.445
sab-TiNi-10-333,273,1.505854,13.66068,12.154826,1.2154826,"3,6",sab,TiNi,N333,0.616763,3562.33,1.00654,0.6208,3757,0.3757,12.9,10.859063082246474,11.2,12.9,12.93751,8.89491,12.90564,1.445
sab-TiNi-11-516,273,1.429485,13.37944,11.949955000000001,1.1949955,"3,6",sab,TiNi,N516,0.62835,3641.4,0.979709,0.6156,3782,0.3782,11.9,9.97043892120571,9.5,11.9,11.90452,6.98931,9.50469,1.445
sab-TiNi-12-639,273,1.657006,13.2379,11.580894,1.1580894000000002,"3,6",sab,TiNi,N639,0.724499,3431.63,0.796965,0.5774,3123,0.3123,11.2,9.134229907140568,10.4,11.2,11.29991,9.16515,11.29991,1.445
sab-TiNi-13-126,273,2.115912,27.91688,25.800967999999997,2.5800967999999997,"3,6",sab,TiNi,N126,0.298121,5509.77,2.7509,0.8201,6462,0.6462,19.0,16.833101207056636,16.8,19.0,19.05607,15.6323,19.05607,1.445
sab-TiNi-2-19,273,1.432887,6.194243,4.761356,0.4761356,"3,6",sab,TiNi,N19,1.31723,1529.88,0.221905,0.2923,1255,0.1255,8.1,7.1904382470119526,7.6,8.1,8.19303,6.74583,8.19301,1.445
sab-TiNi-3-20,273,1.527898,10.78711,9.259212,0.9259212,"3,6",sab,TiNi,N20,0.874642,2751.27,0.560686,0.4904,2558,0.2558,9.7,8.171774824081314,9.6,9.7,9.74737,8.2084,9.74737,1.445
sab-TiNi-4-410,273,1.529782,14.1048,12.575018,1.2575018,"3,6",sab,TiNi,N410,0.603679,3829.57,1.03847,0.6269,3886,0.3886,9.2,10.231343283582088,10.0,12.0,12.30596,8.16797,12.30596,1.445
sab-TiNi-5-386,273,2.276079,33.82495,31.548871000000002,3.1548871000000003,"3,6",sab,TiNi,N386,0.243951,6187.63,3.47898,0.8487,6925,0.6925,21.2,18.576953068592054,17.6,21.8,21.83145,18.41343,21.79078,1.445
sab-TiNi-6-225,273,1.074037,3.982928,2.9088909999999997,0.29088909999999996,"3,6",sab,TiNi,N225,1.52992,343.009,0.040525,0.062,211,0.0211,4.9,4.616587677725119,4.8,4.9,4.99768,4.17654,4.99764,1.445
sab-TiNi-7-592,273,1.1341,11.11761,9.98351,0.9983510000000001,"3,6",sab,TiNi,N592,0.624623,3548.91,0.853315,0.533,3080,0.308,8.7,10.323214285714286,10.4,12.0,12.10103,7.77494,10.52186,1.445
sab-TiNi-9-130,273,1.078229,4.244637,3.1664079999999997,0.31664079999999994,"3,6",sab,TiNi,N130,1.43564,781.522,0.0842827,0.121,476,0.0476,5.9,5.468067226890756,5.9,5.9,5.94813,4.61295,5.94434,1.445
sab-TiNi-TATB,273,1.717944,19.88621,18.168266,1.8168266,"3,6",sab,TiNi,TATB,0.438862,4652.38,1.71922,0.7545,5240,0.524,11.0,13.22333969465649,12.3,15.9,15.90779,13.29064,15.88301,1.445
sit-TiCo-1-10,273,1.944704,8.540588,6.595884,0.6595884,"3,6",sit,TiCo,N10,1.18385,1879.16,0.340584,0.4032,1417,0.1417,6.2,5.91729004940014,6.2,6.2,6.22383,4.99344,6.18718,1.445
sit-TiCo-10-333,273,1.574023,15.37025,13.796227,1.3796227,"3,6",sit,TiCo,N333,0.567545,4158.35,1.16255,0.6598,4048,0.4048,11.5,10.60679347826087,11.5,11.7,11.71205,8.62522,11.71205,1.445
sit-TiCo-11-516,273,1.484359,14.77563,13.291271,1.3291271,"3,6",sit,TiCo,N516,0.59169,4079.49,1.0421,0.6166,3887,0.3887,11.1,10.10398765114484,11.1,11.2,11.24012,7.77213,11.05538,1.445
sit-TiCo-12-639,273,1.626236,14.22205,12.595813999999999,1.2595813999999999,"3,6",sit,TiCo,N639,0.679036,3629.17,0.890379,0.6046,3398,0.3398,9.7,9.198351971748089,9.7,9.8,9.80592,8.19188,9.76203,1.445
sit-TiCo-13-126,273,2.132912,29.71307,27.580157999999997,2.7580158,"3,6",sit,TiCo,N126,0.277101,5596.62,3.06423,0.8491,6751,0.6751,19.1,17.860391053177306,17.9,19.1,19.11926,16.50628,19.11926,1.445
sit-TiCo-2-19,273,1.74715,8.367689,6.620539000000001,0.6620539000000001,"3,6",sit,TiCo,N19,1.22669,1924.22,0.365619,0.4485,1639,0.1639,6.4,6.116229408175717,6.4,6.5,6.5331,5.25496,6.53308,1.445
sit-TiCo-3-20,273,1.610769,12.36374,10.752971,1.0752971,"3,6",sit,TiCo,N20,0.788956,3021.7,0.730205,0.5761,3090,0.309,8.7,8.386310679611649,8.7,8.7,8.77307,7.72745,8.70378,1.445
sit-TiCo-4-410,273,1.531224,15.29409,13.762866,1.3762866,"3,6",sit,TiCo,N410,0.576303,4085.76,1.14714,0.6611,4046,0.4046,11.6,10.732081067721206,11.6,11.6,11.65761,9.10221,11.62446,1.445
sit-TiCo-5-386,273,2.369253,35.08211,32.712857,3.2712857,"3,6",sit,TiCo,N386,0.233473,6188.07,3.72121,0.8688,7100,0.71,20.5,19.512591549295774,19.8,20.5,20.51763,16.54881,20.51761,1.445
sit-TiCo-6-225,273,0.05641762,0.8324686,0.77605098,0.077605098,"3,6",sit,TiCo,N225,1.69055,0.0,0.0,0.0,0,0.0,,,,,3.61665,1.61853,3.46422,1.445
sit-TiCo-7-592,273,1.214103,11.8813,10.667197,1.0667197,"3,6",sit,TiCo,N592,0.611781,3768.91,0.893621,0.5467,3098,0.3098,8.8,8.861168495803744,8.9,9.5,9.56763,6.90732,8.93421,1.445
sit-TiCo-9-130,273,1.993518,5.924752,3.931234,0.3931234,"3,6",sit,TiCo,N130,1.33859,1168.6,0.186465,0.2496,711,0.0711,5.7,5.30450070323488,5.7,5.7,5.74959,3.87094,5.74943,1.445
sit-TiCo-TATB,273,1.795531,21.30806,19.512529,1.9512529,"3,6",sit,TiCo,TATB,0.408716,4759.05,1.85606,0.7586,5572,0.5572,14.1,13.552763819095478,14.1,14.1,14.17876,12.02535,14.06781,1.445
sit-TiMg-1-10,273,2.834743,11.46783,8.633087,0.8633086999999999,"3,6",sit,TiMg,N10,0.931336,2688.83,0.466534,0.4345,1600,0.16,6.3,5.934437500000001,5.9,6.3,6.32754,4.90782,6.31117,1.445
sit-TiMg-10-333,273,2.19319,18.22004,16.02685,1.602685,"3,6",sit,TiMg,N333,0.503705,4800.58,1.30553,0.6576,4068,0.4068,10.4,9.428048180924288,9.9,10.4,10.48253,7.93405,10.35727,1.445
sit-TiMg-11-516,273,2.152573,17.47889,15.326317,1.5326317,"3,6",sit,TiMg,N516,0.522792,4695.47,1.2351,0.6457,3963,0.3963,10.5,9.470047943477164,10.0,10.5,10.568,7.45602,10.56737,1.445
sit-TiMg-12-639,273,2.34603,17.07824,14.732210000000002,1.4732210000000001,"3,6",sit,TiMg,N639,0.608441,4362.68,1.0024,0.6099,3353,0.3353,8.4,7.755263942737847,7.8,8.4,8.46108,6.85394,8.46108,1.445
sit-TiMg-13-126,273,2.65938,33.29195,30.63257,3.063257,"3,6",sit,TiMg,N126,0.254059,6177.86,3.34096,0.8488,6742,0.6742,17.2,16.040121625630377,16.5,17.2,17.21905,14.56337,17.21905,1.445
sit-TiMg-2-19,273,2.54646,10.40538,7.8589199999999995,0.7858919999999999,"3,6",sit,TiMg,N19,1.01571,2485.9,0.372842,0.3787,1364,0.1364,5.7,5.834970674486804,6.2,6.3,6.32903,4.49462,6.32551,1.445
sit-TiMg-3-20,273,2.427947,14.87884,12.450893,1.2450893,"3,6",sit,TiMg,N20,0.711476,3596.61,0.765872,0.5449,2804,0.2804,7.4,7.02339514978602,7.3,7.5,7.56235,6.03294,7.56234,1.445
sit-TiMg-4-410,273,2.208139,18.32398,16.115841,1.6115841,"3,6",sit,TiMg,N410,0.498089,4749.86,1.34133,0.6681,4230,0.423,11.1,9.859810874704491,10.5,11.1,11.12394,8.90536,11.12394,1.445
sit-TiMg-5-386,273,3.141959,40.60711,37.465151,3.7465151,"3,6",sit,TiMg,N386,0.205974,6765.41,4.23646,0.8726,7227,0.7227,21.1,20.578386605783862,21.1,21.2,21.21349,17.33348,21.11846,1.445
sit-TiMg-6-225,273,2.27216,5.019013,2.746853,0.2746853,"3,6",sit,TiMg,N225,1.17969,0.0,0.0,0.0,0,0.0,,,,,4.74607,2.17114,4.74422,1.445
sit-TiMg-7-592,273,1.621394,13.4711,11.849706,1.1849706,"3,6",sit,TiMg,N592,0.568969,4206.67,0.972285,0.5532,3199,0.3199,8.9,8.28333854329478,8.7,9.1,9.18036,6.88116,8.98653,1.445
sit-TiMg-9-130,273,2.753414,9.122235,6.3688210000000005,0.6368821,"3,6",sit,TiMg,N130,1.0862,1554.05,0.280152,0.3043,1023,0.1023,6.3,5.844868035190616,6.3,6.3,6.36127,4.3782,6.29053,1.445
sit-TiMg-TATB,273,2.386497,24.44376,22.057263000000003,2.2057263000000003,"3,6",sit,TiMg,TATB,0.370322,5420.68,2.08386,0.7717,5489,0.5489,13.0,12.1279468026963,12.9,13.0,13.03376,10.63548,12.9711,1.445
sit-TiNi-1-10,273,1.825548,7.676609,5.851061,0.5851061,"3,6",sit,TiNi,N10,1.21565,1837.09,0.309629,0.3764,1247,0.1247,5.9,5.611788291900561,5.9,5.9,5.96492,4.62584,5.64587,1.445
sit-TiNi-10-333,273,1.579353,14.9873,13.407947,1.3407947,"3,6",sit,TiNi,N333,0.581384,4090.71,1.07795,0.6267,3957,0.3957,10.5,9.593682082385644,10.5,10.5,10.58147,8.08044,10.51111,1.445
sit-TiNi-11-516,273,1.546635,14.2217,12.675065,1.2675065,"3,6",sit,TiNi,N516,0.609748,3994.22,1.03994,0.6341,3762,0.3762,10.5,9.349149388623072,10.2,10.5,10.50443,7.40962,10.25604,1.445
sit-TiNi-12-639,273,1.646415,13.73421,12.087795,1.2087795,"3,6",sit,TiNi,N639,0.705643,3523.54,0.845328,0.5965,3245,0.3245,9.0,8.350107858243453,8.5,9.0,9.01902,7.39381,8.84388,1.445
sit-TiNi-13-126,273,2.137742,28.81164,26.673898,2.6673898,"3,6",sit,TiNi,N126,0.286333,5622.5,2.95809,0.847,6659,0.6659,17.4,15.969244631326026,16.4,17.4,17.47982,14.6314,17.47982,1.445
sit-TiNi-2-19,273,1.516496,7.731733,6.215237,0.6215237,"3,6",sit,TiNi,N19,1.23427,1953.78,0.34012,0.4198,1604,0.1604,6.2,5.899750623441397,6.2,6.3,6.34922,4.97518,6.16739,1.445
sit-TiNi-3-20,273,1.503244,11.52391,10.020666,1.0020666,"3,6",sit,TiNi,N20,0.845523,2927.95,0.636647,0.5383,2697,0.2697,7.4,7.173044123099739,7.3,7.4,7.49212,6.34258,7.49211,1.445
sit-TiNi-4-410,273,1.575343,14.20747,12.632127,1.2632127,"3,6",sit,TiNi,N410,0.606456,3928.94,1.0441,0.6332,3821,0.3821,10.4,9.500026171159382,10.0,10.4,10.40981,9.02056,10.40979,1.445
sit-TiNi-5-386,273,2.40289,34.88618,32.483290000000004,3.2483290000000005,"3,6",sit,TiNi,N386,0.233896,6193.03,3.7243,0.8711,7106,0.7106,20.5,19.788967070081625,20.3,20.5,20.53749,16.46344,20.28088,1.445
sit-TiNi-6-225,273,0.5861262,2.601021,2.0148947999999995,0.20148947999999994,"3,6",sit,TiNi,N225,1.58981,0.0,0.0,0.0,0,0.0,,,,,3.41505,1.66443,3.10283,1.445
sit-TiNi-7-592,273,1.222762,11.60814,10.385378000000001,1.0385378,"3,6",sit,TiNi,N592,0.626115,3783.9,0.866774,0.5427,3066,0.3066,8.9,8.267025440313112,8.5,9.2,9.29062,6.73968,9.29062,1.445
sit-TiNi-9-130,273,1.926106,5.877177,3.9510709999999998,0.3951071,"3,6",sit,TiNi,N130,1.35523,1155.76,0.194727,0.2639,754,0.0754,5.8,5.408488063660477,5.8,5.8,5.84018,3.95739,5.8171,1.445
sit-TiNi-TATB,273,1.767273,20.95514,19.187867,1.9187867,"3,6",sit,TiNi,TATB,0.416062,4758.33,1.80742,0.752,5489,0.5489,13.1,12.563654581891054,13.1,13.2,13.2161,11.40352,13.21608,1.445
stp-TiCo-1-445-D4h,273,1.26069,9.512652,8.251961999999999,0.8251961999999999,"4,6",stp,TiCo,N445,0.953741,1497.58,0.571644,0.5452,3743,0.3743,14.3,14.2764360138926,14.3,14.3,14.3583,13.92722,14.3583,1.445
stp-TiCo-11-662-D4h-T,273,2.593515,37.57429,34.980774999999994,3.4980774999999995,"4,6",stp,TiCo,N662,0.215625,5718.19,4.02875,0.8687,7390,0.739,29.7,27.601299052774017,29.7,29.7,29.7732,26.07526,29.71886,1.445
stp-TiCo-2-13-D4h,273,1.341688,11.69135,10.349662,1.0349662,"4,6",stp,TiCo,N13,0.785293,1809.9,0.757297,0.5947,4210,0.421,15.8,15.779596199524942,15.8,15.8,15.81347,15.12752,15.81343,1.445
stp-TiMg-1-445-D4h,273,1.912975,12.43948,10.526505,1.0526505,"4,6",stp,TiMg,N445,0.82274,1817.24,0.684663,0.5633,3922,0.3922,14.0,13.851453340132586,14.0,14.0,14.02559,12.87584,14.02558,1.445
stp-TiMg-11-662-D4h-T,273,3.05309,42.45183,39.398740000000004,3.9398740000000005,"4,6",stp,TiMg,N662,0.193001,6132.38,4.52485,0.8733,7496,0.7496,30.8,28.34159551760939,30.8,30.8,30.8115,26.96969,30.8115,1.445
stp-TiMg-2-13-D4h,273,1.966175,14.2411,12.274925,1.2274924999999999,"4,6",stp,TiMg,N13,0.675388,2124.13,0.854324,0.577,4127,0.4127,16.3,16.229609886115824,16.3,16.3,16.33338,15.1194,16.32323,1.445
stp-TiNi-1-445-D4h,273,0.0294851,0.4316963,0.4022112,0.04022112,"4,6",stp,TiNi,N445,2.09944,0.0,0.0,0.0,0,0.0,,,,,3.53491,1.25589,2.72294,1.445
stp-TiNi-11-662-D4h-T,273,2.548333,37.24838,34.700047,3.4700046999999996,"4,6",stp,TiNi,N662,0.217146,5751.93,3.99363,0.8672,7396,0.7396,29.1,26.693442401298,29.1,29.1,29.10213,25.38517,28.66078,1.445
stp-TiNi-2-13-D4h,273,1.433419,11.66426,10.230841,1.0230841,"4,6",stp,TiNi,N13,0.802802,1779.55,0.746511,0.5993,4217,0.4217,15.3,15.258643585487317,15.3,15.3,15.36254,14.84854,15.36252,1.445
ttp-TiCo-10-607-D2h-D2d,273,1.96431,23.29247,21.32816,2.132816,"3,6",ttp,TiCo,N607,0.352613,4269.48,2.25999,0.7969,6212,0.6212,23.9,23.25618158403091,23.9,23.9,23.9521,22.07725,23.9521,1.445
ttp-TiCo-3-1-D2h,273,1.668483,12.61297,10.944487,1.0944487,"4,6",stp,TiCo,N1,0.747419,1890.23,0.846513,0.6327,4510,0.451,15.6,15.51711751662971,15.6,15.6,15.64301,15.1423,15.64299,1.445
ttp-TiCo-4-12-D2h,273,1.526973,15.34966,13.822687,1.3822687,"3,6",ttp,TiCo,N12,0.546308,3514.8,1.18212,0.6458,4534,0.4534,16.5,15.87838553153948,16.5,16.5,16.56382,14.97453,16.56381,1.445
ttp-TiCo-8-644-D2h-D2d,273,1.636802,16.73942,15.102618,1.5102617999999999,"4,6",stp,TiCo,N644,0.51148,2906.12,1.40905,0.7207,5545,0.5543,17.5,17.273669972948603,17.5,17.5,17.59156,16.75544,17.59155,1.445
ttp-TiCo-9-201-D2h-D2d,273,1.97847,24.92394,22.94547,2.294547,"4,6",stp,TiCo,N201,0.334866,3671.45,2.41888,0.81,6666,0.6666,26.8,26.604560456045604,26.8,26.8,26.88359,25.24071,26.88359,1.445
ttp-TiMg-10-607-D2h-D2d,273,2.577301,27.54993,24.972629,2.4972629,"3,6",ttp,TiMg,N607,0.308583,4939.9,2.6437,0.8158,6417,0.6417,24.5,23.520445691132924,24.5,24.5,24.54748,22.66123,24.54748,1.445
ttp-TiMg-3-1-D2h,273,2.347494,15.79964,13.452145999999999,1.3452145999999998,"4,6",stp,TiMg,N1,0.635075,2200.95,0.980356,0.6226,4555,0.4555,16.8,16.793347969264545,16.8,16.8,16.89193,16.65213,16.88383,1.445
ttp-TiMg-4-12-D2h,273,2.117295,19.03762,16.920325000000002,1.6920325000000003,"3,6",ttp,TiMg,N12,0.465909,4225.33,1.42925,0.6659,4692,0.4692,16.5,15.43493179880648,16.5,16.5,16.57888,14.65508,16.50283,1.445
ttp-TiMg-8-644-D2h-D2d,273,2.586034,21.63891,19.052875999999998,1.9052875999999999,"4,6",stp,TiMg,N644,0.412,3406.72,1.78519,0.7355,5793,0.5793,21.8,21.758846884170552,21.8,21.8,21.8415,21.60331,21.83804,1.445
ttp-TiMg-9-201-D2h-D2d,273,2.484861,28.09581,25.610949,2.5610949,"4,6",stp,TiMg,N201,0.305588,4297.25,2.64146,0.8072,6622,0.6622,25.1,24.34510721836304,25.1,25.1,25.14777,23.35751,25.14777,1.445
ttp-TiNi-10-607-D2h-D2d,273,1.865155,22.76249,20.897334999999998,2.0897335,"3,6",ttp,TiNi,N607,0.358062,4283.72,2.2133,0.7925,6192,0.6192,23.4,22.579312015503877,23.4,23.4,23.48168,21.50207,23.4612,1.445
ttp-TiNi-3-1-D2h,273,1.73666,12.76712,11.03046,1.103046,"4,6",stp,TiNi,N1,0.755273,1831.33,0.849759,0.6418,4619,0.4619,16.4,16.39919896081403,16.4,16.4,16.47824,16.20137,16.47823,1.445
ttp-TiNi-4-12-D2h,273,1.580311,15.10204,13.521729,1.3521729,"3,6",ttp,TiNi,N12,0.554895,3473.81,1.15517,0.641,4520,0.452,16.4,15.793606194690264,16.4,16.4,16.46716,14.46604,16.46159,1.445
ttp-TiNi-8-644-D2h-D2d,273,1.46547,17.12066,15.655190000000001,1.565519,"4,6",stp,TiNi,N644,0.491372,2876.47,1.49846,0.7363,5753,0.5753,20.8,20.760837823744133,20.8,20.8,20.87146,20.29765,20.87144,1.445
ttp-TiNi-9-201-D2h-D2d,273,2.115636,24.68162,22.565984,2.2565984,"4,6",stp,TiNi,N201,0.33955,3598.98,2.38227,0.8089,6660,0.666,26.9,26.761996996996995,26.9,26.9,26.9356,25.15776,26.9356,1.445
ttx-TiCo-10-607-D2h-D2d,273,1.747755,20.47613,18.728375,1.8728375,"3,6",ttx,TiCo,N607,0.41109,4421.5,1.79133,0.7364,5590,0.559,19.0,17.881610017889088,19.0,19.0,19.05468,18.31854,19.05468,1.445
ttx-TiCo-3-1-D2h,273,1.565439,11.03457,9.469131,0.9469131000000001,"3,6",ttx,TiCo,N1,0.886007,1728.54,0.635774,0.5633,3680,0.368,13.4,13.393505434782613,13.4,13.4,13.41679,11.89863,13.41679,1.445
ttx-TiCo-4-12-D2h,273,1.580798,17.28651,15.705712,1.5705712,"4,6",stp,TiCo,N12,0.487799,3790.01,1.37167,0.6691,5033,0.5033,19.8,18.94814226107689,19.8,19.8,19.81351,18.21161,19.81349,1.445
ttx-TiCo-5-665-D2h,273,1.814766,21.30184,19.487074,1.9487074,"4,6",stp,TiCo,N665,0.398077,4133.12,1.80694,0.7193,5758,0.5758,22.1,21.44230635637374,22.1,22.1,22.14149,21.70359,22.14148,1.445
ttx-TiCo-6-614-D2h,273,1.893986,25.05372,23.159734,2.3159734,"4,6",stp,TiCo,N614,0.339242,4734.97,2.28303,0.7745,6201,0.6201,23.5,22.40185453959039,23.5,23.5,23.50523,22.48052,23.50523,1.445
ttx-TiCo-7-7-D2h-D2d,273,1.627242,11.65597,10.028728,1.0028728,"3,6",ttx,TiCo,N7,0.789486,2319.24,0.747828,0.5904,3804,0.3804,13.2,13.131177707676128,13.2,13.2,13.28556,11.73804,13.28552,1.445
ttx-TiCo-8-644-D2h-D2d,273,1.446109,13.13537,11.689261,1.1689261,"3,6",ttx,TiCo,N644,0.669655,3065.53,0.974232,0.6524,4177,0.4177,13.6,13.314603782619104,13.6,13.6,13.62669,12.08277,13.60697,1.445
ttx-TiMg-10-607-D2h-D2d,273,2.248229,23.49999,21.251761000000002,2.1251761,"3,6",ttx,TiMg,N607,0.37037,4832.83,2.00151,0.7413,5634,0.5634,18.4,17.190592829250974,18.4,18.4,18.44644,17.34487,18.44644,1.445
ttx-TiMg-3-1-D2h,273,2.256397,13.98736,11.730963000000001,1.1730963,"3,6",ttx,TiMg,N1,0.749671,2101.88,0.740324,0.555,3582,0.3582,12.5,12.397934115019542,12.5,12.5,12.55513,11.96861,12.52709,1.445
ttx-TiMg-4-12-D2h,273,2.264301,21.18246,18.918159,1.8918158999999999,"4,6",stp,TiMg,N12,0.416793,4353.2,1.65142,0.6883,5282,0.5282,20.9,19.977811435062478,20.9,20.9,20.91664,19.20896,20.91635,1.445
ttx-TiMg-5-665-D2h,273,2.493469,24.48272,21.989251,2.1989251,"4,6",stp,TiMg,N665,0.351723,4756.13,2.2131,0.7784,5869,0.5869,21.5,20.33883114670302,21.5,21.5,21.51228,19.90337,21.51227,1.445
ttx-TiMg-6-614-D2h,273,2.538092,28.71142,26.173328,2.6173328000000002,"4,6",stp,TiMg,N614,0.301183,5214.24,2.72923,0.822,6424,0.6424,24.0,22.86411892901619,24.0,24.0,24.04196,23.40595,23.96355,1.445
ttx-TiMg-7-7-D2h-D2d,273,2.502825,15.44907,12.946245000000001,1.2946245,"3,6",ttx,TiMg,N7,0.677766,2887.11,0.878327,0.5953,3699,0.3699,12.1,11.716409840497432,12.1,12.1,12.11857,11.0884,12.11345,1.445
ttx-TiMg-8-644-D2h-D2d,273,2.350782,16.75048,14.399697999999999,1.4399697999999999,"3,6",ttx,TiMg,N644,0.562354,3606.35,1.19462,0.6718,4367,0.4367,14.1,13.75223265399588,14.1,14.1,14.16319,12.98487,14.16305,1.445
ttx-TiNi-10-607-D2h-D2d,273,1.703662,19.9857,18.282038,1.8282038,"3,6",ttx,TiNi,N607,0.424293,4363.57,1.74125,0.7388,5507,0.5507,18.0,16.912238968585438,18.0,18.0,18.04293,17.3592,18.04292,1.445
ttx-TiNi-3-1-D2h,273,1.524154,11.00271,9.478556000000001,0.9478556000000001,"3,6",ttx,TiNi,N1,0.901744,1691.16,0.632552,0.5704,3711,0.3711,13.2,13.196308272702776,13.2,13.2,13.25456,11.59129,13.25455,1.445
ttx-TiNi-4-12-D2h,273,1.638792,16.95002,15.311227999999998,1.5311228,"4,6",stp,TiNi,N12,0.497697,3729.06,1.34218,0.668,4985,0.4985,18.9,18.200561685055163,18.9,18.9,18.92768,17.90558,18.92768,1.445
ttx-TiNi-5-665-D2h,273,1.822349,20.9045,19.082151,1.9082151,"4,6",stp,TiNi,N665,0.404664,4075.72,1.88156,0.7614,5841,0.5841,22.0,21.40239684985448,22.0,22.0,22.02095,21.03315,22.02091,1.445
ttx-TiNi-6-614-D2h,273,1.972493,24.64441,22.671917,2.2671917,"4,6",stp,TiNi,N614,0.344995,4667.12,2.30902,0.7966,6271,0.6271,22.7,21.65279859671504,22.7,22.7,22.78407,21.54934,22.78379,1.445
ttx-TiNi-7-7-D2h-D2d,273,1.533764,11.28248,9.748716,0.9748716,"3,6",ttx,TiNi,N7,0.814635,2180.96,0.714431,0.582,3739,0.3739,12.6,12.546055094945173,12.6,12.6,12.63549,11.38817,12.61639,1.445
ttx-TiNi-8-644-D2h-D2d,273,1.243491,12.73591,11.492419,1.1492419,"3,6",ttx,TiNi,N644,0.689989,2952.87,0.941754,0.6498,4157,0.4157,13.2,12.88802020687996,13.2,13.2,13.22197,11.39131,13.21857,1.445
txs-TiCo-10-607-D2h-D2d,273,1.543229,17.05658,15.513351,1.5513351,"4,6",txs,TiCo,N607,0.501318,4388.85,1.35044,0.677,4518,0.4518,13.0,10.962571934484284,11.3,13.0,13.06178,8.64248,13.06178,1.445
txs-TiCo-11-662-D4h-T,273,2.184054,30.93233,28.748276,2.8748276,"4,6",txs,TiCo,N662,0.264877,5740.57,3.19809,0.8471,6800,0.68,22.6,19.95741176470588,22.1,22.9,22.92359,13.63273,22.60423,1.445
txs-TiCo-12-693-Td,273,1.1659,3.407445,2.2415450000000003,0.22415450000000003,"4,6",txs,TiCo,N693,1.61136,0.0,0.0,0.0,0,0.0,,,,,5.52724,2.60825,5.52723,1.445
txs-TiCo-13-600-Td,273,1.415044,11.02605,9.611006,0.9611006,"4,6",txs,TiCo,N600,0.759579,2905.38,0.632456,0.4804,2822,0.2822,10.6,9.428065201984408,10.6,10.7,10.71111,6.0524,10.60682,1.445
txs-TiCo-7-7-D2h-D2d,273,1.61306,10.4554,8.84234,0.884234,"4,6",txs,TiCo,N7,0.921061,2384.89,0.579223,0.5335,2787,0.2787,10.8,10.187656978830285,10.8,10.9,10.9368,5.93395,10.72817,1.445
txs-TiMg-10-607-D2h-D2d,273,2.080598,20.23944,18.158842,1.8158842,"4,6",txs,TiMg,N607,0.437943,4860.72,1.57669,0.6905,4743,0.4743,13.7,11.556715159181952,11.8,13.7,13.70746,8.87654,13.70746,1.445
txs-TiMg-11-662-D4h-T,273,2.683122,35.34672,32.663598,3.2663598,"4,6",txs,TiMg,N662,0.234947,6215.49,3.62933,0.8527,6946,0.6946,22.9,20.18059314713504,21.7,22.9,22.91058,14.47868,21.17357,1.445
txs-TiMg-12-693-Td,273,2.294851,6.452344,4.1574930000000005,0.41574930000000004,"4,6",txs,TiMg,N693,1.29561,808.702,0.121101,0.1569,516,0.0516,6.0,5.857364341085272,6.0,6.0,6.0761,2.91814,6.04293,1.445
txs-TiMg-13-600-Td,273,2.104189,13.68193,11.577741,1.1577741,"4,6",txs,TiMg,N600,0.657083,3372.9,0.763526,0.5017,3069,0.3069,11.3,9.652166829586184,10.5,11.3,11.38608,6.35406,11.16907,1.445
txs-TiMg-7-7-D2h-D2d,273,2.516121,13.89379,11.377669,1.1377669,"4,6",txs,TiMg,N7,0.771751,2841.46,0.694266,0.5358,2937,0.2937,10.7,9.97878787878788,10.7,10.7,10.74604,6.27048,10.74603,1.445
txs-TiNi-10-607-D2h-D2d,273,1.581176,17.18406,15.602884,1.5602884,"4,6",txs,TiNi,N607,0.496729,4322.77,1.37882,0.6849,4649,0.4649,13.5,11.458012475801247,12.1,13.5,13.52187,8.55023,13.51514,1.445
txs-TiNi-11-662-D4h-T,273,2.240959,31.20037,28.959411,2.8959411,"4,6",txs,TiNi,N662,0.262108,5760.79,3.21356,0.8423,6803,0.6803,23.0,20.40248419814788,22.8,23.1,23.15557,13.88044,23.02499,1.445
txs-TiNi-12-693-Td,273,0.9077609,3.523321,2.6155601,0.26155601,"4,6",txs,TiNi,N693,1.58218,0.0,0.0,0.0,0,0.0,,,,,5.42325,2.87527,5.31402,1.445
txs-TiNi-13-600-Td,273,1.409891,10.45729,9.047399,0.9047399,"4,6",txs,TiNi,N600,0.80785,2781.39,0.555053,0.4484,2572,0.2572,9.7,8.639463452566096,9.4,9.8,9.81788,5.12195,9.81788,1.445
txs-TiNi-7-7-D2h-D2d,273,1.581995,10.29047,8.708475,0.8708475,"4,6",txs,TiNi,N7,0.93438,2316.67,0.56401,0.527,2818,0.2818,10.6,9.985166784953869,10.6,10.6,10.64138,5.89737,10.64137,1.445
ydq-TiCo-1-10,273,1.776134,9.810336,8.034201999999999,0.8034201999999999,"3,6",ydq,TiCo,N10,0.986036,1947.45,0.514788,0.5076,3025,0.3025,13.2,11.636694214876034,13.2,13.2,13.30802,9.66222,13.28912,1.445
ydq-TiCo-10-333,273,1.597375,17.64535,16.047975,1.6047975,"3,6",ydq,TiCo,N333,0.457473,3504.42,1.46019,0.668,5399,0.5399,22.3,19.53332098536766,21.7,22.4,22.4432,17.14855,22.42413,1.445
ydq-TiCo-11-516,273,1.567123,16.92698,15.359857,1.5359857,"3,6",ydq,TiCo,N516,0.474775,3329.02,1.39982,0.6646,5369,0.5369,22.2,19.341329856584093,21.6,22.2,22.35167,17.34095,22.35167,1.445
ydq-TiCo-12-639,273,1.720219,16.85443,15.134211,1.5134211,"3,6",ydq,TiCo,N639,0.544202,3193.82,1.20617,0.6564,5043,0.5043,20.7,17.824905810033712,20.4,20.7,20.89292,14.58616,20.72827,1.445
ydq-TiCo-2-19,273,1.581939,9.261553,7.679613999999999,0.7679613999999999,"3,6",ydq,TiCo,N19,1.03988,1910.67,0.493901,0.5136,3026,0.3026,12.8,11.345076007931263,12.8,12.8,12.88606,9.35414,12.87491,1.445
ydq-TiCo-3-20,273,1.702728,14.51166,12.808931999999999,1.2808932,"3,6",ydq,TiCo,N20,0.647083,2763.28,0.977,0.6322,4575,0.4575,18.6,16.334775956284155,18.6,18.6,18.65818,14.06525,18.65628,1.445
ydq-TiCo-4-410,273,1.644629,17.95025,16.305621000000002,1.6305621000000001,"3,6",ydq,TiCo,N410,0.456596,3768.02,1.47548,0.6737,5398,0.5398,21.2,18.353593923675437,20.0,21.2,21.34159,16.3895,21.34159,1.445
ydq-TiCo-6-225,273,1.50634,7.170027,5.663687,0.5663687000000001,"3,6",ydq,TiCo,N225,1.15363,947.284,0.239246,0.276,1562,0.1562,11.4,10.664084507042253,11.4,11.6,11.62918,7.23497,11.5892,1.445
ydq-TiCo-9-130,273,1.770577,7.12389,5.353313,0.5353313,"3,6",ydq,TiCo,N130,1.12948,1315.42,0.343611,0.3881,2359,0.2359,10.8,10.072742687579485,10.3,10.9,10.91578,8.7188,10.90627,1.445
ydq-TiMg-1-10,273,2.821841,13.94406,11.122219000000001,1.1122219000000002,"3,6",ydq,TiMg,N10,0.788299,2460.65,0.665991,0.525,3207,0.3207,13.5,11.677517929529156,13.4,13.5,13.53719,9.63205,13.53719,1.445
ydq-TiMg-10-333,273,2.27901,20.5486,18.26959,1.826959,"3,6",ydq,TiMg,N333,0.419295,3966.24,1.58766,0.6657,5354,0.5354,21.5,18.484049308927904,20.2,21.7,21.95549,16.41706,21.95549,1.445
ydq-TiMg-11-516,273,2.207032,19.45936,17.252328,1.7252328,"3,6",ydq,TiMg,N516,0.439664,3756.22,1.48272,0.6519,5265,0.5265,21.2,18.109458689458688,20.0,21.2,21.43087,15.8282,21.12522,1.445
ydq-TiMg-12-639,273,2.375094,20.03006,17.654965999999998,1.7654965999999999,"3,6",ydq,TiMg,N639,0.47648,3736.7,1.36165,0.6488,5041,0.5041,20.3,17.31354889902797,20.1,20.5,20.77857,14.4792,20.36645,1.445
ydq-TiMg-2-19,273,2.428509,12.70901,10.280501,1.0280501,"3,6",ydq,TiMg,N19,0.820228,2435.86,0.653843,0.5363,3244,0.3244,13.2,11.5557336621455,13.1,13.2,13.27091,9.34153,13.23105,1.445
ydq-TiMg-3-20,273,2.461943,17.68181,15.219866999999999,1.5219866999999998,"3,6",ydq,TiMg,N20,0.555828,3317.29,1.13021,0.6282,4537,0.4537,18.1,15.677738593784438,18.1,18.1,18.13843,13.68978,18.1131,1.445
ydq-TiMg-4-410,273,2.334441,21.21507,18.880629,1.8880629,"3,6",ydq,TiMg,N410,0.409787,4264.44,1.64354,0.6735,5354,0.5354,20.6,17.976802390735898,19.2,20.7,20.7959,16.08742,20.7959,1.445
ydq-TiMg-6-225,273,1.096584,9.645568,8.548984,0.8548984000000001,"3,6",ydq,TiMg,N225,0.947059,1602.03,0.365869,0.3465,1928,0.1928,11.9,10.493724066390042,11.8,12.1,12.36943,7.62615,12.36943,1.445
ydq-TiMg-9-130,273,2.589818,10.79949,8.209672000000001,0.8209672000000001,"3,6",ydq,TiMg,N130,0.912345,1713.48,0.457064,0.417,2613,0.2613,11.6,10.687562189054727,10.9,11.6,11.6691,9.51028,11.6579,1.445
ydq-TiNi-1-10,273,1.749653,9.728511,7.978857999999999,0.7978857999999999,"3,6",ydq,TiNi,N10,1.01125,1867.34,0.504127,0.5098,3049,0.3049,12.9,11.4710068875041,12.9,12.9,12.99211,9.46299,12.99131,1.445
ydq-TiNi-10-333,273,1.678735,17.44745,15.768715,1.5768715,"3,6",ydq,TiNi,N333,0.469127,3397.89,1.43884,0.675,5414,0.5414,21.7,19.300849649057994,21.2,21.9,22.02846,16.82469,21.67767,1.445
ydq-TiNi-11-516,273,1.630481,16.78032,15.149839,1.5149839,"3,6",ydq,TiNi,N516,0.48409,3249.84,1.37247,0.6644,5360,0.536,21.3,19.614962686567168,21.3,22.4,22.60809,17.412,22.27173,1.445
ydq-TiNi-12-639,273,1.763692,16.58907,14.825377999999999,1.4825377999999998,"3,6",ydq,TiNi,N639,0.551742,3085.8,1.19621,0.66,5099,0.5099,20.8,18.275720729554813,20.8,21.2,21.32626,14.93399,21.31429,1.445
ydq-TiNi-2-19,273,1.644708,8.988909,7.344201,0.7344201,"3,6",ydq,TiNi,N19,1.06089,1834.22,0.490062,0.5199,3076,0.3076,12.6,11.23920676202861,12.5,12.6,12.6531,9.22797,12.65047,1.445
ydq-TiNi-3-20,273,1.750732,14.26473,12.513998,1.2513998000000002,"3,6",ydq,TiNi,N20,0.658581,2686.06,0.966928,0.6368,4611,0.4611,18.5,16.340555194101064,18.4,18.5,18.54896,13.88383,18.54896,1.445
ydq-TiNi-4-410,273,1.700139,17.80705,16.106911,1.6106911,"3,6",ydq,TiNi,N410,0.464223,3624.08,1.44995,0.6731,5403,0.5403,21.2,18.595687580973536,20.1,21.3,21.3245,16.65107,21.3245,1.445
ydq-TiNi-6-225,273,0.4079359,5.519368,5.1114321,0.51114321,"3,6",ydq,TiNi,N225,1.16371,1169.14,0.283403,0.3298,1833,0.1833,11.9,10.902182214948173,11.9,12.1,12.21175,7.56936,12.21175,1.445
ydq-TiNi-9-130,273,1.520226,7.352237,5.832011,0.5832010999999999,"3,6",ydq,TiNi,N130,1.13696,1291.2,0.351551,0.3997,2438,0.2438,11.0,10.320959803117308,10.5,11.0,11.11627,8.80065,11.11627,1.445
ceq-TiCo-1-10,298,1.199883,6.754831,5.554948,0.5554948000000001,"3,6",ceq,TiCo,N10,1.21459,1806.77,0.294667,0.3579,1257,0.1257,5.8,5.718536197295147,5.8,6.0,6.07217,5.10152,5.90439,1.445
ceq-TiCo-10-333,298,1.104273,12.98122,11.876947000000001,1.1876947000000002,"3,6",ceq,TiCo,N333,0.578443,4032.75,1.06527,0.6162,4033,0.4033,11.5,10.359112323332509,11.5,11.9,11.90475,9.51036,11.85231,1.445
ceq-TiCo-11-516,298,1.078939,12.16188,11.082941,1.1082941,"3,6",ceq,TiCo,N516,0.613734,3864.6,0.964587,0.592,3797,0.3797,11.0,9.572004213853042,10.7,11.1,11.1373,8.62506,11.07183,1.445
ceq-TiCo-12-639,298,1.151529,11.76964,10.618111,1.0618111000000001,"3,6",ceq,TiCo,N639,0.728084,3494.73,0.779168,0.5673,3099,0.3099,8.2,7.877767021619878,7.9,8.5,8.54564,6.7773,8.43775,1.445
ceq-TiCo-13-126,298,1.753134,25.8294,24.076266,2.4076266,"3,6",ceq,TiCo,N126,0.282249,5631.87,3.01861,0.852,6689,0.6689,17.0,16.569143369711465,17.0,17.8,17.82836,15.14346,17.0768,1.445
ceq-TiCo-2-19,298,1.155458,6.722311,5.566853,0.5566853,"3,6",ceq,TiCo,N19,1.26274,1828.82,0.314476,0.3971,1431,0.1431,5.7,5.618099231306778,5.7,5.8,5.87712,5.09131,5.71078,1.445
ceq-TiCo-3-20,298,1.074775,9.284251,8.209475999999999,0.8209475999999999,"3,6",ceq,TiCo,N20,0.892794,2849.38,0.545702,0.4872,2243,0.2243,6.9,6.838074008024967,6.9,7.1,7.13199,5.83361,7.13198,1.445
ceq-TiCo-4-410,298,1.080567,13.28152,12.200953,1.2200953,"3,6",ceq,TiCo,N410,0.569958,4134.54,1.1171,0.6367,4082,0.4082,11.6,10.210828025477708,10.6,11.6,11.67421,8.69689,10.92577,1.445
ceq-TiCo-5-386,298,2.136027,32.07062,29.934593,2.9934593,"3,6",ceq,TiCo,N386,0.229929,6225.07,3.7977,0.8732,7117,0.7117,19.0,18.878445974427425,19.2,19.9,19.96274,18.54632,19.86965,1.445
ceq-TiCo-6-225,298,0.3970394,3.062516,2.6654766,0.26654765999999996,"3,6",ceq,TiCo,N225,1.40473,0.0,0.0,0.0,0,0.0,,,,,5.12443,2.67376,5.03088,1.445
ceq-TiCo-7-592,298,0.8761157,9.527325,8.6512093,0.86512093,"3,6",ceq,TiCo,N592,0.646386,3318.02,0.729131,0.4713,2952,0.2952,10.1,8.784552845528456,8.6,10.1,10.11715,6.58071,10.01828,1.445
ceq-TiCo-9-130,298,1.17039,4.652866,3.482476,0.3482476,"3,6",ceq,TiCo,N130,1.33936,1018.01,0.157314,0.2107,703,0.0703,5.8,5.334992887624467,5.5,5.8,5.86327,4.40667,5.86327,1.445
ceq-TiMg-1-10,298,1.873588,8.840411,6.966823,0.6966823,"3,6",ceq,TiMg,N10,0.999417,2183.97,0.358209,0.358,1238,0.1238,5.3,5.409046849757674,5.3,5.7,5.76054,4.86205,5.59945,1.445
ceq-TiMg-10-333,298,1.547074,15.66118,14.114106,1.4114106,"3,6",ceq,TiMg,N333,0.50131,4609.14,1.25371,0.6285,4180,0.418,11.5,9.872129186602873,10.2,11.5,11.50666,9.24878,11.50662,1.445
ceq-TiMg-11-516,298,1.529068,14.77349,13.244422,1.3244422,"3,6",ceq,TiMg,N516,0.529068,4435.28,1.15996,0.6137,4023,0.4023,11.1,9.475416355953268,10.1,11.1,11.17092,8.48825,11.17092,1.445
ceq-TiMg-12-639,298,1.611013,13.26292,11.651907,1.1651907,"3,6",ceq,TiMg,N639,0.675461,3936.03,0.769104,0.5195,2717,0.2717,7.5,7.25218991534781,7.4,7.7,7.74596,6.00017,7.57434,1.445
ceq-TiMg-13-126,298,2.152496,28.99818,26.845684000000002,2.6845684000000003,"3,6",ceq,TiMg,N126,0.259373,6149.23,3.27213,0.8487,6700,0.67,15.6,15.80183582089552,15.8,16.8,16.87693,14.13515,16.15173,1.445
ceq-TiMg-2-19,298,1.739467,8.270757,6.531289999999999,0.653129,"3,6",ceq,TiMg,N19,1.05993,2112.33,0.355305,0.3766,1319,0.1319,5.4,5.367778620166793,5.4,5.5,5.53585,4.72529,5.47927,1.445
ceq-TiMg-3-20,298,1.573366,10.7926,9.219234,0.9219234000000001,"3,6",ceq,TiMg,N20,0.800093,3125.83,0.531938,0.4256,2059,0.2059,6.7,6.687421078193298,6.8,7.3,7.36617,5.49468,7.35004,1.445
ceq-TiMg-4-410,298,1.54214,15.98863,14.44649,1.444649,"3,6",ceq,TiMg,N410,0.498421,4696.9,1.2983,0.6471,4225,0.4225,12.2,10.21921893491124,10.0,12.2,12.26322,8.50743,10.40681,1.445
ceq-TiMg-5-386,298,2.627191,36.97958,34.352389,3.4352389000000003,"3,6",ceq,TiMg,N386,0.202052,6879.94,4.35384,0.8797,7229,0.7229,20.1,19.248651265735237,19.6,20.1,20.15893,18.90877,20.1296,1.445
ceq-TiMg-6-225,298,0.3708967,3.708192,3.3372953,0.33372953,"3,6",ceq,TiMg,N225,1.16287,0.0,0.0,0.0,0,0.0,,,,,4.8881,2.55958,4.84413,1.445
ceq-TiMg-7-592,298,1.101413,10.00649,8.905076999999999,0.8905076999999999,"3,6",ceq,TiMg,N592,0.643583,3123.88,0.704494,0.4534,2754,0.2754,8.4,8.558678286129267,8.4,9.5,9.50685,7.31293,8.48236,1.445
ceq-TiMg-9-130,298,2.681948,6.999459,4.317511,0.43175109999999994,"3,6",ceq,TiMg,N130,1.08754,1389.18,0.228314,0.2483,914,0.0914,6.1,5.6263676148796495,5.5,6.1,6.19372,4.75481,6.19372,1.445
ceq-TiNi-1-10,298,1.118411,5.664456,4.546045,0.4546045,"3,6",ceq,TiNi,N10,1.25523,1648.79,0.262582,0.3296,1063,0.1063,5.4,5.327657572906866,5.4,5.6,5.63377,4.79273,5.44483,1.445
ceq-TiNi-10-333,298,1.150014,13.0397,11.889686,1.1889686,"3,6",ceq,TiNi,N333,0.578021,3948.95,1.0856,0.6275,4090,0.409,11.6,10.184938875305624,10.8,11.6,11.62502,9.82685,11.51194,1.445
ceq-TiNi-11-516,298,1.084351,12.36402,11.279669,1.1279669,"3,6",ceq,TiNi,N516,0.603256,3844.9,1.0072,0.6076,3918,0.3918,11.5,10.105308831036243,11.3,11.7,11.70534,9.14203,11.70534,1.445
ceq-TiNi-12-639,298,1.23759,11.26544,10.02785,1.002785,"3,6",ceq,TiNi,N639,0.768359,3409.49,0.700974,0.5386,2800,0.28,7.8,7.382821428571429,7.5,7.8,7.89292,6.0888,7.89291,1.445
ceq-TiNi-13-126,298,1.7186,25.69183,23.97323,2.397323,"3,6",ceq,TiNi,N126,0.28464,5593.12,2.98623,0.85,6652,0.6652,18.5,16.755532170775705,16.7,18.5,18.50525,15.08543,16.74324,1.445
ceq-TiNi-2-19,298,1.0865,5.680678,4.594178,0.45941780000000004,"3,6",ceq,TiNi,N19,1.29692,1725.09,0.296317,0.3843,1295,0.1295,5.6,5.436370656370657,5.5,5.6,5.65403,4.88846,5.65401,1.445
ceq-TiNi-3-20,298,1.023703,8.586211,7.562508,0.7562508,"3,6",ceq,TiNi,N20,0.92957,2724.87,0.459245,0.4269,1997,0.1997,6.8,6.723234852278418,6.8,7.0,7.02113,5.65976,6.97516,1.445
ceq-TiNi-4-410,298,1.157986,12.93623,11.778244,1.1778244,"3,6",ceq,TiNi,N410,0.584759,3979.43,1.08216,0.6328,4046,0.4046,10.5,9.636109738012852,10.0,10.5,10.54301,8.61505,10.23889,1.445
ceq-TiNi-5-386,298,1.966872,31.55821,29.591338,2.9591338,"3,6",ceq,TiNi,N386,0.230448,6195.6,3.79609,0.8748,7114,0.7114,20.0,18.872968793927463,19.4,20.0,20.06167,18.62337,20.01355,1.445
ceq-TiNi-6-225,298,0.100816,1.523047,1.422231,0.1422231,"3,6",ceq,TiNi,N225,1.45155,0.0,0.0,0.0,0,0.0,,,,,4.88946,2.45688,4.47613,1.445
ceq-TiNi-7-592,298,0.8239755,8.528808,7.7048325,0.7704832500000001,"3,6",ceq,TiNi,N592,0.708424,2843.28,0.621097,0.44,2647,0.2647,8.6,8.395428787306383,8.6,8.7,8.85232,7.24919,8.77799,1.445
ceq-TiNi-9-130,298,0.8202348,3.803645,2.9834102,0.29834101999999996,"3,6",ceq,TiNi,N130,1.37823,1002.84,0.159044,0.2192,688,0.0688,5.7,5.196366279069768,5.5,5.7,5.79581,4.23042,5.79581,1.445
cml-TiCo-1-10,298,1.153145,7.089416,5.936271,0.5936271,"3,6",cml,TiCo,N10,1.16205,1942.61,0.315219,0.3663,1498,0.1498,6.2,6.0211615487316426,6.1,6.3,6.3685,5.2944,6.05631,1.445
cml-TiCo-10-333,298,1.138074,12.9824,11.844326,1.1844326,"3,6",cml,TiCo,N333,0.584696,4099.28,1.01266,0.5921,3906,0.3906,10.7,9.745340501792114,10.6,10.7,10.73541,8.93998,10.73307,1.445
cml-TiCo-11-516,298,1.064085,12.51263,11.448545,1.1448544999999999,"3,6",cml,TiCo,N516,0.601103,4026.1,0.970051,0.5831,3821,0.3821,10.7,9.919759225333683,10.7,10.9,10.90541,9.04566,10.89506,1.445
cml-TiCo-12-639,298,1.213827,12.41958,11.205753,1.1205753,"3,6",cml,TiCo,N639,0.676516,3565.9,0.853047,0.5771,3517,0.3517,10.2,9.5130508956497,9.8,10.2,10.25777,8.06113,10.25777,1.445
cml-TiCo-13-126,298,1.753442,26.69179,24.938348,2.4938348,"3,6",cml,TiCo,N126,0.276747,5638.2,3.03418,0.8397,6688,0.6688,18.2,17.171471291866027,17.7,18.2,18.25286,16.12155,18.24016,1.445
cml-TiCo-2-19,298,1.228804,7.046706,5.817902,0.5817902,"3,6",cml,TiCo,N19,1.20709,1946.24,0.330714,0.3992,1686,0.1686,6.0,5.906049822064057,6.0,6.1,6.11684,5.61048,6.09402,1.445
cml-TiCo-3-20,298,1.135295,10.24127,9.105975,0.9105975000000001,"3,6",cml,TiCo,N20,0.826141,3000.73,0.626769,0.5178,2763,0.2763,8.0,7.668584871516467,7.8,8.0,8.06832,6.93764,8.0683,1.445
cml-TiCo-4-410,298,1.091406,13.43902,12.347614,1.2347614,"3,6",cml,TiCo,N410,0.566539,4140.67,1.09348,0.6195,4096,0.4096,11.5,10.5462646484375,11.4,11.6,11.64015,9.07515,11.59593,1.445
cml-TiCo-5-386,298,2.029332,32.0885,30.059168000000003,3.0059168000000005,"3,6",cml,TiCo,N386,0.229126,6236.61,3.77042,0.8639,7035,0.7035,20.4,19.92220326936745,20.4,20.7,20.78995,17.39186,20.62732,1.445
cml-TiCo-6-225,298,0.2249387,2.942828,2.7178893,0.27178893,"3,6",cml,TiCo,N225,1.37322,389.57,0.0411441,0.0565,171,0.0171,4.8,4.780701754385965,4.8,4.9,4.91775,2.93043,4.91773,1.445
cml-TiCo-7-592,298,0.9055936,10.57503,9.6694364,0.96694364,"3,6",cml,TiCo,N592,0.603861,3849.93,0.934321,0.5642,3210,0.321,10.6,9.292679127725856,9.1,10.6,10.61994,6.94469,10.61994,1.445
cml-TiCo-9-130,298,1.147324,4.90934,3.762016,0.3762016,"3,6",cml,TiCo,N130,1.33376,1007.35,0.146578,0.1955,631,0.0631,6.4,5.823137876386689,6.4,6.4,6.40893,3.50975,6.40893,1.445
cml-TiCo-TATB,298,1.379729,18.38135,17.001621,1.7001621,"3,6",cml,TiCo,TATB,0.414437,4817.61,1.85987,0.7708,5469,0.5469,13.5,12.831230572316692,13.4,13.5,13.52714,11.86424,13.51283,1.445
cml-TiMg-1-10,298,1.843396,9.696653,7.853256999999999,0.7853256999999999,"3,6",cml,TiMg,N10,0.933001,2524.02,0.422186,0.3939,1699,0.1699,6.5,6.25868157739847,6.5,6.5,6.52241,5.39507,6.52199,1.445
cml-TiMg-10-333,298,1.492396,15.40846,13.916064,1.3916064000000001,"3,6",cml,TiMg,N333,0.511183,4575.93,1.18529,0.6059,4045,0.4045,10.5,9.816390605686031,10.5,10.6,10.64759,8.90567,10.63716,1.445
cml-TiMg-11-516,298,1.449064,15.28753,13.838466,1.3838466,"3,6",cml,TiMg,N516,0.51348,4599.37,1.17882,0.6053,4050,0.405,11.0,10.252913580246911,10.9,11.2,11.22253,9.35689,11.16292,1.445
cml-TiMg-12-639,298,1.603728,14.92558,13.321852,1.3321852,"3,6",cml,TiMg,N639,0.597277,4158.84,0.967725,0.578,3521,0.3521,9.7,8.94260153365521,9.2,9.8,9.86581,7.72449,9.8658,1.445
cml-TiMg-13-126,298,2.126006,29.54254,27.416534,2.7416533999999997,"3,6",cml,TiMg,N126,0.254967,6149.36,3.30043,0.8415,6674,0.6674,17.7,16.78602037758466,17.3,17.8,17.82744,14.91026,17.56278,1.445
cml-TiMg-2-19,298,1.628422,9.589996,7.961573999999999,0.7961573999999999,"3,6",cml,TiMg,N19,0.926059,2610.09,0.482582,0.4469,2040,0.204,6.8,6.617254901960784,6.8,6.8,6.84489,5.96493,6.8253,1.445
cml-TiMg-3-20,298,1.615636,12.74477,11.129134,1.1129134,"3,6",cml,TiMg,N20,0.722174,3579.34,0.709386,0.5123,2721,0.2721,7.3,7.204593899301727,7.3,7.4,7.40872,6.29341,7.40872,1.445
cml-TiMg-4-410,298,1.542357,16.42408,14.881723000000001,1.4881723,"3,6",cml,TiMg,N410,0.485733,4766.07,1.31554,0.639,4300,0.43,12.0,10.83760465116279,11.6,12.0,12.02028,8.77457,11.76449,1.445
cml-TiMg-5-386,298,2.610815,37.47358,34.862764999999996,3.4862765,"3,6",cml,TiMg,N386,0.199411,6888.8,4.37538,0.8725,7209,0.7209,21.3,20.56200582605077,21.1,21.3,21.34949,17.83222,21.28587,1.445
cml-TiMg-6-225,298,0.4688588,5.461663,4.9928042,0.49928042,"3,6",cml,TiMg,N225,1.11178,647.03,0.08248,0.0917,327,0.0327,5.7,5.614984709480122,5.7,5.8,5.84892,2.95804,5.84425,1.445
cml-TiMg-7-592,298,1.204973,11.68673,10.481757,1.0481757,"3,6",cml,TiMg,N592,0.567836,3888.61,0.974225,0.5532,3223,0.3223,8.5,9.117871548246976,9.0,10.4,10.45984,7.26225,9.59027,1.445
cml-TiMg-9-130,298,2.399913,7.155947,4.756034,0.47560339999999995,"3,6",cml,TiMg,N130,1.17222,1182.3,0.179658,0.2106,709,0.0709,6.7,6.080677009873062,6.7,6.7,6.79459,3.6301,6.79062,1.445
cml-TiMg-TATB,298,1.773166,21.57185,19.798684,1.9798684000000002,"3,6",cml,TiMg,TATB,0.369747,5348.44,2.09873,0.776,5544,0.5544,13.2,12.722384559884558,12.8,13.2,13.29024,11.50404,13.17249,1.445
cml-TiNi-1-10,298,1.083192,6.795031,5.7118389999999994,0.5711839,"3,6",cml,TiNi,N10,1.19101,1877.72,0.29941,0.3566,1462,0.1462,6.1,5.896306429548563,5.9,6.2,6.29312,5.31812,6.24892,1.445
cml-TiNi-10-333,298,1.091389,12.91233,11.820941000000001,1.1820941,"3,6",cml,TiNi,N333,0.58601,4034.13,1.0237,0.5999,3953,0.3953,10.3,9.579762205919556,10.1,10.6,10.62039,8.88533,10.62036,1.445
cml-TiNi-11-516,298,1.111405,12.50677,11.395365,1.1395365,"3,6",cml,TiNi,N516,0.606744,3911.71,0.969931,0.5885,3824,0.3824,11.0,9.784649581589958,10.3,11.0,11.0055,9.03656,10.38494,1.445
cml-TiNi-12-639,298,1.137462,11.87741,10.739948,1.0739948,"3,6",cml,TiNi,N639,0.701724,3417.66,0.802595,0.5632,3380,0.338,9.7,9.099023668639052,9.2,9.7,9.78649,7.91527,9.78649,1.445
cml-TiNi-13-126,298,1.756862,25.96003,24.203167999999998,2.4203167999999997,"3,6",cml,TiNi,N126,0.28491,5546.33,2.9304,0.8349,6607,0.6607,18.7,17.734054790373847,18.7,18.7,18.79896,16.44162,18.74173,1.445
cml-TiNi-2-19,298,0.9955902,6.640953,5.6453628,0.56453628,"3,6",cml,TiNi,N19,1.21881,1949.97,0.334424,0.4076,1688,0.1688,6.0,5.960367298578199,6.0,6.1,6.14656,5.6318,6.14655,1.445
cml-TiNi-3-20,298,1.092274,9.726467,8.634193,0.8634193,"3,6",cml,TiNi,N20,0.867378,2871.73,0.580139,0.5032,2541,0.2541,7.2,7.021015348288076,7.2,7.2,7.29836,6.22077,7.29378,1.445
cml-TiNi-4-410,298,1.124571,13.14589,12.021319,1.2021319,"3,6",cml,TiNi,N410,0.572716,4010.23,1.08937,0.6239,4108,0.4108,11.2,10.156694255111976,10.4,11.2,11.28593,8.61146,11.23079,1.445
cml-TiNi-5-386,298,2.030999,31.98873,29.957731,2.9957731,"3,6",cml,TiNi,N386,0.228688,6242.37,3.79381,0.8676,7098,0.7098,20.8,19.916948436179204,20.6,20.8,20.89682,17.56226,20.60162,1.445
cml-TiNi-6-225,298,0.168864,2.418039,2.2491749999999997,0.22491749999999996,"3,6",cml,TiNi,N225,1.38173,842.43,0.098789,0.1365,441,0.0441,5.3,5.17641723356009,5.3,5.3,5.32369,2.9634,4.95622,1.445
cml-TiNi-7-592,298,0.9435022,10.00939,9.0658878,0.9065887800000001,"3,6",cml,TiNi,N592,0.63158,3618.96,0.866557,0.5473,3001,0.3001,10.1,8.717060979673443,8.6,10.1,10.1279,6.85832,10.11279,1.445
cml-TiNi-9-130,298,1.39678,4.891613,3.4948330000000007,0.34948330000000005,"3,6",cml,TiNi,N130,1.36733,966.539,0.136397,0.1865,579,0.0579,5.9,5.437478411053541,5.9,5.9,5.95411,3.58426,5.95411,1.445
cml-TiNi-TATB,298,1.384543,18.34284,16.958296999999998,1.6958296999999998,"3,6",cml,TiNi,TATB,0.415941,4741.39,1.85771,0.7727,5505,0.5505,13.5,12.988555858310626,13.4,13.6,13.60761,11.89081,13.57223,1.445
dag-TiCo-1-10,298,0.256042,3.769482,3.51344,0.351344,"3,6",dag,TiCo,N10,1.29647,1767.89,0.232863,0.3019,1068,0.1068,5.2,5.00430711610487,5.2,5.4,5.48272,4.12478,5.2922,1.445
dag-TiCo-10-333,298,0.9194325,12.10476,11.185327500000001,1.1185327500000002,"3,6",dag,TiCo,N333,0.576718,3669.66,1.04887,0.6049,4142,0.4142,10.8,9.735707387735392,10.1,11.1,11.1053,7.75906,11.10527,1.445
dag-TiCo-11-516,298,1.377956,12.2908,10.912844000000002,1.0912844000000002,"3,6",dag,TiCo,N516,0.582735,3631.57,1.03752,0.6046,4117,0.4117,10.9,9.789409764391548,10.0,10.9,10.9744,8.32015,10.97439,1.445
dag-TiCo-12-639,298,1.171945,7.073517,5.901572,0.5901571999999999,"3,6",dag,TiCo,N639,0.894058,2024.11,0.457017,0.4086,2325,0.2325,10.5,9.616559139784949,10.2,10.5,10.58409,9.55729,10.58408,1.445
dag-TiCo-13-126,298,1.771668,26.87299,25.101322000000003,2.5101322,"3,6",dag,TiCo,N126,0.271097,5605.35,3.11586,0.8447,6799,0.6799,18.1,16.674422709221947,17.6,18.2,18.28833,13.97007,17.59921,1.445
dag-TiCo-2-19,298,0.2670932,3.987449,3.7203557999999997,0.37203558,"3,6",dag,TiCo,N19,1.33479,1887.77,0.267083,0.3565,1339,0.1339,5.4,5.128454070201643,5.2,5.6,5.60098,4.579,5.47424,1.445
dag-TiCo-3-20,298,1.144374,8.29394,7.149565999999999,0.7149565999999999,"3,6",dag,TiCo,N20,0.855219,2771.12,0.610487,0.5221,2891,0.2891,8.2,7.504877205119334,7.6,8.2,8.29728,6.99242,8.29728,1.445
dag-TiCo-4-410,298,1.667359,13.09633,11.428971,1.1428971,"3,6",dag,TiCo,N410,0.535347,3779.32,1.19044,0.6373,4517,0.4517,10.5,10.46139030329865,10.5,11.4,11.48861,9.26388,10.59211,1.445
dag-TiCo-5-386,298,2.181709,34.0726,31.890891,3.1890891,"3,6",dag,TiCo,N386,0.216023,6150.83,4.04773,0.8744,7324,0.7324,19.9,18.91104587657018,19.3,19.9,19.99936,17.02249,19.99936,1.445
dag-TiCo-6-225,298,0.08777583,1.361714,1.27393817,0.12739381700000002,"3,6",dag,TiCo,N225,1.46314,405.445,0.0333528,0.0488,131,0.0131,4.5,4.244274809160306,4.3,4.5,4.52434,3.32648,4.52328,1.445
dag-TiCo-7-592,298,0.5045155,8.040904,7.536388499999999,0.75363885,"3,6",dag,TiCo,N592,0.66248,3242.03,0.734362,0.4865,2907,0.2907,9.7,8.292294461644309,8.2,10.3,10.30939,7.82852,10.30939,1.445
dag-TiCo-9-130,298,0.1539121,2.126304,1.9723919000000003,0.19723919000000004,"3,6",dag,TiCo,N130,1.40457,874.07,0.131215,0.1843,613,0.0613,5.6,5.230179445350733,5.2,5.6,5.60727,4.59668,5.60726,1.445
dag-TiCo-TATB,298,1.486137,17.42895,15.942813000000001,1.5942813,"3,6",dag,TiCo,TATB,0.424642,4772.08,1.75277,0.7443,5369,0.5369,13.5,12.066138945799963,12.7,13.5,13.58545,9.64033,13.57868,1.445
dag-TiMg-1-10,298,0.5026069,6.871084,6.3684771,0.63684771,"3,6",dag,TiMg,N10,0.995801,2476.01,0.367041,0.3655,1544,0.1544,5.8,5.531347150259067,5.8,6.1,6.15759,5.06407,6.15752,1.445
dag-TiMg-10-333,298,1.830679,14.99276,13.162081,1.3162081,"3,6",dag,TiMg,N333,0.502284,4414.86,1.27916,0.6425,4184,0.4184,11.3,10.148685468451244,10.8,11.5,11.51644,8.07817,11.35223,1.445
dag-TiMg-11-516,298,2.115176,15.38559,13.270414,1.3270414000000001,"3,6",dag,TiMg,N516,0.504207,4086.54,1.28717,0.649,4358,0.4358,12.2,10.6869894446994,11.2,12.2,12.20949,9.62165,11.48941,1.445
dag-TiMg-12-639,298,1.902675,13.36253,11.459855,1.1459854999999999,"3,6",dag,TiMg,N639,0.634821,3772.52,0.838346,0.5322,3301,0.3301,9.0,8.007209936382912,8.3,9.0,9.09256,8.12199,9.04987,1.445
dag-TiMg-13-126,298,2.19082,29.58549,27.39467,2.7394670000000003,"3,6",dag,TiMg,N126,0.25501,6162.01,3.31634,0.8457,6760,0.676,16.2,15.271760355029588,16.0,16.6,16.64817,13.93856,16.1848,1.445
dag-TiMg-2-19,298,0.4898195,6.95037,6.4605505,0.64605505,"3,6",dag,TiMg,N19,1.01878,2543.03,0.399005,0.4065,1758,0.1758,6.6,5.809158134243458,6.2,6.6,6.60472,4.44545,6.60472,1.445
dag-TiMg-3-20,298,1.349632,10.51738,9.167748,0.9167748,"3,6",dag,TiMg,N20,0.746657,3175.62,0.664294,0.496,2800,0.28,7.9,7.356464285714285,7.8,8.0,8.03636,7.0795,7.9081,1.445
dag-TiMg-4-410,298,1.834344,15.98837,14.154026,1.4154026,"3,6",dag,TiMg,N410,0.463907,4461.47,1.46883,0.6814,4683,0.4683,11.8,10.612812299807816,11.0,11.8,11.83433,9.55656,11.35175,1.445
dag-TiMg-5-386,298,2.640789,38.2224,35.581611,3.5581611000000004,"3,6",dag,TiMg,N386,0.193876,6790.06,4.54929,0.882,7401,0.7401,19.4,18.633671125523577,19.2,19.7,19.70331,17.43081,19.21695,1.445
dag-TiMg-6-225,298,0.2774368,3.345076,3.0676392000000003,0.30676392,"3,6",dag,TiMg,N225,1.23565,406.191,0.0388458,0.048,163,0.0163,5.1,4.725153374233129,5.1,5.1,5.22263,3.00135,5.19368,1.445
dag-TiMg-7-592,298,1.439691,12.20564,10.765949,1.0765949000000001,"3,6",dag,TiMg,N592,0.548087,3706.77,1.06625,0.5844,3722,0.3722,12.0,10.28036002149382,11.1,12.0,12.09333,10.0498,12.09333,1.445
dag-TiMg-9-130,298,0.4195989,4.808466,4.388867100000001,0.43888671000000007,"3,6",dag,TiMg,N130,1.12164,1391.35,0.217272,0.2437,888,0.0888,5.9,5.619144144144143,5.9,5.9,5.92581,4.39528,5.92365,1.445
dag-TiMg-TATB,298,1.871332,21.2669,19.395568,1.9395568,"3,6",dag,TiMg,TATB,0.369549,5286.87,2.12259,0.7844,5598,0.5598,14.9,13.11793497677742,14.3,15.0,15.09412,12.54666,14.92459,1.445
dag-TiNi-1-10,298,0.2823669,4.235922,3.9535551000000004,0.39535551,"3,6",dag,TiNi,N10,1.23582,1977.48,0.323994,0.4004,1488,0.1488,5.1,5.268481182795699,5.2,5.8,5.82699,4.92958,5.50954,1.445
dag-TiNi-10-333,298,1.342991,12.41999,11.076999,1.1076999,"3,6",dag,TiNi,N333,0.585687,3621.7,1.02444,0.6,4083,0.4083,10.6,9.577614499142786,9.8,10.9,10.91643,7.82188,10.91639,1.445
dag-TiNi-11-516,298,1.45301,12.44951,10.996500000000001,1.09965,"3,6",dag,TiNi,N516,0.591353,3552.34,1.01783,0.6019,4141,0.4141,10.8,9.945278918135717,10.7,11.1,11.11959,8.30923,11.11957,1.445
dag-TiNi-12-639,298,1.146267,10.26246,9.116193,0.9116193000000001,"3,6",dag,TiNi,N639,0.72569,3118.1,0.76851,0.5577,3394,0.3394,11.0,9.133028874484385,9.3,11.0,11.0006,6.907,11.0006,1.445
dag-TiNi-13-126,298,1.672581,24.1505,22.477919,2.2477919,"3,6",dag,TiNi,N126,0.304624,5546.56,2.72139,0.829,6421,0.6421,17.0,15.392415511602554,16.1,17.1,17.15143,11.99538,16.62368,1.445
dag-TiNi-2-19,298,0.2645575,3.948694,3.6841365,0.36841365000000004,"3,6",dag,TiNi,N19,1.33249,1880.89,0.309647,0.4126,1465,0.1465,5.2,5.216109215017064,5.2,5.6,5.66539,4.40032,5.25391,1.445
dag-TiNi-3-20,298,0.4662576,6.914639,6.448381400000001,0.6448381400000001,"3,6",dag,TiNi,N20,0.918479,2686.56,0.531205,0.4879,2476,0.2476,7.9,7.037116316639742,7.2,8.0,8.00487,5.20838,7.9026,1.445
dag-TiNi-4-410,298,1.542404,12.79768,11.255276,1.1255276,"3,6",dag,TiNi,N410,0.547448,3716.59,1.14915,0.6291,4433,0.4433,10.3,10.386104218362284,10.3,11.4,11.41215,9.18285,10.51005,1.445
dag-TiNi-5-386,298,1.985622,30.45092,28.465298,2.8465298,"3,6",dag,TiNi,N386,0.239176,6065.48,3.6124,0.864,7043,0.7043,19.0,17.566292772966065,18.1,19.0,19.08996,15.88512,19.07822,1.445
dag-TiNi-6-225,298,0.04559709,0.7497396,0.7041425099999999,0.070414251,"3,6",dag,TiNi,N225,1.58442,0.0,0.0,0.0,0,0.0,,,,,4.9233,2.52938,4.92328,1.445
dag-TiNi-7-592,298,0.5240174,8.354555,7.8305375999999995,0.7830537599999999,"3,6",dag,TiNi,N592,0.647708,3257.96,0.83618,0.5416,3159,0.3159,9.2,8.541500474833807,8.8,10.1,10.1623,8.24914,10.15387,1.445
dag-TiNi-9-130,298,0.1650951,2.299833,2.1347379,0.21347379000000002,"3,6",dag,TiNi,N130,1.39941,915.521,0.144989,0.2029,699,0.0699,5.6,5.406151645207439,5.5,5.6,5.68646,4.74743,5.60369,1.445
dag-TiNi-TATB,298,1.4537,17.60061,16.14691,1.6146909999999999,"3,6",dag,TiNi,TATB,0.42658,4712.27,1.78138,0.7599,5439,0.5439,13.7,11.971575657289945,12.5,13.7,13.72168,9.48703,13.70638,1.445
fmz-TiCo-1-10,298,1.430381,4.625587,3.1952060000000007,0.31952060000000004,"3,6",fmz,TiCo,N10,1.4674,0.0,0.0,0.0,0,0.0,,,,,6.4092,2.77121,6.07221,1.445
fmz-TiCo-12-639,298,1.026202,9.614338,8.588136,0.8588136000000001,"3,6",fmz,TiCo,N639,0.826356,2921.11,0.463118,0.3827,2390,0.239,7.7,7.924476987447699,8.0,9.7,9.98152,5.10866,9.84949,1.445
fmz-TiCo-13-126,298,1.610206,23.98414,22.373934,2.2373933999999998,"3,6",fmz,TiCo,N126,0.310604,5516.74,2.56146,0.7956,6370,0.637,20.5,17.06478806907378,16.9,20.5,20.60361,10.76861,20.48295,1.445
fmz-TiCo-2-19,298,1.321962,4.702986,3.381024,0.3381024,"3,6",fmz,TiCo,N19,1.53033,0.0,0.0,0.0,0,0.0,,,,,6.40132,2.57472,6.22418,1.445
fmz-TiCo-3-20,298,1.108053,7.871899,6.763846,0.6763846,"3,6",fmz,TiCo,N20,1.00454,2307.05,0.303421,0.3048,1693,0.1693,8.9,7.321264028352038,7.3,8.9,8.97784,4.12861,8.95958,1.445
fmz-TiCo-5-386,298,1.826028,28.64761,26.821582,2.6821582,"3,6",fmz,TiCo,N386,0.258482,6047.29,3.21647,0.8314,6802,0.6802,22.3,18.55035283740077,18.3,22.3,22.35204,12.24878,22.35204,1.445
fmz-TiCo-6-225,298,0.1870027,1.852975,1.6659723,0.16659722999999999,"3,6",fmz,TiCo,N225,1.60617,0.0,0.0,0.0,0,0.0,,,,,4.49415,1.79367,4.4383,1.445
fmz-TiCo-7-592,298,0.7783339,8.298996,7.520662100000001,0.7520662100000001,"3,6",fmz,TiCo,N592,0.702361,2733.27,0.612933,0.4305,2591,0.2591,10.8,11.088382863759168,11.0,13.2,13.59167,5.62422,13.5086,1.445
fmz-TiCo-9-130,298,1.17511,4.224971,3.049861,0.3049861,"3,6",fmz,TiCo,N130,1.49749,0.0,0.0,0.0,0,0.0,,,,,6.67178,2.41779,6.67027,1.445
fmz-TiCo-TATB,298,1.254138,16.43935,15.185212000000002,1.5185212000000001,"3,6",fmz,TiCo,TATB,0.465852,4604.39,1.53182,0.7136,4989,0.4989,15.3,12.649228302264984,12.9,15.3,15.3962,7.9656,15.3962,1.445
fmz-TiMg-1-10,298,1.9441,8.143693,6.199593000000001,0.6199593000000001,"3,6",fmz,TiMg,N10,1.17503,0.0,0.0,0.0,0,0.0,,,,,6.3311,2.70845,6.26873,1.445
fmz-TiMg-12-639,298,1.419404,12.16475,10.745346,1.0745346,"3,6",fmz,TiMg,N639,0.718271,3477.38,0.545198,0.3916,2501,0.2501,8.8,7.779768092762897,8.0,9.2,9.61338,5.33865,9.28667,1.445
fmz-TiMg-13-126,298,1.915405,27.01613,25.100725,2.5100725,"3,6",fmz,TiMg,N126,0.282207,6072.11,2.83941,0.8013,6473,0.6473,19.9,16.776981306967404,16.9,19.9,20.39645,10.89458,19.85289,1.445
fmz-TiMg-2-19,298,1.828902,8.43936,6.610458,0.6610458,"3,6",fmz,TiMg,N19,1.22197,0.0,0.0,0.0,0,0.0,,,,,6.38667,2.78977,6.30931,1.445
fmz-TiMg-3-20,298,1.611043,11.17135,9.560307,0.9560307,"3,6",fmz,TiMg,N20,0.839558,2929.37,0.395089,0.3317,1873,0.1873,8.8,7.063587827015484,6.9,8.8,8.94215,4.41042,8.86581,1.445
fmz-TiMg-5-386,298,2.285141,33.20503,30.919889,3.0919889,"3,6",fmz,TiMg,N386,0.227315,6728.4,3.672,0.8347,6933,0.6933,21.7,18.80777441223136,18.7,22.3,22.42654,13.00062,22.32203,1.445
fmz-TiMg-6-225,298,2.06923,3.739526,1.670296,0.1670296,"3,6",fmz,TiMg,N225,1.34744,0.0,0.0,0.0,0,0.0,,,,,4.5953,1.61294,4.53464,1.445
fmz-TiMg-7-592,298,0.9825823,9.556495,8.5739127,0.8573912699999999,"3,6",fmz,TiMg,N592,0.657994,2933.61,0.663076,0.4363,2672,0.2672,13.2,11.133233532934131,12.2,13.5,13.53011,5.71084,13.21657,1.445
fmz-TiMg-9-130,298,1.913103,6.985297,5.072194,0.5072194,"3,6",fmz,TiMg,N130,1.27442,0.0,0.0,0.0,0,0.0,,,,,6.51678,2.36768,6.34593,1.445
fmz-TiMg-TATB,298,1.624945,19.14811,17.523165,1.7523164999999998,"3,6",fmz,TiMg,TATB,0.414882,5274.37,1.73085,0.7181,5016,0.5016,13.0,12.352551834130782,13.0,15.3,15.36406,8.12098,15.35961,1.445
fmz-TiNi-1-10,298,1.161096,2.778424,1.6173279999999999,0.16173279999999998,"3,6",fmz,TiNi,N10,1.6173,0.0,0.0,0.0,0,0.0,,,,,6.27785,2.25281,6.27784,1.445
fmz-TiNi-12-639,298,0.9532421,8.928694,7.9754519,0.79754519,"3,6",fmz,TiNi,N639,0.88183,2603.48,0.390438,0.3443,2128,0.2128,9.3,7.752913533834587,7.8,9.5,9.80932,5.05858,9.35665,1.445
fmz-TiNi-13-126,298,1.570284,23.39923,21.828946,2.1828946,"3,6",fmz,TiNi,N126,0.318234,5498.46,2.47836,0.7887,6308,0.6308,16.2,16.79592580849715,16.2,20.5,20.88778,10.98757,20.54031,1.445
fmz-TiNi-2-19,298,1.116369,2.830194,1.7138250000000002,0.17138250000000002,"3,6",fmz,TiNi,N19,1.66996,0.0,0.0,0.0,0,0.0,,,,,6.34411,2.28442,6.34004,1.445
fmz-TiNi-3-20,298,0.9250875,6.730521,5.8054335,0.58054335,"3,6",fmz,TiNi,N20,1.09539,1849.21,0.214992,0.2355,1239,0.1239,8.6,7.408878127522196,8.5,8.7,8.78163,3.58342,8.60118,1.445
fmz-TiNi-5-386,298,1.694915,27.34734,25.652425,2.5652425,"3,6",fmz,TiNi,N386,0.268342,6010.33,3.05841,0.8207,6709,0.6709,21.2,17.792323744224177,16.6,21.9,22.21564,11.74057,22.16362,1.445
fmz-TiNi-6-225,298,1.068033,2.265833,1.1978000000000002,0.11978000000000003,"3,6",fmz,TiNi,N225,1.65998,0.0,0.0,0.0,0,0.0,,,,,4.15134,1.52897,3.91271,1.445
fmz-TiNi-7-592,298,0.7624957,8.259427,7.496931300000001,0.74969313,"3,6",fmz,TiNi,N592,0.707455,2744.77,0.61276,0.4335,2598,0.2598,12.3,10.71682063125481,11.1,12.5,13.13791,5.73553,11.27296,1.445
fmz-TiNi-9-130,298,1.059169,4.285547,3.2263780000000004,0.32263780000000003,"3,6",fmz,TiNi,N130,1.51601,0.0,0.0,0.0,0,0.0,,,,,6.58558,2.52268,6.58128,1.445
fmz-TiNi-TATB,298,1.233997,15.94283,14.708833,1.4708833000000001,"3,6",fmz,TiNi,TATB,0.481487,4525.75,1.46525,0.7055,4830,0.483,15.5,12.347681159420288,11.8,15.5,15.57204,7.90781,15.57204,1.445
fsi-TiCo-10-607-D2h-D2d,298,1.178617,15.19792,14.019303,1.4019303,"4,6",fsi,TiCo,N607,0.485206,4205.31,1.40538,0.6819,4795,0.4795,14.3,12.95322210636079,14.0,15.1,15.14087,12.82672,15.14087,1.445
fsi-TiCo-11-662-D4h-T,298,1.803384,27.71901,25.915626,2.5915626,"4,6",fsi,TiCo,N662,0.26382,5778.51,3.15746,0.833,6731,0.6731,21.5,17.832164611499035,18.3,21.3,21.52074,14.52083,21.38724,1.445
fsi-TiCo-12-693-Td,298,1.103584,5.397717,4.294133,0.42941330000000005,"4,6",fsi,TiCo,N693,1.38545,1165.31,0.18485,0.2561,870,0.087,5.8,5.486091954022988,5.8,5.8,5.87637,4.43808,5.73835,1.445
fsi-TiCo-13-600-Td,298,1.011761,11.31565,10.303889,1.0303889,"4,6",fsi,TiCo,N600,0.677031,3402.31,0.80085,0.5422,3414,0.3414,10.3,9.587697715289982,10.2,10.3,10.3885,8.28096,10.32308,1.445
fsi-TiCo-7-7-D2h-D2d,298,0.9511549,8.489504,7.5383491000000005,0.75383491,"4,6",fsi,TiCo,N7,0.94806,2168.1,0.506719,0.4804,2636,0.2636,8.9,8.591464339908955,8.8,9.1,9.13889,7.65816,8.98756,1.445
fsi-TiCo-8-644-D2h-D2d,298,0.9310041,9.326439,8.395434900000001,0.8395434900000002,"4,6",fsi,TiCo,N644,0.795632,2527.37,0.658093,0.5236,3262,0.3262,11.3,10.561649294911096,10.8,11.3,11.32079,9.02021,11.32078,1.445
fsi-TiMg-10-607-D2h-D2d,298,1.608852,17.57842,15.969568,1.5969568,"4,6",fsi,TiMg,N607,0.438129,4682.2,1.54201,0.6756,4775,0.4775,14.7,12.356146596858636,12.8,14.7,14.77553,11.17845,14.24204,1.445
fsi-TiMg-11-662-D4h-T,298,2.06551,30.0617,27.99619,2.799619,"4,6",fsi,TiMg,N662,0.246642,6229.83,3.37778,0.8331,6759,0.6759,19.2,17.424766977363515,18.8,20.0,20.08489,14.61969,19.47638,1.445
fsi-TiMg-12-693-Td,298,1.690807,8.119051,6.428244000000001,0.6428244000000001,"4,6",fsi,TiMg,N693,1.11262,1497.34,0.265679,0.2956,1176,0.1176,6.2,6.031377551020408,6.2,6.2,6.2712,5.0572,6.27117,1.445
fsi-TiMg-13-600-Td,298,1.443934,13.47717,12.033235999999999,1.2033235999999998,"4,6",fsi,TiMg,N600,0.591222,3880.18,0.932307,0.5512,3570,0.357,10.2,9.8172268907563,10.2,10.6,10.74387,8.41791,10.63993,1.445
fsi-TiMg-7-7-D2h-D2d,298,1.707506,10.89255,9.185044,0.9185044,"4,6",fsi,TiMg,N7,0.795851,2718.18,0.618206,0.492,2669,0.2669,9.9,8.639040839265641,9.0,10.0,10.01156,7.01799,10.01156,1.445
fsi-TiMg-8-644-D2h-D2d,298,1.82169,12.79971,10.978019999999999,1.097802,"4,6",fsi,TiMg,N644,0.649372,3208.69,0.836963,0.5435,3501,0.3501,12.0,11.325821193944586,12.0,12.1,12.17041,9.77671,12.13071,1.445
fsi-TiNi-10-607-D2h-D2d,298,1.199665,14.47129,13.271625,1.3271625,"4,6",fsi,TiNi,N607,0.506196,4046.77,1.33604,0.6763,4687,0.4687,12.9,11.905248559846385,12.9,13.5,13.53593,12.07775,13.53593,1.445
fsi-TiNi-11-662-D4h-T,298,1.77934,27.00702,25.22768,2.522768,"4,6",fsi,TiNi,N662,0.271395,5764.84,3.04869,0.8274,6613,0.6613,18.8,16.984379252986542,18.2,18.9,19.17916,13.27838,18.91424,1.445
fsi-TiNi-12-693-Td,298,0.6109965,4.513673,3.9026764999999997,0.39026764999999997,"4,6",fsi,TiNi,N693,1.44561,1051.28,0.177364,0.2564,856,0.0856,5.4,5.275817757009346,5.4,5.4,5.44606,4.4782,5.3479,1.445
fsi-TiNi-13-600-Td,298,1.107559,10.69093,9.583371,0.9583370999999999,"4,6",fsi,TiNi,N600,0.70473,3296.1,0.741986,0.5229,3241,0.3241,10.0,9.22344955260722,9.8,10.0,10.07771,7.96061,10.06364,1.445
fsi-TiNi-7-7-D2h-D2d,298,0.9826175,7.482026,6.4994085,0.64994085,"4,6",fsi,TiNi,N7,1.00933,1989.07,0.438308,0.4424,2328,0.2328,8.0,7.927792096219932,8.1,8.4,8.44396,6.21419,8.44395,1.445
fsi-TiNi-8-644-D2h-D2d,298,0.9680035,8.523438,7.5554345000000005,0.75554345,"4,6",fsi,TiNi,N644,0.847386,2337.62,0.593354,0.5028,3016,0.3016,10.2,9.998076923076924,10.2,10.7,10.73133,8.43219,10.67252,1.445
hea-TiCo-10-607-D2h-D2d,298,1.191044,15.39496,14.203916,1.4203915999999999,"4,6",hea,TiCo,N607,0.485737,4409.19,1.37544,0.6681,4784,0.4784,16.4,15.230121237458192,16.3,16.4,16.43422,8.18967,16.41364,1.445
hea-TiCo-11-662-D4h-T,298,1.900955,29.4591,27.558145,2.7558145,"4,6",hea,TiCo,N662,0.24846,5791.63,3.37237,0.8379,6885,0.6885,24.0,21.661292665214237,23.9,24.3,24.3129,14.78892,24.25724,1.445
hea-TiCo-12-693-Td,298,1.41719,4.882266,3.4650760000000007,0.3465076000000001,"4,6",hea,TiCo,N693,1.55353,786.598,0.0930783,0.1446,410,0.041,5.3,4.854146341463414,5.3,5.3,5.35541,3.33028,5.35541,1.445
hea-TiCo-13-600-Td,298,0.9568423,10.21134,9.2544977,0.92544977,"4,6",hea,TiCo,N600,0.717974,3190.57,0.737492,0.5295,3134,0.3134,11.2,9.849840459476706,11.0,11.4,11.4468,6.1702,11.43275,1.445
hea-TiCo-7-7-D2h-D2d,298,1.055833,8.983845,7.928012000000001,0.7928012000000001,"4,6",hea,TiCo,N7,0.92383,2304.8,0.575322,0.5315,2788,0.2788,10.6,10.076721664275466,10.6,10.6,10.6427,5.5755,10.60764,1.445
hea-TiCo-8-644-D2h-D2d,298,1.084652,11.04838,9.963728,0.9963728,"4,6",hea,TiCo,N644,0.739547,3027.51,0.833078,0.6161,3653,0.3653,12.0,11.348809197919518,12.0,12.0,12.07484,6.99801,12.07466,1.445
hea-TiMg-10-607-D2h-D2d,298,1.559105,18.33094,16.771835,1.6771835,"4,6",hea,TiMg,N607,0.428592,4952.46,1.59009,0.6815,4899,0.4899,18.0,16.667850581751377,17.4,18.0,18.05288,8.47532,17.99997,1.445
hea-TiMg-11-662-D4h-T,298,2.239167,32.27321,30.034042999999997,3.0034042999999997,"4,6",hea,TiMg,N662,0.229252,6253.21,3.66889,0.8411,6909,0.6909,23.6,20.68956433637285,22.5,23.6,23.62857,14.78665,23.62857,1.445
hea-TiMg-12-693-Td,298,0.4884726,3.010428,2.5219554,0.25219554,"4,6",hea,TiMg,N693,1.27675,1061.71,0.140435,0.1793,592,0.0592,5.7,5.325844594594594,5.7,5.7,5.79842,3.58642,5.70859,1.445
hea-TiMg-13-600-Td,298,1.453301,12.57238,11.119079000000001,1.1119079,"4,6",hea,TiMg,N600,0.633983,3575.17,0.844187,0.5352,3220,0.322,11.2,10.036739130434782,10.9,11.6,11.68701,6.26348,11.28973,1.445
hea-TiMg-7-7-D2h-D2d,298,1.688242,11.60685,9.918607999999999,0.9918607999999999,"4,6",hea,TiMg,N7,0.780949,2760.23,0.670466,0.5236,2821,0.2821,10.6,10.101453385324351,10.6,10.6,10.68764,5.05726,10.54397,1.445
hea-TiMg-8-644-D2h-D2d,298,1.602008,14.37535,12.773342,1.2773341999999999,"4,6",hea,TiMg,N644,0.600468,3666.52,1.06434,0.6391,3958,0.3958,12.8,11.88292066700354,12.6,13.0,13.02431,7.41334,13.0243,1.445
hea-TiNi-10-607-D2h-D2d,298,1.218032,15.34961,14.131578000000001,1.4131578,"4,6",hea,TiNi,N607,0.491633,4375.27,1.36118,0.6692,4768,0.4768,16.6,15.391359060402683,16.4,16.6,16.63068,8.13276,16.60184,1.445
hea-TiNi-11-662-D4h-T,298,1.919982,29.22091,27.300928,2.7300928,"4,6",hea,TiNi,N662,0.249932,5771.09,3.34772,0.8367,6861,0.6861,24.2,21.80078705728028,23.7,24.3,24.31778,15.12525,24.12682,1.445
hea-TiNi-12-693-Td,298,1.144546,4.883766,3.7392199999999995,0.373922,"4,6",hea,TiNi,N693,1.55037,822.179,0.104749,0.1624,472,0.0472,5.4,4.858686440677967,5.2,5.4,5.48878,3.54905,5.48878,1.445
hea-TiNi-13-600-Td,298,1.011091,10.05549,9.044399,0.9044399000000001,"4,6",hea,TiNi,N600,0.738382,3070.69,0.717244,0.5296,3087,0.3087,11.1,9.725817946226108,10.9,11.2,11.20305,6.59935,11.20303,1.445
hea-TiNi-7-7-D2h-D2d,298,1.030117,8.774434,7.744317,0.7744317,"4,6",hea,TiNi,N7,0.939826,2255.95,0.56021,0.5265,2770,0.277,10.4,9.922238267148014,10.4,10.4,10.42079,5.33125,10.42079,1.445
hea-TiNi-8-644-D2h-D2d,298,0.9513263,10.68693,9.7356037,0.9735603700000001,"4,6",hea,TiNi,N644,0.739781,3022.38,0.839302,0.6209,3709,0.3709,12.0,11.334888110002696,12.0,12.0,12.09768,7.02361,12.04908,1.445
hwx-TiCo-1-10,298,1.113874,7.317476,6.203602,0.6203602,"3,6",hwx,TiCo,N10,1.19115,2044.66,0.279394,0.3328,1268,0.1268,6.8,5.501261829652997,5.2,6.8,6.87995,4.69636,5.13362,1.445
hwx-TiCo-10-333,298,1.078668,12.48086,11.402192,1.1402192,"3,6",hwx,TiCo,N333,0.607011,4065.43,1.06835,0.6485,3627,0.3627,9.7,8.874276261373035,9.2,9.7,9.76903,9.14203,9.66015,1.445
hwx-TiCo-11-516,298,1.042651,11.81626,10.773609,1.0773609,"3,6",hwx,TiCo,N516,0.6353,3800.39,1.0022,0.6367,3570,0.357,8.9,8.534845938375348,8.9,9.4,9.40048,7.90875,8.87685,1.445
hwx-TiCo-12-639,298,1.165231,11.6231,10.457869,1.0457869,"3,6",hwx,TiCo,N639,0.704566,3431.59,0.87671,0.6177,3320,0.332,9.9,8.60237951807229,8.4,9.9,9.93603,7.68399,9.22029,1.445
hwx-TiCo-13-126,298,1.677229,25.04431,23.367081,2.3367081,"3,6",hwx,TiCo,N126,0.296312,5618.18,2.77309,0.8217,6420,0.642,15.2,14.748348909657322,15.1,15.9,15.93974,12.46516,15.93974,1.445
hwx-TiCo-2-19,298,0.9860882,7.285842,6.2997537999999995,0.62997538,"3,6",hwx,TiCo,N19,1.22682,1976.51,0.318547,0.3908,1564,0.1564,7.0,5.791560102301791,5.6,7.0,7.06822,4.75144,5.61265,1.445
hwx-TiCo-3-20,298,1.04149,10.17024,9.12875,0.912875,"3,6",hwx,TiCo,N20,0.839593,3009.54,0.582544,0.4891,2677,0.2677,8.4,7.238027642883825,7.2,8.4,8.46483,6.56824,7.91103,1.445
hwx-TiCo-4-410,298,1.094118,13.25362,12.159502,1.2159502,"3,6",hwx,TiCo,N410,0.574856,4041.9,1.18256,0.6798,4083,0.4083,10.5,9.435880480039186,9.8,10.5,10.5088,8.75554,9.98755,1.445
hwx-TiCo-5-386,298,1.985921,30.90488,28.918958999999997,2.8918958999999997,"3,6",hwx,TiCo,N386,0.238511,6182.43,3.58349,0.8547,6994,0.6994,17.0,16.75261652845296,16.9,18.1,18.13947,16.89355,18.13947,1.445
hwx-TiCo-6-225,298,0.4051064,1.653426,1.2483196,0.12483196,"3,6",hwx,TiCo,N225,1.66969,0.0,0.0,0.0,0,0.0,,,,,3.24829,1.96397,3.22765,1.445
hwx-TiCo-7-592,298,0.6467072,6.074164,5.4274568,0.54274568,"3,6",hwx,TiCo,N592,0.842223,2140.88,0.419248,0.3531,1532,0.1532,8.3,7.509856396866841,8.1,8.3,8.37686,5.18731,8.17054,1.445
hwx-TiCo-9-130,298,1.193257,4.819995,3.6267379999999996,0.36267379999999994,"3,6",hwx,TiCo,N130,1.3951,1019.76,0.112393,0.1568,497,0.0497,5.8,5.024748490945674,4.9,5.8,5.85925,3.4863,4.95818,1.445
hwx-TiCo-TATB,298,1.422261,18.84137,17.419109000000002,1.7419109000000002,"3,6",hwx,TiCo,TATB,0.405404,4717.38,1.91019,0.7744,5531,0.5531,12.5,13.51325257638763,13.9,14.7,14.73471,14.27184,14.48369,1.445
hwx-TiMg-1-10,298,1.896682,8.102852,6.20617,0.620617,"3,6",hwx,TiMg,N10,1.0575,1961.12,0.251159,0.2656,969,0.0969,5.4,5.59329205366357,5.4,6.3,6.30848,4.20949,6.30846,1.445
hwx-TiMg-10-333,298,1.549797,15.10584,13.556043,1.3556043,"3,6",hwx,TiMg,N333,0.524324,4554.53,1.27078,0.6663,3920,0.392,10.3,9.182806122448982,9.3,10.3,10.35097,8.37075,10.16149,1.445
hwx-TiMg-11-516,298,1.498151,13.92051,12.422359,1.2422359,"3,6",hwx,TiMg,N516,0.562088,4276.94,1.13772,0.6395,3660,0.366,9.5,8.78032786885246,9.1,9.8,9.84025,7.81361,9.53216,1.445
hwx-TiMg-12-639,298,1.614781,13.78203,12.167249,1.2167249,"3,6",hwx,TiMg,N639,0.625379,4108.84,0.992519,0.6207,3179,0.3179,8.6,7.779993708713431,8.1,8.7,8.76322,6.14553,8.4312,1.445
hwx-TiMg-13-126,298,2.013763,28.17018,26.156416999999998,2.6156417,"3,6",hwx,TiMg,N126,0.268703,6160.61,3.07887,0.8273,6506,0.6506,16.3,14.859790962188749,15.0,16.3,16.32851,12.45903,16.26908,1.445
hwx-TiMg-2-19,298,1.736585,7.963443,6.226858,0.6226858,"3,6",hwx,TiMg,N19,1.06319,2155.54,0.281416,0.2992,1060,0.106,6.1,5.345754716981132,5.2,6.1,6.17653,4.16801,5.566,1.445
hwx-TiMg-3-20,298,1.592581,12.56951,10.976928999999998,1.0976928999999997,"3,6",hwx,TiMg,N20,0.721452,3441.77,0.661167,0.477,2662,0.2662,8.2,7.679676934635612,8.0,8.4,8.41902,6.1291,8.41899,1.445
hwx-TiMg-4-410,298,1.607096,15.53536,13.928264,1.3928264000000001,"3,6",hwx,TiMg,N410,0.51094,4763.2,1.32794,0.6785,4010,0.401,9.3,9.475087281795512,9.9,11.0,11.03616,7.455,10.40652,1.445
hwx-TiMg-5-386,298,2.5411,36.60528,34.06418,3.406418,"3,6",hwx,TiMg,N386,0.204742,6844.25,4.20384,0.8607,7140,0.714,20.5,18.5909243697479,18.7,20.5,20.51839,18.01053,19.60428,1.445
hwx-TiMg-6-225,298,1.492024,3.533858,2.0418339999999997,0.20418339999999996,"3,6",hwx,TiMg,N225,1.45677,0.0,0.0,0.0,0,0.0,,,,,3.65635,1.57486,3.15449,1.445
hwx-TiMg-7-592,298,0.9566142,7.246178,6.2895638,0.62895638,"3,6",hwx,TiMg,N592,0.775019,2366.98,0.489536,0.3794,1705,0.1705,8.8,8.025454545454547,8.8,8.8,8.88309,5.11677,8.81145,1.445
hwx-TiMg-9-130,298,2.001122,6.901466,4.9003440000000005,0.49003440000000004,"3,6",hwx,TiMg,N130,1.17295,1292.62,0.159257,0.1868,683,0.0683,5.9,5.215812591508053,5.2,5.9,5.95055,3.7696,5.31471,1.445
hwx-TiMg-TATB,298,1.854646,22.46285,20.608204,2.0608204,"3,6",hwx,TiMg,TATB,0.349895,5376.92,2.23896,0.7834,5735,0.5735,16.0,14.428683522231912,15.2,16.0,16.08012,12.78286,16.08012,1.445
hwx-TiNi-1-10,298,1.190537,7.027781,5.837244,0.5837244,"3,6",hwx,TiNi,N10,1.21773,1931.51,0.271899,0.3311,1231,0.1231,5.9,5.342485783915516,5.3,5.9,5.94713,4.14336,5.4609,1.445
hwx-TiNi-10-333,298,1.108834,12.49216,11.383326,1.1383326,"3,6",hwx,TiNi,N333,0.59913,4048.16,1.09175,0.6541,3795,0.3795,9.7,8.878181818181819,9.3,10.1,10.10056,8.96697,9.73208,1.445
hwx-TiNi-11-516,298,1.060295,11.59963,10.539335,1.0539334999999999,"3,6",hwx,TiNi,N516,0.638535,3846.76,0.993524,0.6344,3592,0.3592,9.1,8.466759465478843,8.7,9.6,9.68293,8.61834,9.3079,1.445
hwx-TiNi-12-639,298,1.162108,11.0542,9.892092,0.9892092,"3,6",hwx,TiNi,N639,0.756999,3378.78,0.705681,0.5342,2967,0.2967,8.3,7.46943040107853,7.7,8.5,8.51905,6.00382,8.4501,1.445
hwx-TiNi-13-126,298,1.688054,25.10394,23.415886,2.3415886,"3,6",hwx,TiNi,N126,0.296503,5604.41,2.78513,0.8258,6461,0.6461,16.4,14.895465098282,15.2,16.4,16.46606,11.98994,15.85799,1.445
hwx-TiNi-2-19,298,1.102936,6.749213,5.646277,0.5646277000000001,"3,6",hwx,TiNi,N19,1.25598,1858.85,0.305101,0.3832,1588,0.1588,6.1,5.99647355163728,6.1,6.4,6.49399,4.41568,6.18075,1.445
hwx-TiNi-3-20,298,1.039138,9.832655,8.793517000000001,0.8793517000000002,"3,6",hwx,TiNi,N20,0.845889,2767.9,0.575489,0.4868,2745,0.2745,7.8,8.91799635701275,9.7,10.4,10.43903,7.51,10.43903,1.445
hwx-TiNi-4-410,298,1.122589,12.99139,11.868801000000001,1.1868801000000002,"3,6",hwx,TiNi,N410,0.57164,3967.08,1.17889,0.6739,4125,0.4125,11.6,10.041163636363637,10.6,11.6,11.66485,10.0854,11.66485,1.445
hwx-TiNi-5-386,298,2.011249,31.80241,29.791161,2.9791160999999997,"3,6",hwx,TiNi,N386,0.231267,6209.15,3.71303,0.8587,7058,0.7058,18.7,17.908628506659113,18.4,19.6,19.61202,18.34204,19.49116,1.445
hwx-TiNi-6-225,298,0.6959111,2.617957,1.9220459,0.19220459,"3,6",hwx,TiNi,N225,1.70466,0.0,0.0,0.0,0,0.0,,,,,3.1539,2.09877,3.12195,1.445
hwx-TiNi-7-592,298,0.7147707,6.295627,5.5808563,0.55808563,"3,6",hwx,TiNi,N592,0.85063,2181.98,0.444377,0.378,1695,0.1695,8.7,7.900353982300884,8.4,8.7,8.79194,5.29444,8.52252,1.445
hwx-TiNi-9-130,298,1.168906,4.327707,3.1588010000000004,0.31588010000000005,"3,6",hwx,TiNi,N130,1.42753,975.547,0.0954796,0.1363,453,0.0453,5.3,4.798454746136865,4.9,5.3,5.39848,3.51828,5.39848,1.445
hwx-TiNi-TATB,298,1.359593,18.31137,16.951777,1.6951777,"3,6",hwx,TiNi,TATB,0.42116,4671.42,1.81119,0.7628,5425,0.5425,15.4,13.940663594470047,14.6,15.8,15.88845,11.53722,15.42289,1.445
sab-TiCo-1-10,298,1.292092,6.469383,5.177290999999999,0.5177290999999999,"3,6",sab,TiCo,N10,1.24596,1489.99,0.211644,0.2637,1139,0.1139,7.0,6.601053555750659,7.0,7.2,7.24673,6.33654,7.24671,1.445
sab-TiCo-10-333,298,1.104711,12.3347,11.229989,1.1229989,"3,6",sab,TiCo,N333,0.598762,3835.96,1.0495,0.6284,3842,0.3842,12.2,10.155856324830816,9.6,12.2,12.23574,8.88189,12.21962,1.445
sab-TiCo-11-516,298,1.080507,11.73541,10.654903,1.0654903,"3,6",sab,TiCo,N516,0.626216,3758.48,0.976819,0.6117,3724,0.3724,11.3,9.756310418904404,9.6,11.4,11.4447,7.64495,9.67267,1.445
sab-TiCo-12-639,298,1.199243,11.7178,10.518557000000001,1.0518557000000002,"3,6",sab,TiCo,N639,0.711715,3523.25,0.816479,0.5811,3176,0.3176,11.5,9.205541561712844,10.1,11.5,11.57035,9.16696,11.50443,1.445
sab-TiCo-13-126,298,1.713355,25.34391,23.630555,2.3630555,"3,6",sab,TiCo,N126,0.293115,5574.99,2.80129,0.8211,6521,0.6521,19.0,16.544226345652508,16.5,18.8,19.04507,15.86801,18.54726,1.445
sab-TiCo-2-19,298,1.610252,6.622049,5.011797,0.5011797,"3,6",sab,TiCo,N19,1.26932,1641.68,0.24202,0.3072,1368,0.1368,8.4,7.475511695906433,7.8,8.4,8.46101,6.81318,8.46101,1.445
sab-TiCo-3-20,298,1.10217,9.373666,8.271495999999999,0.8271495999999999,"3,6",sab,TiCo,N20,0.854046,2795.66,0.49646,0.424,2473,0.2473,9.8,8.318156085725839,9.8,9.8,9.88469,8.04776,9.88469,1.445
sab-TiCo-4-410,298,1.126865,12.49198,11.365115,1.1365115,"3,6",sab,TiCo,N410,0.592894,3943.55,1.06528,0.6316,3946,0.3946,9.8,10.248656867714145,10.0,11.9,12.23993,8.63072,11.73382,1.445
sab-TiCo-5-386,298,2.076482,31.12285,29.046368,2.9046368,"3,6",sab,TiCo,N386,0.238244,6217.44,3.58289,0.8536,6974,0.6974,17.5,18.87242615428735,18.2,21.9,21.9009,18.75297,21.85784,1.445
sab-TiCo-6-225,298,1.124181,4.038851,2.91467,0.29146700000000003,"3,6",sab,TiCo,N225,1.41234,418.585,0.0509794,0.072,287,0.0287,6.1,5.690940766550522,6.1,6.2,6.27207,3.96322,6.18597,1.445
sab-TiCo-7-592,298,0.8273086,9.521835,8.694526399999999,0.8694526399999999,"3,6",sab,TiCo,N592,0.623662,3629.17,0.847574,0.5286,3015,0.3015,10.8,10.500630182421228,10.8,12.1,12.20124,8.02385,10.95233,1.445
sab-TiCo-9-130,298,1.006604,4.431823,3.4252189999999993,0.34252189999999993,"3,6",sab,TiCo,N130,1.39677,821.664,0.0885615,0.1237,500,0.05,5.8,5.4808,5.8,5.8,5.85816,4.65587,5.85816,1.445
sab-TiCo-TATB,298,1.33253,17.8604,16.52787,1.652787,"3,6",sab,TiCo,TATB,0.429977,4738.51,1.7594,0.7565,5296,0.5296,15.5,13.051321752265862,12.0,15.5,15.53615,13.36206,15.53615,1.445
sab-TiMg-1-10,298,2.216686,7.861003,5.644317,0.5644317,"3,6",sab,TiMg,N10,1.10923,1448.38,0.136311,0.1512,570,0.057,5.3,4.909473684210527,5.0,5.5,5.57297,3.38342,5.17122,1.445
sab-TiMg-10-333,298,1.536716,14.98911,13.452394,1.3452394,"3,6",sab,TiMg,N333,0.517588,4431.24,1.22916,0.6362,3966,0.3966,11.8,10.200428643469492,9.9,12.1,12.17418,7.73017,12.17418,1.445
sab-TiMg-11-516,298,1.495436,14.2439,12.748464,1.2748464,"3,6",sab,TiMg,N516,0.544632,4307.42,1.14628,0.6243,3848,0.3848,11.0,9.533549896049896,9.3,11.3,11.40071,7.07072,9.28344,1.445
sab-TiMg-12-639,298,1.607933,14.15163,12.543697000000002,1.2543697000000003,"3,6",sab,TiMg,N639,0.623328,4103.8,0.941399,0.5868,3208,0.3208,10.8,8.685754364089776,9.1,10.6,10.83042,8.6317,10.74414,1.445
sab-TiMg-13-126,298,2.098673,28.00616,25.907487000000003,2.5907487000000002,"3,6",sab,TiMg,N126,0.269783,6160.76,3.05912,0.8253,6531,0.6531,14.9,15.220379727453684,14.9,17.6,17.85941,14.21589,16.55613,1.445
sab-TiMg-2-19,298,1.806428,9.277373,7.470945,0.7470945,"3,6",sab,TiMg,N19,1.00325,2207.97,0.345177,0.3463,1644,0.1644,8.9,7.809063260340633,8.3,8.9,8.97412,7.50541,8.97411,1.445
sab-TiMg-3-20,298,1.618164,11.97729,10.359126,1.0359126,"3,6",sab,TiMg,N20,0.728269,3351.23,0.587832,0.4281,2609,0.2609,9.4,8.12265235722499,9.0,9.4,9.47946,7.46207,9.45964,1.445
sab-TiMg-4-410,298,1.498403,15.26683,13.768427,1.3768427,"3,6",sab,TiMg,N410,0.51345,4637.08,1.24822,0.6409,4048,0.4048,9.4,9.888636363636364,9.7,11.7,11.79677,8.13313,11.75544,1.445
sab-TiMg-5-386,298,2.374345,34.77237,32.398025000000004,3.2398025000000006,"3,6",sab,TiMg,N386,0.215976,6765.71,3.96525,0.8564,7019,0.7019,23.6,19.08821769482832,20.5,23.6,23.62757,20.3749,23.57278,1.445
sab-TiMg-6-225,298,1.642479,5.844611,4.202132,0.42021319999999995,"3,6",sab,TiMg,N225,1.1798,611.165,0.0715378,0.0844,342,0.0342,5.7,5.454093567251462,5.7,5.9,5.91455,3.92031,5.91453,1.445
sab-TiMg-7-592,298,1.09457,11.28486,10.190290000000001,1.0190290000000002,"3,6",sab,TiMg,N592,0.571997,4128.87,0.946508,0.5414,3059,0.3059,10.5,9.018764302059497,8.6,10.7,10.7175,6.92552,10.7175,1.445
sab-TiMg-9-130,298,1.204438,4.965374,3.760936,0.37609360000000003,"3,6",sab,TiMg,N130,1.17702,1014.79,0.118944,0.14,611,0.0611,6.3,5.895744680851064,6.3,6.3,6.37083,4.91883,6.37051,1.445
sab-TiMg-TATB,298,1.693978,20.86656,19.172582,1.9172581999999998,"3,6",sab,TiMg,TATB,0.380194,5329.42,2.02002,0.768,5431,0.5431,16.0,13.370079175105872,12.0,16.0,16.05888,13.34307,16.05806,1.445
sab-TiNi-1-10,298,1.227052,5.489859,4.2628070000000005,0.42628070000000007,"3,6",sab,TiNi,N10,1.36688,1213.41,0.122688,0.1677,629,0.0629,5.7,5.2365659777424485,5.5,5.8,5.87158,4.10673,5.87158,1.445
sab-TiNi-10-333,298,1.038042,11.96846,10.930418,1.0930418,"3,6",sab,TiNi,N333,0.616763,3562.33,1.00654,0.6208,3757,0.3757,12.9,10.859063082246474,11.2,12.9,12.93751,8.89491,12.90564,1.445
sab-TiNi-11-516,298,1.070599,11.66223,10.591631,1.0591631,"3,6",sab,TiNi,N516,0.62835,3641.4,0.979709,0.6156,3782,0.3782,11.9,9.97043892120571,9.5,11.9,11.90452,6.98931,9.50469,1.445
sab-TiNi-12-639,298,1.136594,11.41151,10.274916,1.0274915999999998,"3,6",sab,TiNi,N639,0.724499,3431.63,0.796965,0.5774,3123,0.3123,11.2,9.134229907140568,10.4,11.2,11.29991,9.16515,11.29991,1.445
sab-TiNi-13-126,298,1.707288,24.89556,23.188272,2.3188272000000003,"3,6",sab,TiNi,N126,0.298121,5509.77,2.7509,0.8201,6462,0.6462,19.0,16.833101207056636,16.8,19.0,19.05607,15.6323,19.05607,1.445
sab-TiNi-2-19,298,1.10759,5.365868,4.258278,0.4258278,"3,6",sab,TiNi,N19,1.31723,1529.88,0.221905,0.2923,1255,0.1255,8.1,7.1904382470119526,7.6,8.1,8.19303,6.74583,8.19301,1.445
sab-TiNi-3-20,298,1.052285,9.346138,8.293853,0.8293853,"3,6",sab,TiNi,N20,0.874642,2751.27,0.560686,0.4904,2558,0.2558,9.7,8.171774824081314,9.6,9.7,9.74737,8.2084,9.74737,1.445
sab-TiNi-4-410,298,1.09614,12.38264,11.2865,1.12865,"3,6",sab,TiNi,N410,0.603679,3829.57,1.03847,0.6269,3886,0.3886,9.2,10.231343283582088,10.0,12.0,12.30596,8.16797,12.30596,1.445
sab-TiNi-5-386,298,1.883764,30.29614,28.412376000000002,2.8412376000000004,"3,6",sab,TiNi,N386,0.243951,6187.63,3.47898,0.8487,6925,0.6925,21.2,18.576953068592054,17.6,21.8,21.83145,18.41343,21.79078,1.445
sab-TiNi-6-225,298,0.6289831,3.35001,2.7210269,0.27210269,"3,6",sab,TiNi,N225,1.52992,343.009,0.040525,0.062,211,0.0211,4.9,4.616587677725119,4.8,4.9,4.99768,4.17654,4.99764,1.445
sab-TiNi-7-592,298,0.8401599,9.66942,8.8292601,0.88292601,"3,6",sab,TiNi,N592,0.624623,3548.91,0.853315,0.533,3080,0.308,8.7,10.323214285714286,10.4,12.0,12.10103,7.77494,10.52186,1.445
sab-TiNi-9-130,298,0.7647861,3.567377,2.8025909,0.28025909000000004,"3,6",sab,TiNi,N130,1.43564,781.522,0.0842827,0.121,476,0.0476,5.9,5.468067226890756,5.9,5.9,5.94813,4.61295,5.94434,1.445
sab-TiNi-TATB,298,1.358485,17.59584,16.237355,1.6237355,"3,6",sab,TiNi,TATB,0.438862,4652.38,1.71922,0.7545,5240,0.524,11.0,13.22333969465649,12.3,15.9,15.90779,13.29064,15.88301,1.445
sit-TiCo-1-10,298,1.277669,7.486765,6.209096000000001,0.6209096000000001,"3,6",sit,TiCo,N10,1.18385,1879.16,0.340584,0.4032,1417,0.1417,6.2,5.91729004940014,6.2,6.2,6.22383,4.99344,6.18718,1.445
sit-TiCo-10-333,298,1.143458,13.50907,12.365611999999999,1.2365612,"3,6",sit,TiCo,N333,0.567545,4158.35,1.16255,0.6598,4048,0.4048,11.5,10.60679347826087,11.5,11.7,11.71205,8.62522,11.71205,1.445
sit-TiCo-11-516,298,1.084384,12.8892,11.804816,1.1804816,"3,6",sit,TiCo,N516,0.59169,4079.49,1.0421,0.6166,3887,0.3887,11.1,10.10398765114484,11.1,11.2,11.24012,7.77213,11.05538,1.445
sit-TiCo-12-639,298,1.166833,12.33517,11.168337,1.1168337,"3,6",sit,TiCo,N639,0.679036,3629.17,0.890379,0.6046,3398,0.3398,9.7,9.198351971748089,9.7,9.8,9.80592,8.19188,9.76203,1.445
sit-TiCo-13-126,298,1.761267,26.56493,24.803663,2.4803663,"3,6",sit,TiCo,N126,0.277101,5596.62,3.06423,0.8491,6751,0.6751,19.1,17.860391053177306,17.9,19.1,19.11926,16.50628,19.11926,1.445
sit-TiCo-2-19,298,1.138564,7.334834,6.19627,0.619627,"3,6",sit,TiCo,N19,1.22669,1924.22,0.365619,0.4485,1639,0.1639,6.4,6.116229408175717,6.4,6.5,6.5331,5.25496,6.53308,1.445
sit-TiCo-3-20,298,1.140749,10.72015,9.579401,0.9579401000000001,"3,6",sit,TiCo,N20,0.788956,3021.7,0.730205,0.5761,3090,0.309,8.7,8.386310679611649,8.7,8.7,8.77307,7.72745,8.70378,1.445
sit-TiCo-4-410,298,1.117324,13.37115,12.253826,1.2253826,"3,6",sit,TiCo,N410,0.576303,4085.76,1.14714,0.6611,4046,0.4046,11.6,10.732081067721206,11.6,11.6,11.65761,9.10221,11.62446,1.445
sit-TiCo-5-386,298,1.997619,31.43989,29.442270999999998,2.9442271,"3,6",sit,TiCo,N386,0.233473,6188.07,3.72121,0.8688,7100,0.71,20.5,19.512591549295774,19.8,20.5,20.51763,16.54881,20.51761,1.445
sit-TiCo-6-225,298,0.03778054,0.6269914,0.58921086,0.058921086,"3,6",sit,TiCo,N225,1.69055,0.0,0.0,0.0,0,0.0,,,,,3.61665,1.61853,3.46422,1.445
sit-TiCo-7-592,298,0.8527282,10.34815,9.4954218,0.9495421800000001,"3,6",sit,TiCo,N592,0.611781,3768.91,0.893621,0.5467,3098,0.3098,8.8,8.861168495803744,8.9,9.5,9.56763,6.90732,8.93421,1.445
sit-TiCo-9-130,298,1.369313,5.257088,3.8877750000000004,0.38877750000000005,"3,6",sit,TiCo,N130,1.33859,1168.6,0.186465,0.2496,711,0.0711,5.7,5.30450070323488,5.7,5.7,5.74959,3.87094,5.74943,1.445
sit-TiCo-TATB,298,1.390883,18.82192,17.431037,1.7431037,"3,6",sit,TiCo,TATB,0.408716,4759.05,1.85606,0.7586,5572,0.5572,14.1,13.552763819095478,14.1,14.1,14.17876,12.02535,14.06781,1.445
sit-TiMg-1-10,298,1.932226,9.96952,8.037294,0.8037293999999999,"3,6",sit,TiMg,N10,0.931336,2688.83,0.466534,0.4345,1600,0.16,6.3,5.934437500000001,5.9,6.3,6.32754,4.90782,6.31117,1.445
sit-TiMg-10-333,298,1.53805,15.87215,14.3341,1.4334099999999999,"3,6",sit,TiMg,N333,0.503705,4800.58,1.30553,0.6576,4068,0.4068,10.4,9.428048180924288,9.9,10.4,10.48253,7.93405,10.35727,1.445
sit-TiMg-11-516,298,1.46368,15.11724,13.65356,1.365356,"3,6",sit,TiMg,N516,0.522792,4695.47,1.2351,0.6457,3963,0.3963,10.5,9.470047943477164,10.0,10.5,10.568,7.45602,10.56737,1.445
sit-TiMg-12-639,298,1.674097,14.68106,13.006963,1.3006963,"3,6",sit,TiMg,N639,0.608441,4362.68,1.0024,0.6099,3353,0.3353,8.4,7.755263942737847,7.8,8.4,8.46108,6.85394,8.46108,1.445
sit-TiMg-13-126,298,2.115796,29.47365,27.357854,2.7357854,"3,6",sit,TiMg,N126,0.254059,6177.86,3.34096,0.8488,6742,0.6742,17.2,16.040121625630377,16.5,17.2,17.21905,14.56337,17.21905,1.445
sit-TiMg-2-19,298,1.716221,9.005052,7.288830999999999,0.7288830999999999,"3,6",sit,TiMg,N19,1.01571,2485.9,0.372842,0.3787,1364,0.1364,5.7,5.834970674486804,6.2,6.3,6.32903,4.49462,6.32551,1.445
sit-TiMg-3-20,298,1.715103,12.88165,11.166547000000001,1.1166547000000002,"3,6",sit,TiMg,N20,0.711476,3596.61,0.765872,0.5449,2804,0.2804,7.4,7.02339514978602,7.3,7.5,7.56235,6.03294,7.56234,1.445
sit-TiMg-4-410,298,1.495155,16.03197,14.536815,1.4536815,"3,6",sit,TiMg,N410,0.498089,4749.86,1.34133,0.6681,4230,0.423,11.1,9.859810874704491,10.5,11.1,11.12394,8.90536,11.12394,1.445
sit-TiMg-5-386,298,2.574493,36.33634,33.761847,3.3761847000000005,"3,6",sit,TiMg,N386,0.205974,6765.41,4.23646,0.8726,7227,0.7227,21.1,20.578386605783862,21.1,21.2,21.21349,17.33348,21.11846,1.445
sit-TiMg-6-225,298,1.582047,4.524928,2.942881,0.2942881,"3,6",sit,TiMg,N225,1.17969,0.0,0.0,0.0,0,0.0,,,,,4.74607,2.17114,4.74422,1.445
sit-TiMg-7-592,298,1.132117,11.73316,10.601043,1.0601043,"3,6",sit,TiMg,N592,0.568969,4206.67,0.972285,0.5532,3199,0.3199,8.9,8.28333854329478,8.7,9.1,9.18036,6.88116,8.98653,1.445
sit-TiMg-9-130,298,1.990608,7.927677,5.937069,0.5937069,"3,6",sit,TiMg,N130,1.0862,1554.05,0.280152,0.3043,1023,0.1023,6.3,5.844868035190616,6.3,6.3,6.36127,4.3782,6.29053,1.445
sit-TiMg-TATB,298,1.787725,21.56049,19.772765,1.9772764999999999,"3,6",sit,TiMg,TATB,0.370322,5420.68,2.08386,0.7717,5489,0.5489,13.0,12.1279468026963,12.9,13.0,13.03376,10.63548,12.9711,1.445
sit-TiNi-1-10,298,1.170489,6.699659,5.52917,0.552917,"3,6",sit,TiNi,N10,1.21565,1837.09,0.309629,0.3764,1247,0.1247,5.9,5.611788291900561,5.9,5.9,5.96492,4.62584,5.64587,1.445
sit-TiNi-10-333,298,1.150724,13.10411,11.953386,1.1953386,"3,6",sit,TiNi,N333,0.581384,4090.71,1.07795,0.6267,3957,0.3957,10.5,9.593682082385644,10.5,10.5,10.58147,8.08044,10.51111,1.445
sit-TiNi-11-516,298,1.096451,12.449,11.352549,1.1352549,"3,6",sit,TiNi,N516,0.609748,3994.22,1.03994,0.6341,3762,0.3762,10.5,9.349149388623072,10.2,10.5,10.50443,7.40962,10.25604,1.445
sit-TiNi-12-639,298,1.199098,11.83642,10.637322000000001,1.0637322,"3,6",sit,TiNi,N639,0.705643,3523.54,0.845328,0.5965,3245,0.3245,9.0,8.350107858243453,8.5,9.0,9.01902,7.39381,8.84388,1.445
sit-TiNi-13-126,298,1.748188,25.74928,24.001092,2.4001092,"3,6",sit,TiNi,N126,0.286333,5622.5,2.95809,0.847,6659,0.6659,17.4,15.969244631326026,16.4,17.4,17.47982,14.6314,17.47982,1.445
sit-TiNi-2-19,298,1.022376,6.732646,5.7102699999999995,0.571027,"3,6",sit,TiNi,N19,1.23427,1953.78,0.34012,0.4198,1604,0.1604,6.2,5.899750623441397,6.2,6.3,6.34922,4.97518,6.16739,1.445
sit-TiNi-3-20,298,1.010108,9.939281,8.929172999999999,0.8929172999999999,"3,6",sit,TiNi,N20,0.845523,2927.95,0.636647,0.5383,2697,0.2697,7.4,7.173044123099739,7.3,7.4,7.49212,6.34258,7.49211,1.445
sit-TiNi-4-410,298,1.106458,12.36165,11.255192,1.1255191999999998,"3,6",sit,TiNi,N410,0.606456,3928.94,1.0441,0.6332,3821,0.3821,10.4,9.500026171159382,10.0,10.4,10.40981,9.02056,10.40979,1.445
sit-TiNi-5-386,298,2.016169,31.35426,29.338091,2.9338091,"3,6",sit,TiNi,N386,0.233896,6193.03,3.7243,0.8711,7106,0.7106,20.5,19.788967070081625,20.3,20.5,20.53749,16.46344,20.28088,1.445
sit-TiNi-6-225,298,0.2817831,2.071097,1.7893139,0.17893139,"3,6",sit,TiNi,N225,1.58981,0.0,0.0,0.0,0,0.0,,,,,3.41505,1.66443,3.10283,1.445
sit-TiNi-7-592,298,0.8727729,10.01822,9.1454471,0.91454471,"3,6",sit,TiNi,N592,0.626115,3783.9,0.866774,0.5427,3066,0.3066,8.9,8.267025440313112,8.5,9.2,9.29062,6.73968,9.29062,1.445
sit-TiNi-9-130,298,1.364885,5.23983,3.8749450000000003,0.3874945,"3,6",sit,TiNi,N130,1.35523,1155.76,0.194727,0.2639,754,0.0754,5.8,5.408488063660477,5.8,5.8,5.84018,3.95739,5.8171,1.445
sit-TiNi-TATB,298,1.395738,18.54042,17.144682,1.7144682,"3,6",sit,TiNi,TATB,0.416062,4758.33,1.80742,0.752,5489,0.5489,13.1,12.563654581891054,13.1,13.2,13.2161,11.40352,13.21608,1.445
stp-TiCo-1-445-D4h,298,0.8636659,8.354443,7.4907771,0.74907771,"4,6",stp,TiCo,N445,0.953741,1497.58,0.571644,0.5452,3743,0.3743,14.3,14.2764360138926,14.3,14.3,14.3583,13.92722,14.3583,1.445
stp-TiCo-11-662-D4h-T,298,2.133772,33.75453,31.620758000000002,3.1620758,"4,6",stp,TiCo,N662,0.215625,5718.19,4.02875,0.8687,7390,0.739,29.7,27.601299052774017,29.7,29.7,29.7732,26.07526,29.71886,1.445
stp-TiCo-2-13-D4h,298,0.9505296,10.22851,9.2779804,0.9277980400000001,"4,6",stp,TiCo,N13,0.785293,1809.9,0.757297,0.5947,4210,0.421,15.8,15.779596199524942,15.8,15.8,15.81347,15.12752,15.81343,1.445
stp-TiMg-1-445-D4h,298,1.329871,10.82086,9.490988999999999,0.9490988999999999,"4,6",stp,TiMg,N445,0.82274,1817.24,0.684663,0.5633,3922,0.3922,14.0,13.851453340132586,14.0,14.0,14.02559,12.87584,14.02558,1.445
stp-TiMg-11-662-D4h-T,298,2.520121,38.08412,35.563998999999995,3.5563998999999997,"4,6",stp,TiMg,N662,0.193001,6132.38,4.52485,0.8733,7496,0.7496,30.8,28.34159551760939,30.8,30.8,30.8115,26.96969,30.8115,1.445
stp-TiMg-2-13-D4h,298,1.377145,12.39266,11.015514999999999,1.1015514999999998,"4,6",stp,TiMg,N13,0.675388,2124.13,0.854324,0.577,4127,0.4127,16.3,16.229609886115824,16.3,16.3,16.33338,15.1194,16.32323,1.445
stp-TiNi-1-445-D4h,298,0.018287,0.3026026,0.2843156,0.02843156,"4,6",stp,TiNi,N445,2.09944,0.0,0.0,0.0,0,0.0,,,,,3.53491,1.25589,2.72294,1.445
stp-TiNi-11-662-D4h-T,298,2.144442,33.45601,31.311567999999998,3.1311568,"4,6",stp,TiNi,N662,0.217146,5751.93,3.99363,0.8672,7396,0.7396,29.1,26.693442401298,29.1,29.1,29.10213,25.38517,28.66078,1.445
stp-TiNi-2-13-D4h,298,1.029136,10.23506,9.205924000000001,0.9205924000000001,"4,6",stp,TiNi,N13,0.802802,1779.55,0.746511,0.5993,4217,0.4217,15.3,15.258643585487317,15.3,15.3,15.36254,14.84854,15.36252,1.445
ttp-TiCo-10-607-D2h-D2d,298,1.504942,20.68155,19.176608,1.9176608000000002,"3,6",ttp,TiCo,N607,0.352613,4269.48,2.25999,0.7969,6212,0.6212,23.9,23.25618158403091,23.9,23.9,23.9521,22.07725,23.9521,1.445
ttp-TiCo-3-1-D2h,298,1.095398,11.10924,10.013842,1.0013842,"4,6",stp,TiCo,N1,0.747419,1890.23,0.846513,0.6327,4510,0.451,15.6,15.51711751662971,15.6,15.6,15.64301,15.1423,15.64299,1.445
ttp-TiCo-4-12-D2h,298,1.13193,13.46487,12.332939999999999,1.233294,"3,6",ttp,TiCo,N12,0.546308,3514.8,1.18212,0.6458,4534,0.4534,16.5,15.87838553153948,16.5,16.5,16.56382,14.97453,16.56381,1.445
ttp-TiCo-8-644-D2h-D2d,298,1.20011,14.80191,13.601799999999999,1.36018,"4,6",stp,TiCo,N644,0.51148,2906.12,1.40905,0.7207,5545,0.5543,17.5,17.273669972948603,17.5,17.5,17.59156,16.75544,17.59155,1.445
ttp-TiCo-9-201-D2h-D2d,298,1.536192,22.20347,20.667278,2.0667278,"4,6",stp,TiCo,N201,0.334866,3671.45,2.41888,0.81,6666,0.6666,26.8,26.604560456045604,26.8,26.8,26.88359,25.24071,26.88359,1.445
ttp-TiMg-10-607-D2h-D2d,298,1.95245,24.4581,22.505650000000003,2.2505650000000004,"3,6",ttp,TiMg,N607,0.308583,4939.9,2.6437,0.8158,6417,0.6417,24.5,23.520445691132924,24.5,24.5,24.54748,22.66123,24.54748,1.445
ttp-TiMg-3-1-D2h,298,1.713448,13.78422,12.070772,1.2070772,"4,6",stp,TiMg,N1,0.635075,2200.95,0.980356,0.6226,4555,0.4555,16.8,16.793347969264545,16.8,16.8,16.89193,16.65213,16.88383,1.445
ttp-TiMg-4-12-D2h,298,1.538752,16.65691,15.118158,1.5118158,"3,6",ttp,TiMg,N12,0.465909,4225.33,1.42925,0.6659,4692,0.4692,16.5,15.43493179880648,16.5,16.5,16.57888,14.65508,16.50283,1.445
ttp-TiMg-8-644-D2h-D2d,298,1.789543,19.11849,17.328947,1.7328947,"4,6",stp,TiMg,N644,0.412,3406.72,1.78519,0.7355,5793,0.5793,21.8,21.758846884170552,21.8,21.8,21.8415,21.60331,21.83804,1.445
ttp-TiMg-9-201-D2h-D2d,298,1.905255,24.89503,22.989774999999998,2.2989775,"4,6",stp,TiMg,N201,0.305588,4297.25,2.64146,0.8072,6622,0.6622,25.1,24.34510721836304,25.1,25.1,25.14777,23.35751,25.14777,1.445
ttp-TiNi-10-607-D2h-D2d,298,1.469622,20.29349,18.823867999999997,1.8823867999999997,"3,6",ttp,TiNi,N607,0.358062,4283.72,2.2133,0.7925,6192,0.6192,23.4,22.579312015503877,23.4,23.4,23.48168,21.50207,23.4612,1.445
ttp-TiNi-3-1-D2h,298,1.205052,11.2589,10.053848,1.0053848,"4,6",stp,TiNi,N1,0.755273,1831.33,0.849759,0.6418,4619,0.4619,16.4,16.39919896081403,16.4,16.4,16.47824,16.20137,16.47823,1.445
ttp-TiNi-4-12-D2h,298,1.108376,13.17063,12.062254,1.2062254,"3,6",ttp,TiNi,N12,0.554895,3473.81,1.15517,0.641,4520,0.452,16.4,15.793606194690264,16.4,16.4,16.46716,14.46604,16.46159,1.445
ttp-TiNi-8-644-D2h-D2d,298,1.103218,15.12774,14.024522,1.4024522,"4,6",stp,TiNi,N644,0.491372,2876.47,1.49846,0.7363,5753,0.5753,20.8,20.760837823744133,20.8,20.8,20.87146,20.29765,20.87144,1.445
ttp-TiNi-9-201-D2h-D2d,298,1.59995,21.9839,20.38395,2.038395,"4,6",stp,TiNi,N201,0.33955,3598.98,2.38227,0.8089,6660,0.666,26.9,26.761996996996995,26.9,26.9,26.9356,25.15776,26.9356,1.445
ttx-TiCo-10-607-D2h-D2d,298,1.337161,18.13459,16.797429,1.6797429000000001,"3,6",ttx,TiCo,N607,0.41109,4421.5,1.79133,0.7364,5590,0.559,19.0,17.881610017889088,19.0,19.0,19.05468,18.31854,19.05468,1.445
ttx-TiCo-3-1-D2h,298,1.067326,9.642318,8.574992,0.8574992,"3,6",ttx,TiCo,N1,0.886007,1728.54,0.635774,0.5633,3680,0.368,13.4,13.393505434782613,13.4,13.4,13.41679,11.89863,13.41679,1.445
ttx-TiCo-4-12-D2h,298,1.214169,15.20961,13.995441,1.3995441,"4,6",stp,TiCo,N12,0.487799,3790.01,1.37167,0.6691,5033,0.5033,19.8,18.94814226107689,19.8,19.8,19.81351,18.21161,19.81349,1.445
ttx-TiCo-5-665-D2h,298,1.379958,18.85646,17.476502,1.7476502,"4,6",stp,TiCo,N665,0.398077,4133.12,1.80694,0.7193,5758,0.5758,22.1,21.44230635637374,22.1,22.1,22.14149,21.70359,22.14148,1.445
ttx-TiCo-6-614-D2h,298,1.524617,22.2613,20.736683,2.0736683,"4,6",stp,TiCo,N614,0.339242,4734.97,2.28303,0.7745,6201,0.6201,23.5,22.40185453959039,23.5,23.5,23.50523,22.48052,23.50523,1.445
ttx-TiCo-7-7-D2h-D2d,298,1.112018,10.23448,9.122461999999999,0.9122461999999999,"3,6",ttx,TiCo,N7,0.789486,2319.24,0.747828,0.5904,3804,0.3804,13.2,13.131177707676128,13.2,13.2,13.28556,11.73804,13.28552,1.445
ttx-TiCo-8-644-D2h-D2d,298,1.042639,11.54966,10.507021,1.0507021,"3,6",ttx,TiCo,N644,0.669655,3065.53,0.974232,0.6524,4177,0.4177,13.6,13.314603782619104,13.6,13.6,13.62669,12.08277,13.60697,1.445
ttx-TiMg-10-607-D2h-D2d,298,1.764421,20.74466,18.980239,1.8980239,"3,6",ttx,TiMg,N607,0.37037,4832.83,2.00151,0.7413,5634,0.5634,18.4,17.190592829250974,18.4,18.4,18.44644,17.34487,18.44644,1.445
ttx-TiMg-3-1-D2h,298,1.540404,12.09949,10.559085999999999,1.0559086,"3,6",ttx,TiMg,N1,0.749671,2101.88,0.740324,0.555,3582,0.3582,12.5,12.397934115019542,12.5,12.5,12.55513,11.96861,12.52709,1.445
ttx-TiMg-4-12-D2h,298,1.711693,18.69446,16.982767,1.6982766999999999,"4,6",stp,TiMg,N12,0.416793,4353.2,1.65142,0.6883,5282,0.5282,20.9,19.977811435062478,20.9,20.9,20.91664,19.20896,20.91635,1.445
ttx-TiMg-5-665-D2h,298,1.794312,21.61683,19.822518,1.9822517999999998,"4,6",stp,TiMg,N665,0.351723,4756.13,2.2131,0.7784,5869,0.5869,21.5,20.33883114670302,21.5,21.5,21.51228,19.90337,21.51227,1.445
ttx-TiMg-6-614-D2h,298,1.97832,25.47573,23.49741,2.349741,"4,6",stp,TiMg,N614,0.301183,5214.24,2.72923,0.822,6424,0.6424,24.0,22.86411892901619,24.0,24.0,24.04196,23.40595,23.96355,1.445
ttx-TiMg-7-7-D2h-D2d,298,1.733208,13.35668,11.623472000000001,1.1623472000000001,"3,6",ttx,TiMg,N7,0.677766,2887.11,0.878327,0.5953,3699,0.3699,12.1,11.716409840497432,12.1,12.1,12.11857,11.0884,12.11345,1.445
ttx-TiMg-8-644-D2h-D2d,298,1.679676,14.70827,13.028594,1.3028594,"3,6",ttx,TiMg,N644,0.562354,3606.35,1.19462,0.6718,4367,0.4367,14.1,13.75223265399588,14.1,14.1,14.16319,12.98487,14.16305,1.445
ttx-TiNi-10-607-D2h-D2d,298,1.311951,17.61837,16.306418999999998,1.6306418999999999,"3,6",ttx,TiNi,N607,0.424293,4363.57,1.74125,0.7388,5507,0.5507,18.0,16.912238968585438,18.0,18.0,18.04293,17.3592,18.04292,1.445
ttx-TiNi-3-1-D2h,298,1.039249,9.60577,8.566521,0.8566521,"3,6",ttx,TiNi,N1,0.901744,1691.16,0.632552,0.5704,3711,0.3711,13.2,13.196308272702776,13.2,13.2,13.25456,11.59129,13.25455,1.445
ttx-TiNi-4-12-D2h,298,1.209039,14.93724,13.728200999999999,1.3728200999999998,"4,6",stp,TiNi,N12,0.497697,3729.06,1.34218,0.668,4985,0.4985,18.9,18.200561685055163,18.9,18.9,18.92768,17.90558,18.92768,1.445
ttx-TiNi-5-665-D2h,298,1.423092,18.63685,17.213758,1.7213758,"4,6",stp,TiNi,N665,0.404664,4075.72,1.88156,0.7614,5841,0.5841,22.0,21.40239684985448,22.0,22.0,22.02095,21.03315,22.02091,1.445
ttx-TiNi-6-614-D2h,298,1.559376,21.82859,20.269213999999998,2.0269214,"4,6",stp,TiNi,N614,0.344995,4667.12,2.30902,0.7966,6271,0.6271,22.7,21.65279859671504,22.7,22.7,22.78407,21.54934,22.78379,1.445
ttx-TiNi-7-7-D2h-D2d,298,1.058515,9.912888,8.854373,0.8854373000000001,"3,6",ttx,TiNi,N7,0.814635,2180.96,0.714431,0.582,3739,0.3739,12.6,12.546055094945173,12.6,12.6,12.63549,11.38817,12.61639,1.445
ttx-TiNi-8-644-D2h-D2d,298,0.9075581,11.02718,10.1196219,1.01196219,"3,6",ttx,TiNi,N644,0.689989,2952.87,0.941754,0.6498,4157,0.4157,13.2,12.88802020687996,13.2,13.2,13.22197,11.39131,13.21857,1.445
txs-TiCo-10-607-D2h-D2d,298,1.187746,15.00899,13.821244,1.3821244,"4,6",txs,TiCo,N607,0.501318,4388.85,1.35044,0.677,4518,0.4518,13.0,10.962571934484284,11.3,13.0,13.06178,8.64248,13.06178,1.445
txs-TiCo-11-662-D4h-T,298,1.784482,27.44038,25.655898,2.5655898,"4,6",txs,TiCo,N662,0.264877,5740.57,3.19809,0.8471,6800,0.68,22.6,19.95741176470588,22.1,22.9,22.92359,13.63273,22.60423,1.445
txs-TiCo-12-693-Td,298,0.7887532,2.942263,2.1535098,0.21535098000000003,"4,6",txs,TiCo,N693,1.61136,0.0,0.0,0.0,0,0.0,,,,,5.52724,2.60825,5.52723,1.445
txs-TiCo-13-600-Td,298,0.9941974,9.57052,8.576322600000001,0.8576322600000001,"4,6",txs,TiCo,N600,0.759579,2905.38,0.632456,0.4804,2822,0.2822,10.6,9.428065201984408,10.6,10.7,10.71111,6.0524,10.60682,1.445
txs-TiCo-7-7-D2h-D2d,298,1.085495,9.125826,8.040331,0.8040331000000001,"4,6",txs,TiCo,N7,0.921061,2384.89,0.579223,0.5335,2787,0.2787,10.8,10.187656978830285,10.8,10.9,10.9368,5.93395,10.72817,1.445
txs-TiMg-10-607-D2h-D2d,298,1.596217,17.70251,16.106293,1.6106293,"4,6",txs,TiMg,N607,0.437943,4860.72,1.57669,0.6905,4743,0.4743,13.7,11.556715159181952,11.8,13.7,13.70746,8.87654,13.70746,1.445
txs-TiMg-11-662-D4h-T,298,2.179572,31.52315,29.343578,2.9343578,"4,6",txs,TiMg,N662,0.234947,6215.49,3.62933,0.8527,6946,0.6946,22.9,20.18059314713504,21.7,22.9,22.91058,14.47868,21.17357,1.445
txs-TiMg-12-693-Td,298,1.580658,5.784927,4.204269,0.4204269,"4,6",txs,TiMg,N693,1.29561,808.702,0.121101,0.1569,516,0.0516,6.0,5.857364341085272,6.0,6.0,6.0761,2.91814,6.04293,1.445
txs-TiMg-13-600-Td,298,1.485762,11.81981,10.334048000000001,1.0334048,"4,6",txs,TiMg,N600,0.657083,3372.9,0.763526,0.5017,3069,0.3069,11.3,9.652166829586184,10.5,11.3,11.38608,6.35406,11.16907,1.445
txs-TiMg-7-7-D2h-D2d,298,1.735745,11.98566,10.249915,1.0249915,"4,6",txs,TiMg,N7,0.771751,2841.46,0.694266,0.5358,2937,0.2937,10.7,9.97878787878788,10.7,10.7,10.74604,6.27048,10.74603,1.445
txs-TiNi-10-607-D2h-D2d,298,1.181391,15.11656,13.935169,1.3935169,"4,6",txs,TiNi,N607,0.496729,4322.77,1.37882,0.6849,4649,0.4649,13.5,11.458012475801247,12.1,13.5,13.52187,8.55023,13.51514,1.445
txs-TiNi-11-662-D4h-T,298,1.816526,27.89622,26.079694,2.6079694,"4,6",txs,TiNi,N662,0.262108,5760.79,3.21356,0.8423,6803,0.6803,23.0,20.40248419814788,22.8,23.1,23.15557,13.88044,23.02499,1.445
txs-TiNi-12-693-Td,298,0.5334859,3.01158,2.4780941,0.24780940999999998,"4,6",txs,TiNi,N693,1.58218,0.0,0.0,0.0,0,0.0,,,,,5.42325,2.87527,5.31402,1.445
txs-TiNi-13-600-Td,298,1.01345,9.081153,8.067703,0.8067702999999999,"4,6",txs,TiNi,N600,0.80785,2781.39,0.555053,0.4484,2572,0.2572,9.7,8.639463452566096,9.4,9.8,9.81788,5.12195,9.81788,1.445
txs-TiNi-7-7-D2h-D2d,298,1.063725,8.916914,7.853189,0.7853189,"4,6",txs,TiNi,N7,0.93438,2316.67,0.56401,0.527,2818,0.2818,10.6,9.985166784953869,10.6,10.6,10.64138,5.89737,10.64137,1.445
ydq-TiCo-1-10,298,1.196941,8.594635,7.397694,0.7397694,"3,6",ydq,TiCo,N10,0.986036,1947.45,0.514788,0.5076,3025,0.3025,13.2,11.636694214876034,13.2,13.2,13.30802,9.66222,13.28912,1.445
ydq-TiCo-10-333,298,1.215069,15.6425,14.427431,1.4427431,"3,6",ydq,TiCo,N333,0.457473,3504.42,1.46019,0.668,5399,0.5399,22.3,19.53332098536766,21.7,22.4,22.4432,17.14855,22.42413,1.445
ydq-TiCo-11-516,298,1.155773,15.03692,13.881147,1.3881147,"3,6",ydq,TiCo,N516,0.474775,3329.02,1.39982,0.6646,5369,0.5369,22.2,19.341329856584093,21.6,22.2,22.35167,17.34095,22.35167,1.445
ydq-TiCo-12-639,298,1.217107,14.81811,13.601003,1.3601003,"3,6",ydq,TiCo,N639,0.544202,3193.82,1.20617,0.6564,5043,0.5043,20.7,17.824905810033712,20.4,20.7,20.89292,14.58616,20.72827,1.445
ydq-TiCo-2-19,298,1.084213,8.154941,7.070728000000001,0.7070728000000001,"3,6",ydq,TiCo,N19,1.03988,1910.67,0.493901,0.5136,3026,0.3026,12.8,11.345076007931263,12.8,12.8,12.88606,9.35414,12.87491,1.445
ydq-TiCo-3-20,298,1.173033,12.76812,11.595087,1.1595087,"3,6",ydq,TiCo,N20,0.647083,2763.28,0.977,0.6322,4575,0.4575,18.6,16.334775956284155,18.6,18.6,18.65818,14.06525,18.65628,1.445
ydq-TiCo-4-410,298,1.226372,15.9755,14.749128,1.4749128,"3,6",ydq,TiCo,N410,0.456596,3768.02,1.47548,0.6737,5398,0.5398,21.2,18.353593923675437,20.0,21.2,21.34159,16.3895,21.34159,1.445
ydq-TiCo-6-225,298,0.9846282,6.294316,5.309687800000001,0.53096878,"3,6",ydq,TiCo,N225,1.15363,947.284,0.239246,0.276,1562,0.1562,11.4,10.664084507042253,11.4,11.6,11.62918,7.23497,11.5892,1.445
ydq-TiCo-9-130,298,1.18892,6.356611,5.167691,0.5167691,"3,6",ydq,TiCo,N130,1.12948,1315.42,0.343611,0.3881,2359,0.2359,10.8,10.072742687579485,10.3,10.9,10.91578,8.7188,10.90627,1.445
ydq-TiMg-1-10,298,1.861624,12.07478,10.213156000000001,1.0213156,"3,6",ydq,TiMg,N10,0.788299,2460.65,0.665991,0.525,3207,0.3207,13.5,11.677517929529156,13.4,13.5,13.53719,9.63205,13.53719,1.445
ydq-TiMg-10-333,298,1.6306,18.10031,16.46971,1.646971,"3,6",ydq,TiMg,N333,0.419295,3966.24,1.58766,0.6657,5354,0.5354,21.5,18.484049308927904,20.2,21.7,21.95549,16.41706,21.95549,1.445
ydq-TiMg-11-516,298,1.58566,17.1583,15.57264,1.557264,"3,6",ydq,TiMg,N516,0.439664,3756.22,1.48272,0.6519,5265,0.5265,21.2,18.109458689458688,20.0,21.2,21.43087,15.8282,21.12522,1.445
ydq-TiMg-12-639,298,1.701547,17.51656,15.815012999999999,1.5815012999999998,"3,6",ydq,TiMg,N639,0.47648,3736.7,1.36165,0.6488,5041,0.5041,20.3,17.31354889902797,20.1,20.5,20.77857,14.4792,20.36645,1.445
ydq-TiMg-2-19,298,1.607838,11.12128,9.513442000000001,0.9513442000000001,"3,6",ydq,TiMg,N19,0.820228,2435.86,0.653843,0.5363,3244,0.3244,13.2,11.5557336621455,13.1,13.2,13.27091,9.34153,13.23105,1.445
ydq-TiMg-3-20,298,1.663732,15.46529,13.801558,1.3801558,"3,6",ydq,TiMg,N20,0.555828,3317.29,1.13021,0.6282,4537,0.4537,18.1,15.677738593784438,18.1,18.1,18.13843,13.68978,18.1131,1.445
ydq-TiMg-4-410,298,1.726778,18.69536,16.968582,1.6968582,"3,6",ydq,TiMg,N410,0.409787,4264.44,1.64354,0.6735,5354,0.5354,20.6,17.976802390735898,19.2,20.7,20.7959,16.08742,20.7959,1.445
ydq-TiMg-6-225,298,0.7362059,7.898713,7.1625071,0.71625071,"3,6",ydq,TiMg,N225,0.947059,1602.03,0.365869,0.3465,1928,0.1928,11.9,10.493724066390042,11.8,12.1,12.36943,7.62615,12.36943,1.445
ydq-TiMg-9-130,298,1.752444,9.421218,7.668774,0.7668774,"3,6",ydq,TiMg,N130,0.912345,1713.48,0.457064,0.417,2613,0.2613,11.6,10.687562189054727,10.9,11.6,11.6691,9.51028,11.6579,1.445
ydq-TiNi-1-10,298,1.13097,8.502944,7.371974,0.7371974,"3,6",ydq,TiNi,N10,1.01125,1867.34,0.504127,0.5098,3049,0.3049,12.9,11.4710068875041,12.9,12.9,12.99211,9.46299,12.99131,1.445
ydq-TiNi-10-333,298,1.257455,15.45796,14.200505,1.4200504999999999,"3,6",ydq,TiNi,N333,0.469127,3397.89,1.43884,0.675,5414,0.5414,21.7,19.300849649057994,21.2,21.9,22.02846,16.82469,21.67767,1.445
ydq-TiNi-11-516,298,1.189402,14.92686,13.737458,1.3737458,"3,6",ydq,TiNi,N516,0.48409,3249.84,1.37247,0.6644,5360,0.536,21.3,19.614962686567168,21.3,22.4,22.60809,17.412,22.27173,1.445
ydq-TiNi-12-639,298,1.249533,14.54276,13.293227,1.3293227,"3,6",ydq,TiNi,N639,0.551742,3085.8,1.19621,0.66,5099,0.5099,20.8,18.275720729554813,20.8,21.2,21.32626,14.93399,21.31429,1.445
ydq-TiNi-2-19,298,1.081182,7.914691,6.833509,0.6833509,"3,6",ydq,TiNi,N19,1.06089,1834.22,0.490062,0.5199,3076,0.3076,12.6,11.23920676202861,12.5,12.6,12.6531,9.22797,12.65047,1.445
ydq-TiNi-3-20,298,1.216176,12.54996,11.333784000000001,1.1333784000000002,"3,6",ydq,TiNi,N20,0.658581,2686.06,0.966928,0.6368,4611,0.4611,18.5,16.340555194101064,18.4,18.5,18.54896,13.88383,18.54896,1.445
ydq-TiNi-4-410,298,1.28021,15.74057,14.46036,1.4460359999999999,"3,6",ydq,TiNi,N410,0.464223,3624.08,1.44995,0.6731,5403,0.5403,21.2,18.595687580973536,20.1,21.3,21.3245,16.65107,21.3245,1.445
ydq-TiNi-6-225,298,0.3087668,4.496098,4.1873312,0.41873312,"3,6",ydq,TiNi,N225,1.16371,1169.14,0.283403,0.3298,1833,0.1833,11.9,10.902182214948173,11.9,12.1,12.21175,7.56936,12.21175,1.445
ydq-TiNi-9-130,298,0.9538786,6.434446,5.4805674,0.54805674,"3,6",ydq,TiNi,N130,1.13696,1291.2,0.351551,0.3997,2438,0.2438,11.0,10.320959803117308,10.5,11.0,11.11627,8.80065,11.11627,1.445
